{"name":"Pabst Brewing Company","city":"San Antonio","state":"Texas","code":"78296","country":"United States","phone":"1-800-935-2337","website":"http://www.pabst.com/","type":"brewery","updated":"2010-07-22 20:00:20","description":"At Pabst Brewing Company, we make beer with history, with a sense of place. From Milwaukee to Motown, through the Pacific Northwest and back East again, our brands are like family and hometown friends. And we should know a little something about regional pride: Since we started in 1844, we've welcomed 24 new states into the Union. Today, Pabst crafts over 25 classic brews with strict adherence to original standards of quality. Our brands rack up national and international festival awards. Most important, they continue to make memories in the places that mean a lot to our consumers.","address":["PO Box 1661"],"geo":{"accuracy":"APPROXIMATE","lat":29.43,"lng":-98.49}}