{"name":"Aass Brewery","city":"Drammen","state":"","code":"","country":"Norway","phone":"47-32-26-60-00","website":"http://www.aass.no","type":"brewery","updated":"2010-07-22 20:00:20","description":"Aass Brewery was established in 1834 and is the oldest brewery in Norway today. It is located in the city of Drammen, approximately 25 miles south of our capital, Oslo. You will spot it at the banks of the Drammen River at the very same place as it has been since 1834. The annual production of beer is aprox. 10 mill liter (85 000 barrels), and together with the production of 18 mill liters of soft drinks and mineralwater it gives employment to approximately 150 people.  You may wonder how we got our name ? It was a young fellow with the name Poul Lauritz Aass that bought the brewery in 1860. Since then it has been in the same family, and is today run by the 4th generation of Aass. (By the way - A real Norwegian viking would pronounce it Ouse)  The brewery is proud of its history. To us the quality of what we produce has always been and always will be the main issue. In 1516, Duke Wilhelm of Bavaria established a law admitting only malted barley, hops yeast, and water as ingredients in the production of beer. The law is known as the purity law and Aass Brewery is still loyal to Duke Wilhelm of Bavaria. In Norway the brewery is known for outstanding quality and large number of different beer types.","address":["Ole Steensgt. 10 Postboks 1530"],"geo":{"accuracy":"APPROXIMATE","lat":59.7451,"lng":10.2135}}