{"name":"Great Divide Brewing","city":"Denver","state":"Colorado","code":"80205","country":"United States","phone":"1-303-296-9460","website":"http://www.greatdivide.com/","type":"brewery","updated":"2010-07-22 20:00:20","description":"Since 1994, Great Divide has brewed the most balanced yet assertive and flavorful beers possible.  This commitment has not gone unrewarded  Great Divide has racked up 12 Great American Beer Festival Medals and four World Beer Cup awards, and was recently honored as the 23rd Best Brewer in the World in Ratebeer.com's World's Top 100 Brewers, (2007). See for yourself what the excitement is about  and then introduce your friends to the new frontier of beer. --http://www.greatdivide.com","address":["2201 Arapahoe Street"],"geo":{"accuracy":"ROOFTOP","lat":39.7539,"lng":-104.989}}