{"name":"Upstream Brewing Old Market","city":"Omaha","state":"Nebraska","code":"68102","country":"United States","phone":"1-402-344-0200","website":"http://www.upstreambrewing.com/","type":"brewery","updated":"2010-07-22 20:00:20","description":"Derived from the Native American meaning of Omaha, upstream or against the current, the Upstream Brewing Company is just that�a restaurant different from the rest. Since opening in 1996, the Upstream has been all about fresh�from the handcrafted beers to the locally grown produce to the lively atmosphere. Not to mention the friendly, knowledgeable staff. So stop in today, and find out why we've been named one of Omaha's Best several years running.","address":["514 South Eleventh Street"],"geo":{"accuracy":"RANGE_INTERPOLATED","lat":41.2553,"lng":-95.9306}}