{"name":"The Bruery","city":"Placentia","state":"California","code":"92870","country":"United States","phone":"714-996-6258","website":"http://www.thebruery.com/","type":"brewery","updated":"2010-07-22 20:00:20","description":"We are A small craft brewery located in Orange County, California. Our simple but often confusing name is a fusion of 'brewery' with our family name, Rue. Our calling is to create beers with character and depth using the simplest and purest of means. We do not filter or pasteurize our beers. All of our bottled beers gain carbonation through 100% bottle conditioning, allowing carbonation to naturally occur through a secondary bottle fermentation. We strive to use unconventional ingredients, and we will proudly state what we put in our beers. We enjoy serving you, your friends and your family.","address":["715 Dunn Way"],"geo":{"accuracy":"RANGE_INTERPOLATED","lat":33.8614,"lng":-117.88}}