{"name":"Southern Tier Brewing Co","city":"Lakewood","state":"New York","code":"14750","country":"United States","phone":"716-763-5479","website":"http://www.southerntierbrewing.com/","type":"brewery","updated":"2010-07-22 20:00:20","description":"Southern Tier Brewing Company was founded in 2004 by Phineas DeMink and Allen Yahn with the vision of bringing small batch brewing back to a region rich in brewing tradition. In 2003 Skip and Phin purchased the defunct Old Saddle Back Brewing Co. in Pittsfield, Massachusetts. All the equipment was removed and brought back to Lakewood, New York and set up at its new 10,000 square foot home, The Southern Tier Brewing Company. The Brewery began operations in February 2004 distributing regionally. By 2005 sales covered the majority of the New York State and the eastern half of Pennsylvania. In the beginning their two Flagship brands were a Pilsner and Mild Ale. Oh yeah they also brewed IPA! As it turned out the flagships were a flop and the IPA was a huge success. They next launched a line of seasonal beers which have gained great success. Since the beginning, Southern Tier has experienced steady growth, currently distributing to over 25% of the United States. Multiple expansions have been made to keep up with demand and the brewery continues to be innovative by producing new products.  Keep a look out for new products coming to stores near you.","address":["2051A Stoneman Circle"],"geo":{"accuracy":"GEOMETRIC_CENTER","lat":42.1008,"lng":-79.3357}}