{"name":"Standing Stone Brewing Company","city":"Ashland","state":"Oregon","code":"97520","country":"United States","phone":"(541) 482-2448","website":"http://www.standingstonebrewing.com/","type":"brewery","updated":"2010-07-22 20:00:20","description":"Ashland's only full service brewpub is housed in an historic building with a light industrial character. We offer our own freshly brewed handcrafted ales and lagers, including seasonal and other specialty brews.  All Standing Stone Ales are made here at the brewery in ten barrel batches using over 80% organic malts.","address":["101 Oak Street"],"geo":{"accuracy":"ROOFTOP","lat":42.1976,"lng":-122.715}}