{"name":"Brewer's Art","city":"Baltimore","state":"Maryland","code":"21201","country":"United States","phone":"410-547-6925","website":"http://www.belgianbeer.com","type":"brewery","updated":"2010-07-22 20:00:20","description":"Set in a grand Mt. Vernon townhouse, The Brewer's Art offers many temptations for your palate. Our seasonally-influenced menu of European-style country fare features meats, fish, seafood, pasta, and vegetarian offerings.  Dinner is served daily between 5:30pm - 9:00pm (later on Thursdays, Fridays and Saturdays) and light fare is available from 4:00pm - 11:00pm. Our creative pastry chef prepares our homemade desserts. In addition to brewing our fine beers on the premises, we offer a carefully picked selection of beers and fine wines from around the world, and one of Baltimore's best selections of scotches and spirits.","address":["1106 N. Charles St."],"geo":{"accuracy":"ROOFTOP","lat":39.3028,"lng":-76.6164}}