{"name":"Maui Brewing Co.","city":"Lahaina, Maui","state":"Hawaii","code":"96761","country":"United States","phone":"808.669.3474","website":"http://mauibrewingco.com/","type":"brewery","updated":"2010-07-22 20:00:20","description":"Maui Brewing Co., with a brewpub in Kahana and production brewery in Lahaina, has built a reputation for creating handcrafted beers brewed using the finest natural ingredients.  We have become one of the area's most popular dining locations and are the island's only microbrewery.  Our menu offers a broad selection of fine foods to satisfy any palate.","address":["4405 Honoapiilani Highway #217"],"geo":{"accuracy":"ROOFTOP","lat":20.9721,"lng":-156.677}}