{"name":"Bavaria","city":"Barranquilla","state":"","code":"","country":"Colombia","phone":"","website":"http://www.bavaria.com.co","type":"brewery","updated":"2010-07-22 20:00:20","description":"Fundada en abril de 1889 Cervecería Águila tiene una capacidad de producción de 3.234.000 hectolitros de cerveza al año, con los cuales atiende los departamentos del Sucre, Magdalena, Atlántico, Bolívar, Guajira, Cesar y la Isla de San Andrés. Produce y distribuye las marcas Águila, Club Colombia, Costeñita, además de cerveza en barril; Agua Brisa en diferentes presentaciones y Pony Malta. Esta planta tiene su origen en la Cervecería Barranquilla que empieza operaciones el 10 de abril de 1913 y años más tarde, en 1933, se une a la Cervecería Bolívar, convirtiéndose en la Cervecería Barranquilla y Bolívar S.A. El 3 de marzo de 1967 la compañía tomó el nombre de Cervecería Águila S.A. En diciembre de 2002 se fusionó con Bavaria S.A. convirtiéndose en una planta estratégica para el proceso de exportaciones de la compañía. Desde octubre de 2005, Bavaria es parte de SABMiller, segunda cervecera mundial en volumen, con operaciones en cuatro continentes y una producción que supera los 170 millones de hectolitros de cerveza anuales en más de 170 marcas.","address":[],"geo":{"accuracy":"APPROXIMATE","lat":10.9639,"lng":-74.7964}}