{"name":"Central Waters Brewing Company","city":"Amherst","state":"Wisconsin","code":"54406","country":"United States","phone":"1-715-824-2739","website":"http://www.centralwaters.com/","type":"brewery","updated":"2010-07-22 20:00:20","description":"Brewing since 1998, Central Waters Brewing Company is built on the solid reputation of producing the finest quality beer in Central Wisconsin: Ouisconsing Red Ale, Happy Heron Pale Ale, Mudpuppy Porter, and many more.","address":["351 Allen Street"],"geo":{"accuracy":"ROOFTOP","lat":44.4419,"lng":-89.2797}}