{"name":"Marzoni's Brick Oven & Brewing Co","city":"Duncansville","state":"Pennsylvania","code":"16635","country":"United States","phone":"814-695-2931","website":"http://www.marzonis.com/","type":"brewery","updated":"2010-07-22 20:00:20","description":"Marzoni's beers are brewed on premise, utilizing the finest ingredients available. Beers brewed at Marzoni's are dispensed directly from our chilled serving tanks to the tap stations on the bar for the freshest beer around! On any given day, there are at least 8 beers on tap, not to mention house-brewed root beer. Brewery tours are available!","address":["165 Patchway Road"],"geo":{"accuracy":"APPROXIMATE","lat":40.4234,"lng":-78.4339}}