{"name":"Great Basin Brewing Company","city":"Sparks","state":"Nevada","code":"89431","country":"United States","phone":"(775) 355-7711","website":"http://greatbasinbrewingco.com","type":"brewery","updated":"2010-07-22 20:00:20","description":"Great Basin Brewing Co. makes fresh hand-crafted beer right before your eyes using the finest American & European grains, hops & yeast. The rugged beauty and free spirit of this region have inspired the creation of the brewery and the beers that you enjoy. We invite you to celebrate our heritage with us.","address":["846 Victorian Ave"],"geo":{"accuracy":"RANGE_INTERPOLATED","lat":39.5349,"lng":-119.754}}