{"name":"Marble Brewery","city":"Albuquerque","state":"New Mexico","code":"87102","country":"United States","phone":"505.243.2739","website":"http://marblebrewery.com/","type":"brewery","updated":"2010-07-22 20:00:20","description":"Marble Brewery is located in beautiful Downtown Albuquerque area, conveniently located near Interstate 25 and just a stone's throw from the railroad tracks. Our spacious tap room and extensive bar is complimented by an equally expansive patio that offers plenty of shaded, picnic-style seating. For both beer lovers and curious and thirsty tourists, a visit to Marble Brewery is a must when in Albuquerque.","address":["111 Marble Ave NW"],"geo":{"accuracy":"ROOFTOP","lat":35.0928,"lng":-106.647}}