{"name":"Carver Brewing Co.","city":"Durango","state":"Colorado","code":"81301","country":"United States","phone":"(970) 259 - 2545","website":"http://www.carverbrewing.com/_/home.htm","type":"brewery","updated":"2010-07-22 20:00:20","description":"Carver Brothers Bakery first opened on June 1, 1983, in Winter Park, Colorado. It started with Jim, Bill, Sara and Eleanor Carver. In 1986 Jim, Bill and Barb Wynne opened Carvers Bakery / Café in Durango and the Winter Park Bakery was sold.   In 1988 Carvers opened the brewery  making it the first brewery in the four corners region since prohibition. Although still known affectionately by the locals as Carvers, Carvers then became Carver Brewing Company.  Since then Carvers has seen many exciting changes: opening it's outdoor Beer Garden in 1994 and undergoing dramatic remodels in the restaurant and on the patio in '98 and '02. In April of '07 it was deemed necessary to expand the brewery.  The brewery is now housed in the area previously occupied by the bakery.  After 20 years of serving Colorado's mountain folk, Carvers continues to provide the very best in food and beer.","address":["1022 Main Ave."],"geo":{"accuracy":"ROOFTOP","lat":37.2748,"lng":-107.88}}