{"name":"Oaken Barrel Brewing","city":"Greenwood","state":"Indiana","code":"46143","country":"United States","phone":"1-317-887-2287","website":"http://www.oakenbarrel.com/","type":"brewery","updated":"2010-07-22 20:00:20","description":"Oaken Barrel Brewing Co. has built its reputation on its award-winning beers. Head brewer Mark Havens and assistant brewer Andrew Castner brew a variety of fresh ales on-site in small batches. They use a fifteen barrel system to brew six standard house ales and a steady stream of specialty beers.","address":["50 North Airport Parkway"],"geo":{"accuracy":"RANGE_INTERPOLATED","lat":39.615,"lng":-86.0901}}