{"name":"Hite Brewery","city":"Seoul","state":"","code":"","country":"Korea, Republic of","phone":"","website":"","type":"brewery","updated":"2010-07-22 20:00:20","description":"Hite Brewery Company Limited is a South Korean brewery company headquartered in Yeongdeungpo-gu, Seoul. Its main products are beer, rice wine, and mineral water. The company was established as Chosun Breweries in 1933. In 2001 the company had three factories, and in 2002 its share of the domestic beer market was some 55%, up from 30% in 1992.","address":[],"geo":{"accuracy":"APPROXIMATE","lat":37.5665,"lng":126.978}}