{"name":"Brewery Vivant","city":"Grand Rapids","state":"MI","code":"49506","country":"United States","phone":"616 719 1604","website":"http://breweryvivant.com","type":"brewery","updated":"2011-06-22 12:19:30","description":"Brewery Vivant is the realization of years of dreaming and much discussion of what a great brewery can be. What makes our brewery different from the rest is the way we approach our craft and operate our business. The core of Brewery Vivant can be found at the crossroads of three passions:\n\n   1. Our love of the tradition and artistic approach of the Belgian & French styles of beers\n   2. Devotion to using local sources for ingredients and running our business according to the three pillars of sustainability; Environmental Integrity, Social Equity, and Economic Viability\n   3. Sharing the experience of how beer and food can be paired to uplift the enjoyment of both\n","address":["925 Cherry Street SE"]}