{"name":"Carlow Brewing Company","city":"Carlow","state":"","code":"","country":"Ireland","phone":"353 (0)59  9134356","website":"http://www.carlowbrewing.com","type":"brewery","updated":"2010-07-22 20:00:20","description":"Carlow Brewing Company is a small Irish Brewery established in 1998.  Carlow, a small town located in the Barrow Valley Region, the traditional malt and hop producing region in Ireland, once boasted a number of breweries, but the practice had been discontinued for over 100 years until revived in 1998 by Carlow Brewing Company.  ","address":["The Goods Store, Station Road"],"geo":{"accuracy":"APPROXIMATE","lat":52.7196,"lng":-6.846}}