{"name":"Blue Ridge Brewing","city":"Greenville","state":"South Carolina","code":"29601","country":"United States","phone":"1-864-232-4677","website":"http://www.blueridgebrewing.com/","type":"brewery","updated":"2010-07-22 20:00:20","description":"Born in the foothills of the Blue Ridge Mountains, Greenville's Brew-Pub continues to pay homage to one simple creed, to provide our customers the very best we can! We're as proud of Chef Rich's House-Made Menu as we are of Jay's Freshly Crafted Brews!","address":["217 North Main Street"],"geo":{"accuracy":"ROOFTOP","lat":34.8531,"lng":-82.3983}}