{"name":"The Round Barn Winery & Brewery","city":"Baroda","state":"Michigan","code":"49101","country":"United States","phone":"(800)-716-9463","website":"http://www.roundbarnwinery.com/brewery.php","type":"brewery","updated":"2010-07-22 20:00:20","description":"With more than 30 years of fermentation experience and an award-winning reputation in the industry, our line of hand-crafted brews embody the satisfying bold taste you've come to expect from The Round Barn.","address":["10983 Hills Road"],"geo":{"accuracy":"ROOFTOP","lat":41.9211,"lng":-86.4583}}