{"name":"Jolly Pumpkin Artisan Ales","city":"Dexter","state":"Michigan","code":"48130","country":"United States","phone":"1-734-426-4962","website":"http://www.jollypumpkin.com","type":"brewery","updated":"2010-07-22 20:00:20","description":"Welcome to a land of open fermentation, oak barrel aging, and bottle conditioning. At Jolly Pumpkin Artisan Ales we are dedicated to more than the traditions of old world craftsmanship. Everything we do is designed to create ales of outstanding art and flavor. Focusing on traditional rustic country style beers brought to life through labor and love, we strive to create beers to lighten the spirit, and soothe the soul. Sharing our joy to the betterment of mankind is the most that we could hope for.","address":["3115 Broad Street"],"geo":{"accuracy":"ROOFTOP","lat":42.3375,"lng":-83.8895}}