{"name":"Blacksburg Brewing Company","city":"Blacksburg","state":"Virginia","code":"24063","country":"United States","phone":"","website":"http://www.blacksburgbrewing.com/","type":"brewery","updated":"2010-07-22 20:00:20","description":"Blacksburg Brewing Co. (BBC) is an independent specialty brewer of premium beer.  As mandated by the Reinheitsgebot (German Purity Law), our beer is brewed with only 4 ingredients: water, barley malt, hops, and yeast.  The best beer requires the best ingredients, so we purchase them regardless of the cost.  We pay a premium to import the Cadillac of barley malt from Bamberg, and our hops from The Hallertau are the best that money can buy, period.","address":["P.O. Box 315"],"geo":{"accuracy":"APPROXIMATE","lat":37.23,"lng":-80.41}}