{"name":"The Alchemist","city":"Waterbury","state":"Vermont","code":"5676","country":"United States","phone":"(802) 244-4120","website":"http://www.alchemistbeer.com/","type":"brewery","updated":"2010-07-22 20:00:20","description":"The Alchemist is a 7 barrel brew pub specializing in hand-crafted beer and casual pub fare. All of our ales are brewed in our basement brewery, which was designed and installed by our brewer and co-proprietor John Kimmich. We use only the finest imported malts and domestic hops available to bring you the tastiest and finest selection of beers in Vermont!","address":["23 South Main Street"],"geo":{"accuracy":"ROOFTOP","lat":44.3372,"lng":-72.756}}