{"name":"Chelsea Brewing Company","city":"New York","state":"New York","code":"10011","country":"United States","phone":"212.336.6440","website":"http://chelseabrewingco.com/","type":"brewery","updated":"2010-07-22 20:00:20","description":"Chelsea Brewing Company, rated the best brewery in New York, is a first class waterfront restaurant and the only micro-brewery in Manhattan located at pier 59.With over 15 years of experience, and 8 National Awards, we are proud to serve up to 27 natural hand-crafted ales and specialty beers using only the finest malts and hops from around the world. We offer beer tastings, brewery tours and group packages.","address":["Chelsea Piers, Pier 59"],"geo":{"accuracy":"GEOMETRIC_CENTER","lat":40.7457,"lng":-74.0086}}