{"name":"Estes Park Brewery","city":"Estes Park","state":"Colorado","code":"80517","country":"United States","phone":"970-586.5421","website":"http://www.epbrewery.net/","type":"brewery","updated":"2010-07-22 20:00:20","description":"The original Brewing equipment which consisted of a 4 1/4  Barrel Brewhouse was moved to Estes. For the first summer the Event Center kept the main floor as a stage and dance floor. For the first summer we offered four beers:  Estes Park Porter, Estes Park Renegade, Longs Peak Raspberry Wheat and Estes Park Pale Ale.  In the fall of 1994, Gordon Knight decided to sell his half of the business. When Gordon left, Eric Bratrud took over as the head Brewer. The Brewery also expanded to a 14 BBL Brewhouse and moved out onto the main floor where is now located. In 1995 we started packaging our beers in 12 oz bottles, which expanded our market. By this time we had added a number of beers including Trail Ridge Red, Estes Park Gold, Stinger Wild Honey Wheat and Samson Stout. 1995 was also the first year of the Best of the West Brewfest held in the Brewery parking lot. Since '95 we've continued to evolve both in our restaurant and with our brewing operations. In 2003 Tyler Lemirande and Eric Bratrud took over as owners.","address":["470 Prospect Village Dr."],"geo":{"accuracy":"ROOFTOP","lat":40.3707,"lng":-105.526}}