{"name":"Stonecutters Brewhouse","city":"Barre","state":"Vermont","code":"5641","country":"United States","phone":"(802) 476-6000","website":"http://www.stonecuttersbrewhouse.com/","type":"brewery","updated":"2010-07-22 20:00:20","description":"Stonecutters Brewhouse is a 4 barrel brewhouse located in central Vermont in the small town (pop. 9000) of Barre. Barre is the sister town to Montpelier, which is the capital of Vermont. Stonecutters is a locally owned and operated.","address":["14 N Main St."],"geo":{"accuracy":"ROOFTOP","lat":44.1972,"lng":-72.5019}}