{"name":"Chimay (Abbaye Notre Dame de Scourmont)","city":"Chimay","state":"","code":"","country":"Belgium","phone":"+32 (0)60 21 03 27","website":"http://www.chimay.com","type":"brewery","updated":"2010-07-22 20:00:20","description":"Chimay is an authentic Trappist beer that is it is brewed within a Trappist monastery, under the control and responsibility of the monastic community. Only 6 beers in Belgium can carry the appellation Trappist: Chimay, Orval, Rochefort, Westmalle, Westvleteren and Achel.","address":["Route de Charlemagne 8"],"geo":{"accuracy":"GEOMETRIC_CENTER","lat":50.0355,"lng":4.3777}}