{"name":"Russian River Brewing","city":"Santa Rosa","state":"California","code":"95404","country":"United States","phone":"1-707-545-2337","website":"http://www.russianriverbrewing.com/","type":"brewery","updated":"2010-07-22 20:00:20","description":"At Russian River Brewing Company we focus on traditional aggressively hopped California style ales, Belgian style ales, and barrel aged beers. We brew a full line up of ales and lagers for our pub and for limited distribution.","address":["725 Fourth Street"],"geo":{"accuracy":"ROOFTOP","lat":38.4418,"lng":-122.712}}