{"name":"Moon River Brewing Company","city":"Savannah","state":"Georgia","code":"31401","country":"United States","phone":"912.447.0943","website":"http://www.moonriverbrewing.com/","type":"brewery","updated":"2010-07-22 20:00:20","description":"The Moon River Brewing Company is founded on our obsession with creating the ideal restaurant and brewery experience. Striving for this ideal, we are committed to providing three basic services. We are dedicated, first and foremost, to providing you with a comfortable and relaxing environment with prompt and cheerful service. Secondly, we are committed to serving you a delicious variety of freshly prepared foods. Our kitchen is a boiling pot of diversity, offering a range of dishes from simple comfort food to eclectic gourmet cuisine. Finally, we are undeniably passionate about serving great beer.","address":["21 W. Bay St."],"geo":{"accuracy":"RANGE_INTERPOLATED","lat":32.081,"lng":-81.0915}}