{"name":"Vintage 50 Restaurant and Brew Lounge","city":"Leesburg","state":"Virginia","code":"20176","country":"United States","phone":"(703) 777-2169","website":"http://www.vintage50.com/","type":"brewery","updated":"2010-07-22 20:00:20","description":"Vintage 50, at this Leesburg, Virginia classically modern brewery.  Whether you enjoy a fine California cabernet paired with innovative New American fare, or a cold beer brewed on-site paired with classic comfort food, you will feel at home at Vintage 50. Guests will relax in style while enjoying libations from near and far as well as a menu that features fresh, seasonal ingredients.","address":["50 Catoctin Ct. NE #100"],"geo":{"accuracy":"ROOFTOP","lat":39.1126,"lng":-77.5537}}