{"name":"Troegs Brewing","city":"Harrisburg","state":"Pennsylvania","code":"17104","country":"United States","phone":"1-717-232-1297","website":"http://www.troegs.com/","type":"brewery","updated":"2010-07-22 20:00:20","description":"Tröegs Brewing Company was established in 1997. Today, the brewery produces nine different beers including Hopback Amber Ale, Troegenator Doublebock, Rugged Trail Ale, Tröegs Pale Ale, Nugget Nectar (seasonal) Dead Reckoning Porter (seasonal), Sunshine Pils (seasonal), The Mad Elf (seasonal), and distributes its product in Pennsylvania, New Jersey, Maryland, Delaware and Virginia.","address":["800 Paxton Street"],"geo":{"accuracy":"ROOFTOP","lat":40.2559,"lng":-76.8715}}