{"name":"New Albanian Brewing","city":"New Albany","state":"Indiana","code":"47150","country":"United States","phone":"1-812-949-2804","website":"http://www.newalbanian.com","type":"brewery","updated":"2010-07-22 20:00:20","description":"The Brewery was officially brewing in October 2002 and was incorporated in 1994 as the New Albanian Brewing Company in a room that branches off of Sportstime Pizza. The brewery established by Roger Baylor his wife Amy (O'Connell) Baylor and her sister Kate O'Connel. This is the first commercial brewery in New Albany since 1935. The first brewmaster was Michael Borchers which brought with him experience and used machines from the now defunct Silver Creek Brewing Corporation that was located in Sellersburg, Indiana. Jared Williamson and Jesse Williams are the current brewers working the brewery. In 2005, 14,000 gallons of beer was produced by the brewery, and with the new additions, the planned output for 2007 is double the 2005 amount.","address":["3312 Plaza Drive"],"geo":{"accuracy":"ROOFTOP","lat":38.3281,"lng":-85.8171}}