{"name":"Miller Brewing","city":"Milwaukee","state":"Wisconsin","code":"53208","country":"United States","phone":"(414) 931-2000","website":"http://www.millerbrewing.com","type":"brewery","updated":"2010-07-22 20:00:20","description":"Making the highest quality beer has been a passion of the Miller Brewing Company since its founder, Frederick J. Miller, began his brewing business in 1855. Since then, Miller Brewing has grown from a small local brewer to the second largest brewery in the U.S., with seven major breweries located across America.","address":["3939 W. Highland Blvd"],"geo":{"accuracy":"ROOFTOP","lat":43.0445,"lng":-87.9626}}