{"name":"Liberty Steakhouse and Brewery","city":"Myrtle Beach","state":"South Carolina","code":"29577","country":"United States","phone":"843.626.4677","website":"http://www.libertysteakhouseandbrewery.com/","type":"brewery","updated":"2010-07-22 20:00:20","description":"Liberty means many things to many different people. It's a celebration of the great American farmer and the rich bounty he puts on our plates.  It's a celebration of America's rich ethnic cooking styles. It's a celebration of the resurgence of the handcrafted-brewing style of the pre-prohibition small American brewery.  Liberty Steakhouse & Brewery is based on America's rich ethnic cooking styles, complimented by finely hand-crafted beers, tantalizing starters and perfectly seared steaks. We've got something brewing you're sure to like. Liberty is also a celebration of life, family and the pursuit of happiness. So bring us your hungry, your thirsty and fun-loving, we'll send you home refreshed and fulfilled.","address":["1321 Celebrity Circle"],"geo":{"accuracy":"RANGE_INTERPOLATED","lat":33.7187,"lng":-78.8831}}