{"name":"New Glarus Brewing Company","city":"New Glarus","state":"Wisconsin","code":"53574","country":"United States","phone":"608-527-5850","website":"http://www.newglarusbrewing.com/","type":"brewery","updated":"2010-07-22 20:00:20","description":"The brewery is run by an enthusiastic couple, Daniel & Deb Carey, who have successfully combined business management and brewing professionalism. Our philosophy is based on individuality, cooperation and the employment of 100% natural ingredients to produce world -class, handcrafted beers for our friends in Wisconsin. Cheers!*  *From the New Glarus Brewing web site","address":["2400 State Highway 69"],"geo":{"accuracy":"ROOFTOP","lat":42.8171,"lng":-89.6306}}