{
   "_id": "007abf9d-f4a7-4001-15e8-26450000041c",
   "_rev": "3-04c15a31dd051965e1a3c5430e8d2055",
   "doc_type": "Stats",
   "uuid": "007abf9d-f4a7-4001-15e8-26450000041c",
   "numNodes": 1,
   "timestamp": "2011-08-19T16:51:43Z",
   "buckets": {
       "total": 8,
       "membase": 8,
       "memcached": 0
   },
   "ram": {
       "total": 12815089664,
       "quotaTotal": 4294967296,
       "quotaUsed": 2147483648
   },
   "dogbowled": "True",
   "gae_state": "done",
   "version": "1.7.0",
   "componentsVersion": {
       "kernel": "2.14.3",
       "os_mon": "2.2.5",
       "stdlib": "1.17.3",
       "mnesia": "4.4.17",
       "sasl": "2.1.9.3",
       "ns_server": "1.7.0"
   },
   "nodes": {
       "uptime": [
           "105142"
       ],
       "os": [
           "windows"
       ]
   },
   "browser": "Mozilla/5.0 (compatible; MSIE 9.0; Windows NT 6.1; WOW64; Trident/5.0; SLCC2; .NET CLR 2.0.50727; .NET CLR 3.5.30729; .NET CLR 3.0.30729; Media Center PC 6.0; InfoPath.2; .NET4.0C; .NET4.0E)"
}
