{
   "_id": "00bcbb1c-6aa7-4001-15e8-231d000000e2",
   "_rev": "1-104c40cac9fbe67b70b83e027e3ed765",
   "doc_type": "Stats",
   "uuid": "00bcbb1c-6aa7-4001-15e8-231d000000e2",
   "numNodes": 1,
   "timestamp": "2011-08-19T16:51:41Z",
   "buckets": {
       "total": 1,
       "membase": 0,
       "memcached": 1
   },
   "ram": {
       "total": 4293541888,
       "quotaTotal": 3434086400,
       "quotaUsed": 536870912
   },
   "dogbowled": "True",
   "gae_state": "done",
   "version": "1.7.0",
   "componentsVersion": {
       "kernel": "2.14.3",
       "os_mon": "2.2.5",
       "stdlib": "1.17.3",
       "mnesia": "4.4.17",
       "sasl": "2.1.9.3",
       "ns_server": "1.7.0"
   },
   "nodes": {
       "uptime": [
           "685616"
       ],
       "os": [
           "windows"
       ]
   },
   "browser": "Mozilla/5.0 (Windows NT 6.1; WOW64; rv:5.0) Gecko/20100101 Firefox/5.0"
}