{"title":"Beverly Hills","name":"Jaan","alt":null,"address":"9291 Burton Way","directions":"inside Raffles L'Ermitage hotel","phone":"+1-310-278-3344","tollfree":null,"email":null,"fax":null,"url":"http://beverlyhills.raffles.com/hsylaxra/restaurants_jaan.html","hours":"6AM-11PM daily","checkin":null,"checkout":null,"image":null,"price":null,"content":"French-Asian cooking. Lavish surroundings. Both points come together is an inspired hotel dining experience inside the Raffles L'Ermitage. Guests can feast or relax on the patio around the fireplace or next to a lighted waterfall. Jaan (the word is Cambodian for dish or bowl) menu changes monthly, alternating between diverse flavors and cuisine styles.","geo":{"lat":34.072542,"lon":-118.3954},"activity":"eat","type":"landmark","id":3410,"country":"United States","city":null,"state":"California"}