{"title":"San Francisco/Golden Gate","name":"Cowell Theater","alt":null,"address":"Fort Mason Center, Middle Pier","directions":"behind Herbst Pavilion","phone":"+1 415 441-3400","tollfree":null,"email":null,"fax":null,"url":"http://www.fortmason.org/events","hours":"See website for schedule and times","checkin":null,"checkout":null,"image":null,"price":"$0-$60","content":"Hosts theater, dance, talks, and film festival productions among other things.","geo":{"lat":37.8088,"lon":-122.4315},"activity":"do","type":"landmark","id":25733,"country":"United States","city":"San Francisco","state":"California"}