{"title":"Paris/8th arrondissement","name":"Kokohana","alt":"Teppanyaki","address":"1, rue Jean Mermoz","directions":null,"phone":"+33 8 26 10 01 99","tollfree":null,"email":null,"fax":null,"url":null,"hours":null,"checkin":null,"checkout":null,"image":null,"price":"Menus from €14.50—38","content":"Two chefs battle against each other in a spectacular performance of chopping, slicing, sauteing everything from scallops to foie gras. The food is average, but the presentation is well worth it.","geo":{"lat":48.86978,"lon":2.31059,"accuracy":"APPROXIMATE"},"activity":"eat","type":"landmark","id":21829,"country":"France","city":"Paris","state":"Île-de-France"}