{"title":"Birmingham (England)","name":"Staybridge Suites","alt":null,"address":"Martineau Place","directions":null,"phone":null,"tollfree":null,"email":null,"fax":null,"url":null,"hours":null,"checkin":null,"checkout":null,"image":null,"price":null,"content":"A rare occurrence of IHG's extended-stay brand outside of North America, the Staybridge Suites Birmingham offers studios and apartments with kitchenettes and other long-stay facilities, including on-site gym. Breakfasts are included in room rates.","geo":{"lat":52.48055,"lon":-1.896},"activity":"sleep","type":"landmark","id":3637,"country":"United Kingdom","city":"West Midlands","state":"England"}