{"title":"Glasgow 2014","name":"Sir Chris Hoy Velodrome","alt":null,"address":null,"directions":"Attached to the Velodrome.","phone":null,"tollfree":null,"email":null,"fax":null,"url":"http://www.emiratesarena.co.uk/Pages/default.aspx","hours":null,"checkin":null,"checkout":null,"image":null,"price":null,"content":"250m indoor track and room for 4500 specators.","geo":{"lat":55.847222,"lon":-4.208042,"accuracy":"ROOFTOP"},"activity":"see","type":"landmark","id":38952,"country":"United Kingdom","city":"Glasgow","state":null}