{"title":"Weston-super-Mare","name":"Yo-Ji","alt":null,"address":"25-27 St James Street, Weston-super-Mare, BS23 1ST","directions":null,"phone":"+44 1934 620800","tollfree":null,"email":null,"fax":null,"url":"http://www.yo-ji.co.uk/","hours":"11:00-15:00 (Lunch)  17:00-22:30 (Dinner)","checkin":null,"checkout":null,"image":null,"price":null,"content":"Japanese Restaurant serving fine cuisine and sushi","geo":{"lat":51.34647,"lon":-2.97908,"accuracy":"APPROXIMATE"},"activity":"eat","type":"landmark","id":33269,"country":"United Kingdom","city":"Weston-super-Mare","state":null}