{"title":"San Francisco/Fisherman's Wharf","name":"North Point Shopping Center","alt":null,"address":"900 North Point St","directions":"between Mason St and Powell St","phone":null,"tollfree":null,"email":null,"fax":null,"url":null,"hours":null,"checkin":null,"checkout":null,"image":null,"price":null,"content":"Less touristy, and set back a few blocks from the actual Wharf, this shopping center contains 15 shops, including a Safeway supermarket, Walgreens drug store, GNC, and Radio Shack, as well as services such as ATMs and 24 Hour Fitness center.","geo":{"lat":37.8062,"lon":-122.4129},"activity":"buy","type":"landmark","id":25634,"country":"United States","city":"San Francisco","state":"California"}