{"title":"London/Hammersmith and Fulham","name":"La Reserve Hotel Chelsea","alt":null,"address":"422-428 Fulham Rd, SW6 1DU","directions":"tube: Fulham Broadway","phone":"+44 20 7385-8561","tollfree":null,"email":"info@la-reservehotel.co.uk","fax":"+44 20 7385-7662","url":"http://www.la-reservehotel.co.uk/","hours":null,"checkin":null,"checkout":null,"image":null,"price":"£95","content":"Small hotel offering 43 en-suite bedrooms in the extreme south-east of the district bordering Chelsea. The hotel overlooks Chelsea Football Club.","geo":{"lat":51.4802,"lon":-0.19105},"activity":"sleep","type":"landmark","id":16175,"country":"United Kingdom","city":"London","state":"England"}