{"title":"Derby","name":"The Crompton Tavern","alt":null,"address":"46 Crompton Street","directions":"5 minutes away from the westfield shopping centre","phone":"+44 1332 733629","tollfree":null,"email":null,"fax":null,"url":"http://www.cromptontavern.co.uk/","hours":"14.00-23.00","checkin":null,"checkout":null,"image":null,"price":null,"content":"offers a range of traditional real ales in a cosy and friendly environment","geo":{"lat":52.919999,"lon":-1.480333},"activity":"drink","type":"landmark","id":7763,"country":"United Kingdom","city":"Derby","state":"England"}