{"title":"Berwick-upon-Tweed","name":"Berwick Barracks and Main Guard","alt":null,"address":"Parade, TD15 1DF","directions":null,"phone":"+44 1289 304493","tollfree":null,"email":null,"fax":null,"url":"http://www.english-heritage.org.uk/daysout/properties/berwick-upon-tweed-barracks-and-main-guard/","hours":null,"checkin":null,"checkout":null,"image":null,"price":"adults £4.00, children £2.40, concessions £3.60","content":"They were built between 1717 and 1721 with a design attributed to Hawksmoor.","geo":{"lat":55.770995,"lon":-2.001111,"accuracy":"ROOFTOP"},"activity":"see","type":"landmark","id":3370,"country":"United Kingdom","city":"Berwick-upon-Tweed","state":null}