{"title":"Paris/15th arrondissement","name":"Hotel Sublim Eiffel","alt":null,"address":"94 Boulevard Garibaldi","directions":"Métro Sèvres-Lecourbe","phone":"+33 1 40659595","tollfree":null,"email":"info@sublimeiffel.com","fax":"+33 1 42730713","url":"http://www.sublimeiffel.com/","hours":null,"checkin":null,"checkout":null,"image":null,"price":null,"content":"Funky decorated rooms located within 15min walk from the Tour Eiffel.","geo":{"lat":48.845241,"lon":2.310056},"activity":"sleep","type":"landmark","id":21656,"country":"France","city":"Paris","state":"Ile-de-France"}