{"title":"San Diego/Old Town-Mission Valley","name":"Old Town Mexican Café","alt":null,"address":"2489 San Diego Ave","directions":null,"phone":"+1 619 297-4330","tollfree":null,"email":null,"fax":null,"url":"http://www.oldtownmexcafe.com","hours":"Daily 7AM-2AM","checkin":null,"checkout":null,"image":null,"price":null,"content":"Huge portions.","geo":{"lat":32.75236,"lon":-117.19464,"accuracy":"APPROXIMATE"},"activity":"eat","type":"landmark","id":25297,"country":"United States","city":"San Diego","state":"California"}