{"title":"San Francisco/Civic Center-Tenderloin","name":"R Bar","alt":null,"address":"1176 Sutter St","directions":"at Polk St","phone":"+1 415 567-7441","tollfree":null,"email":null,"fax":null,"url":null,"hours":"M-F 6PM-2AM, Sa 11AM-2AM, Su 10AM-2AM","checkin":null,"checkout":null,"image":null,"price":null,"content":"A rumbly, simple dive-esque bar in the upper Tenderloin neighborhood. Popular with the bar crawl crowds that make their way around the corner from Polk Street.","geo":{"lat":37.788,"lon":-122.4198},"activity":"drink","type":"landmark","id":25574,"country":"United States","city":"San Francisco","state":"California"}