{"title":"London/South Kensington-Chelsea","name":"Bibendum","alt":null,"address":"81 Fulham Rd, SW3 6RD","directions":"tube: South Kensington","phone":"+44 20 7581-5817","tollfree":null,"email":"reservations@bibendum.co.uk","fax":"+44 20 7823-7925","url":"http://www.bibendum.co.uk/","hours":"Restaurant: M-F noon-14:30 / 19:00-23:00; Sa 12:30-15:00 / 19:00-23:00; Su 12:30-15:00 / 19:00-22:30. Bar: M-Sa noon-23:00; Su noon-22:30. Café: M-F 08:30-17:00; Sa 09:00-noon","checkin":null,"checkout":null,"image":"https://en.wikivoyage.org/wiki/File:Michelin Building 7 (5821954932).jpg","price":null,"content":"Café, restaurant and oyster bar in Michelin House, an ornately tiled art nouveau building which belies the fact that it used to be a garage, albeit one catering to the few rich patrons who could afford an automobile in Edwardian London.  Bibendum is the name of the character most commonly known as the Michelin Man.","geo":{"lat":51.4933,"lon":-0.1689,"accuracy":"ROOFTOP"},"activity":"eat","type":"landmark","id":16416,"country":"United Kingdom","city":"London","state":null,"image_direct_url":"https://upload.wikimedia.org/wikipedia/commons/f/ff/Michelin_Building_7_%285821954932%29.jpg"}