{"title":"Carpentras","name":"Clavel","alt":null,"address":"Place Aristide Briand","directions":null,"phone":"+33 4 90 29 70 39","tollfree":null,"email":"confiseriedecarpentras@orange.fr","fax":"+33 4 90 63 13 97","url":"http://www.clavel-confiserie.com/","hours":"Monday to Saturday 8:30AM to 7PM","checkin":null,"checkout":null,"image":"https://en.wikivoyage.org/wiki/File:Berlingot de Carpentras.JPG","price":null,"content":"Specialities: Berlingot (French candy) and candied fruits.","geo":{"lat":44.05201757945716,"lon":5.0472092628479,"accuracy":"APPROXIMATE"},"activity":"buy","type":"landmark","id":40353,"country":"France","city":"Carpentras","state":"Provence-Alpes-Côte d'Azur","image_direct_url":"https://upload.wikimedia.org/wikipedia/commons/7/74/Berlingot_de_Carpentras.JPG"}