{"title":"Walmer","name":"Walmer Castle and Gardens","alt":null,"address":"Kingsdown Road, CT14 7LJ","directions":null,"phone":"+44 1304 364288","tollfree":null,"email":null,"fax":null,"url":"http://www.english-heritage.org.uk/daysout/properties/walmer-castle-and-gardens/","hours":null,"checkin":null,"checkout":null,"image":null,"price":"adults £7.70, children £4.60, concessions £6.90","content":"Built under Henry VIII in the 16th century. Residence of the Duke of Wellington and William Pitt the Younger in later centuries, with the residence containing exquisite and extensive 18th and 19th century furniture and ornamentation. The castle is approximately a 30 minute walk from Deal train station.","geo":{"lat":51.2,"lon":1.404177,"accuracy":"ROOFTOP"},"activity":"see","type":"landmark","id":32973,"country":"United Kingdom","city":"Walmer","state":null}