{"title":"London/Hammersmith and Fulham","name":"Bush Theatre","alt":null,"address":"Uxbridge Rd, W12 8LJ","directions":"tube: Shepherd's Bush Market or Shepherd's Bush; near Shepherd's Bush Green","phone":"+44 20 8743-3584","tollfree":null,"email":null,"fax":null,"url":"http://bushtheatre.co.uk/about/","hours":null,"checkin":null,"checkout":null,"image":"https://en.wikivoyage.org/wiki/File:Passmore Edwards Library Shepherds Bush.jpg","price":null,"content":"Home of the Alternative Theatre Company and dedicated to breaking new plays and new writers. | image=Passmore Edwards Library Shepherds Bush.jpg","geo":{"lat":51.5051,"lon":-0.226,"accuracy":"RANGE_INTERPOLATED"},"activity":"do","type":"landmark","id":16142,"country":"United Kingdom","city":"London","state":null,"image_direct_url":"https://upload.wikimedia.org/wikipedia/commons/b/b8/Passmore_Edwards_Library_Shepherds_Bush.jpg"}