{"title":"London/Westminster","name":"CASK Pub & Kitchen","alt":null,"address":"6 Charlwood St, SW1V 2EE","directions":"tubeː Victoria ''or'' Pimlico","phone":"+44 20 7630-7225","tollfree":null,"email":"reservations@caskpubandkitchen.com","fax":null,"url":"http://www.caskpubandkitchen.com/","hours":"M 16:00–23:00; Tu–Sa noon–23:00; Su noon–22:30","checkin":null,"checkout":null,"image":"https://en.wikivoyage.org/wiki/File:Cask, Pimlico, SW1 (7497081614).jpg","price":null,"content":"One of RateBeer's Top 50 bars in the world, and only one of two in the UK (see The Craft Beer Company in [[London/Holborn-Clerkenwell|Clerkenwell]] for the other).  A specialist beer bar with a regularly changing selection of real ales and craft beer casks, plus a larger assortment of local and international bottles.  Monday to Saturday, gourmet burgers are served by Forty Burgers; with traditional British roasts on Sundays.","geo":{"lat":51.4911,"lon":-0.1373},"activity":"drink","type":"landmark","id":16509,"country":"United Kingdom","city":"London","state":"England","image_direct_url":"https://upload.wikimedia.org/wikipedia/commons/9/9d/Cask%2C_Pimlico%2C_SW1_%287497081614%29.jpg"}