{"title":"London/South","name":"Down House","alt":null,"address":"Luxted Rd, Downe, BR6 7JT","directions":null,"phone":"+44 1689 859119","tollfree":null,"email":null,"fax":null,"url":"http://www.english-heritage.org.uk/daysout/properties/home-of-charles-darwin-down-house/","hours":"Feb-mid-Dec W-Su 11AM-4PM, additional hours in spring and summer","checkin":null,"checkout":null,"image":null,"price":"adults £10.00, children £6.00, concessions £9.00","content":"It was at Down House that Charles Darwin worked on his scientific theories, and wrote ''On the Origin of Species by Means of Natural Selection'', the book which both scandalised and revolutionised the Victorian world when it was published in 1859. Built in the early 18th century, the house remains much as it was when Darwin lived here. The rooms on the ground floor have been furnished to reflect the domestic life of the family and the first floor offers an interactive exhibition on his life, his research and his discoveries. English Heritage has restored the gardens to their appearance in Darwin's time.","geo":{"lat":51.333148,"lon":0.054262,"accuracy":"ROOFTOP"},"activity":"see","type":"landmark","id":16283,"country":"United Kingdom","city":"Downe","state":null}