{"title":"Edinburgh/New Town","name":"Valvona & Crolla","alt":"World-famous Deli","address":"19 Elm Row, Leith Walk","directions":"Near the top of Leith Walk, on the eastern side","phone":"+44 131 556 6066","tollfree":null,"email":null,"fax":null,"url":"http://www.valvonacrolla.co.uk/","hours":null,"checkin":null,"checkout":null,"image":null,"price":null,"content":"Its grey frontage looks unassuming, but step through the door into a wonderland of food, much of it sourced direct from Italy by the family that have owned and run this business since 1934. Appears in the Sunday papers more often than Sudoku. If you like the look (and smell!) of all the goodies but wouldn't know what to do with any of it, just continue to the back of the shop and hope to get a seat in the bright cafe. If you can't make it to the original shop, they also have a small concession in Jenners on Princes St.","geo":{"lat":55.95867,"lon":-3.18341},"activity":"buy","type":"landmark","id":8594,"country":"United Kingdom","city":"Edinburgh","state":"Scotland"}