{"title":"Paris/17th arrondissement","name":"Hyatt Regency Paris Etoile","alt":"former Concorde Lafayette","address":"Place du Général Kœnig 3","directions":null,"phone":null,"tollfree":null,"email":null,"fax":null,"url":"http://www.parisetoile.regency.hyatt.com/en/hotel/home.html","hours":null,"checkin":null,"checkout":null,"image":null,"price":null,"content":"The tallest hotel in Paris is the lone skyscraper in the northwest of Paris, adjacent to the Palais du Congres. It enjoys an unobstructed line of sight towards the Eiffel Tower from the rooms facing it and its top-floor bar. After Hyatt took over the property, it is being gradually updated, but still not entirely up to the best Hyatt worldwide standards.","geo":{"lat":48.88023,"lon":2.28432},"activity":"sleep","type":"landmark","id":21675,"country":"France","city":"Paris","state":"Ile-de-France"}