{"title":"Great Bernera","name":"Bernera Bridge","alt":null,"address":null,"directions":null,"phone":null,"tollfree":null,"email":null,"fax":null,"url":null,"hours":null,"checkin":null,"checkout":null,"image":null,"price":null,"content":"Since 1953, Great Bernera and Lewis have been joined by a bridge across the 150 m wide strait. The bridge was one of the first built from prestressed concrete in the UK.","geo":{"lat":58.20491,"lon":-6.82839},"activity":"see","type":"landmark","id":38438,"country":"United Kingdom","city":null,"state":"Scotland"}