{"title":"Cambridge (England)","name":"Cambridge Beer Festival","alt":null,"address":"Jesus Green","directions":null,"phone":null,"tollfree":null,"email":null,"fax":null,"url":"http://www.cambridgebeerfestival.com/","hours":null,"checkin":null,"checkout":null,"image":null,"price":null,"content":"(May) Annual beer festival on Jesus Green, hosted by Cambridge & District CAMRA.","geo":{"lat":52.2114,"lon":0.1265,"accuracy":"ROOFTOP"},"activity":"do","type":"landmark","id":4954,"country":"United Kingdom","city":"Cambridge","state":null}