{"title":"Los Angeles/Northwest","name":"Paru's","alt":null,"address":"5140 W Sunset Blvd","directions":"just west of Normandie Ave","phone":null,"tollfree":null,"email":null,"fax":null,"url":"http://www.parusrestaurant.com","hours":"M-F 4PM-10PM, Sa-Su 11AM-10PM","checkin":null,"checkout":null,"image":null,"price":null,"content":"Head here for excellent South Indian vegetarian food in a charming garden. Especially wonderful masala dosas.","geo":{"lat":34.097937,"lon":-118.302029,"accuracy":"APPROXIMATE"},"activity":"eat","type":"landmark","id":35051,"country":"United States","city":"Los Angeles","state":"California"}