{"title":"Sonoma","name":"Harvest Moon","alt":null,"address":"487 First Street West","directions":"West side of Sonoma Plaza","phone":"+1 707 933-8160","tollfree":null,"email":"jenharvestmoon@gmail.com","fax":null,"url":"http://www.harvestmooncafesonoma.com/","hours":"Sun-Mon: 17:30-21:00; Closed Tuesday; Wed-Thur: 17:30-21:00; Fri-Sat: 17:30-21:30","checkin":null,"checkout":null,"image":null,"price":"$25 per person without alcohol","content":"An intimate French-inspired restaurant with indoor and outdoor dining. They post their menu every day on their website and use fresh seasonal ingredients. A tiny open kitchen, with one chef and a cook, they also have their own pastry chef on site. A delightful, low key and romantic place.","geo":{"lat":38.29288,"lon":-122.45891,"accuracy":"RANGE_INTERPOLATED"},"activity":"eat","type":"landmark","id":27804,"country":"United States","city":"Sonoma","state":"California"}