{"title":"London/Holborn-Clerkenwell","name":"Temple Church","alt":null,"address":"Inner Temple, Fleet St, EC4Y 7HL","directions":"tube: Temple","phone":"+44 20 7353-3470","tollfree":null,"email":"verger@templechurch.com","fax":"+44 20 7353-1736","url":"http://www.templechurch.com/","hours":null,"checkin":null,"checkout":null,"image":null,"price":null,"content":"Has a history dating back to the 12th century with connections to the order of Templars.  The chancel of the church was build by Henry III.  The church still serves the members of Gray's Inn and Lincoln's Inn and has frequent service open to the public.","geo":{"lat":51.5132,"lon":-0.1102},"activity":"see","type":"landmark","id":16190,"country":"United Kingdom","city":"London","state":"England"}