{"title":"Newcastle upon Tyne","name":"Live Theatre","alt":null,"address":"Broad Chare, Quayside","directions":null,"phone":"+44 191 232-1232","tollfree":null,"email":null,"fax":null,"url":"http://www.live.org.uk/","hours":null,"checkin":null,"checkout":null,"image":null,"price":null,"content":"This theatre focuses on producing new works by writers from and/or living in the North East of England. Live Theatre has its roots in the identity of the North East of England but creates and presents work that is both challenging, popular and of relevance to all.","geo":{"lat":54.96989,"lon":-1.60482,"accuracy":"ROOFTOP"},"activity":"do","type":"landmark","id":20144,"country":"United Kingdom","city":"Newcastle upon Tyne","state":null}