{"title":"Liverpool","name":"Greek Orthodox Church of St Nicholas","alt":null,"address":"Princess Road, Toxteth, Liverpool L8 1XB","directions":null,"phone":"+44 151 724 3500","tollfree":null,"email":"friakovos@gmail.com","fax":null,"url":"http://www.liverpoolgreeksociety.co.uk/church.asp","hours":null,"checkin":null,"checkout":null,"image":null,"price":null,"content":"Dedicated to St Nicholas the patron saint of seafarers. Built between 1865 and 1870, it was the second purpose built Greek Orthodox Church in England. The architecture of the building is a typical example of the Byzantine style as used in many Eastern Greek Churches. A typical feature is the four domes of the building. Henry Summers, master builder who built many fine examples of architecture in Liverpool, was commissioned to build the church.","geo":{"lat":53.39316,"lon":-2.96169,"accuracy":"RANGE_INTERPOLATED"},"activity":"see","type":"landmark","id":15861,"country":"United Kingdom","city":"Liverpool","state":null}