{"title":"San Francisco/Golden Gate","name":"Union Street Inn","alt":null,"address":"2299 Union St","directions":"at Steiner St","phone":"+1 415 346-0424","tollfree":null,"email":null,"fax":"+1 415 922-8046","url":"http://www.unionstreetinn.com/index.html","hours":null,"checkin":"2PM-7PM or by special arrangement","checkout":"noon","image":null,"price":"$190-$330","content":"Edwardian home with spacious airy rooms and a quaint cottage garden in the back.","geo":{"lat":37.7969,"lon":-122.436},"activity":"sleep","type":"landmark","id":25813,"country":"United States","city":"San Francisco","state":"California"}