{"title":"Yarmouth (England)","name":"The Needles Old Battery and New Battery","alt":null,"address":"West High Down, Alum Bay, Isle of Wight, PO39 0JH","directions":null,"phone":"+44 1983 754772","tollfree":null,"email":"needlesoldbattery@nationaltrust.org.uk","fax":null,"url":"http://www.nationaltrust.org.uk/needles-old-battery-and-new-battery/","hours":null,"checkin":null,"checkout":null,"image":null,"price":null,"content":"A very famous headland and offshore rocks at the extreme western end of the island. Here you will find early sea defences such as the Needles Old Battery, now preserved by the National Trust. Accessible via Southern Vectis's open-top bus service &quot;The Needles Tour&quot; (see 'Get around' above).","geo":{"lat":50.66209,"lon":-1.576905,"accuracy":"APPROXIMATE"},"activity":"see","type":"landmark","id":33666,"country":"United Kingdom","city":"West High Down","state":null}