{"title":"San Francisco/Mission","name":"The Women's Building","alt":null,"address":"3543 18th St, #8","directions":"between Valencia and Guerrero","phone":"+1 415 431-1180","tollfree":null,"email":null,"fax":"+1 415 861-8969","url":"http://www.womensbuilding.org","hours":null,"checkin":null,"checkout":null,"image":null,"price":null,"content":"Houses women's nonprofits groups and has a beautiful mural, the MaestraPeace Mural, on the front.","geo":{"lat":37.7614,"lon":-122.4226},"activity":"see","type":"landmark","id":25867,"country":"United States","city":"San Francisco","state":"California"}