{"title":"San Diego/Downtown","name":"Courtyard by Marriott San Diego Downtown","alt":null,"address":"530 Broadway","directions":null,"phone":"+1 619 446-3000","tollfree":null,"email":null,"fax":"+1 619 446-3011","url":"http://www.sandiegocy.com/","hours":null,"checkin":"3PM","checkout":"Noon","image":null,"price":"$169-249","content":"A unique 245-room hotel where timeless charm is blended seamlessly with sophisticated comfort of modern guest accommodations. Ideal location in the Gaslamp Quarter.","geo":{"lat":32.7159,"lon":-117.15944},"activity":"sleep","type":"landmark","id":25160,"country":"United States","city":"San Diego","state":"California"}