{"title":"Paris/2nd arrondissement","name":"Terroirs d'Avenir","alt":null,"address":"6-7-8, rue du Nil","directions":null,"phone":"+33 1 45 08 48 80","tollfree":null,"email":null,"fax":null,"url":null,"hours":null,"checkin":null,"checkout":null,"image":null,"price":null,"content":"Slow food distribution on three different stores: a grocer, a fish monger and a butcher. They all source fresh, quality, mostly organic produce.","geo":{"lat":48.867686,"lon":2.347807},"activity":"buy","type":"landmark","id":21737,"country":"France","city":"Paris","state":"Ile-de-France"}