{"title":"Lindisfarne","name":"Lindisfarne Priory","alt":null,"address":"TD15 2RX","directions":null,"phone":"+44 1289 389200","tollfree":null,"email":null,"fax":null,"url":"http://www.english-heritage.org.uk/daysout/properties/lindisfarne-priory/","hours":"Apr - Sep daily 10:00 - 18:00, Oct closes at 17:00, Nov - Mar Sat - Sun 10:00 - 16:00","checkin":null,"checkout":null,"image":null,"price":"adults £5.40, children £3.20, concessions £4.90","content":"Founded by St Aidan, Lindisfarne's Priory's most famous &quot;resident&quot; is St Cuthbert; although he now lies in Durham Cathedral. The nearby museum gives further information on St Cuthbert and the development of the Priory. The Priory and museum are in the custodianship of English Heritage. Check the website for information of special events.","geo":{"lat":55.669964,"lon":-1.800675},"activity":"see","type":"landmark","id":15747,"country":"United Kingdom","city":null,"state":"England"}