{"title":"Cornwall","name":"Godrevy","alt":null,"address":"Gwithian, near [[Hayle]], TR27 5ED","directions":null,"phone":"+44 1872 552412","tollfree":null,"email":"godrevy@nationaltrust.org.uk","fax":null,"url":"http://www.nationaltrust.org.uk/godrevy/","hours":null,"checkin":null,"checkout":null,"image":null,"price":null,"content":"A stunning mix of long sandy beaches, high cliffs, and smugglers coves.","geo":{"lat":50.238321,"lon":-5.393736,"accuracy":"RANGE_INTERPOLATED"},"activity":"see","type":"landmark","id":6906,"country":"United Kingdom","city":"Cornwall","state":null}