{"title":"Liverpool","name":"MelloMello","alt":null,"address":"40-42 Slater St","directions":"Entrance is on Parr St","phone":null,"tollfree":null,"email":null,"fax":null,"url":"http://www.mellomello.co.uk/","hours":"Offers a full menu of breakfast, lunch & mains daily from 10AM-8PM","checkin":null,"checkout":null,"image":null,"price":null,"content":"Fiercely independent, eco and ethically aware cafe. Features all organic, local beer, cider, wines, spirits, teas, and coffee. Their entire menu is vegetarian with vegan options. They serve vegan & gluten free cakes on rotation, and specialise in organic & international alcoholic beverages. Healthy vegetarian menu and specials daily.","geo":{"lat":53.401971,"lon":-2.980567,"accuracy":"RANGE_INTERPOLATED"},"activity":"eat","type":"landmark","id":15884,"country":"United Kingdom","city":"Liverpool","state":null}