{"title":"Glasgow","name":"Transmission Gallery","alt":null,"address":"28 King Street","directions":null,"phone":"+44 141 552 7141","tollfree":null,"email":null,"fax":null,"url":"http://www.transmissiongallery.org/","hours":"Tu-W, F-Sa 11:00-17:00, Th 11:00-20:00","checkin":null,"checkout":null,"image":null,"price":"Free","content":"A gallery set up in 1983 by ex-students of the Glasgow School of Art as a hub for the local art community and to provide exhibition space.","geo":{"lat":55.85668,"lon":-4.24667,"accuracy":"APPROXIMATE"},"activity":"see","type":"landmark","id":10113,"country":"United Kingdom","city":"Glasgow","state":null}