{"title":"Beverly Hills","name":"Maison 140 Beverly Hills","alt":null,"address":"1140 Lasky Dr","directions":null,"phone":"+1-310-281-4000","tollfree":null,"email":null,"fax":null,"url":"http://www.maison140beverlyhills.com/","hours":null,"checkin":null,"checkout":null,"image":null,"price":null,"content":"Slip into the French and Far East-inspired modes of Maison 140, an intimate, 43-room boutique luxury hotel in Beverly Hills. This unique unique hotel was redesigned by Kelly Wearstler Interior Design as a contemporary tribute to the classic Parisian inns of the last century. Visually striking, yet inviting and warm - the Maison 140 Beverly Hills Hotel is the city's perfect pied-a-terre for the imaginative traveler.","geo":{"lat":34.065643,"lon":-118.409792},"activity":"sleep","type":"landmark","id":3428,"country":"United States","city":"Beverly Hills","state":"California"}