{"title":"Long Beach","name":"Long Beach Museum of Art","alt":null,"address":"2300 East Ocean Boulevard","directions":null,"phone":"+1 562 439-2119","tollfree":null,"email":null,"fax":"+1 562 439-3587","url":"http://www.lbma.org/","hours":"Th 11AM-8PM, F-Su 11AM-5PM, Closed Jan 1, Jul 4, Thanksgiving, and Dec 25.","checkin":null,"checkout":null,"image":null,"price":"Adult: $7, Senior (62+)/Students (with ID): $6, Child (under 12): Free. Every Thursday evening from 3PM-8PM free for all ages.","content":"A small art museum featuring 20th Century art and decorative pieces with a focus on California artists. Take Passport A or D","geo":{"lat":33.763543,"lon":-118.16477},"activity":"see","type":"landmark","id":16534,"country":"United States","city":"Long Beach","state":"California"}