{"title":"West Hollywood","name":"Dan Tana's","alt":null,"address":"9071 Santa Monica Blvd","directions":"at Doheny","phone":null,"tollfree":null,"email":null,"fax":null,"url":"http://www.dantanasrestaurant.com/","hours":"Open Daily 5PM=1:30AM","checkin":null,"checkout":null,"image":null,"price":null,"content":"Since 1964 this revered, Italian eatery has been packing them in – from Hollywood powerbrokers and cinema stars to anyone that craves exquisite food in one of the coolest hangouts in Los Angeles. The waiters all look to have been there from day one, so a patron knows they’re in for a great culinary experience. The tiny bar in front of what is a tiny restaurant is often crammed three deep. It’s still a place one could be having a drink next to a movie star or ‘someone of note.’ Cocktails flow as waiters rush by carrying popular menu items such as linguini, spaghetti carbonara, steamed clams and a 16oz. New York steak dubbed the Dabney Coleman (an actor). The joint is always crowded and serves late into the night; a reservation is a must save for heavyweight Hollywood types. Excellent service, red banquettes, a classic atmosphere and delicious food – that’s a recipe for success and why Dan Tana’s remains a consistent favorite.","geo":{"lat":34.081762,"lon":-118.389091,"accuracy":"APPROXIMATE"},"activity":"eat","type":"landmark","id":33244,"country":"United States","city":"West Hollywood","state":"California"}