{"title":"Paris/17th arrondissement","name":"Bistrot des Dames","alt":null,"address":"18, rue des Dames","directions":"Metro Place de Clichy","phone":"+33 1 45 22 13 42","tollfree":null,"email":null,"fax":null,"url":null,"hours":"M-F 12:00-15:00, 19:00-23:00, Sa, Su 12:30-23:00","checkin":null,"checkout":null,"image":null,"price":null,"content":"The romantic bistro offers simple seasonal plates and has a charming garden in summer time.","geo":{"lat":48.885108,"lon":2.325023,"accuracy":"ROOFTOP"},"activity":"eat","type":"landmark","id":21667,"country":"France","city":"Paris","state":"Île-de-France"}