{"title":"Avignon","name":"Hotel Danieli","alt":null,"address":"Rue de la République","directions":null,"phone":null,"tollfree":null,"email":null,"fax":null,"url":"http://www.hoteldanieli-avignon.com/","hours":null,"checkin":null,"checkout":null,"image":null,"price":"€80 per night for a double during the summer, more expensive during the Festival d'Avignon.","content":"very centrally with air conditioning and a good breakfast.","geo":{"lat":43.947573074485724,"lon":4.805948760440515},"activity":"sleep","type":"landmark","id":1361,"country":"France","city":"Avignon","state":"Provence-Alpes-Cote D'Azur"}