{"title":"Beverly Hills","name":"Cafe Rodeo","alt":null,"address":"360 N. Rodeo Dr","directions":null,"phone":"+1-310-273-0300","tollfree":null,"email":null,"fax":null,"url":null,"hours":null,"checkin":null,"checkout":null,"image":null,"price":null,"content":"Located inside the Luxe Hotel. It has outdoor dining that affords great people watching.","geo":{"lat":34.068956,"lon":-118.402416},"activity":"eat","type":"landmark","id":3406,"country":"United States","city":"Beverly Hills","state":"California"}