{"title":"London/Westminster","name":"St. James's Park","alt":null,"address":null,"directions":"tube: St James's Park ''or'' Westminster","phone":null,"tollfree":null,"email":null,"fax":null,"url":null,"hours":null,"checkin":null,"checkout":null,"image":"https://en.wikivoyage.org/wiki/File:St. James's Park-London.jpg","price":null,"content":"The oldest of the Royal Parks of London. | image=St. James's Park-London.jpg","geo":{"lat":51.5024,"lon":-0.1348,"accuracy":"RANGE_INTERPOLATED"},"activity":"see","type":"landmark","id":16477,"country":"United Kingdom","city":"London","state":null,"image_direct_url":"https://upload.wikimedia.org/wikipedia/commons/4/40/St._James%27s_Park-London.jpg"}