{"title":"San Francisco/Union Square-Financial District","name":"Geary Theater","alt":null,"address":"405 Geary St","directions":null,"phone":"+1 415 749-2228","tollfree":null,"email":null,"fax":null,"url":"http://www.act-sf.org/","hours":null,"checkin":null,"checkout":null,"image":null,"price":null,"content":"Home to the '''American Conservatory Theater''', a Tony Award–winning institution and the largest theater company in the city, who put on many Broadway shows and original performances at this historic theater.","geo":{"lat":37.7869,"lon":-122.4101,"accuracy":"ROOFTOP"},"activity":"do","type":"landmark","id":26180,"country":"United States","city":"San Francisco","state":"California"}