{"title":"L'Isle-sur-la-Sorgue","name":"La Cour des Saveurs","alt":null,"address":"2 Rue Louis Lopez","directions":"near Town hall","phone":"+33 4 90 21 53 9","tollfree":null,"email":"lacourauxsaveurs@orange.fr","fax":null,"url":null,"hours":null,"checkin":null,"checkout":null,"image":null,"price":null,"content":"Artisan chocolatier, speciality: nougat coated chocolate orange.","geo":{"lat":43.9189368,"lon":5.05005570000003,"accuracy":"APPROXIMATE"},"activity":"buy","type":"landmark","id":40381,"country":"France","city":"L'Isle-sur-la-Sorgue","state":"Provence-Alpes-Côte d'Azur"}