{"title":"London/South Kensington-Chelsea","name":"Kensington West","alt":null,"address":"25 Matheson Road, W14 8SN","directions":"tube: West Kensington","phone":"+44 20 7602-9954","tollfree":null,"email":"stay@kensingtonwest.org","fax":"+44 20 7371-1338","url":"http://www.kensingtonwest.org/","hours":null,"checkin":null,"checkout":null,"image":null,"price":"From £65","content":"Refurbished 2 star hotel offering 24 hour reception, wireless internet, and flat screen TVs.","geo":{"lat":51.4934,"lon":-0.2058},"activity":"sleep","type":"landmark","id":16442,"country":"United Kingdom","city":"London","state":"England"}