{"title":"Marple (England)","name":"Brabyn's Park","alt":null,"address":"Brabyn's Brow","directions":"left of main road just below the main railway station","phone":null,"tollfree":null,"email":null,"fax":null,"url":"http://www.stockport.gov.uk/services/leisureculture/parksandrecreation/parks/brabynspark/","hours":null,"checkin":null,"checkout":null,"image":null,"price":"Free","content":"The former estate of Brabyn's Hall, featuring riverside walks, a dog's graveyard and a BMX/mountain bike track.","geo":{"lat":53.4026,"lon":-2.0565},"activity":"see","type":"landmark","id":34960,"country":"United Kingdom","city":null,"state":"England"}