{"title":"Plymouth (England)","name":"Prysten House","alt":null,"address":"Finewell Street","directions":null,"phone":null,"tollfree":null,"email":null,"fax":null,"url":null,"hours":null,"checkin":null,"checkout":null,"image":null,"price":null,"content":"The oldest surviving house in Plymouth's centre, built in 1490 by a local merchant. Partially taken up by Tanners restaurant.","geo":{"lat":50.36978,"lon":-4.13967,"accuracy":"RANGE_INTERPOLATED"},"activity":"see","type":"landmark","id":22555,"country":"United Kingdom","city":"Plymouth","state":null}