{"title":"Sonoma","name":"Readers Books","alt":null,"address":"130 E Napa St.","directions":"just east of the Square","phone":"+1 707-939-1779","tollfree":null,"email":null,"fax":null,"url":null,"hours":"10AM-7PM","checkin":null,"checkout":null,"image":null,"price":null,"content":"The ''only'' bookstore in town. Sells new and used books and hosts special events with authors. Kids reading room is in the back. Also sells works by local authors and about Sonoma history.","geo":{"lat":38.291877,"lon":-122.456019,"accuracy":"RANGE_INTERPOLATED"},"activity":"buy","type":"landmark","id":27786,"country":"United States","city":"Sonoma","state":"California"}