{"title":"Paris/8th arrondissement","name":"Hôtel de Crillon","alt":"Closed until 2015","address":"10, place de la Concorde (north side)","directions":null,"phone":"+33 1 44 71 15 01","tollfree":null,"email":null,"fax":"+33 1 44 71 15 03","url":"http://www.hoteldecrillonparis.info","hours":null,"checkin":null,"checkout":null,"image":null,"price":null,"content":"The legendary hotel overlooking Place de la Concorde has been the epitome of Parisian luxury for centuries, and now under new Saudi ownership undergoes a restoration scheduled to finish in 2015, when it will reopen as a Rosewood property.","geo":{"lat":48.86757,"lon":2.32132},"activity":"sleep","type":"landmark","id":21846,"country":"France","city":"Paris","state":"Ile-de-France"}