{"title":"Gullane","name":"The National Museum of Flight","alt":null,"address":"East Fortune Airfield, East Lothian","directions":"About 3 miles to the south of Gullane, near the village of Drem","phone":"+44 1620 897240","tollfree":null,"email":null,"fax":null,"url":"http://www.nms.ac.uk/museumofflighthomepage.aspx","hours":"Open daily from 10:00 - 17:00.","checkin":null,"checkout":null,"image":null,"price":"Adult: £5.50. Concessions: £4.50. Child 12 and under: Free!. Concorde: £3 adults, £2 Children","content":"Aims to tell the history of flight throughout the 20th Century, and has a large collection of aircraft, including British Airways Concorde G-BOAA. Remember to book in advance to see inside Concorde as these tickets are generally sold out on the day. Another rather good attraction (and well worth the look) is the De-Havilland Comet 4C, a derivative of the Worlds first jetliner.","geo":{"lat":55.9955,"lon":-2.7174},"activity":"see","type":"landmark","id":10597,"country":"United Kingdom","city":null,"state":"Scotland"}