{"title":"San Diego/Balboa Park-Hillcrest","name":"Mingei International Museum","alt":null,"address":"1439 El Prado","directions":null,"phone":"+1 619 239-0003","tollfree":null,"email":null,"fax":null,"url":"http://www.mingei.org/","hours":"Tu-Su 10AM-4PM","checkin":null,"checkout":null,"image":null,"price":"$8 adults, $5 seniors/ages 6-17/students/military, free for children under 6","content":"A large folk art museum which is instantly recognizable from the outside by the large colorful mosaic sculptures out front, which are a delight for kids to climb on.","geo":{"lat":32.73102,"lon":-117.15101},"activity":"see","type":"landmark","id":25088,"country":"United States","city":"San Diego","state":"California"}