{"title":"Beverly Hills","name":"Tuk Tuk","alt":null,"address":"8875 W. Pico Blvd., Los Angeles","directions":"on Pico Boulevard near Robertson, on the border between Beverlywood and Beverly Hills","phone":"+1 310 860-1872","tollfree":null,"email":null,"fax":null,"url":"http://www.tuktukthaila.com","hours":null,"checkin":null,"checkout":null,"image":null,"price":null,"content":"Thai food.","geo":{"lat":34.055148,"lon":-118.385328,"accuracy":"RANGE_INTERPOLATED"},"activity":"eat","type":"landmark","id":3393,"country":"United States","city":"Los Angeles","state":"California"}