{"title":"Cheltenham","name":"Leckhampton Hill","alt":null,"address":null,"directions":null,"phone":null,"tollfree":null,"email":null,"fax":null,"url":null,"hours":null,"checkin":null,"checkout":null,"image":null,"price":null,"content":"A site of Iron Age hill fort and long barrow and famous for its old limestone quarries. One particularly striking feature on the hill is the Devil's Chimney, a substantial pillar of stone left standing next to one of the upper inclines.","geo":{"lat":51.86459,"lon":-2.07513,"accuracy":"APPROXIMATE"},"activity":"see","type":"landmark","id":5488,"country":"United Kingdom","city":"Shurdington","state":null}