{"title":"San Francisco/Chinatown-North Beach","name":"Levi's Plaza Park","alt":null,"address":"1160 Battery St","directions":"at Filbert St","phone":null,"tollfree":null,"email":null,"fax":null,"url":null,"hours":null,"checkin":null,"checkout":null,"image":null,"price":null,"content":"Located in front of the Levi Strauss headquarters, this immaculately kept little park is perhaps the perfect spot for a picnic... especially if you're exhausted after climbing over Telegraph Hill! It has a soothing fountain as its centerpiece. Having said that, ever present security guards at the park can bring you down from your mellow moments here... just don't dip your feet in the water!","geo":{"lat":37.8024,"lon":-122.4014,"accuracy":"ROOFTOP"},"activity":"see","type":"landmark","id":25428,"country":"United States","city":"San Francisco","state":"California"}