{"title":"San Francisco/Fisherman's Wharf","name":"McCormick and Kuleto's Seafood Restaurant","alt":null,"address":"Ghirardelli Square, 900 North Point St","directions":"at Beach St and Larkin St","phone":"+1 415 929-1730","tollfree":null,"email":"susanr@mccormickandkuletos.com","fax":"+1 415 567-2919","url":"http://www.mccormickandschmicks.com/index.cfm?fuseaction=content.display&pageid=96&id=16","hours":"M-Th 11:30AM-10PM, F-Sa 11:30AM-11PM, Su 10:30AM-10PM","checkin":null,"checkout":null,"image":null,"price":"$11 and up","content":"A good seafood restaurant that also serves other fare such as pastas and steaks. The restaurant is perched atop Ghirardelli Square and has magnificent views of the bay, as well as a spacious and airy feel inside.","geo":{"lat":37.8062,"lon":-122.4228,"accuracy":"APPROXIMATE"},"activity":"eat","type":"landmark","id":25645,"country":"United States","city":"San Francisco","state":"California"}