{"title":"Malibu","name":"Malibu International Film Festival","alt":null,"address":"3939 Cross Creek Rd","directions":"Malibu Lumber Yard","phone":null,"tollfree":null,"email":null,"fax":null,"url":"http://www.malibufilmfestival.org/","hours":null,"checkin":null,"checkout":null,"image":null,"price":null,"content":"This film festival is a one-day event established in 1997, showcasing American and International independent films.","geo":{"lat":34.03589,"lon":-118.68547,"accuracy":"RANGE_INTERPOLATED"},"activity":"do","type":"landmark","id":17298,"country":"United States","city":"Malibu","state":"California"}