{"title":"Buckingham","name":"Buckingham Old Gaol","alt":null,"address":"Market Hill, MK18 1JX","directions":null,"phone":"+44 1280 823020","tollfree":null,"email":null,"fax":null,"url":"http://www.buckinghamoldgaol.org.uk/bookshop","hours":"Monday to Saturday 10:00 to 16:00","checkin":null,"checkout":null,"image":null,"price":null,"content":"Local interest books, Flora Thompson related titles, maps and guides.","geo":{"lat":52.0009,"lon":-0.9865},"activity":"buy","type":"landmark","id":34878,"country":"United Kingdom","city":"Buckingham","state":"England"}