{"title":"Wales Coast Path","name":"Beaumaris Pier","alt":null,"address":null,"directions":null,"phone":null,"tollfree":null,"email":null,"fax":null,"url":null,"hours":null,"checkin":null,"checkout":null,"image":"https://en.wikivoyage.org/wiki/File:Beaumaris Pier - geograph.org.uk - 693339.jpg","price":null,"content":"length 170 m Opened 1846","geo":{"lat":53.261324,"lon":-4.090158,"accuracy":"APPROXIMATE"},"activity":"see","type":"landmark","id":40021,"country":"United Kingdom","city":"Beaumaris","state":null,"image_direct_url":"https://upload.wikimedia.org/wikipedia/commons/b/b1/Beaumaris_Pier_-_geograph.org.uk_-_693339.jpg"}