{"title":"Tenby","name":"Celtic Haven Resort & Spa","alt":"Celtic Haven Cottages","address":"Lydstep, near Tenby","directions":"Located on the A4139 between Tenby and Manorbier","phone":"+44 1834 870000","tollfree":null,"email":"welcome@celtichaven.co.uk","fax":null,"url":"http://www.celtichaven.co.uk/","hours":null,"checkin":null,"checkout":null,"image":null,"price":"From £25 pp pn","content":"Celtic Haven is a family-run holiday cottage resort on the picturesque Pembrokeshire cliff tops near Tenby. Many of the pretty whitewashed cottages date right back to the 12th Century and on-site facilities include an Elemis spa, Waves cliff-top restaurant, a headland golf course and leisure club with an indoor pool. The Pembrokeshire Coast Path is a short stroll away and many of the cottages are pet friendly.","geo":{"lat":51.6509,"lon":-4.7663},"activity":"sleep","type":"landmark","id":30018,"country":"United Kingdom","city":null,"state":"Wales"}