{"title":"San Francisco/The Avenues","name":"Schubert's Bakery","alt":null,"address":"521 Clement Street","directions":"at 7th Ave","phone":"+1 415 752-1580","tollfree":null,"email":null,"fax":null,"url":"http://www.schuberts-bakery.com","hours":"M-Sa 7AM-6PM, Su 9AM-5PM","checkin":null,"checkout":null,"image":null,"price":null,"content":"Cakes, pastries, cookies, and more; first opened in 1911 by a German immigrant.","geo":{"lat":37.7828,"lon":-122.4649,"accuracy":"RANGE_INTERPOLATED"},"activity":"eat","type":"landmark","id":26112,"country":"United States","city":"San Francisco","state":"California"}