{"title":"San Francisco/Civic Center-Tenderloin","name":"Shalimar","alt":null,"address":"532 Jones St","directions":"between O'Farrell St and Geary St","phone":"+1 415 928-0333","tollfree":null,"email":"hammadje@aol.com","fax":null,"url":"http://www.shalimarsf.com","hours":"noon-midnight daily","checkin":null,"checkout":null,"image":null,"price":"$3-$10","content":"Northern Indian/Pakistani food, they have a tandoor (clay oven) which means excellent ''naan'' (flat breads) and ''murgh boti'' (barbecue chicken). The curries and rice pilaf are also worth checking out for their unique combination of spices.","geo":{"lat":37.7862,"lon":-122.4129},"activity":"eat","type":"landmark","id":25551,"country":"United States","city":"San Francisco","state":"California"}