{"title":"Agoura Hills","name":"Italia Deli","alt":null,"address":"5657 Kanan Road, Agoura Hills, CA 91301","directions":null,"phone":"+1 818 991-4838","tollfree":null,"email":null,"fax":null,"url":"http://www.italiadeli.com/","hours":null,"checkin":null,"checkout":null,"image":null,"price":null,"content":"Cute Italian deli in the city's commercial center. Cheap, but quality, fare.","geo":{"lat":34.152683,"lon":-118.75887},"activity":"eat","type":"landmark","id":97,"country":"United States","city":null,"state":"California"}