{"title":"London/Hammersmith and Fulham","name":"Gandhi's Student Accommodation","alt":null,"address":"20 Baron's Court Road, W14 9DT","directions":"tube: West Kensington","phone":null,"tollfree":null,"email":null,"fax":null,"url":null,"hours":null,"checkin":null,"checkout":null,"image":null,"price":null,"content":"A blue plaque marks to house where Mahatma Gandhi lived as a law student. | image=","geo":{"lat":51.4898,"lon":-0.2086},"activity":"see","type":"landmark","id":16135,"country":"United Kingdom","city":"London","state":"England"}