{"title":"Peterborough","name":"Peterborough Cathedral","alt":null,"address":"PE1 1XS","directions":null,"phone":"+44 1733 355300","tollfree":null,"email":null,"fax":null,"url":"http://www.peterborough-cathedral.org.uk/","hours":"Open M-F 9AM-6.30PM, Sa 9AM-5PM, Su 7.30AM-5PM","checkin":null,"checkout":null,"image":null,"price":null,"content":"NB: access may be limited during services, no set admission fee, but donations appreciated (£3.50 suggested). Originally founded as an abbey in 665, the present building was started in 1118 and completed in 1238. Highlights of the Cathedral include the West Front with its unique English Gothic Portico, the original 13th century painted nave ceiling (the only English example and one of only four in Europe!), the burials of Katharine of Aragon (1st wife from six of Henry VIII) and of Mary Queen of Scots, the fan vaulting of the New Building Ceiling, the Hedda Stone (an 8th Century Saxon carving from the original church) and St Oswald's Chapel with its original 12th century watchtower.","geo":{"lat":52.57262,"lon":-0.240712,"accuracy":"ROOFTOP"},"activity":"see","type":"landmark","id":22213,"country":"United Kingdom","city":"Peterborough","state":null}