{"title":"San Francisco/Mission","name":"826 Valencia","alt":"The Pirate Store","address":"826 Valencia St","directions":null,"phone":"+1 415 642-5905","tollfree":null,"email":null,"fax":null,"url":"http://826valencia.org/","hours":"Noon-6PM daily","checkin":null,"checkout":null,"image":null,"price":null,"content":"The majority of this space is dedicated to children's writing workshops. The front, however, is a cheeky store selling all things pirate. Not to be missed. Founded by McSweeney's Dave Eggers.","geo":{"lat":37.7595,"lon":-122.4216},"activity":"buy","type":"landmark","id":25874,"country":"United States","city":"San Francisco","state":"California"}