{"title":"Downpatrick","name":"Downpatrick Racecourse","alt":null,"address":"24 Ballydugan Road, Downpatrick","directions":null,"phone":"+44 28 4461-2054","tollfree":null,"email":"info@downpatrickracecourse.co.uk","fax":null,"url":"http://www.downpatrickracecourse.co.uk/","hours":null,"checkin":null,"checkout":null,"image":null,"price":null,"content":"Regular race meetings","geo":{"lat":54.3178,"lon":-5.7277,"accuracy":"APPROXIMATE"},"activity":"do","type":"landmark","id":37287,"country":"United Kingdom","city":"County Down","state":null}