{"title":"Epernay","name":"Chateau Les Aulnois","alt":"Table d'Hotes","address":"61, Rue du Général de Gaulle, Pierry","directions":null,"phone":"+333-26-54-27-23","tollfree":null,"email":null,"fax":null,"url":"http://www.ila-chateau.com/aulnois/","hours":null,"checkin":null,"checkout":null,"image":null,"price":"from €150","content":"Recently refurbished chateau & former champagne house, now a small luxury hotel with gourmet food.","geo":{"lat":49.01893,"lon":3.938652},"activity":"sleep","type":"landmark","id":8962,"country":"France","city":"Pierry","state":"Champagne-Ardenne"}