{"title":"Marina del Rey","name":"Glow","alt":null,"address":"4100 Admiralty Way","directions":null,"phone":null,"tollfree":null,"email":null,"fax":null,"url":"http://www.glow-bar.com/","hours":null,"checkin":null,"checkout":null,"image":null,"price":null,"content":"Located inside the Marina del Rey Marriott, Glow is a uniquely designed outdoor lounge surrounded by a special blend of water and fire elements, infused with a hip an eclectic vibe. Glow is rated one of the top ten hotel lounges in the US.","geo":{"lat":33.98191,"lon":-118.45983,"accuracy":"RANGE_INTERPOLATED"},"activity":"drink","type":"landmark","id":17593,"country":"United States","city":"Marina del Rey","state":"California"}