{"title":"Santa Monica","name":"Georgian Hotel","alt":null,"address":"1415 Ocean Ave","directions":null,"phone":"+1 310 395-9945","tollfree":"+1-800-538-8147","email":null,"fax":null,"url":"http://www.georgianhotel.com","hours":null,"checkin":null,"checkout":null,"image":null,"price":"$200-400","content":"The Georgian Hotel is an Art Deco classic that dates back to the 1920s.  Located right on Ocean Avenue and in the heart of downtown Santa Monica, it is in the thick of the action.  Rooms are smaller and prices are not cheap, but it is a great place to stay.","geo":{"lat":34.01388,"lon":-118.49733},"activity":"sleep","type":"landmark","id":26499,"country":"United States","city":"Santa Monica","state":"California"}