{"id":50340,"type":"route","airline":"SN","airlineid":"airline_1531","sourceairport":"LHR","destinationairport":"BRU","stops":0,"equipment":"319 AR1","schedule":[{"day":0,"utc":"15:03:00","flight":"SN484"},{"day":0,"utc":"22:36:00","flight":"SN622"},{"day":0,"utc":"22:51:00","flight":"SN162"},{"day":0,"utc":"04:45:00","flight":"SN184"},{"day":1,"utc":"23:40:00","flight":"SN184"},{"day":1,"utc":"00:39:00","flight":"SN468"},{"day":2,"utc":"14:17:00","flight":"SN654"},{"day":2,"utc":"02:19:00","flight":"SN411"},{"day":2,"utc":"21:41:00","flight":"SN255"},{"day":2,"utc":"16:45:00","flight":"SN378"},{"day":2,"utc":"19:27:00","flight":"SN806"},{"day":3,"utc":"22:19:00","flight":"SN169"},{"day":3,"utc":"23:55:00","flight":"SN497"},{"day":3,"utc":"13:41:00","flight":"SN268"},{"day":3,"utc":"11:17:00","flight":"SN527"},{"day":3,"utc":"11:29:00","flight":"SN880"},{"day":4,"utc":"12:11:00","flight":"SN388"},{"day":4,"utc":"21:39:00","flight":"SN283"},{"day":4,"utc":"23:18:00","flight":"SN809"},{"day":4,"utc":"03:08:00","flight":"SN616"},{"day":5,"utc":"20:11:00","flight":"SN831"},{"day":5,"utc":"08:48:00","flight":"SN896"},{"day":6,"utc":"07:12:00","flight":"SN681"},{"day":6,"utc":"18:35:00","flight":"SN693"},{"day":6,"utc":"00:56:00","flight":"SN936"}]}