{"id":59340,"type":"route","airline":"US","airlineid":"airline_5265","sourceairport":"HNL","destinationairport":"KOA","stops":0,"equipment":"717","schedule":[{"day":0,"utc":"10:45:00","flight":"US993"},{"day":0,"utc":"05:48:00","flight":"US484"},{"day":0,"utc":"16:51:00","flight":"US547"},{"day":0,"utc":"15:35:00","flight":"US190"},{"day":0,"utc":"14:21:00","flight":"US037"},{"day":1,"utc":"21:14:00","flight":"US049"},{"day":1,"utc":"21:52:00","flight":"US332"},{"day":1,"utc":"19:09:00","flight":"US593"},{"day":1,"utc":"05:53:00","flight":"US003"},{"day":1,"utc":"08:30:00","flight":"US588"},{"day":2,"utc":"00:02:00","flight":"US986"},{"day":2,"utc":"08:06:00","flight":"US764"},{"day":2,"utc":"02:06:00","flight":"US470"},{"day":2,"utc":"06:00:00","flight":"US811"},{"day":2,"utc":"06:06:00","flight":"US466"},{"day":3,"utc":"09:47:00","flight":"US039"},{"day":3,"utc":"06:48:00","flight":"US783"},{"day":3,"utc":"11:07:00","flight":"US381"},{"day":4,"utc":"21:54:00","flight":"US836"},{"day":4,"utc":"10:52:00","flight":"US852"},{"day":5,"utc":"06:33:00","flight":"US086"},{"day":5,"utc":"00:42:00","flight":"US116"},{"day":6,"utc":"07:21:00","flight":"US052"},{"day":6,"utc":"00:29:00","flight":"US223"},{"day":6,"utc":"00:41:00","flight":"US377"},{"day":6,"utc":"06:15:00","flight":"US690"}]}