{"id":60086,"type":"route","airline":"US","airlineid":"airline_5265","sourceairport":"PHL","destinationairport":"MIA","stops":0,"equipment":"738 321 752 320","schedule":[{"day":0,"utc":"14:15:00","flight":"US801"},{"day":0,"utc":"11:08:00","flight":"US095"},{"day":0,"utc":"19:14:00","flight":"US429"},{"day":0,"utc":"08:41:00","flight":"US062"},{"day":1,"utc":"13:28:00","flight":"US444"},{"day":1,"utc":"09:21:00","flight":"US848"},{"day":1,"utc":"04:39:00","flight":"US757"},{"day":1,"utc":"20:06:00","flight":"US619"},{"day":2,"utc":"23:34:00","flight":"US725"},{"day":2,"utc":"03:42:00","flight":"US179"},{"day":2,"utc":"22:54:00","flight":"US576"},{"day":2,"utc":"16:54:00","flight":"US444"},{"day":3,"utc":"01:58:00","flight":"US019"},{"day":3,"utc":"22:49:00","flight":"US364"},{"day":3,"utc":"03:21:00","flight":"US067"},{"day":3,"utc":"03:49:00","flight":"US148"},{"day":3,"utc":"08:07:00","flight":"US383"},{"day":4,"utc":"14:47:00","flight":"US451"},{"day":4,"utc":"03:33:00","flight":"US385"},{"day":4,"utc":"02:12:00","flight":"US946"},{"day":5,"utc":"00:07:00","flight":"US532"},{"day":6,"utc":"05:05:00","flight":"US225"},{"day":6,"utc":"11:03:00","flight":"US575"}]}