{"id":51085,"type":"route","airline":"SU","airlineid":"airline_130","sourceairport":"SVO","destinationairport":"IAD","stops":0,"equipment":"763","schedule":[{"day":0,"utc":"23:05:00","flight":"SU307"},{"day":0,"utc":"14:22:00","flight":"SU162"},{"day":1,"utc":"19:55:00","flight":"SU066"},{"day":1,"utc":"22:11:00","flight":"SU211"},{"day":2,"utc":"03:17:00","flight":"SU131"},{"day":2,"utc":"12:14:00","flight":"SU760"},{"day":2,"utc":"00:47:00","flight":"SU844"},{"day":2,"utc":"03:31:00","flight":"SU996"},{"day":2,"utc":"14:26:00","flight":"SU874"},{"day":3,"utc":"19:52:00","flight":"SU919"},{"day":3,"utc":"13:28:00","flight":"SU502"},{"day":3,"utc":"06:35:00","flight":"SU042"},{"day":3,"utc":"07:54:00","flight":"SU780"},{"day":3,"utc":"05:35:00","flight":"SU112"},{"day":4,"utc":"20:41:00","flight":"SU012"},{"day":5,"utc":"22:26:00","flight":"SU304"},{"day":5,"utc":"18:31:00","flight":"SU963"},{"day":5,"utc":"17:12:00","flight":"SU845"},{"day":5,"utc":"19:33:00","flight":"SU262"},{"day":6,"utc":"16:34:00","flight":"SU949"},{"day":6,"utc":"11:44:00","flight":"SU987"},{"day":6,"utc":"00:50:00","flight":"SU692"}],"distance":7811.570491067666}