{"id":61772,"type":"route","airline":"VS","airlineid":"airline_5347","sourceairport":"LHR","destinationairport":"HKG","stops":0,"equipment":"346","schedule":[{"day":0,"utc":"17:27:00","flight":"VS111"},{"day":0,"utc":"17:29:00","flight":"VS822"},{"day":0,"utc":"07:46:00","flight":"VS036"},{"day":0,"utc":"19:09:00","flight":"VS208"},{"day":0,"utc":"12:06:00","flight":"VS125"},{"day":1,"utc":"04:56:00","flight":"VS316"},{"day":1,"utc":"03:01:00","flight":"VS301"},{"day":1,"utc":"19:02:00","flight":"VS668"},{"day":1,"utc":"22:56:00","flight":"VS176"},{"day":2,"utc":"23:00:00","flight":"VS431"},{"day":3,"utc":"08:55:00","flight":"VS591"},{"day":4,"utc":"19:37:00","flight":"VS473"},{"day":4,"utc":"04:51:00","flight":"VS098"},{"day":4,"utc":"05:15:00","flight":"VS698"},{"day":4,"utc":"02:12:00","flight":"VS857"},{"day":5,"utc":"02:00:00","flight":"VS554"},{"day":5,"utc":"20:15:00","flight":"VS310"},{"day":6,"utc":"17:45:00","flight":"VS655"},{"day":6,"utc":"07:44:00","flight":"VS987"},{"day":6,"utc":"01:48:00","flight":"VS967"}]}