{"id":60399,"type":"route","airline":"US","airlineid":"airline_5265","sourceairport":"SLC","destinationairport":"LAX","stops":0,"equipment":"CR7","schedule":[{"day":0,"utc":"11:58:00","flight":"US067"},{"day":0,"utc":"09:07:00","flight":"US529"},{"day":0,"utc":"17:15:00","flight":"US568"},{"day":0,"utc":"05:09:00","flight":"US227"},{"day":1,"utc":"17:22:00","flight":"US074"},{"day":1,"utc":"18:05:00","flight":"US687"},{"day":1,"utc":"10:41:00","flight":"US093"},{"day":1,"utc":"07:11:00","flight":"US706"},{"day":2,"utc":"21:12:00","flight":"US666"},{"day":2,"utc":"12:34:00","flight":"US528"},{"day":2,"utc":"19:25:00","flight":"US764"},{"day":2,"utc":"09:09:00","flight":"US629"},{"day":2,"utc":"09:02:00","flight":"US632"},{"day":3,"utc":"17:28:00","flight":"US453"},{"day":3,"utc":"01:33:00","flight":"US629"},{"day":3,"utc":"02:06:00","flight":"US975"},{"day":4,"utc":"07:27:00","flight":"US271"},{"day":4,"utc":"23:30:00","flight":"US615"},{"day":4,"utc":"04:28:00","flight":"US210"},{"day":4,"utc":"09:20:00","flight":"US590"},{"day":4,"utc":"20:47:00","flight":"US203"},{"day":5,"utc":"06:42:00","flight":"US507"},{"day":6,"utc":"22:21:00","flight":"US093"},{"day":6,"utc":"18:24:00","flight":"US581"}]}