{"id":63887,"type":"route","airline":"WN","airlineid":"airline_4547","sourceairport":"IND","destinationairport":"DEN","stops":0,"equipment":"733 73C 73W","schedule":[{"day":0,"utc":"11:33:00","flight":"WN531"},{"day":0,"utc":"12:28:00","flight":"WN714"},{"day":0,"utc":"16:41:00","flight":"WN408"},{"day":0,"utc":"16:24:00","flight":"WN941"},{"day":0,"utc":"06:37:00","flight":"WN863"},{"day":1,"utc":"21:48:00","flight":"WN792"},{"day":1,"utc":"22:37:00","flight":"WN153"},{"day":1,"utc":"13:00:00","flight":"WN396"},{"day":1,"utc":"06:55:00","flight":"WN335"},{"day":2,"utc":"17:59:00","flight":"WN300"},{"day":3,"utc":"02:06:00","flight":"WN202"},{"day":3,"utc":"05:23:00","flight":"WN869"},{"day":3,"utc":"12:35:00","flight":"WN810"},{"day":3,"utc":"00:49:00","flight":"WN434"},{"day":4,"utc":"08:32:00","flight":"WN724"},{"day":4,"utc":"13:16:00","flight":"WN768"},{"day":4,"utc":"00:07:00","flight":"WN003"},{"day":4,"utc":"16:18:00","flight":"WN421"},{"day":5,"utc":"22:07:00","flight":"WN140"},{"day":5,"utc":"15:39:00","flight":"WN636"},{"day":5,"utc":"05:45:00","flight":"WN666"},{"day":5,"utc":"20:44:00","flight":"WN799"},{"day":6,"utc":"11:41:00","flight":"WN633"},{"day":6,"utc":"06:34:00","flight":"WN307"},{"day":6,"utc":"11:09:00","flight":"WN820"},{"day":6,"utc":"21:23:00","flight":"WN191"},{"day":6,"utc":"22:33:00","flight":"WN590"}],"distance":1567.6343609681114}