{"id":5842,"type":"route","airline":"AA","airlineid":"airline_24","sourceairport":"LHR","destinationairport":"GVA","stops":0,"equipment":"319 320 321","schedule":[{"day":0,"utc":"05:36:00","flight":"AA484"},{"day":0,"utc":"00:43:00","flight":"AA374"},{"day":0,"utc":"21:47:00","flight":"AA751"},{"day":0,"utc":"23:37:00","flight":"AA018"},{"day":0,"utc":"08:12:00","flight":"AA549"},{"day":1,"utc":"15:12:00","flight":"AA275"},{"day":1,"utc":"21:06:00","flight":"AA878"},{"day":1,"utc":"01:31:00","flight":"AA729"},{"day":1,"utc":"13:28:00","flight":"AA609"},{"day":2,"utc":"14:33:00","flight":"AA263"},{"day":2,"utc":"03:20:00","flight":"AA869"},{"day":2,"utc":"07:44:00","flight":"AA606"},{"day":2,"utc":"19:32:00","flight":"AA656"},{"day":3,"utc":"03:43:00","flight":"AA821"},{"day":3,"utc":"16:29:00","flight":"AA896"},{"day":3,"utc":"16:06:00","flight":"AA352"},{"day":4,"utc":"07:00:00","flight":"AA706"},{"day":5,"utc":"19:37:00","flight":"AA320"},{"day":5,"utc":"15:12:00","flight":"AA048"},{"day":6,"utc":"03:59:00","flight":"AA373"},{"day":6,"utc":"21:47:00","flight":"AA838"},{"day":6,"utc":"07:49:00","flight":"AA780"},{"day":6,"utc":"19:23:00","flight":"AA438"},{"day":6,"utc":"19:11:00","flight":"AA474"}],"distance":754.6741862642225}