{"id":27006,"type":"route","airline":"FR","airlineid":"airline_4296","sourceairport":"IBZ","destinationairport":"PIK","stops":0,"equipment":"738","schedule":[{"day":0,"utc":"10:34:00","flight":"FR575"},{"day":0,"utc":"02:11:00","flight":"FR427"},{"day":1,"utc":"03:58:00","flight":"FR931"},{"day":2,"utc":"02:02:00","flight":"FR127"},{"day":2,"utc":"03:12:00","flight":"FR625"},{"day":3,"utc":"14:38:00","flight":"FR646"},{"day":3,"utc":"15:57:00","flight":"FR650"},{"day":3,"utc":"01:32:00","flight":"FR932"},{"day":3,"utc":"09:32:00","flight":"FR946"},{"day":3,"utc":"07:37:00","flight":"FR841"},{"day":4,"utc":"07:47:00","flight":"FR519"},{"day":5,"utc":"21:02:00","flight":"FR065"},{"day":5,"utc":"10:03:00","flight":"FR881"},{"day":5,"utc":"03:30:00","flight":"FR156"},{"day":6,"utc":"15:21:00","flight":"FR276"},{"day":6,"utc":"01:09:00","flight":"FR795"},{"day":6,"utc":"19:21:00","flight":"FR262"}],"distance":1902.2114786708205}