{"id":60054,"type":"route","airline":"US","airlineid":"airline_5265","sourceairport":"PHL","destinationairport":"DUB","stops":0,"equipment":"332","schedule":[{"day":0,"utc":"13:31:00","flight":"US246"},{"day":0,"utc":"19:30:00","flight":"US239"},{"day":1,"utc":"10:22:00","flight":"US725"},{"day":1,"utc":"14:13:00","flight":"US227"},{"day":1,"utc":"14:43:00","flight":"US455"},{"day":1,"utc":"04:17:00","flight":"US451"},{"day":1,"utc":"18:49:00","flight":"US375"},{"day":2,"utc":"14:52:00","flight":"US293"},{"day":2,"utc":"14:27:00","flight":"US526"},{"day":2,"utc":"11:12:00","flight":"US883"},{"day":3,"utc":"05:35:00","flight":"US122"},{"day":3,"utc":"00:24:00","flight":"US765"},{"day":3,"utc":"12:32:00","flight":"US418"},{"day":4,"utc":"08:01:00","flight":"US681"},{"day":5,"utc":"04:14:00","flight":"US518"},{"day":5,"utc":"04:16:00","flight":"US935"},{"day":5,"utc":"20:25:00","flight":"US387"},{"day":6,"utc":"00:45:00","flight":"US141"},{"day":6,"utc":"12:23:00","flight":"US925"},{"day":6,"utc":"01:18:00","flight":"US895"},{"day":6,"utc":"22:22:00","flight":"US072"},{"day":6,"utc":"20:49:00","flight":"US325"}]}