{"id":21186,"type":"route","airline":"DL","airlineid":"airline_2009","sourceairport":"LOS","destinationairport":"ATL","stops":0,"equipment":"76W","schedule":[{"day":0,"utc":"05:56:00","flight":"DL183"},{"day":0,"utc":"11:05:00","flight":"DL281"},{"day":1,"utc":"23:52:00","flight":"DL662"},{"day":1,"utc":"12:47:00","flight":"DL996"},{"day":1,"utc":"00:34:00","flight":"DL668"},{"day":1,"utc":"16:05:00","flight":"DL102"},{"day":2,"utc":"21:07:00","flight":"DL768"},{"day":2,"utc":"04:24:00","flight":"DL610"},{"day":2,"utc":"02:40:00","flight":"DL345"},{"day":2,"utc":"03:50:00","flight":"DL561"},{"day":3,"utc":"16:22:00","flight":"DL911"},{"day":4,"utc":"10:06:00","flight":"DL823"},{"day":4,"utc":"23:07:00","flight":"DL520"},{"day":4,"utc":"19:41:00","flight":"DL071"},{"day":5,"utc":"10:36:00","flight":"DL555"},{"day":6,"utc":"09:59:00","flight":"DL777"},{"day":6,"utc":"15:23:00","flight":"DL160"}],"distance":9395.4211142429}