{"id":11697,"type":"route","airline":"AS","airlineid":"airline_439","sourceairport":"LAX","destinationairport":"ATL","stops":0,"equipment":"763 757 73H 76W","schedule":[{"day":0,"utc":"23:29:00","flight":"AS263"},{"day":0,"utc":"14:33:00","flight":"AS200"},{"day":0,"utc":"11:13:00","flight":"AS060"},{"day":0,"utc":"19:48:00","flight":"AS711"},{"day":1,"utc":"04:54:00","flight":"AS730"},{"day":2,"utc":"05:25:00","flight":"AS939"},{"day":2,"utc":"06:29:00","flight":"AS739"},{"day":3,"utc":"09:46:00","flight":"AS170"},{"day":3,"utc":"06:20:00","flight":"AS159"},{"day":4,"utc":"14:52:00","flight":"AS547"},{"day":4,"utc":"16:02:00","flight":"AS627"},{"day":4,"utc":"10:19:00","flight":"AS510"},{"day":4,"utc":"09:45:00","flight":"AS753"},{"day":4,"utc":"08:56:00","flight":"AS646"},{"day":5,"utc":"18:06:00","flight":"AS159"},{"day":5,"utc":"18:15:00","flight":"AS023"},{"day":5,"utc":"15:25:00","flight":"AS647"},{"day":5,"utc":"13:45:00","flight":"AS372"},{"day":6,"utc":"03:37:00","flight":"AS266"},{"day":6,"utc":"05:43:00","flight":"AS219"}],"distance":3125.7857343586393}