{"id":24497,"type":"route","airline":"F9","airlineid":"airline_2468","sourceairport":"PVR","destinationairport":"STL","stops":0,"equipment":"319","schedule":[{"day":0,"utc":"01:13:00","flight":"F9302"},{"day":0,"utc":"12:17:00","flight":"F9640"},{"day":0,"utc":"05:17:00","flight":"F9019"},{"day":0,"utc":"22:25:00","flight":"F9626"},{"day":1,"utc":"02:26:00","flight":"F9909"},{"day":2,"utc":"20:25:00","flight":"F9408"},{"day":2,"utc":"11:20:00","flight":"F9548"},{"day":2,"utc":"20:13:00","flight":"F9374"},{"day":2,"utc":"15:25:00","flight":"F9638"},{"day":2,"utc":"05:13:00","flight":"F9741"},{"day":3,"utc":"23:50:00","flight":"F9807"},{"day":3,"utc":"23:44:00","flight":"F9233"},{"day":3,"utc":"12:09:00","flight":"F9557"},{"day":3,"utc":"09:29:00","flight":"F9717"},{"day":3,"utc":"05:45:00","flight":"F9574"},{"day":4,"utc":"23:50:00","flight":"F9493"},{"day":5,"utc":"09:37:00","flight":"F9424"},{"day":5,"utc":"01:46:00","flight":"F9883"},{"day":5,"utc":"08:33:00","flight":"F9691"},{"day":5,"utc":"04:11:00","flight":"F9859"},{"day":6,"utc":"20:44:00","flight":"F9956"}]}