{"id":13346,"type":"route","airline":"AZ","airlineid":"airline_596","sourceairport":"FCO","destinationairport":"SXB","stops":0,"equipment":"ER4 CR7","schedule":[{"day":0,"utc":"11:14:00","flight":"AZ882"},{"day":0,"utc":"19:32:00","flight":"AZ337"},{"day":0,"utc":"16:20:00","flight":"AZ150"},{"day":0,"utc":"02:51:00","flight":"AZ951"},{"day":0,"utc":"07:32:00","flight":"AZ298"},{"day":1,"utc":"06:40:00","flight":"AZ049"},{"day":1,"utc":"04:33:00","flight":"AZ277"},{"day":2,"utc":"10:50:00","flight":"AZ045"},{"day":2,"utc":"00:30:00","flight":"AZ330"},{"day":2,"utc":"12:53:00","flight":"AZ101"},{"day":2,"utc":"16:22:00","flight":"AZ616"},{"day":2,"utc":"11:16:00","flight":"AZ755"},{"day":3,"utc":"11:45:00","flight":"AZ149"},{"day":3,"utc":"07:28:00","flight":"AZ579"},{"day":3,"utc":"17:09:00","flight":"AZ232"},{"day":3,"utc":"13:56:00","flight":"AZ818"},{"day":4,"utc":"02:49:00","flight":"AZ732"},{"day":4,"utc":"13:48:00","flight":"AZ571"},{"day":4,"utc":"23:34:00","flight":"AZ026"},{"day":5,"utc":"06:21:00","flight":"AZ230"},{"day":5,"utc":"10:08:00","flight":"AZ489"},{"day":5,"utc":"22:24:00","flight":"AZ077"},{"day":5,"utc":"23:07:00","flight":"AZ487"},{"day":5,"utc":"23:23:00","flight":"AZ865"},{"day":6,"utc":"09:30:00","flight":"AZ308"},{"day":6,"utc":"03:29:00","flight":"AZ882"}],"distance":831.456320372606}