{"id":5425,"type":"route","airline":"AA","airlineid":"airline_24","sourceairport":"FDF","destinationairport":"MIA","stops":0,"equipment":"738","schedule":[{"day":0,"utc":"17:06:00","flight":"AA635"},{"day":1,"utc":"12:41:00","flight":"AA995"},{"day":1,"utc":"14:54:00","flight":"AA194"},{"day":1,"utc":"19:59:00","flight":"AA855"},{"day":1,"utc":"22:16:00","flight":"AA934"},{"day":2,"utc":"04:35:00","flight":"AA524"},{"day":3,"utc":"10:22:00","flight":"AA864"},{"day":4,"utc":"16:09:00","flight":"AA677"},{"day":4,"utc":"11:36:00","flight":"AA761"},{"day":5,"utc":"09:10:00","flight":"AA553"},{"day":6,"utc":"14:06:00","flight":"AA795"}],"distance":2362.274135503183}