{"id":56052,"type":"route","airline":"UA","airlineid":"airline_5209","sourceairport":"CUN","destinationairport":"SFO","stops":0,"equipment":"739","schedule":[{"day":0,"utc":"00:23:00","flight":"UA438"},{"day":0,"utc":"15:32:00","flight":"UA775"},{"day":1,"utc":"03:37:00","flight":"UA830"},{"day":1,"utc":"14:27:00","flight":"UA241"},{"day":1,"utc":"17:47:00","flight":"UA430"},{"day":1,"utc":"06:26:00","flight":"UA689"},{"day":1,"utc":"12:10:00","flight":"UA524"},{"day":2,"utc":"23:43:00","flight":"UA341"},{"day":2,"utc":"00:28:00","flight":"UA810"},{"day":2,"utc":"18:12:00","flight":"UA718"},{"day":2,"utc":"11:27:00","flight":"UA591"},{"day":2,"utc":"14:29:00","flight":"UA069"},{"day":3,"utc":"04:27:00","flight":"UA584"},{"day":3,"utc":"13:19:00","flight":"UA229"},{"day":3,"utc":"02:35:00","flight":"UA953"},{"day":3,"utc":"02:45:00","flight":"UA702"},{"day":4,"utc":"23:36:00","flight":"UA984"},{"day":4,"utc":"07:18:00","flight":"UA099"},{"day":4,"utc":"13:14:00","flight":"UA531"},{"day":4,"utc":"01:10:00","flight":"UA041"},{"day":4,"utc":"19:46:00","flight":"UA517"},{"day":5,"utc":"16:03:00","flight":"UA914"},{"day":5,"utc":"16:46:00","flight":"UA354"},{"day":5,"utc":"04:17:00","flight":"UA378"},{"day":5,"utc":"10:57:00","flight":"UA489"},{"day":5,"utc":"15:01:00","flight":"UA200"},{"day":6,"utc":"18:01:00","flight":"UA660"},{"day":6,"utc":"21:02:00","flight":"UA255"},{"day":6,"utc":"07:30:00","flight":"UA758"},{"day":6,"utc":"07:15:00","flight":"UA455"},{"day":6,"utc":"08:37:00","flight":"UA266"}]}