{"id":9481,"type":"route","airline":"AF","airlineid":"airline_137","sourceairport":"DTW","destinationairport":"MSY","stops":0,"equipment":"319","schedule":[{"day":0,"utc":"03:50:00","flight":"AF560"},{"day":0,"utc":"04:43:00","flight":"AF156"},{"day":0,"utc":"10:31:00","flight":"AF952"},{"day":0,"utc":"16:30:00","flight":"AF002"},{"day":1,"utc":"12:26:00","flight":"AF418"},{"day":1,"utc":"17:16:00","flight":"AF255"},{"day":1,"utc":"03:19:00","flight":"AF095"},{"day":1,"utc":"21:32:00","flight":"AF146"},{"day":1,"utc":"23:55:00","flight":"AF260"},{"day":2,"utc":"17:38:00","flight":"AF731"},{"day":3,"utc":"12:13:00","flight":"AF377"},{"day":3,"utc":"12:07:00","flight":"AF755"},{"day":4,"utc":"01:56:00","flight":"AF555"},{"day":4,"utc":"20:45:00","flight":"AF372"},{"day":4,"utc":"21:00:00","flight":"AF443"},{"day":4,"utc":"06:26:00","flight":"AF140"},{"day":5,"utc":"20:49:00","flight":"AF990"},{"day":5,"utc":"09:33:00","flight":"AF854"},{"day":5,"utc":"11:57:00","flight":"AF794"},{"day":5,"utc":"02:10:00","flight":"AF599"},{"day":6,"utc":"02:18:00","flight":"AF554"},{"day":6,"utc":"16:56:00","flight":"AF900"},{"day":6,"utc":"20:45:00","flight":"AF903"},{"day":6,"utc":"06:00:00","flight":"AF348"},{"day":6,"utc":"04:08:00","flight":"AF083"}],"distance":1492.2789586334573}