{"id":8196,"type":"route","airline":"AC","airlineid":"airline_330","sourceairport":"YUL","destinationairport":"CDG","stops":0,"equipment":"77W","schedule":[{"day":0,"utc":"19:31:00","flight":"AC534"},{"day":0,"utc":"18:08:00","flight":"AC130"},{"day":0,"utc":"14:31:00","flight":"AC794"},{"day":0,"utc":"04:03:00","flight":"AC970"},{"day":0,"utc":"20:41:00","flight":"AC460"},{"day":1,"utc":"12:22:00","flight":"AC887"},{"day":1,"utc":"12:38:00","flight":"AC455"},{"day":2,"utc":"07:47:00","flight":"AC332"},{"day":2,"utc":"13:30:00","flight":"AC609"},{"day":2,"utc":"05:04:00","flight":"AC506"},{"day":2,"utc":"11:44:00","flight":"AC165"},{"day":3,"utc":"03:02:00","flight":"AC030"},{"day":4,"utc":"10:23:00","flight":"AC410"},{"day":4,"utc":"22:58:00","flight":"AC299"},{"day":4,"utc":"17:27:00","flight":"AC233"},{"day":5,"utc":"13:20:00","flight":"AC902"},{"day":5,"utc":"14:01:00","flight":"AC018"},{"day":6,"utc":"19:30:00","flight":"AC977"},{"day":6,"utc":"16:12:00","flight":"AC652"},{"day":6,"utc":"05:26:00","flight":"AC954"},{"day":6,"utc":"11:12:00","flight":"AC282"},{"day":6,"utc":"11:10:00","flight":"AC714"}]}