{"id":14062,"type":"route","airline":"B6","airlineid":"airline_3029","sourceairport":"JFK","destinationairport":"CUN","stops":0,"equipment":"320","schedule":[{"day":0,"utc":"07:11:00","flight":"B6931"},{"day":0,"utc":"07:06:00","flight":"B6890"},{"day":0,"utc":"08:29:00","flight":"B6119"},{"day":0,"utc":"10:54:00","flight":"B6666"},{"day":1,"utc":"18:47:00","flight":"B6120"},{"day":1,"utc":"12:52:00","flight":"B6155"},{"day":1,"utc":"09:58:00","flight":"B6578"},{"day":1,"utc":"02:57:00","flight":"B6699"},{"day":2,"utc":"22:47:00","flight":"B6267"},{"day":2,"utc":"20:34:00","flight":"B6103"},{"day":2,"utc":"10:27:00","flight":"B6566"},{"day":2,"utc":"17:13:00","flight":"B6373"},{"day":3,"utc":"08:53:00","flight":"B6374"},{"day":4,"utc":"02:04:00","flight":"B6194"},{"day":4,"utc":"00:38:00","flight":"B6170"},{"day":5,"utc":"21:39:00","flight":"B6692"},{"day":5,"utc":"04:32:00","flight":"B6866"},{"day":6,"utc":"23:39:00","flight":"B6306"},{"day":6,"utc":"05:39:00","flight":"B6335"},{"day":6,"utc":"21:39:00","flight":"B6482"},{"day":6,"utc":"09:27:00","flight":"B6720"}],"distance":2506.3304849507094}