{"id":28116,"type":"route","airline":"FR","airlineid":"airline_4296","sourceairport":"TRF","destinationairport":"LPL","stops":0,"equipment":"738","schedule":[{"day":0,"utc":"04:31:00","flight":"FR868"},{"day":1,"utc":"00:21:00","flight":"FR522"},{"day":1,"utc":"12:29:00","flight":"FR297"},{"day":1,"utc":"04:47:00","flight":"FR384"},{"day":1,"utc":"13:50:00","flight":"FR072"},{"day":2,"utc":"03:42:00","flight":"FR124"},{"day":2,"utc":"05:22:00","flight":"FR204"},{"day":3,"utc":"15:23:00","flight":"FR042"},{"day":3,"utc":"16:45:00","flight":"FR344"},{"day":3,"utc":"13:56:00","flight":"FR790"},{"day":4,"utc":"16:35:00","flight":"FR122"},{"day":5,"utc":"18:01:00","flight":"FR501"},{"day":6,"utc":"13:13:00","flight":"FR234"},{"day":6,"utc":"00:07:00","flight":"FR887"},{"day":6,"utc":"02:24:00","flight":"FR752"},{"day":6,"utc":"06:30:00","flight":"FR305"}],"distance":1035.6735545304848}