{"id":14805,"type":"route","airline":"BA","airlineid":"airline_1355","sourceairport":"MAH","destinationairport":"LCY","stops":0,"equipment":"E90","schedule":[{"day":0,"utc":"16:51:00","flight":"BA088"},{"day":0,"utc":"16:15:00","flight":"BA275"},{"day":0,"utc":"11:07:00","flight":"BA816"},{"day":0,"utc":"15:32:00","flight":"BA706"},{"day":1,"utc":"09:11:00","flight":"BA378"},{"day":1,"utc":"23:49:00","flight":"BA795"},{"day":1,"utc":"16:59:00","flight":"BA340"},{"day":2,"utc":"10:16:00","flight":"BA074"},{"day":3,"utc":"02:23:00","flight":"BA427"},{"day":3,"utc":"11:02:00","flight":"BA777"},{"day":4,"utc":"10:36:00","flight":"BA033"},{"day":4,"utc":"07:07:00","flight":"BA208"},{"day":4,"utc":"20:55:00","flight":"BA993"},{"day":4,"utc":"00:48:00","flight":"BA947"},{"day":4,"utc":"21:46:00","flight":"BA958"},{"day":5,"utc":"12:46:00","flight":"BA437"},{"day":5,"utc":"06:08:00","flight":"BA452"},{"day":5,"utc":"12:37:00","flight":"BA422"},{"day":5,"utc":"22:17:00","flight":"BA776"},{"day":5,"utc":"15:10:00","flight":"BA993"},{"day":6,"utc":"02:41:00","flight":"BA053"},{"day":6,"utc":"18:38:00","flight":"BA851"},{"day":6,"utc":"20:58:00","flight":"BA835"},{"day":6,"utc":"23:56:00","flight":"BA307"}],"distance":1333.8247520160803}