{"id":21790,"type":"route","airline":"DL","airlineid":"airline_2009","sourceairport":"SLC","destinationairport":"BWI","stops":0,"equipment":"320","schedule":[{"day":0,"utc":"03:17:00","flight":"DL303"},{"day":0,"utc":"12:52:00","flight":"DL165"},{"day":0,"utc":"01:11:00","flight":"DL997"},{"day":0,"utc":"12:40:00","flight":"DL576"},{"day":0,"utc":"08:07:00","flight":"DL739"},{"day":1,"utc":"10:28:00","flight":"DL504"},{"day":1,"utc":"00:39:00","flight":"DL991"},{"day":1,"utc":"20:31:00","flight":"DL202"},{"day":1,"utc":"06:51:00","flight":"DL899"},{"day":2,"utc":"21:04:00","flight":"DL876"},{"day":2,"utc":"16:11:00","flight":"DL349"},{"day":2,"utc":"22:09:00","flight":"DL901"},{"day":3,"utc":"02:48:00","flight":"DL264"},{"day":3,"utc":"01:36:00","flight":"DL405"},{"day":3,"utc":"05:10:00","flight":"DL064"},{"day":3,"utc":"09:31:00","flight":"DL429"},{"day":3,"utc":"17:15:00","flight":"DL936"},{"day":4,"utc":"03:03:00","flight":"DL964"},{"day":4,"utc":"14:03:00","flight":"DL443"},{"day":4,"utc":"17:01:00","flight":"DL593"},{"day":4,"utc":"15:10:00","flight":"DL941"},{"day":4,"utc":"05:58:00","flight":"DL496"},{"day":5,"utc":"19:44:00","flight":"DL296"},{"day":5,"utc":"04:57:00","flight":"DL507"},{"day":5,"utc":"18:19:00","flight":"DL355"},{"day":6,"utc":"13:37:00","flight":"DL348"},{"day":6,"utc":"11:19:00","flight":"DL863"},{"day":6,"utc":"12:48:00","flight":"DL357"}]}