{"id":15242,"type":"route","airline":"BE","airlineid":"airline_2421","sourceairport":"MRS","destinationairport":"ORY","stops":0,"equipment":"32S","schedule":[{"day":0,"utc":"18:59:00","flight":"BE115"},{"day":1,"utc":"11:38:00","flight":"BE040"},{"day":1,"utc":"18:52:00","flight":"BE128"},{"day":2,"utc":"03:51:00","flight":"BE573"},{"day":2,"utc":"12:07:00","flight":"BE205"},{"day":3,"utc":"07:55:00","flight":"BE510"},{"day":3,"utc":"16:42:00","flight":"BE922"},{"day":3,"utc":"13:45:00","flight":"BE952"},{"day":3,"utc":"06:23:00","flight":"BE563"},{"day":4,"utc":"08:43:00","flight":"BE499"},{"day":4,"utc":"22:23:00","flight":"BE880"},{"day":4,"utc":"07:16:00","flight":"BE785"},{"day":5,"utc":"08:29:00","flight":"BE089"},{"day":5,"utc":"16:13:00","flight":"BE955"},{"day":5,"utc":"18:08:00","flight":"BE484"},{"day":5,"utc":"10:24:00","flight":"BE743"},{"day":6,"utc":"03:48:00","flight":"BE287"},{"day":6,"utc":"08:04:00","flight":"BE629"},{"day":6,"utc":"18:13:00","flight":"BE448"}]}