{"id":64537,"type":"route","airline":"WN","airlineid":"airline_4547","sourceairport":"TPA","destinationairport":"MEM","stops":0,"equipment":"73C 73W","schedule":[{"day":0,"utc":"22:05:00","flight":"WN527"},{"day":0,"utc":"20:22:00","flight":"WN942"},{"day":0,"utc":"17:54:00","flight":"WN977"},{"day":1,"utc":"15:33:00","flight":"WN425"},{"day":1,"utc":"17:06:00","flight":"WN681"},{"day":1,"utc":"10:57:00","flight":"WN984"},{"day":2,"utc":"01:52:00","flight":"WN134"},{"day":3,"utc":"20:21:00","flight":"WN393"},{"day":3,"utc":"11:37:00","flight":"WN288"},{"day":3,"utc":"08:12:00","flight":"WN354"},{"day":3,"utc":"08:06:00","flight":"WN699"},{"day":4,"utc":"14:22:00","flight":"WN139"},{"day":4,"utc":"17:33:00","flight":"WN614"},{"day":4,"utc":"16:08:00","flight":"WN147"},{"day":5,"utc":"10:37:00","flight":"WN009"},{"day":6,"utc":"21:58:00","flight":"WN146"},{"day":6,"utc":"20:40:00","flight":"WN853"},{"day":6,"utc":"18:50:00","flight":"WN735"},{"day":6,"utc":"22:03:00","flight":"WN967"},{"day":6,"utc":"23:05:00","flight":"WN904"}],"distance":1055.4066343526174}