{"id":21357,"type":"route","airline":"DL","airlineid":"airline_2009","sourceairport":"MSP","destinationairport":"BRD","stops":0,"equipment":"CRJ","schedule":[{"day":0,"utc":"16:39:00","flight":"DL956"},{"day":0,"utc":"13:48:00","flight":"DL195"},{"day":0,"utc":"12:20:00","flight":"DL151"},{"day":0,"utc":"19:36:00","flight":"DL759"},{"day":1,"utc":"21:55:00","flight":"DL033"},{"day":1,"utc":"04:28:00","flight":"DL267"},{"day":1,"utc":"14:45:00","flight":"DL380"},{"day":1,"utc":"07:36:00","flight":"DL041"},{"day":1,"utc":"06:04:00","flight":"DL541"},{"day":2,"utc":"17:52:00","flight":"DL892"},{"day":2,"utc":"10:15:00","flight":"DL496"},{"day":2,"utc":"20:46:00","flight":"DL838"},{"day":2,"utc":"15:15:00","flight":"DL190"},{"day":3,"utc":"05:12:00","flight":"DL363"},{"day":4,"utc":"18:08:00","flight":"DL224"},{"day":4,"utc":"22:51:00","flight":"DL669"},{"day":4,"utc":"13:07:00","flight":"DL189"},{"day":5,"utc":"14:54:00","flight":"DL014"},{"day":5,"utc":"20:03:00","flight":"DL394"},{"day":5,"utc":"08:39:00","flight":"DL177"},{"day":5,"utc":"12:16:00","flight":"DL240"},{"day":6,"utc":"05:38:00","flight":"DL658"}],"distance":183.03822721115475}