{"id":25079,"type":"route","airline":"FL","airlineid":"airline_1316","sourceairport":"FLL","destinationairport":"ATL","stops":0,"equipment":"717","schedule":[{"day":0,"utc":"19:09:00","flight":"FL136"},{"day":0,"utc":"06:08:00","flight":"FL268"},{"day":1,"utc":"05:40:00","flight":"FL414"},{"day":2,"utc":"08:29:00","flight":"FL151"},{"day":3,"utc":"21:05:00","flight":"FL504"},{"day":4,"utc":"19:17:00","flight":"FL237"},{"day":4,"utc":"17:49:00","flight":"FL182"},{"day":5,"utc":"01:48:00","flight":"FL091"},{"day":5,"utc":"04:04:00","flight":"FL938"},{"day":5,"utc":"19:32:00","flight":"FL036"},{"day":5,"utc":"12:41:00","flight":"FL871"},{"day":6,"utc":"23:04:00","flight":"FL757"},{"day":6,"utc":"14:21:00","flight":"FL114"},{"day":6,"utc":"03:58:00","flight":"FL951"}],"distance":936.4413803424311}