{"id":63419,"type":"route","airline":"WN","airlineid":"airline_4547","sourceairport":"ABQ","destinationairport":"DEN","stops":0,"equipment":"73W 73C","schedule":[{"day":0,"utc":"12:03:00","flight":"WN117"},{"day":1,"utc":"03:16:00","flight":"WN497"},{"day":1,"utc":"15:48:00","flight":"WN509"},{"day":1,"utc":"05:15:00","flight":"WN797"},{"day":1,"utc":"00:34:00","flight":"WN864"},{"day":1,"utc":"19:24:00","flight":"WN977"},{"day":2,"utc":"20:54:00","flight":"WN939"},{"day":2,"utc":"13:13:00","flight":"WN515"},{"day":2,"utc":"01:22:00","flight":"WN873"},{"day":2,"utc":"14:25:00","flight":"WN433"},{"day":3,"utc":"16:28:00","flight":"WN490"},{"day":4,"utc":"14:21:00","flight":"WN289"},{"day":4,"utc":"14:46:00","flight":"WN512"},{"day":4,"utc":"08:19:00","flight":"WN586"},{"day":4,"utc":"07:57:00","flight":"WN273"},{"day":5,"utc":"00:26:00","flight":"WN992"},{"day":5,"utc":"01:34:00","flight":"WN847"},{"day":6,"utc":"09:56:00","flight":"WN481"},{"day":6,"utc":"22:53:00","flight":"WN185"},{"day":6,"utc":"11:44:00","flight":"WN044"},{"day":6,"utc":"06:12:00","flight":"WN979"}],"distance":562.6564189795952}