{"id":25562,"type":"route","airline":"FL","airlineid":"airline_1316","sourceairport":"TPA","destinationairport":"SAT","stops":0,"equipment":"73W","schedule":[{"day":0,"utc":"06:09:00","flight":"FL065"},{"day":0,"utc":"06:32:00","flight":"FL589"},{"day":0,"utc":"19:27:00","flight":"FL603"},{"day":0,"utc":"05:20:00","flight":"FL832"},{"day":1,"utc":"09:39:00","flight":"FL398"},{"day":1,"utc":"06:40:00","flight":"FL192"},{"day":1,"utc":"08:33:00","flight":"FL463"},{"day":1,"utc":"03:35:00","flight":"FL048"},{"day":2,"utc":"22:07:00","flight":"FL093"},{"day":2,"utc":"17:57:00","flight":"FL874"},{"day":3,"utc":"03:22:00","flight":"FL265"},{"day":3,"utc":"11:50:00","flight":"FL992"},{"day":3,"utc":"13:50:00","flight":"FL485"},{"day":4,"utc":"07:56:00","flight":"FL438"},{"day":5,"utc":"07:09:00","flight":"FL255"},{"day":5,"utc":"09:01:00","flight":"FL024"},{"day":5,"utc":"23:13:00","flight":"FL149"},{"day":6,"utc":"09:31:00","flight":"FL261"},{"day":6,"utc":"17:40:00","flight":"FL484"},{"day":6,"utc":"05:53:00","flight":"FL080"}]}