{"id":15511,"type":"route","airline":"BK","airlineid":"airline_4026","sourceairport":"TSN","destinationairport":"YNT","stops":0,"equipment":"YN7","schedule":[{"day":0,"utc":"14:07:00","flight":"BK735"},{"day":0,"utc":"02:34:00","flight":"BK678"},{"day":1,"utc":"02:17:00","flight":"BK465"},{"day":2,"utc":"00:10:00","flight":"BK124"},{"day":2,"utc":"19:55:00","flight":"BK453"},{"day":3,"utc":"10:54:00","flight":"BK807"},{"day":3,"utc":"23:05:00","flight":"BK612"},{"day":3,"utc":"07:32:00","flight":"BK580"},{"day":4,"utc":"05:32:00","flight":"BK869"},{"day":4,"utc":"00:51:00","flight":"BK259"},{"day":5,"utc":"20:30:00","flight":"BK177"},{"day":5,"utc":"00:47:00","flight":"BK625"},{"day":5,"utc":"01:51:00","flight":"BK805"},{"day":5,"utc":"13:47:00","flight":"BK617"},{"day":5,"utc":"23:47:00","flight":"BK815"},{"day":6,"utc":"06:35:00","flight":"BK429"},{"day":6,"utc":"22:34:00","flight":"BK434"}]}