{"id":54628,"type":"route","airline":"U2","airlineid":"airline_2297","sourceairport":"CAG","destinationairport":"MXP","stops":0,"equipment":"320 319","schedule":[{"day":0,"utc":"19:49:00","flight":"U2292"},{"day":0,"utc":"18:15:00","flight":"U2176"},{"day":0,"utc":"18:28:00","flight":"U2483"},{"day":0,"utc":"08:12:00","flight":"U2514"},{"day":1,"utc":"21:42:00","flight":"U2199"},{"day":1,"utc":"03:08:00","flight":"U2106"},{"day":1,"utc":"18:48:00","flight":"U2936"},{"day":1,"utc":"22:35:00","flight":"U2882"},{"day":2,"utc":"10:22:00","flight":"U2900"},{"day":2,"utc":"10:07:00","flight":"U2496"},{"day":2,"utc":"10:12:00","flight":"U2957"},{"day":3,"utc":"15:59:00","flight":"U2699"},{"day":3,"utc":"02:42:00","flight":"U2332"},{"day":4,"utc":"20:16:00","flight":"U2751"},{"day":4,"utc":"13:38:00","flight":"U2283"},{"day":5,"utc":"01:44:00","flight":"U2184"},{"day":5,"utc":"21:23:00","flight":"U2481"},{"day":5,"utc":"19:48:00","flight":"U2448"},{"day":5,"utc":"16:40:00","flight":"U2900"},{"day":6,"utc":"19:10:00","flight":"U2348"},{"day":6,"utc":"10:01:00","flight":"U2854"},{"day":6,"utc":"13:48:00","flight":"U2735"},{"day":6,"utc":"15:59:00","flight":"U2116"}]}