{"id":14768,"type":"route","airline":"BA","airlineid":"airline_1355","sourceairport":"LHR","destinationairport":"RTM","stops":0,"equipment":"319","schedule":[{"day":0,"utc":"19:12:00","flight":"BA599"},{"day":1,"utc":"15:45:00","flight":"BA917"},{"day":1,"utc":"13:03:00","flight":"BA066"},{"day":1,"utc":"18:55:00","flight":"BA568"},{"day":2,"utc":"12:02:00","flight":"BA940"},{"day":2,"utc":"06:26:00","flight":"BA991"},{"day":3,"utc":"03:24:00","flight":"BA681"},{"day":3,"utc":"19:41:00","flight":"BA767"},{"day":3,"utc":"19:10:00","flight":"BA682"},{"day":3,"utc":"19:55:00","flight":"BA866"},{"day":3,"utc":"08:35:00","flight":"BA917"},{"day":4,"utc":"15:18:00","flight":"BA792"},{"day":4,"utc":"09:16:00","flight":"BA050"},{"day":5,"utc":"21:21:00","flight":"BA478"},{"day":5,"utc":"10:51:00","flight":"BA451"},{"day":6,"utc":"08:47:00","flight":"BA735"},{"day":6,"utc":"11:33:00","flight":"BA746"},{"day":6,"utc":"01:41:00","flight":"BA078"}],"distance":341.5823970519628}