{"id":4876,"type":"route","airline":"AA","airlineid":"airline_24","sourceairport":"CHS","destinationairport":"DCA","stops":0,"equipment":"E70 CRJ E75","schedule":[{"day":0,"utc":"13:32:00","flight":"AA369"},{"day":0,"utc":"17:21:00","flight":"AA894"},{"day":0,"utc":"16:43:00","flight":"AA941"},{"day":1,"utc":"05:50:00","flight":"AA764"},{"day":2,"utc":"09:10:00","flight":"AA458"},{"day":2,"utc":"06:32:00","flight":"AA386"},{"day":2,"utc":"20:32:00","flight":"AA230"},{"day":2,"utc":"17:21:00","flight":"AA147"},{"day":3,"utc":"05:57:00","flight":"AA455"},{"day":3,"utc":"09:36:00","flight":"AA274"},{"day":3,"utc":"01:54:00","flight":"AA334"},{"day":3,"utc":"01:42:00","flight":"AA391"},{"day":4,"utc":"20:23:00","flight":"AA070"},{"day":4,"utc":"22:31:00","flight":"AA626"},{"day":4,"utc":"17:48:00","flight":"AA930"},{"day":4,"utc":"18:28:00","flight":"AA136"},{"day":5,"utc":"00:51:00","flight":"AA133"},{"day":5,"utc":"20:45:00","flight":"AA794"},{"day":5,"utc":"15:13:00","flight":"AA682"},{"day":6,"utc":"11:01:00","flight":"AA346"},{"day":6,"utc":"17:48:00","flight":"AA975"},{"day":6,"utc":"19:49:00","flight":"AA696"}],"distance":715.0230050738639}