{"id":58949,"type":"route","airline":"US","airlineid":"airline_5265","sourceairport":"DCA","destinationairport":"DAY","stops":0,"equipment":"CRJ","schedule":[{"day":0,"utc":"15:30:00","flight":"US190"},{"day":0,"utc":"06:28:00","flight":"US498"},{"day":0,"utc":"00:29:00","flight":"US535"},{"day":0,"utc":"01:05:00","flight":"US212"},{"day":1,"utc":"08:07:00","flight":"US664"},{"day":1,"utc":"19:45:00","flight":"US636"},{"day":2,"utc":"02:17:00","flight":"US402"},{"day":2,"utc":"06:05:00","flight":"US626"},{"day":2,"utc":"06:29:00","flight":"US048"},{"day":2,"utc":"21:23:00","flight":"US339"},{"day":3,"utc":"10:49:00","flight":"US634"},{"day":3,"utc":"07:57:00","flight":"US161"},{"day":3,"utc":"10:57:00","flight":"US186"},{"day":3,"utc":"05:04:00","flight":"US705"},{"day":4,"utc":"16:41:00","flight":"US089"},{"day":4,"utc":"14:24:00","flight":"US523"},{"day":4,"utc":"01:46:00","flight":"US229"},{"day":4,"utc":"13:12:00","flight":"US506"},{"day":4,"utc":"03:41:00","flight":"US906"},{"day":5,"utc":"23:18:00","flight":"US757"},{"day":5,"utc":"15:17:00","flight":"US485"},{"day":5,"utc":"09:44:00","flight":"US504"},{"day":6,"utc":"19:41:00","flight":"US107"},{"day":6,"utc":"15:17:00","flight":"US807"},{"day":6,"utc":"03:18:00","flight":"US627"},{"day":6,"utc":"08:18:00","flight":"US314"}]}