{"id":13452,"type":"route","airline":"AZ","airlineid":"airline_596","sourceairport":"LGW","destinationairport":"PMO","stops":0,"equipment":"320","schedule":[{"day":0,"utc":"21:40:00","flight":"AZ336"},{"day":0,"utc":"23:20:00","flight":"AZ532"},{"day":0,"utc":"09:32:00","flight":"AZ186"},{"day":0,"utc":"18:13:00","flight":"AZ294"},{"day":0,"utc":"14:38:00","flight":"AZ230"},{"day":1,"utc":"03:03:00","flight":"AZ607"},{"day":1,"utc":"10:20:00","flight":"AZ244"},{"day":1,"utc":"16:28:00","flight":"AZ573"},{"day":1,"utc":"07:10:00","flight":"AZ757"},{"day":2,"utc":"12:30:00","flight":"AZ174"},{"day":3,"utc":"19:50:00","flight":"AZ582"},{"day":3,"utc":"18:38:00","flight":"AZ855"},{"day":4,"utc":"00:56:00","flight":"AZ337"},{"day":4,"utc":"16:49:00","flight":"AZ302"},{"day":4,"utc":"18:23:00","flight":"AZ005"},{"day":4,"utc":"10:31:00","flight":"AZ227"},{"day":4,"utc":"06:28:00","flight":"AZ960"},{"day":5,"utc":"15:58:00","flight":"AZ252"},{"day":5,"utc":"18:47:00","flight":"AZ283"},{"day":5,"utc":"09:45:00","flight":"AZ001"},{"day":6,"utc":"14:22:00","flight":"AZ607"}]}