{"id":56130,"type":"route","airline":"UA","airlineid":"airline_5209","sourceairport":"DEN","destinationairport":"HDN","stops":0,"equipment":"DH4","schedule":[{"day":0,"utc":"11:34:00","flight":"UA554"},{"day":0,"utc":"07:14:00","flight":"UA754"},{"day":0,"utc":"10:46:00","flight":"UA613"},{"day":1,"utc":"14:36:00","flight":"UA097"},{"day":1,"utc":"01:32:00","flight":"UA799"},{"day":1,"utc":"06:43:00","flight":"UA657"},{"day":2,"utc":"17:00:00","flight":"UA182"},{"day":2,"utc":"21:45:00","flight":"UA875"},{"day":3,"utc":"19:26:00","flight":"UA014"},{"day":3,"utc":"03:36:00","flight":"UA434"},{"day":4,"utc":"14:12:00","flight":"UA360"},{"day":4,"utc":"05:40:00","flight":"UA035"},{"day":4,"utc":"20:17:00","flight":"UA462"},{"day":4,"utc":"14:55:00","flight":"UA210"},{"day":4,"utc":"16:56:00","flight":"UA661"},{"day":5,"utc":"11:59:00","flight":"UA770"},{"day":5,"utc":"22:05:00","flight":"UA771"},{"day":5,"utc":"10:43:00","flight":"UA390"},{"day":5,"utc":"20:50:00","flight":"UA453"},{"day":6,"utc":"03:25:00","flight":"UA989"},{"day":6,"utc":"23:00:00","flight":"UA857"},{"day":6,"utc":"15:36:00","flight":"UA596"},{"day":6,"utc":"23:52:00","flight":"UA391"},{"day":6,"utc":"04:38:00","flight":"UA750"}]}