{"id":53233,"type":"route","airline":"TO","airlineid":"airline_8745","sourceairport":"LPA","destinationairport":"MAN","stops":0,"equipment":"73H","schedule":[{"day":0,"utc":"12:27:00","flight":"TO409"},{"day":0,"utc":"09:44:00","flight":"TO660"},{"day":0,"utc":"22:00:00","flight":"TO213"},{"day":0,"utc":"03:29:00","flight":"TO112"},{"day":1,"utc":"12:14:00","flight":"TO048"},{"day":2,"utc":"22:33:00","flight":"TO775"},{"day":2,"utc":"22:46:00","flight":"TO811"},{"day":2,"utc":"16:26:00","flight":"TO936"},{"day":3,"utc":"07:23:00","flight":"TO862"},{"day":3,"utc":"16:38:00","flight":"TO378"},{"day":4,"utc":"11:08:00","flight":"TO063"},{"day":4,"utc":"17:11:00","flight":"TO667"},{"day":4,"utc":"08:26:00","flight":"TO567"},{"day":5,"utc":"13:38:00","flight":"TO434"},{"day":5,"utc":"07:43:00","flight":"TO044"},{"day":6,"utc":"21:05:00","flight":"TO236"},{"day":6,"utc":"20:44:00","flight":"TO338"},{"day":6,"utc":"00:31:00","flight":"TO494"}],"distance":3024.398638984218}