{"id":5951,"type":"route","airline":"AA","airlineid":"airline_24","sourceairport":"MCI","destinationairport":"PHL","stops":0,"equipment":"E75 E70 CRJ","schedule":[{"day":0,"utc":"02:35:00","flight":"AA239"},{"day":0,"utc":"12:04:00","flight":"AA342"},{"day":1,"utc":"08:50:00","flight":"AA850"},{"day":1,"utc":"21:53:00","flight":"AA456"},{"day":2,"utc":"22:46:00","flight":"AA895"},{"day":2,"utc":"08:29:00","flight":"AA192"},{"day":2,"utc":"10:06:00","flight":"AA283"},{"day":2,"utc":"15:59:00","flight":"AA461"},{"day":3,"utc":"17:37:00","flight":"AA331"},{"day":4,"utc":"14:50:00","flight":"AA904"},{"day":4,"utc":"08:10:00","flight":"AA633"},{"day":5,"utc":"01:29:00","flight":"AA696"},{"day":6,"utc":"14:34:00","flight":"AA560"}]}