{"id":3396,"type":"route","airline":"8V","airlineid":"airline_55","sourceairport":"NUL","destinationairport":"KYU","stops":0,"equipment":"CNC","schedule":[{"day":0,"utc":"16:15:00","flight":"8V571"},{"day":0,"utc":"19:25:00","flight":"8V354"},{"day":1,"utc":"18:11:00","flight":"8V997"},{"day":1,"utc":"16:27:00","flight":"8V827"},{"day":2,"utc":"21:38:00","flight":"8V244"},{"day":2,"utc":"10:03:00","flight":"8V971"},{"day":2,"utc":"04:50:00","flight":"8V117"},{"day":2,"utc":"19:32:00","flight":"8V742"},{"day":3,"utc":"03:38:00","flight":"8V866"},{"day":3,"utc":"07:58:00","flight":"8V093"},{"day":4,"utc":"09:47:00","flight":"8V467"},{"day":5,"utc":"10:20:00","flight":"8V045"},{"day":5,"utc":"10:31:00","flight":"8V102"},{"day":6,"utc":"07:27:00","flight":"8V386"},{"day":6,"utc":"12:44:00","flight":"8V426"},{"day":6,"utc":"07:38:00","flight":"8V079"},{"day":6,"utc":"06:52:00","flight":"8V436"},{"day":6,"utc":"03:13:00","flight":"8V421"}]}