{"id":13892,"type":"route","airline":"B5","airlineid":"airline_2395","sourceairport":"WJR","destinationairport":"MGQ","stops":0,"equipment":"CRJ","schedule":[{"day":0,"utc":"15:41:00","flight":"B5597"},{"day":0,"utc":"14:20:00","flight":"B5175"},{"day":0,"utc":"09:32:00","flight":"B5211"},{"day":1,"utc":"03:38:00","flight":"B5665"},{"day":1,"utc":"21:52:00","flight":"B5687"},{"day":1,"utc":"03:39:00","flight":"B5826"},{"day":2,"utc":"19:53:00","flight":"B5842"},{"day":2,"utc":"07:33:00","flight":"B5266"},{"day":2,"utc":"13:44:00","flight":"B5819"},{"day":2,"utc":"15:17:00","flight":"B5248"},{"day":2,"utc":"14:36:00","flight":"B5642"},{"day":3,"utc":"16:11:00","flight":"B5185"},{"day":3,"utc":"01:01:00","flight":"B5670"},{"day":4,"utc":"13:53:00","flight":"B5614"},{"day":4,"utc":"06:36:00","flight":"B5626"},{"day":5,"utc":"15:43:00","flight":"B5974"},{"day":5,"utc":"02:15:00","flight":"B5581"},{"day":5,"utc":"10:25:00","flight":"B5242"},{"day":5,"utc":"03:22:00","flight":"B5037"},{"day":6,"utc":"04:47:00","flight":"B5664"},{"day":6,"utc":"01:02:00","flight":"B5895"},{"day":6,"utc":"06:43:00","flight":"B5489"},{"day":6,"utc":"06:27:00","flight":"B5543"},{"day":6,"utc":"08:52:00","flight":"B5342"}],"distance":580.2019895947767}