{"id":7362,"type":"route","airline":"AB","airlineid":"airline_214","sourceairport":"JFK","destinationairport":"DUS","stops":0,"equipment":"332","schedule":[{"day":0,"utc":"09:29:00","flight":"AB235"},{"day":0,"utc":"18:42:00","flight":"AB829"},{"day":0,"utc":"00:15:00","flight":"AB956"},{"day":0,"utc":"04:08:00","flight":"AB004"},{"day":1,"utc":"16:13:00","flight":"AB461"},{"day":1,"utc":"10:10:00","flight":"AB478"},{"day":1,"utc":"05:38:00","flight":"AB177"},{"day":2,"utc":"15:43:00","flight":"AB790"},{"day":2,"utc":"19:46:00","flight":"AB044"},{"day":2,"utc":"07:47:00","flight":"AB465"},{"day":2,"utc":"06:07:00","flight":"AB176"},{"day":2,"utc":"05:27:00","flight":"AB511"},{"day":3,"utc":"13:06:00","flight":"AB252"},{"day":3,"utc":"07:42:00","flight":"AB438"},{"day":3,"utc":"04:00:00","flight":"AB839"},{"day":3,"utc":"09:48:00","flight":"AB083"},{"day":3,"utc":"02:11:00","flight":"AB354"},{"day":4,"utc":"20:27:00","flight":"AB175"},{"day":4,"utc":"05:46:00","flight":"AB289"},{"day":4,"utc":"13:27:00","flight":"AB631"},{"day":4,"utc":"07:32:00","flight":"AB588"},{"day":4,"utc":"21:47:00","flight":"AB355"},{"day":5,"utc":"06:48:00","flight":"AB002"},{"day":5,"utc":"22:57:00","flight":"AB344"},{"day":5,"utc":"12:20:00","flight":"AB930"},{"day":6,"utc":"15:24:00","flight":"AB241"},{"day":6,"utc":"02:27:00","flight":"AB042"},{"day":6,"utc":"13:21:00","flight":"AB480"},{"day":6,"utc":"02:40:00","flight":"AB171"}],"distance":6017.229924016517}