{"id":63761,"type":"route","airline":"WN","airlineid":"airline_4547","sourceairport":"DTW","destinationairport":"LAS","stops":0,"equipment":"73H 73W","schedule":[{"day":0,"utc":"11:47:00","flight":"WN130"},{"day":0,"utc":"06:49:00","flight":"WN610"},{"day":0,"utc":"19:00:00","flight":"WN189"},{"day":0,"utc":"11:17:00","flight":"WN383"},{"day":1,"utc":"23:04:00","flight":"WN460"},{"day":1,"utc":"17:24:00","flight":"WN400"},{"day":1,"utc":"12:55:00","flight":"WN817"},{"day":1,"utc":"21:23:00","flight":"WN491"},{"day":1,"utc":"09:01:00","flight":"WN545"},{"day":2,"utc":"14:21:00","flight":"WN331"},{"day":2,"utc":"17:41:00","flight":"WN358"},{"day":3,"utc":"12:41:00","flight":"WN860"},{"day":3,"utc":"06:22:00","flight":"WN313"},{"day":3,"utc":"07:24:00","flight":"WN221"},{"day":3,"utc":"21:05:00","flight":"WN827"},{"day":4,"utc":"16:36:00","flight":"WN113"},{"day":4,"utc":"23:08:00","flight":"WN566"},{"day":4,"utc":"05:45:00","flight":"WN340"},{"day":5,"utc":"04:51:00","flight":"WN227"},{"day":5,"utc":"11:56:00","flight":"WN428"},{"day":6,"utc":"16:40:00","flight":"WN651"},{"day":6,"utc":"09:43:00","flight":"WN110"},{"day":6,"utc":"23:11:00","flight":"WN648"}]}