{"id":63687,"type":"route","airline":"WN","airlineid":"airline_4547","sourceairport":"DAL","destinationairport":"TUL","stops":0,"equipment":"73W 735","schedule":[{"day":0,"utc":"01:11:00","flight":"WN871"},{"day":0,"utc":"03:16:00","flight":"WN540"},{"day":0,"utc":"02:23:00","flight":"WN112"},{"day":1,"utc":"07:19:00","flight":"WN861"},{"day":1,"utc":"05:45:00","flight":"WN594"},{"day":1,"utc":"10:40:00","flight":"WN850"},{"day":1,"utc":"00:43:00","flight":"WN321"},{"day":2,"utc":"13:18:00","flight":"WN855"},{"day":3,"utc":"11:15:00","flight":"WN672"},{"day":3,"utc":"21:09:00","flight":"WN212"},{"day":3,"utc":"00:54:00","flight":"WN457"},{"day":4,"utc":"06:26:00","flight":"WN858"},{"day":5,"utc":"18:41:00","flight":"WN151"},{"day":5,"utc":"22:19:00","flight":"WN357"},{"day":5,"utc":"07:34:00","flight":"WN346"},{"day":5,"utc":"17:10:00","flight":"WN056"},{"day":5,"utc":"17:08:00","flight":"WN945"},{"day":6,"utc":"01:48:00","flight":"WN118"}],"distance":382.9532484915682}