{"id":36150,"type":"route","airline":"KK","airlineid":"airline_995","sourceairport":"IST","destinationairport":"LTN","stops":0,"equipment":"320","schedule":[{"day":0,"utc":"21:26:00","flight":"KK632"},{"day":0,"utc":"20:58:00","flight":"KK397"},{"day":1,"utc":"04:10:00","flight":"KK893"},{"day":1,"utc":"11:58:00","flight":"KK834"},{"day":1,"utc":"05:25:00","flight":"KK736"},{"day":2,"utc":"14:30:00","flight":"KK439"},{"day":2,"utc":"12:00:00","flight":"KK410"},{"day":2,"utc":"19:41:00","flight":"KK003"},{"day":3,"utc":"02:03:00","flight":"KK914"},{"day":3,"utc":"09:44:00","flight":"KK835"},{"day":4,"utc":"03:27:00","flight":"KK656"},{"day":5,"utc":"10:18:00","flight":"KK330"},{"day":6,"utc":"16:11:00","flight":"KK148"},{"day":6,"utc":"18:02:00","flight":"KK394"},{"day":6,"utc":"22:56:00","flight":"KK479"}],"distance":2519.7703734377333}