{"id":56052,"type":"route","airline":"UA","airlineid":"airline_5209","sourceairport":"CUN","destinationairport":"SFO","stops":0,"equipment":"739","schedule":[{"day":0,"utc":"10:27:00","flight":"UA530"},{"day":0,"utc":"06:16:00","flight":"UA827"},{"day":0,"utc":"23:39:00","flight":"UA249"},{"day":1,"utc":"11:09:00","flight":"UA680"},{"day":1,"utc":"03:32:00","flight":"UA497"},{"day":1,"utc":"20:27:00","flight":"UA626"},{"day":2,"utc":"19:05:00","flight":"UA266"},{"day":2,"utc":"13:31:00","flight":"UA960"},{"day":3,"utc":"15:42:00","flight":"UA694"},{"day":3,"utc":"16:24:00","flight":"UA182"},{"day":3,"utc":"14:46:00","flight":"UA208"},{"day":3,"utc":"09:40:00","flight":"UA038"},{"day":3,"utc":"19:17:00","flight":"UA114"},{"day":4,"utc":"21:11:00","flight":"UA452"},{"day":4,"utc":"01:34:00","flight":"UA917"},{"day":4,"utc":"16:58:00","flight":"UA033"},{"day":4,"utc":"00:44:00","flight":"UA746"},{"day":5,"utc":"18:18:00","flight":"UA104"},{"day":6,"utc":"03:37:00","flight":"UA804"}],"distance":3871.2176376424773}