{"id":6155,"type":"route","airline":"AA","airlineid":"airline_24","sourceairport":"MTY","destinationairport":"DFW","stops":0,"equipment":"M80 M83","schedule":[{"day":0,"utc":"07:07:00","flight":"AA550"},{"day":0,"utc":"20:51:00","flight":"AA489"},{"day":0,"utc":"00:08:00","flight":"AA100"},{"day":1,"utc":"16:20:00","flight":"AA820"},{"day":1,"utc":"12:15:00","flight":"AA108"},{"day":1,"utc":"13:05:00","flight":"AA761"},{"day":1,"utc":"14:05:00","flight":"AA842"},{"day":1,"utc":"03:15:00","flight":"AA882"},{"day":2,"utc":"01:22:00","flight":"AA380"},{"day":3,"utc":"13:53:00","flight":"AA981"},{"day":3,"utc":"09:15:00","flight":"AA035"},{"day":3,"utc":"04:59:00","flight":"AA248"},{"day":3,"utc":"20:23:00","flight":"AA382"},{"day":3,"utc":"16:00:00","flight":"AA478"},{"day":4,"utc":"06:00:00","flight":"AA475"},{"day":4,"utc":"17:30:00","flight":"AA889"},{"day":4,"utc":"21:15:00","flight":"AA538"},{"day":5,"utc":"21:36:00","flight":"AA915"},{"day":5,"utc":"06:07:00","flight":"AA419"},{"day":5,"utc":"17:05:00","flight":"AA750"},{"day":6,"utc":"10:51:00","flight":"AA977"},{"day":6,"utc":"16:25:00","flight":"AA467"},{"day":6,"utc":"04:41:00","flight":"AA781"}],"distance":845.4439659909215}