{"id":15158,"type":"route","airline":"BE","airlineid":"airline_2421","sourceairport":"GLA","destinationairport":"ILY","stops":0,"equipment":"SF3","schedule":[{"day":0,"utc":"19:17:00","flight":"BE760"},{"day":0,"utc":"15:13:00","flight":"BE260"},{"day":0,"utc":"13:09:00","flight":"BE509"},{"day":1,"utc":"10:08:00","flight":"BE432"},{"day":1,"utc":"15:08:00","flight":"BE961"},{"day":1,"utc":"09:19:00","flight":"BE117"},{"day":2,"utc":"02:49:00","flight":"BE820"},{"day":2,"utc":"03:55:00","flight":"BE079"},{"day":3,"utc":"17:50:00","flight":"BE335"},{"day":3,"utc":"14:08:00","flight":"BE497"},{"day":3,"utc":"04:24:00","flight":"BE132"},{"day":3,"utc":"01:08:00","flight":"BE148"},{"day":3,"utc":"15:06:00","flight":"BE174"},{"day":4,"utc":"12:33:00","flight":"BE081"},{"day":4,"utc":"13:39:00","flight":"BE905"},{"day":4,"utc":"02:40:00","flight":"BE687"},{"day":5,"utc":"19:59:00","flight":"BE059"},{"day":5,"utc":"18:34:00","flight":"BE685"},{"day":6,"utc":"07:46:00","flight":"BE551"},{"day":6,"utc":"21:09:00","flight":"BE433"},{"day":6,"utc":"17:59:00","flight":"BE187"}],"distance":115.9814494057962}