{"id":63715,"type":"route","airline":"WN","airlineid":"airline_4547","sourceairport":"DEN","destinationairport":"FLL","stops":0,"equipment":"73W","schedule":[{"day":0,"utc":"14:54:00","flight":"WN338"},{"day":0,"utc":"09:25:00","flight":"WN985"},{"day":0,"utc":"08:03:00","flight":"WN966"},{"day":0,"utc":"02:46:00","flight":"WN686"},{"day":1,"utc":"20:06:00","flight":"WN336"},{"day":1,"utc":"02:34:00","flight":"WN820"},{"day":2,"utc":"15:39:00","flight":"WN606"},{"day":2,"utc":"06:43:00","flight":"WN494"},{"day":2,"utc":"06:51:00","flight":"WN603"},{"day":3,"utc":"05:05:00","flight":"WN036"},{"day":3,"utc":"19:49:00","flight":"WN031"},{"day":3,"utc":"11:18:00","flight":"WN811"},{"day":3,"utc":"19:59:00","flight":"WN928"},{"day":4,"utc":"13:31:00","flight":"WN326"},{"day":4,"utc":"13:19:00","flight":"WN188"},{"day":5,"utc":"12:07:00","flight":"WN720"},{"day":6,"utc":"12:36:00","flight":"WN671"},{"day":6,"utc":"14:20:00","flight":"WN394"}],"distance":2739.042285467841}