{"id":30306,"type":"route","airline":"GS","airlineid":"airline_690","sourceairport":"KOW","destinationairport":"KHN","stops":0,"equipment":"ERJ","schedule":[{"day":0,"utc":"05:35:00","flight":"GS813"},{"day":0,"utc":"06:44:00","flight":"GS589"},{"day":0,"utc":"01:20:00","flight":"GS712"},{"day":1,"utc":"21:03:00","flight":"GS134"},{"day":1,"utc":"10:54:00","flight":"GS203"},{"day":1,"utc":"00:03:00","flight":"GS247"},{"day":2,"utc":"21:14:00","flight":"GS956"},{"day":3,"utc":"19:01:00","flight":"GS880"},{"day":3,"utc":"00:48:00","flight":"GS437"},{"day":3,"utc":"11:13:00","flight":"GS461"},{"day":4,"utc":"20:31:00","flight":"GS725"},{"day":4,"utc":"11:17:00","flight":"GS382"},{"day":5,"utc":"19:30:00","flight":"GS295"},{"day":5,"utc":"18:42:00","flight":"GS164"},{"day":5,"utc":"13:13:00","flight":"GS919"},{"day":5,"utc":"14:03:00","flight":"GS269"},{"day":6,"utc":"15:00:00","flight":"GS285"},{"day":6,"utc":"15:42:00","flight":"GS473"}]}