{"id":63468,"type":"route","airline":"WN","airlineid":"airline_4547","sourceairport":"ATL","destinationairport":"ORF","stops":0,"equipment":"717","schedule":[{"day":0,"utc":"21:47:00","flight":"WN852"},{"day":1,"utc":"05:35:00","flight":"WN529"},{"day":1,"utc":"06:16:00","flight":"WN108"},{"day":1,"utc":"21:36:00","flight":"WN273"},{"day":1,"utc":"20:21:00","flight":"WN194"},{"day":1,"utc":"15:16:00","flight":"WN637"},{"day":2,"utc":"16:50:00","flight":"WN653"},{"day":2,"utc":"00:44:00","flight":"WN721"},{"day":3,"utc":"03:50:00","flight":"WN097"},{"day":3,"utc":"09:38:00","flight":"WN166"},{"day":3,"utc":"16:18:00","flight":"WN465"},{"day":3,"utc":"15:05:00","flight":"WN349"},{"day":4,"utc":"08:54:00","flight":"WN960"},{"day":5,"utc":"09:10:00","flight":"WN707"},{"day":5,"utc":"01:50:00","flight":"WN380"},{"day":5,"utc":"03:27:00","flight":"WN251"},{"day":5,"utc":"17:16:00","flight":"WN588"},{"day":6,"utc":"08:15:00","flight":"WN210"},{"day":6,"utc":"15:38:00","flight":"WN194"},{"day":6,"utc":"10:00:00","flight":"WN084"},{"day":6,"utc":"22:45:00","flight":"WN783"},{"day":6,"utc":"03:20:00","flight":"WN426"}],"distance":829.7020678436298}