{"id":64553,"type":"route","airline":"WN","airlineid":"airline_4547","sourceairport":"TUL","destinationairport":"HOU","stops":0,"equipment":"73W","schedule":[{"day":0,"utc":"07:01:00","flight":"WN320"},{"day":0,"utc":"20:27:00","flight":"WN853"},{"day":0,"utc":"06:30:00","flight":"WN845"},{"day":0,"utc":"05:35:00","flight":"WN158"},{"day":0,"utc":"00:30:00","flight":"WN553"},{"day":1,"utc":"14:39:00","flight":"WN314"},{"day":1,"utc":"10:30:00","flight":"WN654"},{"day":1,"utc":"08:22:00","flight":"WN424"},{"day":1,"utc":"19:07:00","flight":"WN165"},{"day":1,"utc":"13:48:00","flight":"WN775"},{"day":2,"utc":"13:05:00","flight":"WN590"},{"day":2,"utc":"05:55:00","flight":"WN965"},{"day":2,"utc":"16:28:00","flight":"WN014"},{"day":2,"utc":"09:31:00","flight":"WN356"},{"day":2,"utc":"21:52:00","flight":"WN487"},{"day":3,"utc":"12:14:00","flight":"WN298"},{"day":3,"utc":"14:03:00","flight":"WN846"},{"day":3,"utc":"22:31:00","flight":"WN858"},{"day":4,"utc":"11:22:00","flight":"WN708"},{"day":4,"utc":"01:36:00","flight":"WN659"},{"day":5,"utc":"18:54:00","flight":"WN006"},{"day":5,"utc":"04:52:00","flight":"WN615"},{"day":5,"utc":"02:11:00","flight":"WN679"},{"day":6,"utc":"19:27:00","flight":"WN993"}],"distance":730.8669981406813}