{"id":54795,"type":"route","airline":"U2","airlineid":"airline_2297","sourceairport":"GVA","destinationairport":"ALC","stops":0,"equipment":"319 320","schedule":[{"day":0,"utc":"23:53:00","flight":"U2627"},{"day":0,"utc":"09:15:00","flight":"U2576"},{"day":1,"utc":"11:45:00","flight":"U2131"},{"day":1,"utc":"11:32:00","flight":"U2562"},{"day":1,"utc":"23:21:00","flight":"U2432"},{"day":1,"utc":"01:33:00","flight":"U2568"},{"day":2,"utc":"10:24:00","flight":"U2554"},{"day":2,"utc":"18:10:00","flight":"U2647"},{"day":3,"utc":"05:23:00","flight":"U2685"},{"day":3,"utc":"01:51:00","flight":"U2060"},{"day":3,"utc":"22:59:00","flight":"U2729"},{"day":3,"utc":"14:39:00","flight":"U2160"},{"day":3,"utc":"10:25:00","flight":"U2181"},{"day":4,"utc":"22:59:00","flight":"U2476"},{"day":4,"utc":"21:06:00","flight":"U2775"},{"day":4,"utc":"09:33:00","flight":"U2311"},{"day":5,"utc":"04:30:00","flight":"U2299"},{"day":5,"utc":"03:58:00","flight":"U2906"},{"day":5,"utc":"11:51:00","flight":"U2891"},{"day":6,"utc":"05:36:00","flight":"U2718"},{"day":6,"utc":"02:44:00","flight":"U2983"},{"day":6,"utc":"14:46:00","flight":"U2523"},{"day":6,"utc":"07:52:00","flight":"U2301"},{"day":6,"utc":"18:53:00","flight":"U2813"}],"distance":1040.1046103255837}