{"id":63761,"type":"route","airline":"WN","airlineid":"airline_4547","sourceairport":"DTW","destinationairport":"LAS","stops":0,"equipment":"73H 73W","schedule":[{"day":0,"utc":"17:21:00","flight":"WN670"},{"day":0,"utc":"19:15:00","flight":"WN245"},{"day":0,"utc":"05:38:00","flight":"WN978"},{"day":0,"utc":"04:50:00","flight":"WN714"},{"day":1,"utc":"12:54:00","flight":"WN718"},{"day":1,"utc":"06:36:00","flight":"WN326"},{"day":2,"utc":"05:53:00","flight":"WN113"},{"day":2,"utc":"08:40:00","flight":"WN270"},{"day":2,"utc":"05:43:00","flight":"WN700"},{"day":3,"utc":"23:23:00","flight":"WN529"},{"day":3,"utc":"23:07:00","flight":"WN068"},{"day":3,"utc":"20:19:00","flight":"WN048"},{"day":3,"utc":"04:34:00","flight":"WN991"},{"day":4,"utc":"16:02:00","flight":"WN033"},{"day":4,"utc":"23:36:00","flight":"WN792"},{"day":4,"utc":"09:52:00","flight":"WN184"},{"day":4,"utc":"12:48:00","flight":"WN078"},{"day":4,"utc":"00:37:00","flight":"WN505"},{"day":5,"utc":"03:25:00","flight":"WN565"},{"day":6,"utc":"02:17:00","flight":"WN674"},{"day":6,"utc":"21:14:00","flight":"WN879"},{"day":6,"utc":"19:16:00","flight":"WN524"},{"day":6,"utc":"10:15:00","flight":"WN045"}],"distance":2808.043487171258}