{"id":63761,"type":"route","airline":"WN","airlineid":"airline_4547","sourceairport":"DTW","destinationairport":"LAS","stops":0,"equipment":"73H 73W","schedule":[{"day":0,"utc":"22:45:00","flight":"WN436"},{"day":0,"utc":"03:28:00","flight":"WN127"},{"day":0,"utc":"05:07:00","flight":"WN036"},{"day":1,"utc":"03:46:00","flight":"WN953"},{"day":1,"utc":"07:09:00","flight":"WN087"},{"day":2,"utc":"07:52:00","flight":"WN220"},{"day":2,"utc":"11:14:00","flight":"WN998"},{"day":2,"utc":"00:08:00","flight":"WN329"},{"day":2,"utc":"16:16:00","flight":"WN140"},{"day":3,"utc":"08:55:00","flight":"WN796"},{"day":3,"utc":"10:46:00","flight":"WN766"},{"day":3,"utc":"14:18:00","flight":"WN000"},{"day":3,"utc":"11:04:00","flight":"WN653"},{"day":4,"utc":"12:56:00","flight":"WN978"},{"day":4,"utc":"10:33:00","flight":"WN438"},{"day":4,"utc":"01:15:00","flight":"WN142"},{"day":4,"utc":"20:46:00","flight":"WN029"},{"day":4,"utc":"23:06:00","flight":"WN390"},{"day":5,"utc":"17:13:00","flight":"WN268"},{"day":5,"utc":"01:42:00","flight":"WN072"},{"day":5,"utc":"16:23:00","flight":"WN301"},{"day":6,"utc":"17:13:00","flight":"WN728"},{"day":6,"utc":"14:35:00","flight":"WN205"},{"day":6,"utc":"21:19:00","flight":"WN802"}],"distance":2808.043487171258}