{"id":32542,"type":"route","airline":"IB","airlineid":"airline_2822","sourceairport":"JFK","destinationairport":"MAD","stops":0,"equipment":"333 346","schedule":[{"day":0,"utc":"19:13:00","flight":"IB804"},{"day":0,"utc":"20:43:00","flight":"IB199"},{"day":0,"utc":"21:53:00","flight":"IB393"},{"day":1,"utc":"17:01:00","flight":"IB151"},{"day":2,"utc":"17:51:00","flight":"IB424"},{"day":2,"utc":"13:47:00","flight":"IB735"},{"day":2,"utc":"05:14:00","flight":"IB087"},{"day":2,"utc":"04:55:00","flight":"IB302"},{"day":2,"utc":"18:43:00","flight":"IB830"},{"day":3,"utc":"17:51:00","flight":"IB995"},{"day":3,"utc":"06:58:00","flight":"IB320"},{"day":3,"utc":"18:09:00","flight":"IB584"},{"day":4,"utc":"16:25:00","flight":"IB052"},{"day":4,"utc":"17:53:00","flight":"IB486"},{"day":4,"utc":"15:42:00","flight":"IB452"},{"day":4,"utc":"12:44:00","flight":"IB402"},{"day":5,"utc":"19:36:00","flight":"IB458"},{"day":5,"utc":"11:23:00","flight":"IB405"},{"day":5,"utc":"05:58:00","flight":"IB471"},{"day":5,"utc":"17:26:00","flight":"IB397"},{"day":5,"utc":"21:06:00","flight":"IB482"},{"day":6,"utc":"07:58:00","flight":"IB791"},{"day":6,"utc":"00:46:00","flight":"IB404"},{"day":6,"utc":"22:03:00","flight":"IB373"},{"day":6,"utc":"06:35:00","flight":"IB062"}]}