{"id":5910,"type":"route","airline":"AA","airlineid":"airline_24","sourceairport":"LIR","destinationairport":"SJO","stops":0,"equipment":null,"schedule":[{"day":0,"utc":"04:29:00","flight":"AA353"},{"day":0,"utc":"18:36:00","flight":"AA561"},{"day":0,"utc":"00:02:00","flight":"AA739"},{"day":0,"utc":"04:17:00","flight":"AA887"},{"day":0,"utc":"06:50:00","flight":"AA917"},{"day":1,"utc":"22:06:00","flight":"AA128"},{"day":1,"utc":"05:33:00","flight":"AA771"},{"day":1,"utc":"05:27:00","flight":"AA672"},{"day":2,"utc":"03:48:00","flight":"AA300"},{"day":2,"utc":"20:59:00","flight":"AA391"},{"day":2,"utc":"04:26:00","flight":"AA614"},{"day":2,"utc":"12:58:00","flight":"AA469"},{"day":3,"utc":"04:36:00","flight":"AA044"},{"day":3,"utc":"09:48:00","flight":"AA750"},{"day":3,"utc":"17:41:00","flight":"AA734"},{"day":3,"utc":"08:32:00","flight":"AA004"},{"day":4,"utc":"13:13:00","flight":"AA631"},{"day":5,"utc":"17:53:00","flight":"AA861"},{"day":6,"utc":"05:02:00","flight":"AA810"}],"distance":160.60518964672454}