{"id":21659,"type":"route","airline":"DL","airlineid":"airline_2009","sourceairport":"RIC","destinationairport":"BOS","stops":0,"equipment":"CR9 CR7","schedule":[{"day":0,"utc":"19:34:00","flight":"DL823"},{"day":0,"utc":"20:19:00","flight":"DL774"},{"day":1,"utc":"20:23:00","flight":"DL372"},{"day":2,"utc":"14:25:00","flight":"DL019"},{"day":2,"utc":"07:45:00","flight":"DL401"},{"day":2,"utc":"16:52:00","flight":"DL560"},{"day":2,"utc":"13:45:00","flight":"DL450"},{"day":3,"utc":"05:59:00","flight":"DL844"},{"day":3,"utc":"22:40:00","flight":"DL378"},{"day":3,"utc":"22:52:00","flight":"DL535"},{"day":3,"utc":"05:37:00","flight":"DL912"},{"day":4,"utc":"14:30:00","flight":"DL622"},{"day":4,"utc":"09:46:00","flight":"DL675"},{"day":4,"utc":"19:13:00","flight":"DL071"},{"day":4,"utc":"16:40:00","flight":"DL880"},{"day":4,"utc":"00:23:00","flight":"DL661"},{"day":5,"utc":"06:06:00","flight":"DL830"},{"day":5,"utc":"16:59:00","flight":"DL933"},{"day":6,"utc":"06:34:00","flight":"DL180"},{"day":6,"utc":"07:55:00","flight":"DL694"},{"day":6,"utc":"18:11:00","flight":"DL209"},{"day":6,"utc":"09:29:00","flight":"DL600"},{"day":6,"utc":"10:06:00","flight":"DL570"}],"distance":762.3238897481024}