{"id":54968,"type":"route","airline":"U2","airlineid":"airline_2297","sourceairport":"LGW","destinationairport":"LIS","stops":0,"equipment":"319 320","schedule":[{"day":0,"utc":"00:56:00","flight":"U2684"},{"day":0,"utc":"04:06:00","flight":"U2345"},{"day":0,"utc":"15:04:00","flight":"U2479"},{"day":0,"utc":"08:20:00","flight":"U2730"},{"day":0,"utc":"17:03:00","flight":"U2096"},{"day":1,"utc":"20:46:00","flight":"U2859"},{"day":2,"utc":"06:55:00","flight":"U2997"},{"day":2,"utc":"14:41:00","flight":"U2083"},{"day":2,"utc":"04:46:00","flight":"U2455"},{"day":3,"utc":"09:22:00","flight":"U2243"},{"day":3,"utc":"06:10:00","flight":"U2954"},{"day":3,"utc":"05:37:00","flight":"U2000"},{"day":3,"utc":"15:30:00","flight":"U2378"},{"day":3,"utc":"09:30:00","flight":"U2864"},{"day":4,"utc":"03:47:00","flight":"U2213"},{"day":4,"utc":"15:22:00","flight":"U2108"},{"day":4,"utc":"02:19:00","flight":"U2022"},{"day":4,"utc":"17:31:00","flight":"U2678"},{"day":5,"utc":"00:30:00","flight":"U2113"},{"day":6,"utc":"01:29:00","flight":"U2392"},{"day":6,"utc":"06:57:00","flight":"U2331"},{"day":6,"utc":"06:38:00","flight":"U2586"},{"day":6,"utc":"12:49:00","flight":"U2428"},{"day":6,"utc":"09:05:00","flight":"U2133"}]}