{"id":56607,"type":"route","airline":"UA","airlineid":"airline_5209","sourceairport":"IAD","destinationairport":"BRU","stops":0,"equipment":"777 332","schedule":[{"day":0,"utc":"05:11:00","flight":"UA542"},{"day":0,"utc":"14:31:00","flight":"UA954"},{"day":0,"utc":"14:41:00","flight":"UA895"},{"day":1,"utc":"23:46:00","flight":"UA724"},{"day":1,"utc":"18:33:00","flight":"UA834"},{"day":1,"utc":"19:42:00","flight":"UA341"},{"day":2,"utc":"02:10:00","flight":"UA452"},{"day":2,"utc":"01:30:00","flight":"UA757"},{"day":3,"utc":"14:23:00","flight":"UA840"},{"day":4,"utc":"06:12:00","flight":"UA338"},{"day":4,"utc":"16:41:00","flight":"UA042"},{"day":4,"utc":"08:02:00","flight":"UA983"},{"day":4,"utc":"20:42:00","flight":"UA059"},{"day":4,"utc":"20:14:00","flight":"UA637"},{"day":5,"utc":"06:26:00","flight":"UA524"},{"day":5,"utc":"16:41:00","flight":"UA881"},{"day":5,"utc":"01:39:00","flight":"UA387"},{"day":5,"utc":"08:20:00","flight":"UA405"},{"day":6,"utc":"16:27:00","flight":"UA957"}],"distance":6246.991716401947}