{"id":6405,"type":"route","airline":"AA","airlineid":"airline_24","sourceairport":"PHL","destinationairport":"AUA","stops":0,"equipment":"320","schedule":[{"day":0,"utc":"05:53:00","flight":"AA037"},{"day":0,"utc":"05:36:00","flight":"AA368"},{"day":0,"utc":"15:42:00","flight":"AA025"},{"day":1,"utc":"10:04:00","flight":"AA983"},{"day":1,"utc":"20:22:00","flight":"AA018"},{"day":1,"utc":"08:32:00","flight":"AA083"},{"day":1,"utc":"15:34:00","flight":"AA236"},{"day":2,"utc":"00:23:00","flight":"AA851"},{"day":2,"utc":"16:01:00","flight":"AA247"},{"day":3,"utc":"18:16:00","flight":"AA196"},{"day":3,"utc":"16:50:00","flight":"AA668"},{"day":3,"utc":"04:03:00","flight":"AA438"},{"day":3,"utc":"06:40:00","flight":"AA102"},{"day":4,"utc":"15:16:00","flight":"AA896"},{"day":5,"utc":"19:26:00","flight":"AA248"},{"day":5,"utc":"03:56:00","flight":"AA368"},{"day":5,"utc":"00:28:00","flight":"AA840"},{"day":6,"utc":"02:59:00","flight":"AA973"},{"day":6,"utc":"19:13:00","flight":"AA961"},{"day":6,"utc":"07:39:00","flight":"AA217"},{"day":6,"utc":"23:10:00","flight":"AA000"}],"distance":3086.3489323962963}