{"id":39352,"type":"route","airline":"LS","airlineid":"airline_3026","sourceairport":"IBZ","destinationairport":"NCL","stops":0,"equipment":"733","schedule":[{"day":0,"utc":"13:51:00","flight":"LS499"},{"day":1,"utc":"22:30:00","flight":"LS945"},{"day":1,"utc":"06:06:00","flight":"LS766"},{"day":2,"utc":"22:57:00","flight":"LS583"},{"day":2,"utc":"07:49:00","flight":"LS966"},{"day":3,"utc":"23:29:00","flight":"LS672"},{"day":4,"utc":"17:16:00","flight":"LS714"},{"day":4,"utc":"13:41:00","flight":"LS078"},{"day":4,"utc":"17:51:00","flight":"LS174"},{"day":4,"utc":"14:11:00","flight":"LS187"},{"day":4,"utc":"15:47:00","flight":"LS433"},{"day":5,"utc":"10:18:00","flight":"LS547"},{"day":6,"utc":"05:40:00","flight":"LS895"},{"day":6,"utc":"08:00:00","flight":"LS769"},{"day":6,"utc":"03:40:00","flight":"LS145"}],"distance":1811.9714394615964}