{"id":25522,"type":"route","airline":"FL","airlineid":"airline_1316","sourceairport":"STL","destinationairport":"DEN","stops":0,"equipment":"73C","schedule":[{"day":0,"utc":"04:05:00","flight":"FL259"},{"day":0,"utc":"22:29:00","flight":"FL596"},{"day":0,"utc":"09:27:00","flight":"FL403"},{"day":0,"utc":"01:47:00","flight":"FL670"},{"day":1,"utc":"19:40:00","flight":"FL614"},{"day":1,"utc":"18:38:00","flight":"FL599"},{"day":1,"utc":"00:07:00","flight":"FL231"},{"day":2,"utc":"09:16:00","flight":"FL136"},{"day":2,"utc":"21:31:00","flight":"FL905"},{"day":3,"utc":"08:57:00","flight":"FL677"},{"day":3,"utc":"09:08:00","flight":"FL478"},{"day":3,"utc":"02:06:00","flight":"FL447"},{"day":3,"utc":"00:04:00","flight":"FL465"},{"day":3,"utc":"05:14:00","flight":"FL921"},{"day":4,"utc":"11:33:00","flight":"FL894"},{"day":4,"utc":"18:18:00","flight":"FL692"},{"day":4,"utc":"19:49:00","flight":"FL780"},{"day":5,"utc":"07:11:00","flight":"FL473"},{"day":5,"utc":"14:16:00","flight":"FL870"},{"day":5,"utc":"06:30:00","flight":"FL619"},{"day":6,"utc":"12:43:00","flight":"FL160"},{"day":6,"utc":"00:44:00","flight":"FL426"},{"day":6,"utc":"06:21:00","flight":"FL130"},{"day":6,"utc":"01:29:00","flight":"FL634"},{"day":6,"utc":"02:00:00","flight":"FL053"}],"distance":1235.5222538667774}