{"id":63653,"type":"route","airline":"WN","airlineid":"airline_4547","sourceairport":"CLT","destinationairport":"HOU","stops":0,"equipment":"733 73W","schedule":[{"day":0,"utc":"14:28:00","flight":"WN840"},{"day":0,"utc":"12:43:00","flight":"WN460"},{"day":1,"utc":"07:50:00","flight":"WN038"},{"day":1,"utc":"23:40:00","flight":"WN633"},{"day":2,"utc":"10:54:00","flight":"WN695"},{"day":2,"utc":"21:51:00","flight":"WN857"},{"day":2,"utc":"03:49:00","flight":"WN259"},{"day":2,"utc":"14:02:00","flight":"WN066"},{"day":3,"utc":"14:26:00","flight":"WN608"},{"day":3,"utc":"17:59:00","flight":"WN352"},{"day":3,"utc":"18:23:00","flight":"WN989"},{"day":4,"utc":"23:09:00","flight":"WN954"},{"day":4,"utc":"00:01:00","flight":"WN099"},{"day":5,"utc":"10:25:00","flight":"WN844"},{"day":5,"utc":"11:03:00","flight":"WN755"},{"day":5,"utc":"16:06:00","flight":"WN818"},{"day":5,"utc":"01:03:00","flight":"WN412"},{"day":5,"utc":"23:49:00","flight":"WN029"},{"day":6,"utc":"04:57:00","flight":"WN493"},{"day":6,"utc":"22:46:00","flight":"WN863"},{"day":6,"utc":"08:29:00","flight":"WN759"},{"day":6,"utc":"14:35:00","flight":"WN930"}],"distance":1479.124852130924}