{"id":54035,"type":"route","airline":"TS","airlineid":"airline_1317","sourceairport":"YYZ","destinationairport":"CDG","stops":0,"equipment":"330","schedule":[{"day":0,"utc":"11:29:00","flight":"TS069"},{"day":1,"utc":"18:23:00","flight":"TS731"},{"day":1,"utc":"16:58:00","flight":"TS904"},{"day":1,"utc":"02:51:00","flight":"TS622"},{"day":2,"utc":"09:51:00","flight":"TS682"},{"day":2,"utc":"17:03:00","flight":"TS266"},{"day":2,"utc":"14:18:00","flight":"TS937"},{"day":2,"utc":"18:34:00","flight":"TS059"},{"day":2,"utc":"05:40:00","flight":"TS763"},{"day":3,"utc":"10:32:00","flight":"TS344"},{"day":3,"utc":"16:31:00","flight":"TS411"},{"day":4,"utc":"12:38:00","flight":"TS196"},{"day":4,"utc":"07:16:00","flight":"TS209"},{"day":4,"utc":"18:06:00","flight":"TS414"},{"day":5,"utc":"22:26:00","flight":"TS969"},{"day":5,"utc":"12:47:00","flight":"TS694"},{"day":5,"utc":"04:59:00","flight":"TS951"},{"day":5,"utc":"11:12:00","flight":"TS203"},{"day":6,"utc":"11:18:00","flight":"TS360"},{"day":6,"utc":"05:17:00","flight":"TS163"},{"day":6,"utc":"08:56:00","flight":"TS532"},{"day":6,"utc":"04:10:00","flight":"TS493"},{"day":6,"utc":"06:01:00","flight":"TS742"}]}