{"id":11852,"type":"route","airline":"AS","airlineid":"airline_439","sourceairport":"PHL","destinationairport":"SEA","stops":0,"equipment":"73J 73H","schedule":[{"day":0,"utc":"12:17:00","flight":"AS934"},{"day":0,"utc":"16:26:00","flight":"AS418"},{"day":0,"utc":"23:09:00","flight":"AS894"},{"day":0,"utc":"13:07:00","flight":"AS971"},{"day":0,"utc":"08:28:00","flight":"AS497"},{"day":1,"utc":"13:05:00","flight":"AS373"},{"day":1,"utc":"07:35:00","flight":"AS550"},{"day":1,"utc":"18:52:00","flight":"AS222"},{"day":2,"utc":"17:52:00","flight":"AS396"},{"day":2,"utc":"13:28:00","flight":"AS953"},{"day":2,"utc":"04:21:00","flight":"AS468"},{"day":2,"utc":"06:27:00","flight":"AS618"},{"day":2,"utc":"04:13:00","flight":"AS590"},{"day":3,"utc":"04:28:00","flight":"AS440"},{"day":3,"utc":"18:23:00","flight":"AS489"},{"day":3,"utc":"06:02:00","flight":"AS566"},{"day":3,"utc":"15:46:00","flight":"AS254"},{"day":4,"utc":"14:06:00","flight":"AS127"},{"day":4,"utc":"08:16:00","flight":"AS930"},{"day":4,"utc":"16:20:00","flight":"AS620"},{"day":5,"utc":"13:53:00","flight":"AS863"},{"day":6,"utc":"06:30:00","flight":"AS998"}]}