{"id":25079,"type":"route","airline":"FL","airlineid":"airline_1316","sourceairport":"FLL","destinationairport":"ATL","stops":0,"equipment":"717","schedule":[{"day":0,"utc":"07:36:00","flight":"FL100"},{"day":0,"utc":"19:58:00","flight":"FL990"},{"day":0,"utc":"20:59:00","flight":"FL875"},{"day":0,"utc":"12:32:00","flight":"FL961"},{"day":1,"utc":"18:46:00","flight":"FL938"},{"day":1,"utc":"02:02:00","flight":"FL475"},{"day":2,"utc":"00:13:00","flight":"FL409"},{"day":2,"utc":"02:11:00","flight":"FL976"},{"day":3,"utc":"14:10:00","flight":"FL512"},{"day":3,"utc":"13:17:00","flight":"FL046"},{"day":4,"utc":"03:49:00","flight":"FL729"},{"day":4,"utc":"00:43:00","flight":"FL815"},{"day":4,"utc":"15:04:00","flight":"FL419"},{"day":4,"utc":"16:58:00","flight":"FL950"},{"day":4,"utc":"08:23:00","flight":"FL177"},{"day":5,"utc":"08:56:00","flight":"FL800"},{"day":5,"utc":"11:14:00","flight":"FL174"},{"day":5,"utc":"20:50:00","flight":"FL096"},{"day":6,"utc":"15:58:00","flight":"FL339"}],"distance":936.4413803424311}