{"id":45749,"type":"route","airline":"PK","airlineid":"airline_3871","sourceairport":"BHX","destinationairport":"ISB","stops":0,"equipment":"777","schedule":[{"day":0,"utc":"05:02:00","flight":"PK592"},{"day":1,"utc":"08:14:00","flight":"PK881"},{"day":1,"utc":"12:16:00","flight":"PK452"},{"day":1,"utc":"22:36:00","flight":"PK141"},{"day":2,"utc":"08:53:00","flight":"PK513"},{"day":2,"utc":"12:57:00","flight":"PK010"},{"day":2,"utc":"09:48:00","flight":"PK746"},{"day":2,"utc":"01:07:00","flight":"PK821"},{"day":3,"utc":"12:47:00","flight":"PK471"},{"day":4,"utc":"07:34:00","flight":"PK757"},{"day":4,"utc":"02:13:00","flight":"PK438"},{"day":4,"utc":"15:20:00","flight":"PK798"},{"day":4,"utc":"14:28:00","flight":"PK409"},{"day":4,"utc":"23:37:00","flight":"PK662"},{"day":5,"utc":"05:22:00","flight":"PK620"},{"day":5,"utc":"15:42:00","flight":"PK581"},{"day":6,"utc":"23:48:00","flight":"PK883"},{"day":6,"utc":"19:49:00","flight":"PK528"}]}