{"id":50626,"type":"route","airline":"SS","airlineid":"airline_1908","sourceairport":"ABJ","destinationairport":"ORY","stops":0,"equipment":"333","schedule":[{"day":0,"utc":"22:09:00","flight":"SS445"},{"day":0,"utc":"07:05:00","flight":"SS903"},{"day":0,"utc":"01:44:00","flight":"SS530"},{"day":1,"utc":"09:09:00","flight":"SS536"},{"day":1,"utc":"14:57:00","flight":"SS381"},{"day":1,"utc":"01:23:00","flight":"SS436"},{"day":1,"utc":"23:33:00","flight":"SS880"},{"day":2,"utc":"16:37:00","flight":"SS298"},{"day":2,"utc":"04:48:00","flight":"SS488"},{"day":2,"utc":"05:07:00","flight":"SS839"},{"day":3,"utc":"07:23:00","flight":"SS208"},{"day":3,"utc":"05:17:00","flight":"SS873"},{"day":3,"utc":"12:23:00","flight":"SS110"},{"day":3,"utc":"22:57:00","flight":"SS454"},{"day":3,"utc":"13:29:00","flight":"SS011"},{"day":4,"utc":"16:36:00","flight":"SS831"},{"day":4,"utc":"04:34:00","flight":"SS848"},{"day":5,"utc":"08:38:00","flight":"SS443"},{"day":5,"utc":"00:40:00","flight":"SS459"},{"day":6,"utc":"08:54:00","flight":"SS740"},{"day":6,"utc":"08:29:00","flight":"SS243"},{"day":6,"utc":"15:47:00","flight":"SS599"},{"day":6,"utc":"19:50:00","flight":"SS046"},{"day":6,"utc":"18:26:00","flight":"SS612"}]}