{"id":20731,"type":"route","airline":"DL","airlineid":"airline_2009","sourceairport":"EZE","destinationairport":"ATL","stops":0,"equipment":"76W","schedule":[{"day":0,"utc":"02:43:00","flight":"DL962"},{"day":0,"utc":"17:25:00","flight":"DL161"},{"day":1,"utc":"19:43:00","flight":"DL553"},{"day":1,"utc":"14:13:00","flight":"DL539"},{"day":2,"utc":"01:01:00","flight":"DL630"},{"day":2,"utc":"20:38:00","flight":"DL740"},{"day":2,"utc":"14:41:00","flight":"DL458"},{"day":3,"utc":"07:41:00","flight":"DL351"},{"day":3,"utc":"18:08:00","flight":"DL686"},{"day":3,"utc":"23:38:00","flight":"DL339"},{"day":3,"utc":"06:27:00","flight":"DL969"},{"day":4,"utc":"10:21:00","flight":"DL830"},{"day":5,"utc":"12:28:00","flight":"DL383"},{"day":5,"utc":"11:16:00","flight":"DL076"},{"day":5,"utc":"21:06:00","flight":"DL625"},{"day":5,"utc":"02:34:00","flight":"DL890"},{"day":6,"utc":"02:15:00","flight":"DL037"},{"day":6,"utc":"15:54:00","flight":"DL293"},{"day":6,"utc":"04:28:00","flight":"DL282"},{"day":6,"utc":"21:50:00","flight":"DL561"},{"day":6,"utc":"20:35:00","flight":"DL227"}],"distance":8075.972094560452}