{"id":4679,"type":"route","airline":"AA","airlineid":"airline_24","sourceairport":"ALO","destinationairport":"ORD","stops":0,"equipment":"ERD","schedule":[{"day":0,"utc":"21:49:00","flight":"AA735"},{"day":1,"utc":"04:53:00","flight":"AA928"},{"day":1,"utc":"22:35:00","flight":"AA733"},{"day":1,"utc":"22:23:00","flight":"AA926"},{"day":1,"utc":"19:51:00","flight":"AA812"},{"day":1,"utc":"05:19:00","flight":"AA583"},{"day":2,"utc":"12:10:00","flight":"AA975"},{"day":2,"utc":"06:46:00","flight":"AA676"},{"day":2,"utc":"10:12:00","flight":"AA996"},{"day":2,"utc":"12:14:00","flight":"AA954"},{"day":3,"utc":"17:00:00","flight":"AA788"},{"day":3,"utc":"08:09:00","flight":"AA359"},{"day":4,"utc":"12:03:00","flight":"AA421"},{"day":4,"utc":"14:33:00","flight":"AA365"},{"day":4,"utc":"19:30:00","flight":"AA123"},{"day":5,"utc":"18:03:00","flight":"AA837"},{"day":5,"utc":"01:41:00","flight":"AA314"},{"day":5,"utc":"23:38:00","flight":"AA523"},{"day":5,"utc":"08:17:00","flight":"AA908"},{"day":6,"utc":"17:06:00","flight":"AA987"},{"day":6,"utc":"14:29:00","flight":"AA847"}]}