{"id":27165,"type":"route","airline":"FR","airlineid":"airline_4296","sourceairport":"LPL","destinationairport":"BCN","stops":0,"equipment":"738","schedule":[{"day":0,"utc":"04:57:00","flight":"FR102"},{"day":0,"utc":"18:48:00","flight":"FR525"},{"day":0,"utc":"15:06:00","flight":"FR408"},{"day":0,"utc":"10:56:00","flight":"FR098"},{"day":0,"utc":"08:23:00","flight":"FR274"},{"day":1,"utc":"07:11:00","flight":"FR780"},{"day":1,"utc":"20:21:00","flight":"FR171"},{"day":1,"utc":"10:03:00","flight":"FR306"},{"day":1,"utc":"20:55:00","flight":"FR078"},{"day":2,"utc":"13:31:00","flight":"FR591"},{"day":2,"utc":"09:54:00","flight":"FR613"},{"day":2,"utc":"03:28:00","flight":"FR909"},{"day":2,"utc":"11:22:00","flight":"FR438"},{"day":2,"utc":"10:43:00","flight":"FR899"},{"day":3,"utc":"13:38:00","flight":"FR362"},{"day":3,"utc":"13:32:00","flight":"FR146"},{"day":3,"utc":"01:06:00","flight":"FR554"},{"day":3,"utc":"01:42:00","flight":"FR392"},{"day":3,"utc":"17:54:00","flight":"FR871"},{"day":4,"utc":"23:18:00","flight":"FR984"},{"day":4,"utc":"04:19:00","flight":"FR329"},{"day":4,"utc":"03:25:00","flight":"FR584"},{"day":4,"utc":"04:32:00","flight":"FR469"},{"day":5,"utc":"17:31:00","flight":"FR806"},{"day":6,"utc":"07:23:00","flight":"FR561"},{"day":6,"utc":"08:15:00","flight":"FR284"},{"day":6,"utc":"13:25:00","flight":"FR571"},{"day":6,"utc":"21:22:00","flight":"FR353"}]}