{"id":14458,"type":"route","airline":"BA","airlineid":"airline_1355","sourceairport":"BRU","destinationairport":"LHR","stops":0,"equipment":"319 320 321","schedule":[{"day":0,"utc":"20:06:00","flight":"BA015"},{"day":0,"utc":"18:54:00","flight":"BA294"},{"day":0,"utc":"00:40:00","flight":"BA380"},{"day":0,"utc":"07:46:00","flight":"BA525"},{"day":0,"utc":"22:05:00","flight":"BA510"},{"day":1,"utc":"10:04:00","flight":"BA487"},{"day":1,"utc":"06:03:00","flight":"BA347"},{"day":1,"utc":"02:26:00","flight":"BA408"},{"day":2,"utc":"11:20:00","flight":"BA950"},{"day":2,"utc":"22:39:00","flight":"BA979"},{"day":2,"utc":"13:36:00","flight":"BA353"},{"day":2,"utc":"03:17:00","flight":"BA934"},{"day":2,"utc":"07:00:00","flight":"BA256"},{"day":3,"utc":"11:53:00","flight":"BA234"},{"day":3,"utc":"09:21:00","flight":"BA575"},{"day":4,"utc":"13:57:00","flight":"BA244"},{"day":5,"utc":"05:55:00","flight":"BA449"},{"day":5,"utc":"18:00:00","flight":"BA012"},{"day":5,"utc":"10:11:00","flight":"BA297"},{"day":5,"utc":"19:02:00","flight":"BA725"},{"day":5,"utc":"03:15:00","flight":"BA445"},{"day":6,"utc":"22:20:00","flight":"BA101"},{"day":6,"utc":"05:52:00","flight":"BA757"},{"day":6,"utc":"19:38:00","flight":"BA792"}]}