{"id":56173,"type":"route","airline":"UA","airlineid":"airline_5209","sourceairport":"DEN","destinationairport":"PHL","stops":0,"equipment":"320 738 739 319","schedule":[{"day":0,"utc":"07:52:00","flight":"UA415"},{"day":0,"utc":"17:42:00","flight":"UA529"},{"day":0,"utc":"03:44:00","flight":"UA516"},{"day":0,"utc":"03:31:00","flight":"UA790"},{"day":1,"utc":"16:07:00","flight":"UA214"},{"day":1,"utc":"16:54:00","flight":"UA104"},{"day":2,"utc":"05:03:00","flight":"UA949"},{"day":3,"utc":"11:14:00","flight":"UA636"},{"day":3,"utc":"10:54:00","flight":"UA259"},{"day":3,"utc":"00:15:00","flight":"UA116"},{"day":3,"utc":"13:16:00","flight":"UA302"},{"day":4,"utc":"15:00:00","flight":"UA872"},{"day":5,"utc":"20:45:00","flight":"UA616"},{"day":5,"utc":"16:08:00","flight":"UA355"},{"day":6,"utc":"17:58:00","flight":"UA774"},{"day":6,"utc":"07:30:00","flight":"UA747"},{"day":6,"utc":"15:33:00","flight":"UA816"},{"day":6,"utc":"17:39:00","flight":"UA522"}]}