{"id":30231,"type":"route","airline":"GS","airlineid":"airline_690","sourceairport":"HAK","destinationairport":"CGD","stops":0,"equipment":"E90","schedule":[{"day":0,"utc":"15:22:00","flight":"GS696"},{"day":0,"utc":"13:38:00","flight":"GS099"},{"day":1,"utc":"02:15:00","flight":"GS952"},{"day":1,"utc":"00:30:00","flight":"GS480"},{"day":1,"utc":"14:45:00","flight":"GS883"},{"day":1,"utc":"09:03:00","flight":"GS920"},{"day":1,"utc":"21:18:00","flight":"GS465"},{"day":2,"utc":"04:41:00","flight":"GS423"},{"day":2,"utc":"22:12:00","flight":"GS763"},{"day":2,"utc":"15:42:00","flight":"GS466"},{"day":2,"utc":"21:18:00","flight":"GS911"},{"day":3,"utc":"14:26:00","flight":"GS592"},{"day":3,"utc":"11:49:00","flight":"GS909"},{"day":4,"utc":"19:10:00","flight":"GS166"},{"day":5,"utc":"14:50:00","flight":"GS292"},{"day":5,"utc":"07:48:00","flight":"GS720"},{"day":6,"utc":"06:01:00","flight":"GS263"},{"day":6,"utc":"14:09:00","flight":"GS402"}]}