{"id":5308,"type":"route","airline":"AA","airlineid":"airline_24","sourceairport":"DFW","destinationairport":"SAT","stops":0,"equipment":"M83 M80","schedule":[{"day":0,"utc":"10:30:00","flight":"AA691"},{"day":0,"utc":"03:36:00","flight":"AA454"},{"day":1,"utc":"16:32:00","flight":"AA168"},{"day":1,"utc":"01:57:00","flight":"AA560"},{"day":1,"utc":"18:01:00","flight":"AA524"},{"day":1,"utc":"17:56:00","flight":"AA209"},{"day":2,"utc":"19:43:00","flight":"AA279"},{"day":2,"utc":"03:33:00","flight":"AA864"},{"day":2,"utc":"10:31:00","flight":"AA940"},{"day":2,"utc":"09:51:00","flight":"AA215"},{"day":2,"utc":"11:53:00","flight":"AA273"},{"day":3,"utc":"15:17:00","flight":"AA403"},{"day":3,"utc":"14:11:00","flight":"AA831"},{"day":3,"utc":"22:46:00","flight":"AA202"},{"day":3,"utc":"04:47:00","flight":"AA031"},{"day":3,"utc":"16:54:00","flight":"AA134"},{"day":4,"utc":"09:32:00","flight":"AA118"},{"day":4,"utc":"10:27:00","flight":"AA318"},{"day":4,"utc":"17:57:00","flight":"AA944"},{"day":4,"utc":"17:52:00","flight":"AA263"},{"day":4,"utc":"17:26:00","flight":"AA993"},{"day":5,"utc":"13:24:00","flight":"AA624"},{"day":5,"utc":"20:51:00","flight":"AA555"},{"day":5,"utc":"00:32:00","flight":"AA482"},{"day":6,"utc":"17:14:00","flight":"AA350"},{"day":6,"utc":"20:25:00","flight":"AA425"},{"day":6,"utc":"18:12:00","flight":"AA457"}],"distance":397.9650201094174}