{"id":7928,"type":"route","airline":"AC","airlineid":"airline_330","sourceairport":"IAD","destinationairport":"YOW","stops":0,"equipment":"ERJ","schedule":[{"day":0,"utc":"16:49:00","flight":"AC264"},{"day":0,"utc":"16:34:00","flight":"AC608"},{"day":0,"utc":"05:30:00","flight":"AC254"},{"day":1,"utc":"08:35:00","flight":"AC323"},{"day":1,"utc":"06:07:00","flight":"AC111"},{"day":1,"utc":"05:05:00","flight":"AC204"},{"day":1,"utc":"09:46:00","flight":"AC342"},{"day":1,"utc":"12:10:00","flight":"AC418"},{"day":2,"utc":"13:21:00","flight":"AC152"},{"day":2,"utc":"13:36:00","flight":"AC112"},{"day":2,"utc":"08:43:00","flight":"AC652"},{"day":2,"utc":"09:05:00","flight":"AC680"},{"day":2,"utc":"07:11:00","flight":"AC084"},{"day":3,"utc":"07:59:00","flight":"AC364"},{"day":3,"utc":"14:22:00","flight":"AC995"},{"day":4,"utc":"21:50:00","flight":"AC938"},{"day":4,"utc":"12:22:00","flight":"AC419"},{"day":4,"utc":"11:07:00","flight":"AC549"},{"day":4,"utc":"00:15:00","flight":"AC898"},{"day":5,"utc":"12:59:00","flight":"AC777"},{"day":5,"utc":"01:26:00","flight":"AC441"},{"day":5,"utc":"04:27:00","flight":"AC255"},{"day":5,"utc":"12:28:00","flight":"AC852"},{"day":5,"utc":"20:27:00","flight":"AC355"},{"day":6,"utc":"11:30:00","flight":"AC376"},{"day":6,"utc":"17:59:00","flight":"AC002"},{"day":6,"utc":"12:54:00","flight":"AC361"},{"day":6,"utc":"22:24:00","flight":"AC852"},{"day":6,"utc":"08:05:00","flight":"AC810"}]}