{"id":57201,"type":"route","airline":"UA","airlineid":"airline_5209","sourceairport":"MUC","destinationairport":"LAX","stops":0,"equipment":"346","schedule":[{"day":0,"utc":"15:20:00","flight":"UA995"},{"day":0,"utc":"14:36:00","flight":"UA824"},{"day":0,"utc":"18:54:00","flight":"UA419"},{"day":1,"utc":"03:42:00","flight":"UA892"},{"day":2,"utc":"14:56:00","flight":"UA931"},{"day":2,"utc":"01:21:00","flight":"UA514"},{"day":2,"utc":"02:55:00","flight":"UA831"},{"day":3,"utc":"07:56:00","flight":"UA143"},{"day":3,"utc":"09:12:00","flight":"UA791"},{"day":3,"utc":"09:38:00","flight":"UA143"},{"day":3,"utc":"17:20:00","flight":"UA688"},{"day":3,"utc":"21:58:00","flight":"UA270"},{"day":4,"utc":"03:01:00","flight":"UA417"},{"day":5,"utc":"10:45:00","flight":"UA368"},{"day":5,"utc":"13:44:00","flight":"UA388"},{"day":6,"utc":"09:09:00","flight":"UA586"}]}