{"id":55443,"type":"route","airline":"U2","airlineid":"airline_2297","sourceairport":"SXF","destinationairport":"MXP","stops":0,"equipment":"320 319","schedule":[{"day":0,"utc":"10:21:00","flight":"U2266"},{"day":0,"utc":"23:55:00","flight":"U2054"},{"day":1,"utc":"02:02:00","flight":"U2773"},{"day":1,"utc":"00:16:00","flight":"U2282"},{"day":1,"utc":"15:04:00","flight":"U2053"},{"day":1,"utc":"06:29:00","flight":"U2191"},{"day":1,"utc":"04:40:00","flight":"U2782"},{"day":2,"utc":"01:02:00","flight":"U2583"},{"day":2,"utc":"02:46:00","flight":"U2957"},{"day":2,"utc":"05:41:00","flight":"U2764"},{"day":2,"utc":"16:02:00","flight":"U2060"},{"day":3,"utc":"14:32:00","flight":"U2609"},{"day":3,"utc":"09:32:00","flight":"U2695"},{"day":3,"utc":"03:32:00","flight":"U2062"},{"day":4,"utc":"08:37:00","flight":"U2825"},{"day":4,"utc":"23:23:00","flight":"U2038"},{"day":4,"utc":"17:43:00","flight":"U2032"},{"day":4,"utc":"18:25:00","flight":"U2186"},{"day":5,"utc":"18:29:00","flight":"U2567"},{"day":6,"utc":"19:02:00","flight":"U2519"},{"day":6,"utc":"20:26:00","flight":"U2971"},{"day":6,"utc":"03:21:00","flight":"U2919"}],"distance":827.5291845786494}