{"id":55447,"type":"route","airline":"U2","airlineid":"airline_2297","sourceairport":"SXF","destinationairport":"ORY","stops":0,"equipment":"320","schedule":[{"day":0,"utc":"12:43:00","flight":"U2116"},{"day":0,"utc":"15:50:00","flight":"U2965"},{"day":0,"utc":"18:08:00","flight":"U2877"},{"day":1,"utc":"20:48:00","flight":"U2097"},{"day":1,"utc":"18:11:00","flight":"U2671"},{"day":1,"utc":"21:55:00","flight":"U2326"},{"day":1,"utc":"22:05:00","flight":"U2520"},{"day":1,"utc":"06:32:00","flight":"U2931"},{"day":2,"utc":"11:55:00","flight":"U2218"},{"day":2,"utc":"01:16:00","flight":"U2366"},{"day":2,"utc":"10:17:00","flight":"U2048"},{"day":3,"utc":"18:09:00","flight":"U2608"},{"day":3,"utc":"07:52:00","flight":"U2658"},{"day":4,"utc":"04:22:00","flight":"U2341"},{"day":4,"utc":"00:14:00","flight":"U2376"},{"day":4,"utc":"06:36:00","flight":"U2748"},{"day":5,"utc":"11:00:00","flight":"U2658"},{"day":5,"utc":"01:52:00","flight":"U2084"},{"day":6,"utc":"23:38:00","flight":"U2425"},{"day":6,"utc":"02:04:00","flight":"U2860"},{"day":6,"utc":"07:36:00","flight":"U2876"},{"day":6,"utc":"01:33:00","flight":"U2745"},{"day":6,"utc":"09:32:00","flight":"U2077"}],"distance":885.9051841711728}