{"id":30640,"type":"route","airline":"HA","airlineid":"airline_2688","sourceairport":"HNL","destinationairport":"PDX","stops":0,"equipment":"332","schedule":[{"day":0,"utc":"01:25:00","flight":"HA467"},{"day":0,"utc":"01:54:00","flight":"HA711"},{"day":1,"utc":"15:30:00","flight":"HA322"},{"day":1,"utc":"00:28:00","flight":"HA211"},{"day":1,"utc":"12:24:00","flight":"HA222"},{"day":1,"utc":"19:25:00","flight":"HA199"},{"day":2,"utc":"04:46:00","flight":"HA098"},{"day":2,"utc":"02:07:00","flight":"HA320"},{"day":3,"utc":"12:10:00","flight":"HA588"},{"day":4,"utc":"02:55:00","flight":"HA248"},{"day":4,"utc":"06:18:00","flight":"HA447"},{"day":4,"utc":"08:55:00","flight":"HA518"},{"day":5,"utc":"22:41:00","flight":"HA103"},{"day":5,"utc":"04:22:00","flight":"HA743"},{"day":5,"utc":"11:12:00","flight":"HA396"},{"day":6,"utc":"02:39:00","flight":"HA482"},{"day":6,"utc":"08:34:00","flight":"HA415"},{"day":6,"utc":"14:52:00","flight":"HA681"},{"day":6,"utc":"23:50:00","flight":"HA488"},{"day":6,"utc":"05:34:00","flight":"HA271"}],"distance":4188.21779416131}