{"id":5461,"type":"route","airline":"AA","airlineid":"airline_24","sourceairport":"GIB","destinationairport":"LHR","stops":0,"equipment":"320","schedule":[{"day":0,"utc":"10:00:00","flight":"AA748"},{"day":0,"utc":"17:09:00","flight":"AA501"},{"day":0,"utc":"05:14:00","flight":"AA822"},{"day":0,"utc":"09:33:00","flight":"AA182"},{"day":0,"utc":"07:31:00","flight":"AA552"},{"day":1,"utc":"11:37:00","flight":"AA093"},{"day":1,"utc":"13:13:00","flight":"AA429"},{"day":1,"utc":"18:04:00","flight":"AA184"},{"day":1,"utc":"14:12:00","flight":"AA681"},{"day":2,"utc":"15:33:00","flight":"AA468"},{"day":3,"utc":"04:47:00","flight":"AA065"},{"day":3,"utc":"15:10:00","flight":"AA473"},{"day":3,"utc":"12:04:00","flight":"AA177"},{"day":3,"utc":"10:41:00","flight":"AA984"},{"day":3,"utc":"22:50:00","flight":"AA150"},{"day":4,"utc":"16:44:00","flight":"AA052"},{"day":4,"utc":"18:03:00","flight":"AA919"},{"day":4,"utc":"23:25:00","flight":"AA762"},{"day":4,"utc":"19:47:00","flight":"AA349"},{"day":4,"utc":"23:06:00","flight":"AA551"},{"day":5,"utc":"09:41:00","flight":"AA408"},{"day":5,"utc":"20:28:00","flight":"AA389"},{"day":5,"utc":"06:20:00","flight":"AA700"},{"day":5,"utc":"03:30:00","flight":"AA537"},{"day":6,"utc":"22:12:00","flight":"AA455"},{"day":6,"utc":"21:28:00","flight":"AA727"},{"day":6,"utc":"14:42:00","flight":"AA694"},{"day":6,"utc":"20:08:00","flight":"AA081"}]}