{"id":36570,"type":"route","airline":"KL","airlineid":"airline_3090","sourceairport":"CVG","destinationairport":"ATL","stops":0,"equipment":"M88 738 319","schedule":[{"day":0,"utc":"19:07:00","flight":"KL366"},{"day":0,"utc":"20:51:00","flight":"KL948"},{"day":0,"utc":"06:23:00","flight":"KL642"},{"day":1,"utc":"11:35:00","flight":"KL735"},{"day":2,"utc":"09:02:00","flight":"KL253"},{"day":2,"utc":"20:04:00","flight":"KL753"},{"day":2,"utc":"05:51:00","flight":"KL298"},{"day":2,"utc":"18:34:00","flight":"KL529"},{"day":3,"utc":"00:51:00","flight":"KL222"},{"day":3,"utc":"10:24:00","flight":"KL033"},{"day":3,"utc":"03:28:00","flight":"KL365"},{"day":4,"utc":"02:38:00","flight":"KL521"},{"day":4,"utc":"03:48:00","flight":"KL742"},{"day":5,"utc":"03:51:00","flight":"KL569"},{"day":5,"utc":"14:50:00","flight":"KL497"},{"day":5,"utc":"14:36:00","flight":"KL225"},{"day":5,"utc":"01:14:00","flight":"KL553"},{"day":5,"utc":"07:47:00","flight":"KL082"},{"day":6,"utc":"04:23:00","flight":"KL320"}],"distance":602.1822072210955}