{"id":50642,"type":"route","airline":"SS","airlineid":"airline_1908","sourceairport":"ORY","destinationairport":"SXM","stops":0,"equipment":"332","schedule":[{"day":0,"utc":"21:43:00","flight":"SS366"},{"day":0,"utc":"23:21:00","flight":"SS649"},{"day":0,"utc":"23:39:00","flight":"SS773"},{"day":0,"utc":"23:32:00","flight":"SS984"},{"day":0,"utc":"05:27:00","flight":"SS563"},{"day":1,"utc":"04:40:00","flight":"SS637"},{"day":1,"utc":"04:04:00","flight":"SS700"},{"day":2,"utc":"01:15:00","flight":"SS517"},{"day":2,"utc":"03:04:00","flight":"SS440"},{"day":2,"utc":"12:58:00","flight":"SS575"},{"day":2,"utc":"10:04:00","flight":"SS652"},{"day":3,"utc":"18:58:00","flight":"SS147"},{"day":3,"utc":"21:49:00","flight":"SS661"},{"day":3,"utc":"12:23:00","flight":"SS928"},{"day":4,"utc":"16:36:00","flight":"SS190"},{"day":4,"utc":"01:51:00","flight":"SS806"},{"day":4,"utc":"18:46:00","flight":"SS132"},{"day":4,"utc":"10:33:00","flight":"SS521"},{"day":5,"utc":"12:05:00","flight":"SS946"},{"day":5,"utc":"08:26:00","flight":"SS289"},{"day":5,"utc":"18:48:00","flight":"SS987"},{"day":6,"utc":"02:44:00","flight":"SS050"},{"day":6,"utc":"16:32:00","flight":"SS723"}],"distance":6721.7491813165725}