{"id":61825,"type":"route","airline":"VS","airlineid":"airline_5347","sourceairport":"RSW","destinationairport":"ATL","stops":0,"equipment":"M90 757 M88","schedule":[{"day":0,"utc":"04:08:00","flight":"VS969"},{"day":0,"utc":"14:05:00","flight":"VS865"},{"day":1,"utc":"15:22:00","flight":"VS474"},{"day":1,"utc":"13:17:00","flight":"VS048"},{"day":1,"utc":"16:31:00","flight":"VS597"},{"day":2,"utc":"05:39:00","flight":"VS301"},{"day":2,"utc":"18:55:00","flight":"VS788"},{"day":3,"utc":"07:01:00","flight":"VS385"},{"day":3,"utc":"00:50:00","flight":"VS604"},{"day":3,"utc":"09:12:00","flight":"VS775"},{"day":4,"utc":"22:28:00","flight":"VS207"},{"day":4,"utc":"06:45:00","flight":"VS110"},{"day":4,"utc":"11:15:00","flight":"VS500"},{"day":4,"utc":"00:14:00","flight":"VS513"},{"day":4,"utc":"19:46:00","flight":"VS532"},{"day":5,"utc":"09:51:00","flight":"VS616"},{"day":5,"utc":"00:26:00","flight":"VS493"},{"day":5,"utc":"01:52:00","flight":"VS423"},{"day":6,"utc":"03:56:00","flight":"VS456"},{"day":6,"utc":"23:50:00","flight":"VS957"}]}