{"id":27138,"type":"route","airline":"FR","airlineid":"airline_4296","sourceairport":"LPA","destinationairport":"BHX","stops":0,"equipment":"738","schedule":[{"day":0,"utc":"17:19:00","flight":"FR793"},{"day":0,"utc":"22:10:00","flight":"FR634"},{"day":0,"utc":"02:27:00","flight":"FR724"},{"day":0,"utc":"17:08:00","flight":"FR152"},{"day":0,"utc":"14:33:00","flight":"FR445"},{"day":1,"utc":"19:01:00","flight":"FR816"},{"day":1,"utc":"13:47:00","flight":"FR077"},{"day":2,"utc":"03:07:00","flight":"FR964"},{"day":2,"utc":"16:42:00","flight":"FR714"},{"day":2,"utc":"11:53:00","flight":"FR520"},{"day":2,"utc":"02:46:00","flight":"FR529"},{"day":3,"utc":"11:19:00","flight":"FR273"},{"day":3,"utc":"14:06:00","flight":"FR257"},{"day":4,"utc":"02:14:00","flight":"FR865"},{"day":4,"utc":"10:36:00","flight":"FR296"},{"day":5,"utc":"09:30:00","flight":"FR565"},{"day":5,"utc":"23:33:00","flight":"FR867"},{"day":5,"utc":"17:57:00","flight":"FR555"},{"day":6,"utc":"02:03:00","flight":"FR219"},{"day":6,"utc":"11:52:00","flight":"FR764"}]}