{"id":13926,"type":"route","airline":"B6","airlineid":"airline_3029","sourceairport":"BOS","destinationairport":"EWR","stops":0,"equipment":"E90","schedule":[{"day":0,"utc":"04:26:00","flight":"B6459"},{"day":0,"utc":"10:18:00","flight":"B6034"},{"day":0,"utc":"09:18:00","flight":"B6556"},{"day":1,"utc":"17:09:00","flight":"B6818"},{"day":1,"utc":"22:24:00","flight":"B6250"},{"day":1,"utc":"16:53:00","flight":"B6924"},{"day":1,"utc":"10:33:00","flight":"B6560"},{"day":1,"utc":"16:58:00","flight":"B6818"},{"day":2,"utc":"05:19:00","flight":"B6083"},{"day":2,"utc":"16:36:00","flight":"B6727"},{"day":2,"utc":"08:28:00","flight":"B6789"},{"day":2,"utc":"18:14:00","flight":"B6308"},{"day":3,"utc":"22:39:00","flight":"B6716"},{"day":3,"utc":"22:46:00","flight":"B6347"},{"day":3,"utc":"17:15:00","flight":"B6065"},{"day":3,"utc":"05:44:00","flight":"B6541"},{"day":3,"utc":"20:48:00","flight":"B6564"},{"day":4,"utc":"14:17:00","flight":"B6316"},{"day":4,"utc":"04:48:00","flight":"B6973"},{"day":4,"utc":"03:00:00","flight":"B6810"},{"day":4,"utc":"22:24:00","flight":"B6465"},{"day":4,"utc":"17:06:00","flight":"B6196"},{"day":5,"utc":"09:36:00","flight":"B6279"},{"day":5,"utc":"16:51:00","flight":"B6696"},{"day":5,"utc":"18:09:00","flight":"B6915"},{"day":5,"utc":"09:19:00","flight":"B6269"},{"day":5,"utc":"06:07:00","flight":"B6733"},{"day":6,"utc":"06:51:00","flight":"B6089"},{"day":6,"utc":"13:54:00","flight":"B6300"},{"day":6,"utc":"16:41:00","flight":"B6646"},{"day":6,"utc":"07:15:00","flight":"B6601"},{"day":6,"utc":"13:38:00","flight":"B6612"}],"distance":322.3083883902462}