{"id":24534,"type":"route","airline":"F9","airlineid":"airline_2468","sourceairport":"TTN","destinationairport":"UST","stops":0,"equipment":"319","schedule":[{"day":0,"utc":"20:02:00","flight":"F9164"},{"day":0,"utc":"02:15:00","flight":"F9700"},{"day":0,"utc":"00:03:00","flight":"F9157"},{"day":0,"utc":"14:13:00","flight":"F9828"},{"day":0,"utc":"11:35:00","flight":"F9265"},{"day":1,"utc":"05:56:00","flight":"F9987"},{"day":1,"utc":"00:02:00","flight":"F9278"},{"day":1,"utc":"19:48:00","flight":"F9481"},{"day":2,"utc":"06:45:00","flight":"F9987"},{"day":2,"utc":"12:02:00","flight":"F9356"},{"day":3,"utc":"10:30:00","flight":"F9660"},{"day":3,"utc":"00:31:00","flight":"F9113"},{"day":4,"utc":"07:43:00","flight":"F9030"},{"day":4,"utc":"20:36:00","flight":"F9212"},{"day":4,"utc":"17:08:00","flight":"F9959"},{"day":4,"utc":"10:30:00","flight":"F9983"},{"day":4,"utc":"02:12:00","flight":"F9383"},{"day":5,"utc":"12:31:00","flight":"F9495"},{"day":5,"utc":"17:39:00","flight":"F9029"},{"day":5,"utc":"18:53:00","flight":"F9009"},{"day":6,"utc":"20:05:00","flight":"F9835"},{"day":6,"utc":"11:35:00","flight":"F9469"},{"day":6,"utc":"11:07:00","flight":"F9387"},{"day":6,"utc":"09:14:00","flight":"F9083"},{"day":6,"utc":"10:40:00","flight":"F9866"}],"distance":1290.755573543853}