{"id":21154,"type":"route","airline":"DL","airlineid":"airline_2009","sourceairport":"LGA","destinationairport":"SDF","stops":0,"equipment":"ERJ","schedule":[{"day":0,"utc":"07:36:00","flight":"DL944"},{"day":0,"utc":"02:04:00","flight":"DL800"},{"day":0,"utc":"17:16:00","flight":"DL059"},{"day":0,"utc":"07:48:00","flight":"DL110"},{"day":0,"utc":"14:35:00","flight":"DL378"},{"day":1,"utc":"15:06:00","flight":"DL795"},{"day":1,"utc":"12:26:00","flight":"DL517"},{"day":1,"utc":"10:08:00","flight":"DL037"},{"day":1,"utc":"12:07:00","flight":"DL827"},{"day":1,"utc":"08:37:00","flight":"DL676"},{"day":2,"utc":"20:09:00","flight":"DL048"},{"day":3,"utc":"15:20:00","flight":"DL676"},{"day":4,"utc":"07:46:00","flight":"DL287"},{"day":4,"utc":"21:53:00","flight":"DL980"},{"day":4,"utc":"09:54:00","flight":"DL212"},{"day":4,"utc":"01:51:00","flight":"DL027"},{"day":4,"utc":"11:01:00","flight":"DL215"},{"day":5,"utc":"13:21:00","flight":"DL683"},{"day":6,"utc":"08:29:00","flight":"DL803"},{"day":6,"utc":"10:53:00","flight":"DL130"},{"day":6,"utc":"19:51:00","flight":"DL858"},{"day":6,"utc":"07:30:00","flight":"DL040"},{"day":6,"utc":"08:56:00","flight":"DL414"}]}