{"id":15053,"type":"route","airline":"BE","airlineid":"airline_2421","sourceairport":"BHD","destinationairport":"EDI","stops":0,"equipment":"DH4","schedule":[{"day":0,"utc":"18:09:00","flight":"BE370"},{"day":0,"utc":"08:12:00","flight":"BE768"},{"day":0,"utc":"23:30:00","flight":"BE157"},{"day":1,"utc":"18:19:00","flight":"BE171"},{"day":1,"utc":"09:42:00","flight":"BE937"},{"day":1,"utc":"19:20:00","flight":"BE321"},{"day":1,"utc":"15:54:00","flight":"BE925"},{"day":1,"utc":"10:17:00","flight":"BE527"},{"day":2,"utc":"07:41:00","flight":"BE072"},{"day":2,"utc":"01:03:00","flight":"BE437"},{"day":2,"utc":"03:28:00","flight":"BE910"},{"day":3,"utc":"14:55:00","flight":"BE208"},{"day":3,"utc":"06:40:00","flight":"BE872"},{"day":4,"utc":"04:00:00","flight":"BE329"},{"day":4,"utc":"06:54:00","flight":"BE791"},{"day":4,"utc":"16:49:00","flight":"BE028"},{"day":4,"utc":"07:01:00","flight":"BE821"},{"day":4,"utc":"03:02:00","flight":"BE855"},{"day":5,"utc":"06:36:00","flight":"BE763"},{"day":5,"utc":"10:31:00","flight":"BE643"},{"day":5,"utc":"01:19:00","flight":"BE518"},{"day":6,"utc":"02:08:00","flight":"BE309"},{"day":6,"utc":"06:52:00","flight":"BE521"},{"day":6,"utc":"08:50:00","flight":"BE537"},{"day":6,"utc":"23:32:00","flight":"BE112"},{"day":6,"utc":"21:59:00","flight":"BE171"}],"distance":216.7679886978958}