{"id":14494,"type":"route","airline":"BA","airlineid":"airline_1355","sourceairport":"DUB","destinationairport":"JFK","stops":0,"equipment":"757","schedule":[{"day":0,"utc":"05:37:00","flight":"BA786"},{"day":0,"utc":"15:06:00","flight":"BA243"},{"day":0,"utc":"08:34:00","flight":"BA046"},{"day":1,"utc":"12:03:00","flight":"BA978"},{"day":1,"utc":"07:25:00","flight":"BA249"},{"day":1,"utc":"13:23:00","flight":"BA020"},{"day":1,"utc":"21:56:00","flight":"BA830"},{"day":2,"utc":"23:56:00","flight":"BA849"},{"day":2,"utc":"14:28:00","flight":"BA267"},{"day":2,"utc":"22:51:00","flight":"BA685"},{"day":2,"utc":"17:47:00","flight":"BA704"},{"day":2,"utc":"11:19:00","flight":"BA649"},{"day":3,"utc":"22:30:00","flight":"BA638"},{"day":3,"utc":"07:03:00","flight":"BA290"},{"day":3,"utc":"16:50:00","flight":"BA417"},{"day":4,"utc":"05:54:00","flight":"BA851"},{"day":4,"utc":"19:05:00","flight":"BA221"},{"day":4,"utc":"18:05:00","flight":"BA855"},{"day":5,"utc":"13:48:00","flight":"BA966"},{"day":6,"utc":"18:51:00","flight":"BA241"},{"day":6,"utc":"08:20:00","flight":"BA663"},{"day":6,"utc":"01:27:00","flight":"BA972"},{"day":6,"utc":"08:07:00","flight":"BA415"},{"day":6,"utc":"22:04:00","flight":"BA298"}]}