{"id":50797,"type":"route","airline":"SU","airlineid":"airline_130","sourceairport":"CDG","destinationairport":"TLS","stops":0,"equipment":"319 320","schedule":[{"day":0,"utc":"04:36:00","flight":"SU558"},{"day":0,"utc":"23:01:00","flight":"SU333"},{"day":0,"utc":"15:24:00","flight":"SU826"},{"day":0,"utc":"18:17:00","flight":"SU253"},{"day":1,"utc":"00:25:00","flight":"SU459"},{"day":1,"utc":"02:58:00","flight":"SU103"},{"day":1,"utc":"10:22:00","flight":"SU466"},{"day":1,"utc":"20:14:00","flight":"SU111"},{"day":2,"utc":"09:54:00","flight":"SU196"},{"day":2,"utc":"14:43:00","flight":"SU452"},{"day":2,"utc":"15:10:00","flight":"SU259"},{"day":3,"utc":"20:06:00","flight":"SU768"},{"day":3,"utc":"06:19:00","flight":"SU441"},{"day":4,"utc":"21:20:00","flight":"SU292"},{"day":4,"utc":"17:42:00","flight":"SU369"},{"day":4,"utc":"15:10:00","flight":"SU051"},{"day":5,"utc":"14:15:00","flight":"SU852"},{"day":5,"utc":"18:22:00","flight":"SU330"},{"day":6,"utc":"06:25:00","flight":"SU111"},{"day":6,"utc":"09:00:00","flight":"SU798"}],"distance":605.5094451553542}