{"id":56574,"type":"route","airline":"UA","airlineid":"airline_5209","sourceairport":"HNL","destinationairport":"GUM","stops":0,"equipment":"777","schedule":[{"day":0,"utc":"23:06:00","flight":"UA435"},{"day":0,"utc":"23:37:00","flight":"UA555"},{"day":0,"utc":"01:46:00","flight":"UA391"},{"day":0,"utc":"19:37:00","flight":"UA592"},{"day":1,"utc":"00:48:00","flight":"UA982"},{"day":1,"utc":"16:07:00","flight":"UA598"},{"day":1,"utc":"21:09:00","flight":"UA102"},{"day":1,"utc":"12:37:00","flight":"UA088"},{"day":2,"utc":"15:44:00","flight":"UA531"},{"day":2,"utc":"02:44:00","flight":"UA312"},{"day":3,"utc":"03:51:00","flight":"UA379"},{"day":3,"utc":"03:00:00","flight":"UA625"},{"day":3,"utc":"04:16:00","flight":"UA523"},{"day":4,"utc":"18:56:00","flight":"UA514"},{"day":4,"utc":"18:11:00","flight":"UA381"},{"day":4,"utc":"19:55:00","flight":"UA259"},{"day":4,"utc":"04:41:00","flight":"UA500"},{"day":5,"utc":"07:53:00","flight":"UA586"},{"day":6,"utc":"11:05:00","flight":"UA131"},{"day":6,"utc":"03:42:00","flight":"UA991"},{"day":6,"utc":"11:59:00","flight":"UA346"}],"distance":6109.199463790347}