{"id":14062,"type":"route","airline":"B6","airlineid":"airline_3029","sourceairport":"JFK","destinationairport":"CUN","stops":0,"equipment":"320","schedule":[{"day":0,"utc":"00:02:00","flight":"B6520"},{"day":1,"utc":"04:35:00","flight":"B6116"},{"day":1,"utc":"07:00:00","flight":"B6451"},{"day":1,"utc":"00:13:00","flight":"B6884"},{"day":1,"utc":"11:27:00","flight":"B6081"},{"day":1,"utc":"00:36:00","flight":"B6155"},{"day":2,"utc":"13:17:00","flight":"B6587"},{"day":3,"utc":"19:52:00","flight":"B6228"},{"day":3,"utc":"19:15:00","flight":"B6033"},{"day":3,"utc":"18:02:00","flight":"B6960"},{"day":3,"utc":"00:23:00","flight":"B6963"},{"day":3,"utc":"19:04:00","flight":"B6036"},{"day":4,"utc":"21:31:00","flight":"B6415"},{"day":4,"utc":"01:26:00","flight":"B6185"},{"day":4,"utc":"07:47:00","flight":"B6537"},{"day":5,"utc":"04:07:00","flight":"B6465"},{"day":6,"utc":"01:16:00","flight":"B6469"},{"day":6,"utc":"22:57:00","flight":"B6622"},{"day":6,"utc":"06:33:00","flight":"B6729"},{"day":6,"utc":"16:19:00","flight":"B6856"}],"distance":2506.3304849507094}