{"id":61776,"type":"route","airline":"VS","airlineid":"airline_5347","sourceairport":"LHR","destinationairport":"JNB","stops":0,"equipment":"346","schedule":[{"day":0,"utc":"04:12:00","flight":"VS755"},{"day":1,"utc":"03:53:00","flight":"VS008"},{"day":1,"utc":"17:08:00","flight":"VS794"},{"day":1,"utc":"00:52:00","flight":"VS496"},{"day":1,"utc":"01:12:00","flight":"VS518"},{"day":1,"utc":"05:25:00","flight":"VS195"},{"day":2,"utc":"13:28:00","flight":"VS716"},{"day":3,"utc":"19:37:00","flight":"VS198"},{"day":4,"utc":"20:08:00","flight":"VS493"},{"day":5,"utc":"14:11:00","flight":"VS600"},{"day":6,"utc":"08:00:00","flight":"VS278"},{"day":6,"utc":"01:44:00","flight":"VS561"},{"day":6,"utc":"21:31:00","flight":"VS211"},{"day":6,"utc":"01:20:00","flight":"VS956"}]}