{"id":6262,"type":"route","airline":"AA","airlineid":"airline_24","sourceairport":"ORD","destinationairport":"DUS","stops":0,"equipment":"763","schedule":[{"day":0,"utc":"00:21:00","flight":"AA374"},{"day":0,"utc":"08:54:00","flight":"AA322"},{"day":1,"utc":"11:07:00","flight":"AA910"},{"day":1,"utc":"04:31:00","flight":"AA887"},{"day":1,"utc":"05:34:00","flight":"AA554"},{"day":1,"utc":"02:37:00","flight":"AA437"},{"day":2,"utc":"12:59:00","flight":"AA602"},{"day":3,"utc":"14:00:00","flight":"AA766"},{"day":3,"utc":"16:14:00","flight":"AA586"},{"day":3,"utc":"20:27:00","flight":"AA795"},{"day":3,"utc":"10:51:00","flight":"AA076"},{"day":3,"utc":"06:45:00","flight":"AA241"},{"day":4,"utc":"18:35:00","flight":"AA387"},{"day":5,"utc":"08:19:00","flight":"AA701"},{"day":5,"utc":"10:51:00","flight":"AA622"},{"day":5,"utc":"12:59:00","flight":"AA946"},{"day":6,"utc":"15:03:00","flight":"AA840"}]}