{"id":6216,"type":"route","airline":"AA","airlineid":"airline_24","sourceairport":"OKC","destinationairport":"LAX","stops":0,"equipment":"CR7","schedule":[{"day":0,"utc":"17:49:00","flight":"AA106"},{"day":1,"utc":"05:41:00","flight":"AA319"},{"day":1,"utc":"18:32:00","flight":"AA383"},{"day":1,"utc":"05:59:00","flight":"AA943"},{"day":1,"utc":"14:28:00","flight":"AA188"},{"day":2,"utc":"14:54:00","flight":"AA692"},{"day":2,"utc":"13:58:00","flight":"AA267"},{"day":2,"utc":"01:56:00","flight":"AA338"},{"day":3,"utc":"07:29:00","flight":"AA263"},{"day":3,"utc":"16:47:00","flight":"AA033"},{"day":3,"utc":"19:48:00","flight":"AA382"},{"day":4,"utc":"20:15:00","flight":"AA961"},{"day":4,"utc":"18:01:00","flight":"AA052"},{"day":4,"utc":"07:10:00","flight":"AA799"},{"day":4,"utc":"11:02:00","flight":"AA694"},{"day":4,"utc":"23:40:00","flight":"AA547"},{"day":5,"utc":"08:23:00","flight":"AA702"},{"day":5,"utc":"21:58:00","flight":"AA363"},{"day":6,"utc":"13:21:00","flight":"AA847"},{"day":6,"utc":"03:59:00","flight":"AA963"},{"day":6,"utc":"14:36:00","flight":"AA465"}]}