{"id":25146,"type":"route","airline":"FL","airlineid":"airline_1316","sourceairport":"LAS","destinationairport":"BUR","stops":0,"equipment":"73W","schedule":[{"day":0,"utc":"18:25:00","flight":"FL804"},{"day":1,"utc":"00:40:00","flight":"FL268"},{"day":1,"utc":"08:50:00","flight":"FL049"},{"day":2,"utc":"04:09:00","flight":"FL921"},{"day":2,"utc":"20:50:00","flight":"FL871"},{"day":2,"utc":"03:09:00","flight":"FL757"},{"day":3,"utc":"22:50:00","flight":"FL144"},{"day":4,"utc":"05:59:00","flight":"FL505"},{"day":5,"utc":"17:48:00","flight":"FL752"},{"day":5,"utc":"02:46:00","flight":"FL758"},{"day":5,"utc":"20:43:00","flight":"FL389"},{"day":6,"utc":"09:32:00","flight":"FL498"},{"day":6,"utc":"20:31:00","flight":"FL256"},{"day":6,"utc":"22:12:00","flight":"FL322"},{"day":6,"utc":"04:18:00","flight":"FL982"}],"distance":358.6793227379803}