{"id":63717,"type":"route","airline":"WN","airlineid":"airline_4547","sourceairport":"DEN","destinationairport":"GRR","stops":0,"equipment":"73W","schedule":[{"day":0,"utc":"06:01:00","flight":"WN596"},{"day":0,"utc":"13:04:00","flight":"WN583"},{"day":0,"utc":"23:17:00","flight":"WN976"},{"day":0,"utc":"14:32:00","flight":"WN410"},{"day":0,"utc":"14:43:00","flight":"WN413"},{"day":1,"utc":"23:55:00","flight":"WN020"},{"day":2,"utc":"14:38:00","flight":"WN261"},{"day":3,"utc":"00:12:00","flight":"WN502"},{"day":4,"utc":"08:23:00","flight":"WN708"},{"day":4,"utc":"16:17:00","flight":"WN519"},{"day":4,"utc":"03:39:00","flight":"WN153"},{"day":5,"utc":"20:13:00","flight":"WN597"},{"day":5,"utc":"15:24:00","flight":"WN476"},{"day":5,"utc":"03:20:00","flight":"WN747"},{"day":5,"utc":"23:13:00","flight":"WN749"},{"day":5,"utc":"01:56:00","flight":"WN542"},{"day":6,"utc":"17:59:00","flight":"WN391"},{"day":6,"utc":"21:33:00","flight":"WN311"},{"day":6,"utc":"18:46:00","flight":"WN031"},{"day":6,"utc":"13:05:00","flight":"WN712"}]}