{"id":19747,"type":"route","airline":"DE","airlineid":"airline_1868","sourceairport":"FRA","destinationairport":"SEA","stops":0,"equipment":"767","schedule":[{"day":0,"utc":"23:15:00","flight":"DE066"},{"day":0,"utc":"23:40:00","flight":"DE832"},{"day":0,"utc":"18:27:00","flight":"DE502"},{"day":0,"utc":"15:55:00","flight":"DE898"},{"day":1,"utc":"19:35:00","flight":"DE100"},{"day":2,"utc":"04:33:00","flight":"DE751"},{"day":2,"utc":"06:03:00","flight":"DE629"},{"day":2,"utc":"04:39:00","flight":"DE122"},{"day":2,"utc":"12:36:00","flight":"DE192"},{"day":3,"utc":"07:37:00","flight":"DE272"},{"day":3,"utc":"15:18:00","flight":"DE249"},{"day":3,"utc":"14:13:00","flight":"DE841"},{"day":3,"utc":"21:09:00","flight":"DE288"},{"day":3,"utc":"04:49:00","flight":"DE704"},{"day":4,"utc":"22:11:00","flight":"DE414"},{"day":5,"utc":"04:34:00","flight":"DE835"},{"day":5,"utc":"03:08:00","flight":"DE441"},{"day":6,"utc":"00:04:00","flight":"DE885"},{"day":6,"utc":"12:10:00","flight":"DE682"},{"day":6,"utc":"11:07:00","flight":"DE658"},{"day":6,"utc":"11:19:00","flight":"DE247"},{"day":6,"utc":"03:40:00","flight":"DE862"}],"distance":8197.04021818662}