{"id":63419,"type":"route","airline":"WN","airlineid":"airline_4547","sourceairport":"ABQ","destinationairport":"DEN","stops":0,"equipment":"73W 73C","schedule":[{"day":0,"utc":"16:13:00","flight":"WN658"},{"day":0,"utc":"04:09:00","flight":"WN805"},{"day":0,"utc":"21:41:00","flight":"WN219"},{"day":0,"utc":"14:09:00","flight":"WN963"},{"day":0,"utc":"06:04:00","flight":"WN202"},{"day":1,"utc":"11:49:00","flight":"WN774"},{"day":1,"utc":"17:21:00","flight":"WN412"},{"day":1,"utc":"20:32:00","flight":"WN189"},{"day":2,"utc":"19:05:00","flight":"WN854"},{"day":2,"utc":"05:53:00","flight":"WN872"},{"day":2,"utc":"08:25:00","flight":"WN324"},{"day":2,"utc":"00:00:00","flight":"WN994"},{"day":3,"utc":"18:42:00","flight":"WN764"},{"day":4,"utc":"07:54:00","flight":"WN270"},{"day":4,"utc":"09:55:00","flight":"WN077"},{"day":4,"utc":"17:12:00","flight":"WN711"},{"day":4,"utc":"06:34:00","flight":"WN197"},{"day":5,"utc":"20:32:00","flight":"WN737"},{"day":5,"utc":"00:42:00","flight":"WN592"},{"day":5,"utc":"07:30:00","flight":"WN012"},{"day":5,"utc":"06:49:00","flight":"WN339"},{"day":5,"utc":"00:39:00","flight":"WN035"},{"day":6,"utc":"14:00:00","flight":"WN796"}]}