{"id":14089,"type":"route","airline":"B6","airlineid":"airline_3029","sourceairport":"JFK","destinationairport":"POP","stops":0,"equipment":"320","schedule":[{"day":0,"utc":"12:18:00","flight":"B6149"},{"day":0,"utc":"12:10:00","flight":"B6845"},{"day":1,"utc":"23:59:00","flight":"B6886"},{"day":1,"utc":"06:29:00","flight":"B6520"},{"day":1,"utc":"17:51:00","flight":"B6763"},{"day":2,"utc":"09:57:00","flight":"B6442"},{"day":2,"utc":"10:39:00","flight":"B6039"},{"day":3,"utc":"00:58:00","flight":"B6683"},{"day":3,"utc":"15:28:00","flight":"B6045"},{"day":3,"utc":"12:47:00","flight":"B6854"},{"day":3,"utc":"02:17:00","flight":"B6914"},{"day":4,"utc":"04:53:00","flight":"B6780"},{"day":4,"utc":"19:27:00","flight":"B6272"},{"day":4,"utc":"11:31:00","flight":"B6035"},{"day":4,"utc":"05:48:00","flight":"B6682"},{"day":5,"utc":"07:55:00","flight":"B6206"},{"day":5,"utc":"22:04:00","flight":"B6335"},{"day":6,"utc":"13:03:00","flight":"B6813"}],"distance":2341.887921979445}