{"id":59135,"type":"route","airline":"US","airlineid":"airline_5265","sourceairport":"DFW","destinationairport":"PBI","stops":0,"equipment":"738","schedule":[{"day":0,"utc":"06:55:00","flight":"US371"},{"day":0,"utc":"19:41:00","flight":"US574"},{"day":0,"utc":"19:49:00","flight":"US993"},{"day":0,"utc":"05:08:00","flight":"US925"},{"day":1,"utc":"01:28:00","flight":"US882"},{"day":1,"utc":"06:28:00","flight":"US978"},{"day":2,"utc":"13:15:00","flight":"US985"},{"day":2,"utc":"11:54:00","flight":"US057"},{"day":2,"utc":"07:34:00","flight":"US164"},{"day":2,"utc":"13:07:00","flight":"US914"},{"day":3,"utc":"08:44:00","flight":"US130"},{"day":3,"utc":"21:59:00","flight":"US714"},{"day":3,"utc":"12:31:00","flight":"US734"},{"day":3,"utc":"02:31:00","flight":"US742"},{"day":3,"utc":"09:38:00","flight":"US005"},{"day":4,"utc":"18:48:00","flight":"US632"},{"day":4,"utc":"02:58:00","flight":"US894"},{"day":4,"utc":"13:19:00","flight":"US236"},{"day":4,"utc":"08:51:00","flight":"US529"},{"day":4,"utc":"13:11:00","flight":"US560"},{"day":5,"utc":"15:51:00","flight":"US281"},{"day":5,"utc":"18:48:00","flight":"US187"},{"day":5,"utc":"17:14:00","flight":"US935"},{"day":6,"utc":"23:41:00","flight":"US925"},{"day":6,"utc":"03:37:00","flight":"US934"},{"day":6,"utc":"03:57:00","flight":"US464"}],"distance":1772.1225551983377}