{"id":27138,"type":"route","airline":"FR","airlineid":"airline_4296","sourceairport":"LPA","destinationairport":"BHX","stops":0,"equipment":"738","schedule":[{"day":0,"utc":"13:35:00","flight":"FR568"},{"day":0,"utc":"02:48:00","flight":"FR227"},{"day":1,"utc":"16:11:00","flight":"FR399"},{"day":1,"utc":"00:11:00","flight":"FR383"},{"day":2,"utc":"10:54:00","flight":"FR397"},{"day":2,"utc":"14:57:00","flight":"FR436"},{"day":3,"utc":"04:32:00","flight":"FR818"},{"day":4,"utc":"23:43:00","flight":"FR263"},{"day":4,"utc":"16:21:00","flight":"FR393"},{"day":4,"utc":"06:22:00","flight":"FR654"},{"day":4,"utc":"08:23:00","flight":"FR254"},{"day":4,"utc":"23:48:00","flight":"FR132"},{"day":5,"utc":"06:53:00","flight":"FR629"},{"day":5,"utc":"22:29:00","flight":"FR356"},{"day":6,"utc":"04:23:00","flight":"FR344"},{"day":6,"utc":"01:22:00","flight":"FR414"}]}