{"id":56837,"type":"route","airline":"UA","airlineid":"airline_5209","sourceairport":"IAH","destinationairport":"SJC","stops":0,"equipment":"319 320 739 738","schedule":[{"day":0,"utc":"23:47:00","flight":"UA240"},{"day":0,"utc":"09:55:00","flight":"UA193"},{"day":0,"utc":"06:28:00","flight":"UA635"},{"day":0,"utc":"17:11:00","flight":"UA065"},{"day":0,"utc":"04:05:00","flight":"UA896"},{"day":1,"utc":"22:03:00","flight":"UA882"},{"day":2,"utc":"01:17:00","flight":"UA136"},{"day":2,"utc":"00:05:00","flight":"UA587"},{"day":2,"utc":"16:16:00","flight":"UA383"},{"day":2,"utc":"11:34:00","flight":"UA072"},{"day":3,"utc":"20:05:00","flight":"UA101"},{"day":4,"utc":"17:25:00","flight":"UA146"},{"day":5,"utc":"15:22:00","flight":"UA658"},{"day":5,"utc":"00:04:00","flight":"UA434"},{"day":5,"utc":"04:12:00","flight":"UA436"},{"day":5,"utc":"11:44:00","flight":"UA330"},{"day":6,"utc":"02:10:00","flight":"UA452"}],"distance":2583.217005965782}