{"id":9797,"type":"route","airline":"AF","airlineid":"airline_137","sourceairport":"NCE","destinationairport":"FCO","stops":0,"equipment":"319 32S E75 321 E90","schedule":[{"day":0,"utc":"18:20:00","flight":"AF913"},{"day":1,"utc":"22:54:00","flight":"AF544"},{"day":2,"utc":"18:12:00","flight":"AF670"},{"day":2,"utc":"20:05:00","flight":"AF866"},{"day":3,"utc":"13:12:00","flight":"AF931"},{"day":3,"utc":"22:26:00","flight":"AF389"},{"day":3,"utc":"04:57:00","flight":"AF106"},{"day":3,"utc":"20:12:00","flight":"AF724"},{"day":3,"utc":"16:24:00","flight":"AF031"},{"day":4,"utc":"11:06:00","flight":"AF251"},{"day":4,"utc":"23:20:00","flight":"AF235"},{"day":4,"utc":"00:35:00","flight":"AF434"},{"day":5,"utc":"16:32:00","flight":"AF711"},{"day":5,"utc":"04:15:00","flight":"AF947"},{"day":5,"utc":"11:58:00","flight":"AF700"},{"day":5,"utc":"20:36:00","flight":"AF587"},{"day":6,"utc":"01:56:00","flight":"AF582"},{"day":6,"utc":"09:06:00","flight":"AF510"},{"day":6,"utc":"09:57:00","flight":"AF564"},{"day":6,"utc":"03:35:00","flight":"AF589"}]}