{"id":59177,"type":"route","airline":"US","airlineid":"airline_5265","sourceairport":"DFW","destinationairport":"TLH","stops":0,"equipment":"ER4 ERD","schedule":[{"day":0,"utc":"17:47:00","flight":"US940"},{"day":0,"utc":"12:30:00","flight":"US897"},{"day":1,"utc":"23:53:00","flight":"US728"},{"day":1,"utc":"07:51:00","flight":"US082"},{"day":1,"utc":"02:12:00","flight":"US413"},{"day":1,"utc":"15:25:00","flight":"US940"},{"day":2,"utc":"22:49:00","flight":"US663"},{"day":2,"utc":"16:37:00","flight":"US723"},{"day":3,"utc":"07:48:00","flight":"US076"},{"day":3,"utc":"20:41:00","flight":"US975"},{"day":3,"utc":"21:24:00","flight":"US374"},{"day":3,"utc":"16:00:00","flight":"US391"},{"day":3,"utc":"02:14:00","flight":"US264"},{"day":4,"utc":"19:17:00","flight":"US881"},{"day":4,"utc":"06:38:00","flight":"US464"},{"day":5,"utc":"12:05:00","flight":"US787"},{"day":5,"utc":"16:05:00","flight":"US911"},{"day":5,"utc":"18:54:00","flight":"US411"},{"day":5,"utc":"13:49:00","flight":"US425"},{"day":5,"utc":"07:18:00","flight":"US149"},{"day":6,"utc":"17:19:00","flight":"US780"},{"day":6,"utc":"17:42:00","flight":"US026"}]}