{"id":56780,"type":"route","airline":"UA","airlineid":"airline_5209","sourceairport":"IAH","destinationairport":"LIM","stops":0,"equipment":"763","schedule":[{"day":0,"utc":"22:04:00","flight":"UA076"},{"day":0,"utc":"11:12:00","flight":"UA663"},{"day":0,"utc":"06:42:00","flight":"UA881"},{"day":1,"utc":"10:20:00","flight":"UA634"},{"day":1,"utc":"09:10:00","flight":"UA777"},{"day":2,"utc":"16:38:00","flight":"UA229"},{"day":2,"utc":"01:00:00","flight":"UA067"},{"day":3,"utc":"20:04:00","flight":"UA490"},{"day":3,"utc":"07:55:00","flight":"UA207"},{"day":3,"utc":"18:13:00","flight":"UA393"},{"day":3,"utc":"07:57:00","flight":"UA105"},{"day":3,"utc":"18:24:00","flight":"UA271"},{"day":4,"utc":"12:53:00","flight":"UA957"},{"day":4,"utc":"06:33:00","flight":"UA746"},{"day":5,"utc":"22:56:00","flight":"UA459"},{"day":5,"utc":"23:57:00","flight":"UA871"},{"day":6,"utc":"23:33:00","flight":"UA791"},{"day":6,"utc":"01:08:00","flight":"UA886"}]}