{"id":28888,"type":"route","airline":"G4","airlineid":"airline_35","sourceairport":"AZA","destinationairport":"MOT","stops":0,"equipment":"M80","schedule":[{"day":0,"utc":"03:09:00","flight":"G4751"},{"day":1,"utc":"23:53:00","flight":"G4918"},{"day":1,"utc":"09:13:00","flight":"G4673"},{"day":1,"utc":"15:23:00","flight":"G4621"},{"day":2,"utc":"11:33:00","flight":"G4051"},{"day":2,"utc":"03:02:00","flight":"G4148"},{"day":2,"utc":"10:02:00","flight":"G4663"},{"day":2,"utc":"22:29:00","flight":"G4170"},{"day":3,"utc":"16:45:00","flight":"G4036"},{"day":3,"utc":"03:39:00","flight":"G4439"},{"day":3,"utc":"02:46:00","flight":"G4883"},{"day":4,"utc":"22:03:00","flight":"G4652"},{"day":4,"utc":"20:43:00","flight":"G4789"},{"day":4,"utc":"18:57:00","flight":"G4634"},{"day":4,"utc":"06:42:00","flight":"G4562"},{"day":5,"utc":"08:53:00","flight":"G4388"},{"day":5,"utc":"18:26:00","flight":"G4778"},{"day":5,"utc":"17:15:00","flight":"G4347"},{"day":6,"utc":"11:29:00","flight":"G4325"},{"day":6,"utc":"02:55:00","flight":"G4972"},{"day":6,"utc":"17:18:00","flight":"G4153"},{"day":6,"utc":"00:57:00","flight":"G4450"},{"day":6,"utc":"01:57:00","flight":"G4938"}]}