{"id":63980,"type":"route","airline":"WN","airlineid":"airline_4547","sourceairport":"LAX","destinationairport":"MKE","stops":0,"equipment":"73W","schedule":[{"day":0,"utc":"17:34:00","flight":"WN323"},{"day":0,"utc":"03:07:00","flight":"WN689"},{"day":0,"utc":"21:32:00","flight":"WN377"},{"day":1,"utc":"19:27:00","flight":"WN121"},{"day":1,"utc":"20:18:00","flight":"WN775"},{"day":2,"utc":"06:44:00","flight":"WN553"},{"day":2,"utc":"22:23:00","flight":"WN362"},{"day":3,"utc":"06:23:00","flight":"WN141"},{"day":3,"utc":"02:19:00","flight":"WN260"},{"day":3,"utc":"07:32:00","flight":"WN130"},{"day":3,"utc":"10:00:00","flight":"WN118"},{"day":4,"utc":"09:32:00","flight":"WN476"},{"day":4,"utc":"10:18:00","flight":"WN718"},{"day":4,"utc":"17:54:00","flight":"WN990"},{"day":5,"utc":"23:38:00","flight":"WN615"},{"day":5,"utc":"12:18:00","flight":"WN281"},{"day":6,"utc":"14:03:00","flight":"WN904"},{"day":6,"utc":"03:57:00","flight":"WN818"},{"day":6,"utc":"16:59:00","flight":"WN458"},{"day":6,"utc":"01:54:00","flight":"WN413"}],"distance":2820.5959671466335}