{"id":21449,"type":"route","airline":"DL","airlineid":"airline_2009","sourceairport":"MSP","destinationairport":"STL","stops":0,"equipment":"M90 319 320 M88","schedule":[{"day":0,"utc":"01:57:00","flight":"DL259"},{"day":1,"utc":"11:36:00","flight":"DL361"},{"day":1,"utc":"08:57:00","flight":"DL253"},{"day":1,"utc":"13:13:00","flight":"DL069"},{"day":1,"utc":"19:58:00","flight":"DL658"},{"day":1,"utc":"16:35:00","flight":"DL458"},{"day":2,"utc":"18:16:00","flight":"DL654"},{"day":2,"utc":"06:50:00","flight":"DL502"},{"day":2,"utc":"06:52:00","flight":"DL442"},{"day":2,"utc":"16:30:00","flight":"DL823"},{"day":2,"utc":"10:26:00","flight":"DL375"},{"day":3,"utc":"19:53:00","flight":"DL767"},{"day":3,"utc":"00:20:00","flight":"DL142"},{"day":3,"utc":"14:40:00","flight":"DL615"},{"day":3,"utc":"17:20:00","flight":"DL368"},{"day":3,"utc":"00:50:00","flight":"DL176"},{"day":4,"utc":"01:15:00","flight":"DL997"},{"day":4,"utc":"16:40:00","flight":"DL698"},{"day":4,"utc":"04:32:00","flight":"DL218"},{"day":4,"utc":"12:02:00","flight":"DL910"},{"day":4,"utc":"01:16:00","flight":"DL566"},{"day":5,"utc":"21:56:00","flight":"DL962"},{"day":6,"utc":"17:05:00","flight":"DL490"},{"day":6,"utc":"16:26:00","flight":"DL334"},{"day":6,"utc":"14:30:00","flight":"DL931"},{"day":6,"utc":"04:28:00","flight":"DL971"},{"day":6,"utc":"22:20:00","flight":"DL553"}]}