{"id":53505,"type":"route","airline":"TOM","airlineid":"airline_5013","sourceairport":"EMA","destinationairport":"ACE","stops":0,"equipment":"73H","schedule":[{"day":0,"utc":"16:15:00","flight":"TOM378"},{"day":0,"utc":"13:32:00","flight":"TOM827"},{"day":0,"utc":"18:27:00","flight":"TOM571"},{"day":1,"utc":"02:55:00","flight":"TOM864"},{"day":1,"utc":"15:09:00","flight":"TOM669"},{"day":1,"utc":"18:26:00","flight":"TOM316"},{"day":2,"utc":"16:53:00","flight":"TOM544"},{"day":3,"utc":"14:12:00","flight":"TOM357"},{"day":3,"utc":"11:15:00","flight":"TOM102"},{"day":3,"utc":"18:06:00","flight":"TOM813"},{"day":3,"utc":"21:06:00","flight":"TOM507"},{"day":3,"utc":"23:58:00","flight":"TOM589"},{"day":4,"utc":"05:42:00","flight":"TOM902"},{"day":4,"utc":"14:50:00","flight":"TOM562"},{"day":4,"utc":"11:30:00","flight":"TOM548"},{"day":4,"utc":"19:58:00","flight":"TOM655"},{"day":4,"utc":"04:38:00","flight":"TOM864"},{"day":5,"utc":"17:38:00","flight":"TOM143"},{"day":5,"utc":"04:35:00","flight":"TOM841"},{"day":5,"utc":"13:24:00","flight":"TOM617"},{"day":5,"utc":"10:31:00","flight":"TOM936"},{"day":6,"utc":"16:24:00","flight":"TOM116"},{"day":6,"utc":"03:22:00","flight":"TOM391"},{"day":6,"utc":"10:59:00","flight":"TOM581"},{"day":6,"utc":"01:29:00","flight":"TOM102"},{"day":6,"utc":"21:26:00","flight":"TOM536"}],"distance":2840.2159275274475}