{"id":60086,"type":"route","airline":"US","airlineid":"airline_5265","sourceairport":"PHL","destinationairport":"MIA","stops":0,"equipment":"738 321 752 320","schedule":[{"day":0,"utc":"21:01:00","flight":"US982"},{"day":0,"utc":"22:53:00","flight":"US307"},{"day":0,"utc":"12:41:00","flight":"US517"},{"day":1,"utc":"03:02:00","flight":"US462"},{"day":1,"utc":"03:12:00","flight":"US488"},{"day":1,"utc":"01:38:00","flight":"US168"},{"day":2,"utc":"08:36:00","flight":"US521"},{"day":2,"utc":"01:27:00","flight":"US767"},{"day":3,"utc":"22:02:00","flight":"US568"},{"day":4,"utc":"23:54:00","flight":"US497"},{"day":4,"utc":"04:21:00","flight":"US262"},{"day":5,"utc":"22:33:00","flight":"US734"},{"day":5,"utc":"19:58:00","flight":"US475"},{"day":6,"utc":"03:42:00","flight":"US353"},{"day":6,"utc":"12:59:00","flight":"US547"},{"day":6,"utc":"19:16:00","flight":"US056"},{"day":6,"utc":"02:48:00","flight":"US802"}]}