{"id":27692,"type":"route","airline":"FR","airlineid":"airline_4296","sourceairport":"PUY","destinationairport":"STN","stops":0,"equipment":"738","schedule":[{"day":0,"utc":"15:48:00","flight":"FR989"},{"day":0,"utc":"17:42:00","flight":"FR783"},{"day":0,"utc":"15:50:00","flight":"FR786"},{"day":0,"utc":"08:46:00","flight":"FR268"},{"day":0,"utc":"23:04:00","flight":"FR787"},{"day":1,"utc":"16:52:00","flight":"FR315"},{"day":1,"utc":"02:21:00","flight":"FR670"},{"day":2,"utc":"02:57:00","flight":"FR217"},{"day":2,"utc":"18:37:00","flight":"FR402"},{"day":2,"utc":"00:25:00","flight":"FR449"},{"day":2,"utc":"18:37:00","flight":"FR907"},{"day":2,"utc":"23:33:00","flight":"FR249"},{"day":3,"utc":"23:58:00","flight":"FR849"},{"day":3,"utc":"01:29:00","flight":"FR556"},{"day":3,"utc":"04:29:00","flight":"FR070"},{"day":4,"utc":"04:34:00","flight":"FR971"},{"day":4,"utc":"15:51:00","flight":"FR027"},{"day":4,"utc":"22:53:00","flight":"FR414"},{"day":5,"utc":"02:59:00","flight":"FR076"},{"day":5,"utc":"19:10:00","flight":"FR047"},{"day":5,"utc":"11:51:00","flight":"FR634"},{"day":6,"utc":"21:19:00","flight":"FR328"},{"day":6,"utc":"22:42:00","flight":"FR887"},{"day":6,"utc":"03:46:00","flight":"FR510"},{"day":6,"utc":"00:29:00","flight":"FR917"},{"day":6,"utc":"10:25:00","flight":"FR172"}],"distance":1271.6241167109981}