{"id":21357,"type":"route","airline":"DL","airlineid":"airline_2009","sourceairport":"MSP","destinationairport":"BRD","stops":0,"equipment":"CRJ","schedule":[{"day":0,"utc":"03:43:00","flight":"DL005"},{"day":0,"utc":"08:34:00","flight":"DL869"},{"day":0,"utc":"10:40:00","flight":"DL536"},{"day":0,"utc":"21:44:00","flight":"DL226"},{"day":1,"utc":"10:13:00","flight":"DL962"},{"day":1,"utc":"00:05:00","flight":"DL414"},{"day":1,"utc":"07:03:00","flight":"DL963"},{"day":1,"utc":"06:07:00","flight":"DL562"},{"day":2,"utc":"02:28:00","flight":"DL839"},{"day":2,"utc":"05:29:00","flight":"DL215"},{"day":2,"utc":"12:08:00","flight":"DL456"},{"day":2,"utc":"19:10:00","flight":"DL788"},{"day":2,"utc":"22:14:00","flight":"DL348"},{"day":3,"utc":"05:38:00","flight":"DL868"},{"day":3,"utc":"08:44:00","flight":"DL830"},{"day":4,"utc":"13:04:00","flight":"DL486"},{"day":5,"utc":"18:26:00","flight":"DL140"},{"day":5,"utc":"02:29:00","flight":"DL198"},{"day":5,"utc":"22:15:00","flight":"DL539"},{"day":5,"utc":"14:59:00","flight":"DL784"},{"day":6,"utc":"10:48:00","flight":"DL904"},{"day":6,"utc":"15:51:00","flight":"DL409"},{"day":6,"utc":"15:19:00","flight":"DL654"},{"day":6,"utc":"14:52:00","flight":"DL938"}],"distance":183.03822721115475}