{"id":54615,"type":"route","airline":"U2","airlineid":"airline_2297","sourceairport":"BSL","destinationairport":"SXF","stops":0,"equipment":"320 319","schedule":[{"day":0,"utc":"01:04:00","flight":"U2014"},{"day":0,"utc":"08:40:00","flight":"U2675"},{"day":0,"utc":"17:02:00","flight":"U2343"},{"day":0,"utc":"01:48:00","flight":"U2202"},{"day":1,"utc":"23:46:00","flight":"U2471"},{"day":1,"utc":"06:26:00","flight":"U2623"},{"day":1,"utc":"09:17:00","flight":"U2009"},{"day":1,"utc":"15:13:00","flight":"U2083"},{"day":2,"utc":"00:19:00","flight":"U2551"},{"day":2,"utc":"21:09:00","flight":"U2048"},{"day":2,"utc":"16:18:00","flight":"U2275"},{"day":2,"utc":"18:26:00","flight":"U2277"},{"day":2,"utc":"11:15:00","flight":"U2771"},{"day":3,"utc":"12:45:00","flight":"U2548"},{"day":3,"utc":"04:07:00","flight":"U2201"},{"day":3,"utc":"06:26:00","flight":"U2927"},{"day":3,"utc":"05:55:00","flight":"U2382"},{"day":4,"utc":"01:47:00","flight":"U2612"},{"day":5,"utc":"02:26:00","flight":"U2810"},{"day":5,"utc":"16:08:00","flight":"U2270"},{"day":5,"utc":"12:37:00","flight":"U2005"},{"day":5,"utc":"17:14:00","flight":"U2128"},{"day":6,"utc":"20:18:00","flight":"U2622"},{"day":6,"utc":"05:37:00","flight":"U2815"}],"distance":683.1138381111015}