{"id":53432,"type":"route","airline":"TO","airlineid":"airline_8745","sourceairport":"STN","destinationairport":"FAO","stops":0,"equipment":"73H","schedule":[{"day":0,"utc":"10:03:00","flight":"TO428"},{"day":0,"utc":"00:18:00","flight":"TO020"},{"day":1,"utc":"18:35:00","flight":"TO830"},{"day":2,"utc":"02:56:00","flight":"TO434"},{"day":2,"utc":"11:07:00","flight":"TO356"},{"day":2,"utc":"07:46:00","flight":"TO292"},{"day":2,"utc":"11:46:00","flight":"TO936"},{"day":3,"utc":"14:42:00","flight":"TO725"},{"day":4,"utc":"07:09:00","flight":"TO082"},{"day":4,"utc":"14:57:00","flight":"TO476"},{"day":4,"utc":"01:18:00","flight":"TO966"},{"day":5,"utc":"00:47:00","flight":"TO088"},{"day":5,"utc":"12:26:00","flight":"TO015"},{"day":5,"utc":"16:40:00","flight":"TO037"},{"day":6,"utc":"14:53:00","flight":"TO483"},{"day":6,"utc":"18:29:00","flight":"TO831"},{"day":6,"utc":"18:12:00","flight":"TO956"},{"day":6,"utc":"19:56:00","flight":"TO804"}],"distance":1774.343572341378}