{"id":63434,"type":"route","airline":"WN","airlineid":"airline_4547","sourceairport":"ALB","destinationairport":"MDW","stops":0,"equipment":"73W 73H","schedule":[{"day":0,"utc":"15:23:00","flight":"WN189"},{"day":0,"utc":"02:14:00","flight":"WN300"},{"day":0,"utc":"22:55:00","flight":"WN418"},{"day":0,"utc":"07:55:00","flight":"WN210"},{"day":0,"utc":"17:22:00","flight":"WN594"},{"day":1,"utc":"03:25:00","flight":"WN190"},{"day":1,"utc":"19:27:00","flight":"WN747"},{"day":2,"utc":"06:23:00","flight":"WN317"},{"day":2,"utc":"10:31:00","flight":"WN301"},{"day":2,"utc":"06:29:00","flight":"WN761"},{"day":2,"utc":"01:45:00","flight":"WN297"},{"day":2,"utc":"12:18:00","flight":"WN360"},{"day":3,"utc":"04:56:00","flight":"WN523"},{"day":3,"utc":"23:55:00","flight":"WN518"},{"day":3,"utc":"08:56:00","flight":"WN603"},{"day":3,"utc":"17:43:00","flight":"WN136"},{"day":4,"utc":"13:05:00","flight":"WN116"},{"day":4,"utc":"12:49:00","flight":"WN672"},{"day":4,"utc":"07:50:00","flight":"WN210"},{"day":4,"utc":"12:48:00","flight":"WN248"},{"day":4,"utc":"00:48:00","flight":"WN953"},{"day":5,"utc":"21:58:00","flight":"WN125"},{"day":5,"utc":"14:15:00","flight":"WN180"},{"day":5,"utc":"01:52:00","flight":"WN664"},{"day":6,"utc":"03:20:00","flight":"WN136"},{"day":6,"utc":"16:51:00","flight":"WN816"},{"day":6,"utc":"19:55:00","flight":"WN977"},{"day":6,"utc":"18:03:00","flight":"WN411"}]}