{"id":37017,"type":"route","airline":"KM","airlineid":"airline_242","sourceairport":"MAN","destinationairport":"MLA","stops":0,"equipment":"320","schedule":[{"day":0,"utc":"04:33:00","flight":"KM353"},{"day":0,"utc":"23:10:00","flight":"KM974"},{"day":0,"utc":"10:55:00","flight":"KM920"},{"day":1,"utc":"18:36:00","flight":"KM350"},{"day":1,"utc":"20:14:00","flight":"KM202"},{"day":1,"utc":"22:33:00","flight":"KM278"},{"day":2,"utc":"01:31:00","flight":"KM940"},{"day":2,"utc":"17:58:00","flight":"KM899"},{"day":2,"utc":"16:29:00","flight":"KM648"},{"day":3,"utc":"16:50:00","flight":"KM345"},{"day":3,"utc":"07:21:00","flight":"KM504"},{"day":3,"utc":"05:16:00","flight":"KM862"},{"day":3,"utc":"13:37:00","flight":"KM945"},{"day":3,"utc":"09:14:00","flight":"KM896"},{"day":4,"utc":"09:24:00","flight":"KM787"},{"day":4,"utc":"01:28:00","flight":"KM539"},{"day":4,"utc":"09:41:00","flight":"KM388"},{"day":4,"utc":"15:51:00","flight":"KM585"},{"day":4,"utc":"18:46:00","flight":"KM265"},{"day":5,"utc":"08:26:00","flight":"KM866"},{"day":5,"utc":"11:24:00","flight":"KM851"},{"day":5,"utc":"09:20:00","flight":"KM102"},{"day":5,"utc":"07:40:00","flight":"KM812"},{"day":6,"utc":"09:05:00","flight":"KM461"},{"day":6,"utc":"02:41:00","flight":"KM565"}],"distance":2341.74493314971}