{"id":10064,"type":"route","airline":"AH","airlineid":"airline_794","sourceairport":"ALG","destinationairport":"CDG","stops":0,"equipment":"330 736 738","schedule":[{"day":0,"utc":"11:50:00","flight":"AH931"},{"day":0,"utc":"03:15:00","flight":"AH233"},{"day":0,"utc":"23:06:00","flight":"AH875"},{"day":0,"utc":"15:32:00","flight":"AH667"},{"day":1,"utc":"13:16:00","flight":"AH334"},{"day":1,"utc":"16:40:00","flight":"AH322"},{"day":1,"utc":"12:10:00","flight":"AH829"},{"day":1,"utc":"00:23:00","flight":"AH012"},{"day":1,"utc":"23:26:00","flight":"AH993"},{"day":2,"utc":"10:10:00","flight":"AH859"},{"day":2,"utc":"04:33:00","flight":"AH813"},{"day":2,"utc":"02:09:00","flight":"AH951"},{"day":3,"utc":"06:25:00","flight":"AH923"},{"day":4,"utc":"20:27:00","flight":"AH682"},{"day":4,"utc":"16:35:00","flight":"AH600"},{"day":4,"utc":"08:14:00","flight":"AH484"},{"day":4,"utc":"08:47:00","flight":"AH854"},{"day":4,"utc":"15:20:00","flight":"AH516"},{"day":5,"utc":"20:39:00","flight":"AH236"},{"day":6,"utc":"03:00:00","flight":"AH948"},{"day":6,"utc":"16:39:00","flight":"AH169"},{"day":6,"utc":"21:17:00","flight":"AH959"},{"day":6,"utc":"22:27:00","flight":"AH726"}],"distance":1371.176218947926}