{"id":47250,"type":"route","airline":"QH","airlineid":"airline_882","sourceairport":"OSS","destinationairport":"OVB","stops":0,"equipment":"734","schedule":[{"day":0,"utc":"21:09:00","flight":"QH428"},{"day":0,"utc":"19:41:00","flight":"QH201"},{"day":0,"utc":"20:09:00","flight":"QH213"},{"day":0,"utc":"11:47:00","flight":"QH025"},{"day":0,"utc":"11:52:00","flight":"QH855"},{"day":1,"utc":"16:19:00","flight":"QH881"},{"day":1,"utc":"06:26:00","flight":"QH788"},{"day":2,"utc":"13:41:00","flight":"QH931"},{"day":3,"utc":"02:14:00","flight":"QH223"},{"day":3,"utc":"13:57:00","flight":"QH001"},{"day":3,"utc":"06:21:00","flight":"QH515"},{"day":3,"utc":"22:37:00","flight":"QH074"},{"day":4,"utc":"07:08:00","flight":"QH587"},{"day":4,"utc":"10:31:00","flight":"QH568"},{"day":4,"utc":"11:58:00","flight":"QH806"},{"day":4,"utc":"15:57:00","flight":"QH652"},{"day":4,"utc":"07:43:00","flight":"QH781"},{"day":5,"utc":"14:05:00","flight":"QH187"},{"day":5,"utc":"09:01:00","flight":"QH795"},{"day":5,"utc":"15:26:00","flight":"QH691"},{"day":6,"utc":"07:08:00","flight":"QH682"},{"day":6,"utc":"15:16:00","flight":"QH800"},{"day":6,"utc":"16:06:00","flight":"QH262"}],"distance":1758.6815193645805}