{"id":21436,"type":"route","airline":"DL","airlineid":"airline_2009","sourceairport":"MSP","destinationairport":"ROC","stops":0,"equipment":"CR7","schedule":[{"day":0,"utc":"03:30:00","flight":"DL645"},{"day":0,"utc":"13:21:00","flight":"DL344"},{"day":0,"utc":"07:09:00","flight":"DL566"},{"day":0,"utc":"11:56:00","flight":"DL560"},{"day":0,"utc":"17:19:00","flight":"DL771"},{"day":1,"utc":"10:18:00","flight":"DL940"},{"day":1,"utc":"03:10:00","flight":"DL934"},{"day":2,"utc":"08:59:00","flight":"DL293"},{"day":2,"utc":"23:37:00","flight":"DL203"},{"day":2,"utc":"01:00:00","flight":"DL880"},{"day":2,"utc":"18:14:00","flight":"DL302"},{"day":2,"utc":"10:33:00","flight":"DL330"},{"day":3,"utc":"03:35:00","flight":"DL053"},{"day":3,"utc":"06:01:00","flight":"DL707"},{"day":4,"utc":"12:19:00","flight":"DL663"},{"day":4,"utc":"14:47:00","flight":"DL632"},{"day":4,"utc":"21:45:00","flight":"DL481"},{"day":5,"utc":"08:14:00","flight":"DL366"},{"day":5,"utc":"23:45:00","flight":"DL160"},{"day":5,"utc":"04:51:00","flight":"DL202"},{"day":5,"utc":"18:25:00","flight":"DL179"},{"day":6,"utc":"18:24:00","flight":"DL829"},{"day":6,"utc":"09:31:00","flight":"DL698"},{"day":6,"utc":"08:13:00","flight":"DL517"},{"day":6,"utc":"09:01:00","flight":"DL782"},{"day":6,"utc":"08:15:00","flight":"DL027"}]}