{"id":21257,"type":"route","airline":"DL","airlineid":"airline_2009","sourceairport":"MEM","destinationairport":"DEN","stops":0,"equipment":"CR9","schedule":[{"day":0,"utc":"18:02:00","flight":"DL109"},{"day":1,"utc":"08:57:00","flight":"DL109"},{"day":1,"utc":"19:58:00","flight":"DL509"},{"day":2,"utc":"05:16:00","flight":"DL169"},{"day":2,"utc":"02:26:00","flight":"DL639"},{"day":2,"utc":"16:35:00","flight":"DL792"},{"day":3,"utc":"03:16:00","flight":"DL571"},{"day":3,"utc":"17:45:00","flight":"DL875"},{"day":4,"utc":"09:03:00","flight":"DL950"},{"day":4,"utc":"23:28:00","flight":"DL287"},{"day":5,"utc":"02:14:00","flight":"DL128"},{"day":5,"utc":"21:30:00","flight":"DL644"},{"day":5,"utc":"04:50:00","flight":"DL229"},{"day":5,"utc":"00:36:00","flight":"DL076"},{"day":5,"utc":"14:05:00","flight":"DL124"},{"day":6,"utc":"17:30:00","flight":"DL775"},{"day":6,"utc":"03:25:00","flight":"DL002"}],"distance":1401.433853083608}