{"id":26632,"type":"route","airline":"FR","airlineid":"airline_4296","sourceairport":"DUB","destinationairport":"RDZ","stops":0,"equipment":"738","schedule":[{"day":0,"utc":"05:26:00","flight":"FR613"},{"day":1,"utc":"12:30:00","flight":"FR879"},{"day":1,"utc":"07:18:00","flight":"FR999"},{"day":1,"utc":"12:32:00","flight":"FR632"},{"day":1,"utc":"11:42:00","flight":"FR512"},{"day":1,"utc":"07:38:00","flight":"FR136"},{"day":2,"utc":"21:41:00","flight":"FR557"},{"day":2,"utc":"00:56:00","flight":"FR054"},{"day":3,"utc":"22:57:00","flight":"FR301"},{"day":3,"utc":"13:25:00","flight":"FR213"},{"day":3,"utc":"06:22:00","flight":"FR242"},{"day":3,"utc":"09:57:00","flight":"FR162"},{"day":4,"utc":"09:07:00","flight":"FR358"},{"day":4,"utc":"01:20:00","flight":"FR486"},{"day":4,"utc":"11:48:00","flight":"FR391"},{"day":5,"utc":"13:02:00","flight":"FR378"},{"day":5,"utc":"09:20:00","flight":"FR312"},{"day":6,"utc":"05:53:00","flight":"FR303"},{"day":6,"utc":"04:43:00","flight":"FR074"},{"day":6,"utc":"17:35:00","flight":"FR317"},{"day":6,"utc":"02:04:00","flight":"FR259"}],"distance":1187.0042523227717}