{"id":53239,"type":"route","airline":"TO","airlineid":"airline_8745","sourceairport":"LTN","destinationairport":"FAO","stops":0,"equipment":"75W 73H","schedule":[{"day":0,"utc":"05:40:00","flight":"TO404"},{"day":0,"utc":"03:32:00","flight":"TO884"},{"day":0,"utc":"17:45:00","flight":"TO292"},{"day":0,"utc":"22:06:00","flight":"TO707"},{"day":1,"utc":"11:38:00","flight":"TO577"},{"day":2,"utc":"22:59:00","flight":"TO491"},{"day":2,"utc":"16:17:00","flight":"TO251"},{"day":2,"utc":"13:26:00","flight":"TO187"},{"day":2,"utc":"19:57:00","flight":"TO436"},{"day":2,"utc":"11:12:00","flight":"TO878"},{"day":3,"utc":"02:47:00","flight":"TO171"},{"day":3,"utc":"04:10:00","flight":"TO685"},{"day":3,"utc":"13:17:00","flight":"TO309"},{"day":3,"utc":"18:41:00","flight":"TO281"},{"day":3,"utc":"05:55:00","flight":"TO375"},{"day":4,"utc":"13:37:00","flight":"TO657"},{"day":4,"utc":"07:33:00","flight":"TO861"},{"day":4,"utc":"16:36:00","flight":"TO839"},{"day":5,"utc":"15:00:00","flight":"TO578"},{"day":5,"utc":"06:46:00","flight":"TO936"},{"day":5,"utc":"15:18:00","flight":"TO614"},{"day":5,"utc":"18:56:00","flight":"TO311"},{"day":5,"utc":"16:29:00","flight":"TO480"},{"day":6,"utc":"21:55:00","flight":"TO757"},{"day":6,"utc":"21:55:00","flight":"TO677"},{"day":6,"utc":"03:46:00","flight":"TO774"},{"day":6,"utc":"00:36:00","flight":"TO700"}]}