{"id":59625,"type":"route","airline":"US","airlineid":"airline_5265","sourceairport":"MAN","destinationairport":"ORD","stops":0,"equipment":"763","schedule":[{"day":0,"utc":"23:51:00","flight":"US840"},{"day":0,"utc":"11:36:00","flight":"US002"},{"day":1,"utc":"14:13:00","flight":"US156"},{"day":1,"utc":"20:51:00","flight":"US702"},{"day":2,"utc":"17:43:00","flight":"US396"},{"day":2,"utc":"19:27:00","flight":"US642"},{"day":2,"utc":"20:30:00","flight":"US874"},{"day":3,"utc":"08:32:00","flight":"US000"},{"day":3,"utc":"04:55:00","flight":"US747"},{"day":3,"utc":"14:34:00","flight":"US053"},{"day":3,"utc":"11:43:00","flight":"US478"},{"day":4,"utc":"11:34:00","flight":"US924"},{"day":4,"utc":"09:24:00","flight":"US931"},{"day":4,"utc":"03:18:00","flight":"US661"},{"day":4,"utc":"01:04:00","flight":"US868"},{"day":5,"utc":"13:32:00","flight":"US117"},{"day":5,"utc":"18:16:00","flight":"US493"},{"day":5,"utc":"15:45:00","flight":"US265"},{"day":5,"utc":"21:20:00","flight":"US805"},{"day":5,"utc":"06:07:00","flight":"US192"},{"day":6,"utc":"01:49:00","flight":"US536"},{"day":6,"utc":"17:15:00","flight":"US881"},{"day":6,"utc":"13:19:00","flight":"US050"},{"day":6,"utc":"23:48:00","flight":"US207"},{"day":6,"utc":"05:30:00","flight":"US599"}],"distance":6139.9648921034795}