{"id":30396,"type":"route","airline":"GS","airlineid":"airline_690","sourceairport":"TAO","destinationairport":"FOC","stops":0,"equipment":"E90","schedule":[{"day":0,"utc":"00:09:00","flight":"GS475"},{"day":0,"utc":"20:23:00","flight":"GS478"},{"day":1,"utc":"19:34:00","flight":"GS824"},{"day":1,"utc":"17:20:00","flight":"GS628"},{"day":1,"utc":"22:09:00","flight":"GS087"},{"day":2,"utc":"08:43:00","flight":"GS641"},{"day":2,"utc":"06:26:00","flight":"GS244"},{"day":3,"utc":"22:41:00","flight":"GS389"},{"day":4,"utc":"20:50:00","flight":"GS313"},{"day":4,"utc":"03:42:00","flight":"GS483"},{"day":4,"utc":"16:20:00","flight":"GS638"},{"day":5,"utc":"18:01:00","flight":"GS908"},{"day":5,"utc":"07:10:00","flight":"GS520"},{"day":5,"utc":"12:06:00","flight":"GS357"},{"day":5,"utc":"03:37:00","flight":"GS770"},{"day":6,"utc":"15:07:00","flight":"GS030"},{"day":6,"utc":"19:29:00","flight":"GS740"},{"day":6,"utc":"13:18:00","flight":"GS161"},{"day":6,"utc":"22:22:00","flight":"GS931"}],"distance":1150.742187751079}