{"id":20389,"type":"route","airline":"DL","airlineid":"airline_2009","sourceairport":"CAE","destinationairport":"DTW","stops":0,"equipment":"CRJ","schedule":[{"day":0,"utc":"16:53:00","flight":"DL741"},{"day":0,"utc":"10:24:00","flight":"DL770"},{"day":0,"utc":"15:42:00","flight":"DL547"},{"day":0,"utc":"16:10:00","flight":"DL025"},{"day":0,"utc":"20:49:00","flight":"DL986"},{"day":1,"utc":"05:45:00","flight":"DL928"},{"day":2,"utc":"09:35:00","flight":"DL327"},{"day":2,"utc":"09:55:00","flight":"DL071"},{"day":2,"utc":"18:05:00","flight":"DL481"},{"day":3,"utc":"00:48:00","flight":"DL366"},{"day":3,"utc":"22:20:00","flight":"DL486"},{"day":3,"utc":"18:09:00","flight":"DL410"},{"day":4,"utc":"17:35:00","flight":"DL954"},{"day":5,"utc":"03:38:00","flight":"DL919"},{"day":5,"utc":"07:32:00","flight":"DL098"},{"day":5,"utc":"07:52:00","flight":"DL595"},{"day":5,"utc":"05:51:00","flight":"DL059"},{"day":5,"utc":"12:24:00","flight":"DL520"},{"day":6,"utc":"01:16:00","flight":"DL061"}]}