{"id":15079,"type":"route","airline":"BE","airlineid":"airline_2421","sourceairport":"BHX","destinationairport":"MXP","stops":0,"equipment":"E75","schedule":[{"day":0,"utc":"02:58:00","flight":"BE334"},{"day":1,"utc":"08:17:00","flight":"BE460"},{"day":1,"utc":"04:52:00","flight":"BE244"},{"day":1,"utc":"02:51:00","flight":"BE582"},{"day":2,"utc":"18:43:00","flight":"BE692"},{"day":2,"utc":"14:22:00","flight":"BE231"},{"day":2,"utc":"04:46:00","flight":"BE327"},{"day":2,"utc":"22:07:00","flight":"BE018"},{"day":2,"utc":"07:56:00","flight":"BE831"},{"day":3,"utc":"08:49:00","flight":"BE050"},{"day":3,"utc":"21:39:00","flight":"BE325"},{"day":3,"utc":"14:09:00","flight":"BE725"},{"day":3,"utc":"14:51:00","flight":"BE588"},{"day":4,"utc":"00:31:00","flight":"BE391"},{"day":4,"utc":"19:39:00","flight":"BE528"},{"day":5,"utc":"21:16:00","flight":"BE093"},{"day":5,"utc":"09:53:00","flight":"BE288"},{"day":5,"utc":"22:20:00","flight":"BE563"},{"day":5,"utc":"09:54:00","flight":"BE338"},{"day":6,"utc":"01:49:00","flight":"BE228"}],"distance":1074.407408831244}