{"id":25320,"type":"route","airline":"FL","airlineid":"airline_1316","sourceairport":"MKE","destinationairport":"FLL","stops":0,"equipment":"73W","schedule":[{"day":0,"utc":"16:24:00","flight":"FL556"},{"day":0,"utc":"08:03:00","flight":"FL229"},{"day":0,"utc":"18:59:00","flight":"FL493"},{"day":1,"utc":"01:05:00","flight":"FL428"},{"day":1,"utc":"19:41:00","flight":"FL650"},{"day":1,"utc":"13:23:00","flight":"FL809"},{"day":1,"utc":"19:37:00","flight":"FL115"},{"day":2,"utc":"12:15:00","flight":"FL271"},{"day":2,"utc":"17:41:00","flight":"FL731"},{"day":2,"utc":"21:49:00","flight":"FL697"},{"day":2,"utc":"07:58:00","flight":"FL603"},{"day":3,"utc":"23:36:00","flight":"FL510"},{"day":4,"utc":"22:39:00","flight":"FL102"},{"day":4,"utc":"05:26:00","flight":"FL661"},{"day":4,"utc":"21:37:00","flight":"FL918"},{"day":4,"utc":"12:45:00","flight":"FL639"},{"day":5,"utc":"23:49:00","flight":"FL475"},{"day":5,"utc":"18:18:00","flight":"FL439"},{"day":6,"utc":"05:43:00","flight":"FL405"},{"day":6,"utc":"09:13:00","flight":"FL281"},{"day":6,"utc":"05:48:00","flight":"FL466"},{"day":6,"utc":"04:53:00","flight":"FL969"}]}