{"id":59774,"type":"route","airline":"US","airlineid":"airline_5265","sourceairport":"MIA","destinationairport":"SFO","stops":0,"equipment":"763 757 738","schedule":[{"day":0,"utc":"15:02:00","flight":"US024"},{"day":0,"utc":"03:13:00","flight":"US270"},{"day":0,"utc":"21:36:00","flight":"US479"},{"day":1,"utc":"01:45:00","flight":"US281"},{"day":1,"utc":"22:41:00","flight":"US323"},{"day":1,"utc":"00:23:00","flight":"US060"},{"day":1,"utc":"20:50:00","flight":"US064"},{"day":1,"utc":"13:14:00","flight":"US369"},{"day":2,"utc":"15:43:00","flight":"US416"},{"day":2,"utc":"02:28:00","flight":"US018"},{"day":2,"utc":"09:15:00","flight":"US670"},{"day":2,"utc":"09:38:00","flight":"US432"},{"day":3,"utc":"17:41:00","flight":"US023"},{"day":3,"utc":"12:29:00","flight":"US186"},{"day":3,"utc":"01:20:00","flight":"US904"},{"day":3,"utc":"17:07:00","flight":"US642"},{"day":3,"utc":"10:08:00","flight":"US239"},{"day":4,"utc":"16:37:00","flight":"US458"},{"day":4,"utc":"13:32:00","flight":"US268"},{"day":4,"utc":"18:53:00","flight":"US045"},{"day":4,"utc":"22:12:00","flight":"US173"},{"day":5,"utc":"11:44:00","flight":"US718"},{"day":5,"utc":"12:40:00","flight":"US672"},{"day":5,"utc":"00:26:00","flight":"US832"},{"day":5,"utc":"13:11:00","flight":"US081"},{"day":6,"utc":"17:36:00","flight":"US610"},{"day":6,"utc":"16:42:00","flight":"US628"},{"day":6,"utc":"14:57:00","flight":"US801"}],"distance":4153.694730459581}