{"id":57452,"type":"route","airline":"UA","airlineid":"airline_5209","sourceairport":"PHL","destinationairport":"DEN","stops":0,"equipment":"738 319 739 752 320","schedule":[{"day":0,"utc":"17:09:00","flight":"UA740"},{"day":0,"utc":"05:34:00","flight":"UA444"},{"day":1,"utc":"23:58:00","flight":"UA016"},{"day":1,"utc":"05:07:00","flight":"UA024"},{"day":1,"utc":"22:15:00","flight":"UA099"},{"day":1,"utc":"17:35:00","flight":"UA662"},{"day":1,"utc":"19:16:00","flight":"UA021"},{"day":2,"utc":"05:46:00","flight":"UA380"},{"day":2,"utc":"16:03:00","flight":"UA585"},{"day":2,"utc":"03:54:00","flight":"UA177"},{"day":2,"utc":"06:34:00","flight":"UA882"},{"day":2,"utc":"23:25:00","flight":"UA486"},{"day":3,"utc":"19:43:00","flight":"UA935"},{"day":4,"utc":"08:16:00","flight":"UA661"},{"day":4,"utc":"12:15:00","flight":"UA931"},{"day":4,"utc":"19:33:00","flight":"UA806"},{"day":4,"utc":"02:20:00","flight":"UA975"},{"day":4,"utc":"03:13:00","flight":"UA096"},{"day":5,"utc":"16:33:00","flight":"UA015"},{"day":5,"utc":"23:55:00","flight":"UA111"},{"day":5,"utc":"22:14:00","flight":"UA721"},{"day":5,"utc":"07:44:00","flight":"UA310"},{"day":5,"utc":"15:04:00","flight":"UA519"},{"day":6,"utc":"04:06:00","flight":"UA264"},{"day":6,"utc":"23:54:00","flight":"UA000"},{"day":6,"utc":"08:26:00","flight":"UA812"},{"day":6,"utc":"18:39:00","flight":"UA419"},{"day":6,"utc":"05:19:00","flight":"UA744"}],"distance":2500.4022406869144}