{"id":6056,"type":"route","airline":"AA","airlineid":"airline_24","sourceairport":"MIA","destinationairport":"LAS","stops":0,"equipment":"738 757","schedule":[{"day":0,"utc":"00:47:00","flight":"AA290"},{"day":0,"utc":"02:22:00","flight":"AA994"},{"day":0,"utc":"17:05:00","flight":"AA420"},{"day":0,"utc":"00:33:00","flight":"AA616"},{"day":0,"utc":"00:13:00","flight":"AA928"},{"day":1,"utc":"23:38:00","flight":"AA250"},{"day":2,"utc":"09:49:00","flight":"AA297"},{"day":2,"utc":"01:42:00","flight":"AA767"},{"day":3,"utc":"11:49:00","flight":"AA343"},{"day":3,"utc":"04:32:00","flight":"AA866"},{"day":3,"utc":"21:21:00","flight":"AA524"},{"day":3,"utc":"18:38:00","flight":"AA913"},{"day":4,"utc":"09:21:00","flight":"AA941"},{"day":4,"utc":"11:08:00","flight":"AA872"},{"day":4,"utc":"06:34:00","flight":"AA349"},{"day":5,"utc":"18:19:00","flight":"AA079"},{"day":5,"utc":"10:23:00","flight":"AA828"},{"day":5,"utc":"22:45:00","flight":"AA561"},{"day":5,"utc":"07:02:00","flight":"AA583"},{"day":5,"utc":"04:12:00","flight":"AA833"},{"day":6,"utc":"14:16:00","flight":"AA909"},{"day":6,"utc":"15:09:00","flight":"AA530"}]}