{"id":14889,"type":"route","airline":"BA","airlineid":"airline_1355","sourceairport":"RDU","destinationairport":"LHR","stops":0,"equipment":"763","schedule":[{"day":0,"utc":"23:52:00","flight":"BA087"},{"day":1,"utc":"06:37:00","flight":"BA498"},{"day":1,"utc":"14:46:00","flight":"BA688"},{"day":1,"utc":"02:45:00","flight":"BA580"},{"day":2,"utc":"02:08:00","flight":"BA518"},{"day":3,"utc":"01:22:00","flight":"BA598"},{"day":3,"utc":"21:29:00","flight":"BA111"},{"day":3,"utc":"14:05:00","flight":"BA066"},{"day":4,"utc":"18:43:00","flight":"BA250"},{"day":4,"utc":"08:49:00","flight":"BA833"},{"day":4,"utc":"06:21:00","flight":"BA615"},{"day":5,"utc":"12:15:00","flight":"BA008"},{"day":5,"utc":"17:29:00","flight":"BA729"},{"day":5,"utc":"21:25:00","flight":"BA539"},{"day":5,"utc":"04:29:00","flight":"BA834"},{"day":5,"utc":"07:38:00","flight":"BA604"},{"day":6,"utc":"06:22:00","flight":"BA449"},{"day":6,"utc":"00:39:00","flight":"BA018"}],"distance":6215.930826738673}