{"id":20548,"type":"route","airline":"DL","airlineid":"airline_2009","sourceairport":"DEN","destinationairport":"MSP","stops":0,"equipment":"M90 320 738 757","schedule":[{"day":0,"utc":"04:47:00","flight":"DL284"},{"day":0,"utc":"08:21:00","flight":"DL810"},{"day":0,"utc":"11:38:00","flight":"DL043"},{"day":0,"utc":"14:05:00","flight":"DL819"},{"day":1,"utc":"18:18:00","flight":"DL896"},{"day":2,"utc":"20:25:00","flight":"DL723"},{"day":2,"utc":"02:43:00","flight":"DL110"},{"day":2,"utc":"13:19:00","flight":"DL643"},{"day":2,"utc":"16:17:00","flight":"DL517"},{"day":3,"utc":"06:39:00","flight":"DL177"},{"day":3,"utc":"00:11:00","flight":"DL589"},{"day":3,"utc":"21:25:00","flight":"DL967"},{"day":3,"utc":"02:54:00","flight":"DL085"},{"day":4,"utc":"08:39:00","flight":"DL646"},{"day":4,"utc":"09:36:00","flight":"DL450"},{"day":5,"utc":"22:40:00","flight":"DL120"},{"day":5,"utc":"15:07:00","flight":"DL357"},{"day":5,"utc":"17:50:00","flight":"DL356"},{"day":5,"utc":"17:14:00","flight":"DL359"},{"day":5,"utc":"19:21:00","flight":"DL456"},{"day":6,"utc":"18:42:00","flight":"DL757"}],"distance":1092.3681526564083}