{"id":8017,"type":"route","airline":"AC","airlineid":"airline_330","sourceairport":"PDX","destinationairport":"YVR","stops":0,"equipment":"DH3","schedule":[{"day":0,"utc":"02:24:00","flight":"AC799"},{"day":0,"utc":"04:22:00","flight":"AC665"},{"day":0,"utc":"20:37:00","flight":"AC116"},{"day":1,"utc":"16:55:00","flight":"AC963"},{"day":1,"utc":"06:14:00","flight":"AC498"},{"day":1,"utc":"20:31:00","flight":"AC240"},{"day":2,"utc":"03:25:00","flight":"AC093"},{"day":2,"utc":"15:52:00","flight":"AC817"},{"day":3,"utc":"03:33:00","flight":"AC085"},{"day":3,"utc":"21:23:00","flight":"AC688"},{"day":3,"utc":"19:51:00","flight":"AC626"},{"day":4,"utc":"09:21:00","flight":"AC821"},{"day":4,"utc":"04:46:00","flight":"AC858"},{"day":4,"utc":"21:16:00","flight":"AC958"},{"day":4,"utc":"19:24:00","flight":"AC094"},{"day":5,"utc":"21:49:00","flight":"AC217"},{"day":5,"utc":"03:00:00","flight":"AC187"},{"day":5,"utc":"16:48:00","flight":"AC862"},{"day":5,"utc":"06:15:00","flight":"AC700"},{"day":6,"utc":"20:34:00","flight":"AC764"}],"distance":403.30020602500906}