{"id":1452,"type":"route","airline":"4U","airlineid":"airline_2548","sourceairport":"HAM","destinationairport":"MAN","stops":0,"equipment":"CRJ","schedule":[{"day":0,"utc":"07:34:00","flight":"4U237"},{"day":0,"utc":"03:46:00","flight":"4U339"},{"day":1,"utc":"06:16:00","flight":"4U230"},{"day":1,"utc":"10:05:00","flight":"4U458"},{"day":1,"utc":"00:13:00","flight":"4U648"},{"day":2,"utc":"12:55:00","flight":"4U873"},{"day":2,"utc":"05:54:00","flight":"4U976"},{"day":3,"utc":"17:05:00","flight":"4U519"},{"day":3,"utc":"21:17:00","flight":"4U684"},{"day":4,"utc":"21:25:00","flight":"4U141"},{"day":5,"utc":"18:23:00","flight":"4U526"},{"day":5,"utc":"06:21:00","flight":"4U193"},{"day":5,"utc":"05:49:00","flight":"4U958"},{"day":5,"utc":"10:14:00","flight":"4U220"},{"day":6,"utc":"05:57:00","flight":"4U457"},{"day":6,"utc":"23:51:00","flight":"4U471"}],"distance":810.8309849483985}