{"id":30306,"type":"route","airline":"GS","airlineid":"airline_690","sourceairport":"KOW","destinationairport":"KHN","stops":0,"equipment":"ERJ","schedule":[{"day":0,"utc":"18:35:00","flight":"GS606"},{"day":0,"utc":"07:54:00","flight":"GS690"},{"day":1,"utc":"06:29:00","flight":"GS041"},{"day":1,"utc":"10:22:00","flight":"GS672"},{"day":1,"utc":"05:55:00","flight":"GS776"},{"day":1,"utc":"11:55:00","flight":"GS489"},{"day":1,"utc":"06:10:00","flight":"GS379"},{"day":2,"utc":"11:08:00","flight":"GS995"},{"day":3,"utc":"17:37:00","flight":"GS823"},{"day":4,"utc":"09:59:00","flight":"GS619"},{"day":4,"utc":"19:43:00","flight":"GS813"},{"day":5,"utc":"20:16:00","flight":"GS001"},{"day":6,"utc":"06:26:00","flight":"GS241"},{"day":6,"utc":"07:38:00","flight":"GS156"},{"day":6,"utc":"06:38:00","flight":"GS956"}],"distance":351.7448850970797}