{"id":7968,"type":"route","airline":"AC","airlineid":"airline_330","sourceairport":"LHR","destinationairport":"YYZ","stops":0,"equipment":"77L 763 77W 333","schedule":[{"day":0,"utc":"06:17:00","flight":"AC636"},{"day":0,"utc":"23:06:00","flight":"AC373"},{"day":0,"utc":"01:00:00","flight":"AC692"},{"day":0,"utc":"03:04:00","flight":"AC435"},{"day":1,"utc":"10:22:00","flight":"AC755"},{"day":1,"utc":"05:34:00","flight":"AC835"},{"day":1,"utc":"13:57:00","flight":"AC140"},{"day":2,"utc":"19:34:00","flight":"AC158"},{"day":2,"utc":"23:48:00","flight":"AC840"},{"day":2,"utc":"03:43:00","flight":"AC041"},{"day":2,"utc":"17:39:00","flight":"AC683"},{"day":3,"utc":"12:12:00","flight":"AC397"},{"day":4,"utc":"15:01:00","flight":"AC865"},{"day":4,"utc":"03:44:00","flight":"AC854"},{"day":4,"utc":"07:41:00","flight":"AC548"},{"day":4,"utc":"04:48:00","flight":"AC468"},{"day":5,"utc":"15:20:00","flight":"AC376"},{"day":5,"utc":"05:51:00","flight":"AC048"},{"day":5,"utc":"04:09:00","flight":"AC417"},{"day":5,"utc":"20:57:00","flight":"AC081"},{"day":6,"utc":"03:43:00","flight":"AC313"},{"day":6,"utc":"20:57:00","flight":"AC857"},{"day":6,"utc":"11:50:00","flight":"AC177"}]}