{"id":55097,"type":"route","airline":"U2","airlineid":"airline_2297","sourceairport":"LUX","destinationairport":"LGW","stops":0,"equipment":"319","schedule":[{"day":0,"utc":"02:42:00","flight":"U2831"},{"day":0,"utc":"14:06:00","flight":"U2766"},{"day":0,"utc":"10:29:00","flight":"U2455"},{"day":0,"utc":"18:21:00","flight":"U2149"},{"day":1,"utc":"11:15:00","flight":"U2341"},{"day":1,"utc":"17:25:00","flight":"U2080"},{"day":1,"utc":"05:13:00","flight":"U2571"},{"day":2,"utc":"09:32:00","flight":"U2842"},{"day":2,"utc":"23:20:00","flight":"U2857"},{"day":2,"utc":"22:00:00","flight":"U2721"},{"day":2,"utc":"06:44:00","flight":"U2290"},{"day":3,"utc":"11:21:00","flight":"U2173"},{"day":3,"utc":"06:05:00","flight":"U2702"},{"day":3,"utc":"02:30:00","flight":"U2464"},{"day":4,"utc":"12:35:00","flight":"U2010"},{"day":4,"utc":"07:53:00","flight":"U2433"},{"day":4,"utc":"21:54:00","flight":"U2257"},{"day":4,"utc":"03:57:00","flight":"U2012"},{"day":4,"utc":"07:08:00","flight":"U2762"},{"day":5,"utc":"03:49:00","flight":"U2848"},{"day":5,"utc":"11:06:00","flight":"U2053"},{"day":6,"utc":"10:50:00","flight":"U2201"},{"day":6,"utc":"01:16:00","flight":"U2521"},{"day":6,"utc":"17:39:00","flight":"U2133"}]}