{"id":62261,"type":"route","airline":"VY","airlineid":"airline_2439","sourceairport":"FCO","destinationairport":"NTE","stops":0,"equipment":"320","schedule":[{"day":0,"utc":"02:37:00","flight":"VY525"},{"day":0,"utc":"08:30:00","flight":"VY557"},{"day":0,"utc":"04:17:00","flight":"VY816"},{"day":1,"utc":"22:10:00","flight":"VY321"},{"day":1,"utc":"03:16:00","flight":"VY186"},{"day":1,"utc":"10:07:00","flight":"VY263"},{"day":1,"utc":"10:00:00","flight":"VY592"},{"day":2,"utc":"10:43:00","flight":"VY880"},{"day":3,"utc":"04:41:00","flight":"VY742"},{"day":3,"utc":"09:04:00","flight":"VY794"},{"day":3,"utc":"19:38:00","flight":"VY721"},{"day":3,"utc":"10:32:00","flight":"VY992"},{"day":3,"utc":"15:53:00","flight":"VY684"},{"day":4,"utc":"00:29:00","flight":"VY108"},{"day":4,"utc":"11:21:00","flight":"VY557"},{"day":4,"utc":"04:50:00","flight":"VY930"},{"day":4,"utc":"23:16:00","flight":"VY841"},{"day":5,"utc":"22:40:00","flight":"VY441"},{"day":5,"utc":"23:19:00","flight":"VY675"},{"day":5,"utc":"21:40:00","flight":"VY204"},{"day":6,"utc":"00:31:00","flight":"VY063"}],"distance":1247.7439104166704}