{"id":9014,"type":"route","airline":"AF","airlineid":"airline_137","sourceairport":"ATH","destinationairport":"MRS","stops":0,"equipment":"319","schedule":[{"day":0,"utc":"05:11:00","flight":"AF061"},{"day":0,"utc":"23:20:00","flight":"AF585"},{"day":1,"utc":"06:53:00","flight":"AF047"},{"day":1,"utc":"13:44:00","flight":"AF929"},{"day":1,"utc":"17:23:00","flight":"AF826"},{"day":1,"utc":"19:05:00","flight":"AF159"},{"day":2,"utc":"01:56:00","flight":"AF674"},{"day":2,"utc":"17:07:00","flight":"AF939"},{"day":2,"utc":"04:24:00","flight":"AF458"},{"day":2,"utc":"14:07:00","flight":"AF467"},{"day":3,"utc":"12:12:00","flight":"AF461"},{"day":3,"utc":"21:01:00","flight":"AF711"},{"day":3,"utc":"06:09:00","flight":"AF480"},{"day":3,"utc":"21:22:00","flight":"AF239"},{"day":3,"utc":"21:51:00","flight":"AF529"},{"day":4,"utc":"23:34:00","flight":"AF867"},{"day":4,"utc":"06:15:00","flight":"AF775"},{"day":4,"utc":"15:37:00","flight":"AF952"},{"day":5,"utc":"05:01:00","flight":"AF498"},{"day":6,"utc":"12:29:00","flight":"AF922"},{"day":6,"utc":"18:48:00","flight":"AF398"},{"day":6,"utc":"16:00:00","flight":"AF185"},{"day":6,"utc":"05:09:00","flight":"AF383"}],"distance":1688.9731377174962}