{"id":5510,"type":"route","airline":"AA","airlineid":"airline_24","sourceairport":"HHH","destinationairport":"CLT","stops":0,"equipment":"DH3","schedule":[{"day":0,"utc":"01:58:00","flight":"AA374"},{"day":0,"utc":"16:09:00","flight":"AA203"},{"day":0,"utc":"08:31:00","flight":"AA523"},{"day":0,"utc":"22:12:00","flight":"AA767"},{"day":1,"utc":"23:22:00","flight":"AA037"},{"day":1,"utc":"22:00:00","flight":"AA073"},{"day":1,"utc":"16:33:00","flight":"AA779"},{"day":2,"utc":"11:21:00","flight":"AA618"},{"day":2,"utc":"04:04:00","flight":"AA936"},{"day":2,"utc":"11:29:00","flight":"AA863"},{"day":3,"utc":"10:57:00","flight":"AA945"},{"day":3,"utc":"00:13:00","flight":"AA363"},{"day":4,"utc":"09:32:00","flight":"AA641"},{"day":4,"utc":"08:26:00","flight":"AA378"},{"day":5,"utc":"05:08:00","flight":"AA653"},{"day":5,"utc":"02:35:00","flight":"AA750"},{"day":5,"utc":"00:12:00","flight":"AA840"},{"day":5,"utc":"14:42:00","flight":"AA176"},{"day":6,"utc":"01:14:00","flight":"AA646"},{"day":6,"utc":"12:03:00","flight":"AA540"},{"day":6,"utc":"07:51:00","flight":"AA223"},{"day":6,"utc":"18:39:00","flight":"AA573"}]}