{"id":15297,"type":"route","airline":"BE","airlineid":"airline_2421","sourceairport":"WAT","destinationairport":"MAN","stops":0,"equipment":"DH4","schedule":[{"day":0,"utc":"03:08:00","flight":"BE971"},{"day":0,"utc":"10:04:00","flight":"BE458"},{"day":0,"utc":"09:02:00","flight":"BE862"},{"day":1,"utc":"02:38:00","flight":"BE285"},{"day":1,"utc":"18:39:00","flight":"BE472"},{"day":1,"utc":"11:12:00","flight":"BE057"},{"day":1,"utc":"10:31:00","flight":"BE977"},{"day":1,"utc":"18:07:00","flight":"BE850"},{"day":2,"utc":"11:07:00","flight":"BE767"},{"day":2,"utc":"15:00:00","flight":"BE098"},{"day":2,"utc":"02:17:00","flight":"BE762"},{"day":2,"utc":"12:54:00","flight":"BE544"},{"day":2,"utc":"23:16:00","flight":"BE262"},{"day":3,"utc":"12:44:00","flight":"BE545"},{"day":4,"utc":"04:11:00","flight":"BE190"},{"day":4,"utc":"15:12:00","flight":"BE521"},{"day":4,"utc":"05:25:00","flight":"BE120"},{"day":4,"utc":"01:08:00","flight":"BE995"},{"day":4,"utc":"15:27:00","flight":"BE523"},{"day":5,"utc":"03:39:00","flight":"BE493"},{"day":5,"utc":"13:31:00","flight":"BE309"},{"day":5,"utc":"20:54:00","flight":"BE093"},{"day":6,"utc":"19:49:00","flight":"BE795"},{"day":6,"utc":"14:30:00","flight":"BE045"},{"day":6,"utc":"02:54:00","flight":"BE181"}],"distance":348.65600726752746}