{"id":55447,"type":"route","airline":"U2","airlineid":"airline_2297","sourceairport":"SXF","destinationairport":"ORY","stops":0,"equipment":"320","schedule":[{"day":0,"utc":"07:33:00","flight":"U2482"},{"day":0,"utc":"02:09:00","flight":"U2856"},{"day":0,"utc":"20:35:00","flight":"U2922"},{"day":0,"utc":"20:45:00","flight":"U2275"},{"day":0,"utc":"07:44:00","flight":"U2207"},{"day":1,"utc":"23:22:00","flight":"U2408"},{"day":2,"utc":"07:02:00","flight":"U2410"},{"day":2,"utc":"05:25:00","flight":"U2992"},{"day":2,"utc":"09:40:00","flight":"U2830"},{"day":2,"utc":"12:33:00","flight":"U2756"},{"day":3,"utc":"04:23:00","flight":"U2102"},{"day":3,"utc":"14:18:00","flight":"U2823"},{"day":3,"utc":"07:23:00","flight":"U2050"},{"day":4,"utc":"08:52:00","flight":"U2011"},{"day":5,"utc":"01:47:00","flight":"U2088"},{"day":5,"utc":"16:01:00","flight":"U2294"},{"day":6,"utc":"22:46:00","flight":"U2539"},{"day":6,"utc":"18:09:00","flight":"U2672"},{"day":6,"utc":"05:30:00","flight":"U2167"}],"distance":885.9051841711728}