{"id":20658,"type":"route","airline":"DL","airlineid":"airline_2009","sourceairport":"DTW","destinationairport":"MSY","stops":0,"equipment":"319 M88","schedule":[{"day":0,"utc":"12:38:00","flight":"DL557"},{"day":0,"utc":"04:04:00","flight":"DL930"},{"day":0,"utc":"09:15:00","flight":"DL391"},{"day":0,"utc":"12:45:00","flight":"DL221"},{"day":1,"utc":"16:23:00","flight":"DL333"},{"day":2,"utc":"00:39:00","flight":"DL818"},{"day":2,"utc":"16:50:00","flight":"DL687"},{"day":2,"utc":"15:43:00","flight":"DL534"},{"day":2,"utc":"06:01:00","flight":"DL743"},{"day":2,"utc":"15:34:00","flight":"DL112"},{"day":3,"utc":"07:44:00","flight":"DL335"},{"day":4,"utc":"02:13:00","flight":"DL819"},{"day":4,"utc":"16:05:00","flight":"DL750"},{"day":5,"utc":"00:34:00","flight":"DL827"},{"day":5,"utc":"06:50:00","flight":"DL413"},{"day":6,"utc":"21:56:00","flight":"DL616"},{"day":6,"utc":"12:31:00","flight":"DL894"}]}