{"id":27543,"type":"route","airline":"FR","airlineid":"airline_4296","sourceairport":"PIK","destinationairport":"ALC","stops":0,"equipment":"738","schedule":[{"day":0,"utc":"22:21:00","flight":"FR253"},{"day":0,"utc":"06:37:00","flight":"FR215"},{"day":1,"utc":"08:26:00","flight":"FR250"},{"day":1,"utc":"05:20:00","flight":"FR379"},{"day":1,"utc":"05:27:00","flight":"FR921"},{"day":2,"utc":"07:09:00","flight":"FR766"},{"day":3,"utc":"10:32:00","flight":"FR706"},{"day":3,"utc":"07:00:00","flight":"FR039"},{"day":3,"utc":"19:27:00","flight":"FR146"},{"day":4,"utc":"02:00:00","flight":"FR481"},{"day":4,"utc":"16:32:00","flight":"FR827"},{"day":4,"utc":"07:43:00","flight":"FR089"},{"day":4,"utc":"04:09:00","flight":"FR839"},{"day":5,"utc":"00:52:00","flight":"FR442"},{"day":6,"utc":"08:36:00","flight":"FR811"}]}