{"id":36150,"type":"route","airline":"KK","airlineid":"airline_995","sourceairport":"IST","destinationairport":"LTN","stops":0,"equipment":"320","schedule":[{"day":0,"utc":"10:09:00","flight":"KK329"},{"day":0,"utc":"07:22:00","flight":"KK845"},{"day":0,"utc":"09:25:00","flight":"KK838"},{"day":1,"utc":"10:13:00","flight":"KK865"},{"day":1,"utc":"19:27:00","flight":"KK137"},{"day":1,"utc":"11:22:00","flight":"KK000"},{"day":2,"utc":"15:39:00","flight":"KK201"},{"day":2,"utc":"23:26:00","flight":"KK085"},{"day":2,"utc":"10:20:00","flight":"KK883"},{"day":2,"utc":"11:57:00","flight":"KK500"},{"day":3,"utc":"22:34:00","flight":"KK396"},{"day":4,"utc":"05:25:00","flight":"KK344"},{"day":4,"utc":"04:24:00","flight":"KK403"},{"day":5,"utc":"14:06:00","flight":"KK394"},{"day":5,"utc":"18:25:00","flight":"KK788"},{"day":5,"utc":"17:32:00","flight":"KK431"},{"day":6,"utc":"04:14:00","flight":"KK843"},{"day":6,"utc":"15:59:00","flight":"KK215"},{"day":6,"utc":"02:32:00","flight":"KK326"},{"day":6,"utc":"23:31:00","flight":"KK522"},{"day":6,"utc":"22:45:00","flight":"KK434"}],"distance":2519.7703734377333}