{"id":55243,"type":"route","airline":"U2","airlineid":"airline_2297","sourceairport":"NCE","destinationairport":"LGW","stops":0,"equipment":"320 319","schedule":[{"day":0,"utc":"07:17:00","flight":"U2157"},{"day":0,"utc":"09:15:00","flight":"U2180"},{"day":0,"utc":"05:21:00","flight":"U2382"},{"day":0,"utc":"05:10:00","flight":"U2786"},{"day":0,"utc":"03:10:00","flight":"U2008"},{"day":1,"utc":"00:46:00","flight":"U2336"},{"day":1,"utc":"06:00:00","flight":"U2033"},{"day":1,"utc":"21:37:00","flight":"U2062"},{"day":1,"utc":"04:44:00","flight":"U2300"},{"day":1,"utc":"05:52:00","flight":"U2425"},{"day":2,"utc":"22:57:00","flight":"U2839"},{"day":2,"utc":"17:41:00","flight":"U2350"},{"day":2,"utc":"23:30:00","flight":"U2466"},{"day":2,"utc":"10:50:00","flight":"U2981"},{"day":3,"utc":"09:29:00","flight":"U2833"},{"day":4,"utc":"08:12:00","flight":"U2149"},{"day":4,"utc":"21:05:00","flight":"U2191"},{"day":4,"utc":"20:27:00","flight":"U2747"},{"day":4,"utc":"01:53:00","flight":"U2312"},{"day":4,"utc":"00:39:00","flight":"U2096"},{"day":5,"utc":"19:32:00","flight":"U2268"},{"day":5,"utc":"02:12:00","flight":"U2207"},{"day":6,"utc":"06:40:00","flight":"U2329"},{"day":6,"utc":"10:04:00","flight":"U2621"},{"day":6,"utc":"09:53:00","flight":"U2567"},{"day":6,"utc":"06:13:00","flight":"U2009"}],"distance":1001.0041298263073}