{"id":6063,"type":"route","airline":"AA","airlineid":"airline_24","sourceairport":"MIA","destinationairport":"LRM","stops":0,"equipment":"ER4","schedule":[{"day":0,"utc":"22:13:00","flight":"AA443"},{"day":0,"utc":"03:45:00","flight":"AA348"},{"day":1,"utc":"21:25:00","flight":"AA766"},{"day":1,"utc":"12:29:00","flight":"AA059"},{"day":1,"utc":"16:23:00","flight":"AA160"},{"day":1,"utc":"19:04:00","flight":"AA349"},{"day":2,"utc":"19:09:00","flight":"AA014"},{"day":2,"utc":"07:10:00","flight":"AA784"},{"day":3,"utc":"23:37:00","flight":"AA223"},{"day":3,"utc":"21:25:00","flight":"AA108"},{"day":3,"utc":"07:55:00","flight":"AA189"},{"day":3,"utc":"19:59:00","flight":"AA726"},{"day":3,"utc":"05:35:00","flight":"AA494"},{"day":4,"utc":"13:21:00","flight":"AA271"},{"day":4,"utc":"03:50:00","flight":"AA441"},{"day":5,"utc":"16:11:00","flight":"AA094"},{"day":5,"utc":"18:01:00","flight":"AA584"},{"day":6,"utc":"09:06:00","flight":"AA129"}]}