{"id":10129,"type":"route","airline":"AH","airlineid":"airline_794","sourceairport":"BOD","destinationairport":"ALG","stops":0,"equipment":"736","schedule":[{"day":0,"utc":"05:43:00","flight":"AH631"},{"day":0,"utc":"17:51:00","flight":"AH108"},{"day":0,"utc":"06:09:00","flight":"AH930"},{"day":0,"utc":"10:48:00","flight":"AH482"},{"day":0,"utc":"11:10:00","flight":"AH341"},{"day":1,"utc":"19:17:00","flight":"AH069"},{"day":1,"utc":"19:23:00","flight":"AH313"},{"day":1,"utc":"01:41:00","flight":"AH348"},{"day":2,"utc":"08:53:00","flight":"AH494"},{"day":2,"utc":"19:30:00","flight":"AH248"},{"day":2,"utc":"06:30:00","flight":"AH074"},{"day":2,"utc":"17:59:00","flight":"AH592"},{"day":2,"utc":"19:23:00","flight":"AH441"},{"day":3,"utc":"09:31:00","flight":"AH190"},{"day":3,"utc":"11:05:00","flight":"AH086"},{"day":3,"utc":"21:54:00","flight":"AH707"},{"day":4,"utc":"22:07:00","flight":"AH517"},{"day":4,"utc":"07:46:00","flight":"AH818"},{"day":4,"utc":"19:26:00","flight":"AH522"},{"day":5,"utc":"23:12:00","flight":"AH782"},{"day":6,"utc":"06:27:00","flight":"AH586"},{"day":6,"utc":"19:56:00","flight":"AH886"}],"distance":963.1817357083809}