{"id":59984,"type":"route","airline":"US","airlineid":"airline_5265","sourceairport":"ORD","destinationairport":"XNA","stops":0,"equipment":"ER4 CR7","schedule":[{"day":0,"utc":"17:35:00","flight":"US556"},{"day":0,"utc":"05:40:00","flight":"US868"},{"day":0,"utc":"04:11:00","flight":"US392"},{"day":0,"utc":"09:19:00","flight":"US191"},{"day":1,"utc":"04:46:00","flight":"US239"},{"day":1,"utc":"22:30:00","flight":"US803"},{"day":1,"utc":"12:34:00","flight":"US978"},{"day":1,"utc":"22:00:00","flight":"US021"},{"day":1,"utc":"02:52:00","flight":"US516"},{"day":2,"utc":"19:11:00","flight":"US537"},{"day":2,"utc":"07:39:00","flight":"US539"},{"day":3,"utc":"03:47:00","flight":"US078"},{"day":3,"utc":"04:22:00","flight":"US202"},{"day":3,"utc":"16:05:00","flight":"US610"},{"day":3,"utc":"14:56:00","flight":"US592"},{"day":3,"utc":"02:13:00","flight":"US178"},{"day":4,"utc":"12:08:00","flight":"US916"},{"day":4,"utc":"01:19:00","flight":"US052"},{"day":4,"utc":"01:31:00","flight":"US736"},{"day":4,"utc":"04:25:00","flight":"US212"},{"day":5,"utc":"17:53:00","flight":"US019"},{"day":5,"utc":"07:11:00","flight":"US357"},{"day":5,"utc":"09:25:00","flight":"US199"},{"day":6,"utc":"18:00:00","flight":"US992"}]}