{"id":15208,"type":"route","airline":"BE","airlineid":"airline_2421","sourceairport":"KOI","destinationairport":"INV","stops":0,"equipment":"SF3","schedule":[{"day":0,"utc":"19:49:00","flight":"BE676"},{"day":1,"utc":"00:39:00","flight":"BE865"},{"day":2,"utc":"20:32:00","flight":"BE340"},{"day":2,"utc":"05:53:00","flight":"BE930"},{"day":3,"utc":"21:43:00","flight":"BE912"},{"day":3,"utc":"22:39:00","flight":"BE955"},{"day":3,"utc":"00:57:00","flight":"BE442"},{"day":3,"utc":"19:10:00","flight":"BE567"},{"day":4,"utc":"19:05:00","flight":"BE058"},{"day":4,"utc":"21:44:00","flight":"BE302"},{"day":4,"utc":"02:40:00","flight":"BE217"},{"day":5,"utc":"06:58:00","flight":"BE356"},{"day":6,"utc":"04:44:00","flight":"BE842"},{"day":6,"utc":"04:07:00","flight":"BE750"},{"day":6,"utc":"14:36:00","flight":"BE677"},{"day":6,"utc":"06:37:00","flight":"BE899"},{"day":6,"utc":"12:23:00","flight":"BE629"}],"distance":170.97566706740307}