{"id":49697,"type":"route","airline":"SK","airlineid":"airline_4319","sourceairport":"ABZ","destinationairport":"BGO","stops":0,"equipment":"DH4 DH3","schedule":[{"day":0,"utc":"21:05:00","flight":"SK501"},{"day":0,"utc":"05:43:00","flight":"SK420"},{"day":0,"utc":"10:07:00","flight":"SK972"},{"day":0,"utc":"03:41:00","flight":"SK058"},{"day":0,"utc":"20:21:00","flight":"SK024"},{"day":1,"utc":"11:00:00","flight":"SK793"},{"day":1,"utc":"05:47:00","flight":"SK872"},{"day":1,"utc":"19:18:00","flight":"SK050"},{"day":1,"utc":"04:14:00","flight":"SK114"},{"day":1,"utc":"08:06:00","flight":"SK898"},{"day":2,"utc":"05:41:00","flight":"SK726"},{"day":3,"utc":"03:42:00","flight":"SK316"},{"day":3,"utc":"06:34:00","flight":"SK923"},{"day":4,"utc":"13:02:00","flight":"SK090"},{"day":4,"utc":"04:59:00","flight":"SK994"},{"day":4,"utc":"20:09:00","flight":"SK878"},{"day":5,"utc":"11:48:00","flight":"SK109"},{"day":6,"utc":"01:07:00","flight":"SK716"},{"day":6,"utc":"13:58:00","flight":"SK447"}],"distance":548.269590120999}