{"id":59904,"type":"route","airline":"US","airlineid":"airline_5265","sourceairport":"ORD","destinationairport":"ELP","stops":0,"equipment":"E75","schedule":[{"day":0,"utc":"00:08:00","flight":"US912"},{"day":1,"utc":"06:53:00","flight":"US144"},{"day":1,"utc":"23:05:00","flight":"US288"},{"day":1,"utc":"06:35:00","flight":"US933"},{"day":2,"utc":"17:11:00","flight":"US773"},{"day":2,"utc":"12:11:00","flight":"US288"},{"day":2,"utc":"03:07:00","flight":"US654"},{"day":2,"utc":"17:10:00","flight":"US586"},{"day":3,"utc":"16:09:00","flight":"US835"},{"day":3,"utc":"05:56:00","flight":"US091"},{"day":3,"utc":"13:35:00","flight":"US784"},{"day":3,"utc":"07:27:00","flight":"US957"},{"day":4,"utc":"15:38:00","flight":"US503"},{"day":4,"utc":"15:41:00","flight":"US854"},{"day":5,"utc":"02:30:00","flight":"US178"},{"day":6,"utc":"17:16:00","flight":"US967"},{"day":6,"utc":"04:18:00","flight":"US546"}],"distance":1987.5250963461567}