{"id":24335,"type":"route","airline":"F9","airlineid":"airline_2468","sourceairport":"CLE","destinationairport":"TTN","stops":0,"equipment":"319","schedule":[{"day":0,"utc":"11:06:00","flight":"F9500"},{"day":0,"utc":"10:12:00","flight":"F9076"},{"day":1,"utc":"11:20:00","flight":"F9864"},{"day":2,"utc":"16:53:00","flight":"F9000"},{"day":2,"utc":"03:23:00","flight":"F9069"},{"day":2,"utc":"08:13:00","flight":"F9250"},{"day":2,"utc":"08:51:00","flight":"F9073"},{"day":2,"utc":"13:54:00","flight":"F9418"},{"day":3,"utc":"06:36:00","flight":"F9986"},{"day":3,"utc":"11:47:00","flight":"F9966"},{"day":3,"utc":"12:05:00","flight":"F9911"},{"day":4,"utc":"09:02:00","flight":"F9799"},{"day":4,"utc":"03:05:00","flight":"F9145"},{"day":4,"utc":"11:29:00","flight":"F9371"},{"day":4,"utc":"18:21:00","flight":"F9641"},{"day":5,"utc":"07:07:00","flight":"F9206"},{"day":5,"utc":"12:33:00","flight":"F9488"},{"day":5,"utc":"07:12:00","flight":"F9476"},{"day":5,"utc":"08:31:00","flight":"F9850"},{"day":6,"utc":"10:46:00","flight":"F9476"},{"day":6,"utc":"17:36:00","flight":"F9664"},{"day":6,"utc":"07:21:00","flight":"F9718"},{"day":6,"utc":"01:46:00","flight":"F9435"},{"day":6,"utc":"03:03:00","flight":"F9857"}]}