{"id":55153,"type":"route","airline":"U2","airlineid":"airline_2297","sourceairport":"MAN","destinationairport":"MLA","stops":0,"equipment":"320","schedule":[{"day":0,"utc":"04:50:00","flight":"U2215"},{"day":0,"utc":"04:40:00","flight":"U2104"},{"day":0,"utc":"14:16:00","flight":"U2118"},{"day":0,"utc":"02:04:00","flight":"U2975"},{"day":1,"utc":"01:53:00","flight":"U2880"},{"day":2,"utc":"00:04:00","flight":"U2405"},{"day":2,"utc":"21:21:00","flight":"U2080"},{"day":2,"utc":"05:14:00","flight":"U2411"},{"day":2,"utc":"19:25:00","flight":"U2537"},{"day":3,"utc":"22:19:00","flight":"U2174"},{"day":3,"utc":"03:47:00","flight":"U2859"},{"day":3,"utc":"21:26:00","flight":"U2554"},{"day":3,"utc":"17:01:00","flight":"U2979"},{"day":3,"utc":"08:05:00","flight":"U2462"},{"day":4,"utc":"06:19:00","flight":"U2257"},{"day":4,"utc":"23:43:00","flight":"U2204"},{"day":4,"utc":"00:02:00","flight":"U2915"},{"day":5,"utc":"21:20:00","flight":"U2667"},{"day":5,"utc":"12:00:00","flight":"U2019"},{"day":5,"utc":"05:01:00","flight":"U2781"},{"day":6,"utc":"16:17:00","flight":"U2698"},{"day":6,"utc":"22:54:00","flight":"U2782"},{"day":6,"utc":"01:08:00","flight":"U2119"},{"day":6,"utc":"03:16:00","flight":"U2121"}],"distance":2341.74493314971}