{"id":59079,"type":"route","airline":"US","airlineid":"airline_5265","sourceairport":"DFW","destinationairport":"GUA","stops":0,"equipment":"738","schedule":[{"day":0,"utc":"00:38:00","flight":"US212"},{"day":0,"utc":"16:40:00","flight":"US060"},{"day":0,"utc":"15:47:00","flight":"US658"},{"day":0,"utc":"23:09:00","flight":"US989"},{"day":1,"utc":"10:42:00","flight":"US296"},{"day":1,"utc":"20:18:00","flight":"US272"},{"day":1,"utc":"13:38:00","flight":"US821"},{"day":2,"utc":"23:19:00","flight":"US597"},{"day":3,"utc":"21:39:00","flight":"US668"},{"day":3,"utc":"06:56:00","flight":"US933"},{"day":3,"utc":"10:12:00","flight":"US144"},{"day":3,"utc":"11:21:00","flight":"US171"},{"day":3,"utc":"16:57:00","flight":"US240"},{"day":4,"utc":"12:38:00","flight":"US038"},{"day":5,"utc":"14:37:00","flight":"US258"},{"day":5,"utc":"07:21:00","flight":"US583"},{"day":6,"utc":"14:45:00","flight":"US321"},{"day":6,"utc":"00:46:00","flight":"US282"}],"distance":2140.0823341678147}