{"id":3636,"type":"route","airline":"9K","airlineid":"airline_1629","sourceairport":"EWB","destinationairport":"ACK","stops":0,"equipment":"CNA","schedule":[{"day":0,"utc":"03:42:00","flight":"9K556"},{"day":0,"utc":"12:32:00","flight":"9K129"},{"day":1,"utc":"07:11:00","flight":"9K049"},{"day":1,"utc":"05:15:00","flight":"9K413"},{"day":1,"utc":"06:26:00","flight":"9K478"},{"day":1,"utc":"23:09:00","flight":"9K385"},{"day":1,"utc":"13:37:00","flight":"9K210"},{"day":2,"utc":"22:59:00","flight":"9K729"},{"day":2,"utc":"05:34:00","flight":"9K901"},{"day":2,"utc":"15:28:00","flight":"9K637"},{"day":3,"utc":"19:39:00","flight":"9K678"},{"day":3,"utc":"14:52:00","flight":"9K085"},{"day":4,"utc":"05:08:00","flight":"9K440"},{"day":4,"utc":"13:57:00","flight":"9K114"},{"day":4,"utc":"08:20:00","flight":"9K331"},{"day":4,"utc":"00:48:00","flight":"9K193"},{"day":4,"utc":"11:14:00","flight":"9K726"},{"day":5,"utc":"23:40:00","flight":"9K048"},{"day":6,"utc":"00:01:00","flight":"9K221"},{"day":6,"utc":"00:13:00","flight":"9K664"},{"day":6,"utc":"13:05:00","flight":"9K799"}]}