{"id":14428,"type":"route","airline":"BA","airlineid":"airline_1355","sourceairport":"BCN","destinationairport":"LGW","stops":0,"equipment":"319 734 320","schedule":[{"day":0,"utc":"13:15:00","flight":"BA039"},{"day":0,"utc":"06:12:00","flight":"BA953"},{"day":0,"utc":"10:41:00","flight":"BA496"},{"day":0,"utc":"08:19:00","flight":"BA700"},{"day":1,"utc":"11:28:00","flight":"BA170"},{"day":1,"utc":"23:02:00","flight":"BA542"},{"day":1,"utc":"15:56:00","flight":"BA722"},{"day":1,"utc":"00:03:00","flight":"BA587"},{"day":2,"utc":"20:08:00","flight":"BA665"},{"day":2,"utc":"07:37:00","flight":"BA320"},{"day":2,"utc":"17:30:00","flight":"BA265"},{"day":3,"utc":"12:44:00","flight":"BA528"},{"day":4,"utc":"02:07:00","flight":"BA811"},{"day":4,"utc":"17:45:00","flight":"BA533"},{"day":4,"utc":"01:09:00","flight":"BA353"},{"day":4,"utc":"19:09:00","flight":"BA614"},{"day":4,"utc":"02:38:00","flight":"BA664"},{"day":5,"utc":"01:14:00","flight":"BA922"},{"day":5,"utc":"18:29:00","flight":"BA740"},{"day":6,"utc":"05:10:00","flight":"BA834"},{"day":6,"utc":"15:33:00","flight":"BA896"},{"day":6,"utc":"22:33:00","flight":"BA961"},{"day":6,"utc":"16:33:00","flight":"BA522"}],"distance":1109.0513469446637}