{"id":13124,"type":"route","airline":"AZ","airlineid":"airline_596","sourceairport":"BWI","destinationairport":"ATL","stops":0,"equipment":"M88 757 M90 717","schedule":[{"day":0,"utc":"06:19:00","flight":"AZ038"},{"day":0,"utc":"02:54:00","flight":"AZ314"},{"day":0,"utc":"01:53:00","flight":"AZ634"},{"day":1,"utc":"08:39:00","flight":"AZ239"},{"day":1,"utc":"19:40:00","flight":"AZ170"},{"day":1,"utc":"05:03:00","flight":"AZ355"},{"day":2,"utc":"22:53:00","flight":"AZ471"},{"day":2,"utc":"23:13:00","flight":"AZ882"},{"day":2,"utc":"13:33:00","flight":"AZ081"},{"day":2,"utc":"10:37:00","flight":"AZ370"},{"day":3,"utc":"02:06:00","flight":"AZ389"},{"day":4,"utc":"07:23:00","flight":"AZ646"},{"day":5,"utc":"02:32:00","flight":"AZ416"},{"day":5,"utc":"14:26:00","flight":"AZ669"},{"day":5,"utc":"20:26:00","flight":"AZ819"},{"day":6,"utc":"07:38:00","flight":"AZ621"}]}