{"id":51854,"type":"route","airline":"TCX","airlineid":"airline_4897","sourceairport":"BFS","destinationairport":"PMI","stops":0,"equipment":"321","schedule":[{"day":0,"utc":"03:03:00","flight":"TCX051"},{"day":0,"utc":"12:00:00","flight":"TCX596"},{"day":0,"utc":"16:10:00","flight":"TCX892"},{"day":0,"utc":"02:53:00","flight":"TCX854"},{"day":0,"utc":"22:01:00","flight":"TCX279"},{"day":1,"utc":"07:33:00","flight":"TCX738"},{"day":1,"utc":"03:53:00","flight":"TCX714"},{"day":1,"utc":"17:40:00","flight":"TCX015"},{"day":2,"utc":"09:33:00","flight":"TCX467"},{"day":3,"utc":"19:12:00","flight":"TCX941"},{"day":3,"utc":"06:52:00","flight":"TCX869"},{"day":4,"utc":"20:56:00","flight":"TCX266"},{"day":4,"utc":"01:10:00","flight":"TCX736"},{"day":4,"utc":"11:40:00","flight":"TCX990"},{"day":4,"utc":"01:58:00","flight":"TCX781"},{"day":5,"utc":"21:41:00","flight":"TCX365"},{"day":5,"utc":"05:14:00","flight":"TCX356"},{"day":6,"utc":"10:35:00","flight":"TCX597"},{"day":6,"utc":"11:07:00","flight":"TCX333"},{"day":6,"utc":"01:37:00","flight":"TCX698"},{"day":6,"utc":"16:14:00","flight":"TCX562"},{"day":6,"utc":"16:37:00","flight":"TCX891"}]}