{"id":63793,"type":"route","airline":"WN","airlineid":"airline_4547","sourceairport":"FLL","destinationairport":"BWI","stops":0,"equipment":"73W 73C 733","schedule":[{"day":0,"utc":"10:04:00","flight":"WN220"},{"day":0,"utc":"09:32:00","flight":"WN286"},{"day":0,"utc":"18:45:00","flight":"WN079"},{"day":0,"utc":"14:16:00","flight":"WN976"},{"day":1,"utc":"01:33:00","flight":"WN012"},{"day":1,"utc":"00:43:00","flight":"WN855"},{"day":2,"utc":"23:22:00","flight":"WN176"},{"day":2,"utc":"12:38:00","flight":"WN878"},{"day":2,"utc":"20:43:00","flight":"WN069"},{"day":3,"utc":"04:17:00","flight":"WN886"},{"day":3,"utc":"04:11:00","flight":"WN941"},{"day":4,"utc":"13:37:00","flight":"WN547"},{"day":4,"utc":"14:54:00","flight":"WN348"},{"day":4,"utc":"12:45:00","flight":"WN661"},{"day":4,"utc":"11:31:00","flight":"WN840"},{"day":4,"utc":"03:50:00","flight":"WN143"},{"day":5,"utc":"05:22:00","flight":"WN980"},{"day":5,"utc":"08:06:00","flight":"WN622"},{"day":6,"utc":"02:47:00","flight":"WN174"},{"day":6,"utc":"15:47:00","flight":"WN585"},{"day":6,"utc":"16:01:00","flight":"WN232"},{"day":6,"utc":"10:44:00","flight":"WN984"},{"day":6,"utc":"10:48:00","flight":"WN630"}]}