{"id":54709,"type":"route","airline":"U2","airlineid":"airline_2297","sourceairport":"EDI","destinationairport":"BFS","stops":0,"equipment":"319 320","schedule":[{"day":0,"utc":"14:55:00","flight":"U2442"},{"day":1,"utc":"07:35:00","flight":"U2570"},{"day":1,"utc":"00:06:00","flight":"U2726"},{"day":1,"utc":"00:43:00","flight":"U2665"},{"day":2,"utc":"01:45:00","flight":"U2583"},{"day":3,"utc":"05:46:00","flight":"U2735"},{"day":3,"utc":"02:43:00","flight":"U2907"},{"day":4,"utc":"15:44:00","flight":"U2478"},{"day":4,"utc":"06:11:00","flight":"U2105"},{"day":5,"utc":"01:15:00","flight":"U2703"},{"day":5,"utc":"08:33:00","flight":"U2218"},{"day":6,"utc":"01:58:00","flight":"U2893"}],"distance":230.28152865172396}