{"id":32763,"type":"route","airline":"IB","airlineid":"airline_2822","sourceairport":"MAN","destinationairport":"ORD","stops":0,"equipment":"763","schedule":[{"day":0,"utc":"22:42:00","flight":"IB813"},{"day":1,"utc":"11:35:00","flight":"IB930"},{"day":1,"utc":"16:05:00","flight":"IB058"},{"day":1,"utc":"02:04:00","flight":"IB716"},{"day":1,"utc":"04:20:00","flight":"IB424"},{"day":1,"utc":"15:05:00","flight":"IB357"},{"day":2,"utc":"12:43:00","flight":"IB480"},{"day":2,"utc":"21:40:00","flight":"IB831"},{"day":2,"utc":"00:18:00","flight":"IB117"},{"day":2,"utc":"00:21:00","flight":"IB696"},{"day":2,"utc":"18:27:00","flight":"IB600"},{"day":3,"utc":"19:50:00","flight":"IB062"},{"day":3,"utc":"11:47:00","flight":"IB829"},{"day":3,"utc":"15:24:00","flight":"IB806"},{"day":3,"utc":"20:53:00","flight":"IB690"},{"day":4,"utc":"14:41:00","flight":"IB133"},{"day":4,"utc":"12:22:00","flight":"IB371"},{"day":4,"utc":"10:00:00","flight":"IB112"},{"day":5,"utc":"12:58:00","flight":"IB786"},{"day":5,"utc":"09:53:00","flight":"IB732"},{"day":6,"utc":"15:18:00","flight":"IB157"}],"distance":6139.9648921034795}