{"id":14805,"type":"route","airline":"BA","airlineid":"airline_1355","sourceairport":"MAH","destinationairport":"LCY","stops":0,"equipment":"E90","schedule":[{"day":0,"utc":"15:13:00","flight":"BA507"},{"day":0,"utc":"22:21:00","flight":"BA485"},{"day":0,"utc":"07:50:00","flight":"BA670"},{"day":0,"utc":"19:04:00","flight":"BA539"},{"day":1,"utc":"18:24:00","flight":"BA804"},{"day":1,"utc":"01:11:00","flight":"BA179"},{"day":1,"utc":"19:52:00","flight":"BA686"},{"day":1,"utc":"15:01:00","flight":"BA994"},{"day":1,"utc":"17:41:00","flight":"BA728"},{"day":2,"utc":"13:30:00","flight":"BA449"},{"day":2,"utc":"22:25:00","flight":"BA519"},{"day":3,"utc":"07:12:00","flight":"BA612"},{"day":3,"utc":"21:59:00","flight":"BA777"},{"day":3,"utc":"06:34:00","flight":"BA933"},{"day":4,"utc":"22:34:00","flight":"BA232"},{"day":4,"utc":"08:07:00","flight":"BA764"},{"day":4,"utc":"06:51:00","flight":"BA813"},{"day":5,"utc":"10:58:00","flight":"BA005"},{"day":5,"utc":"22:04:00","flight":"BA362"},{"day":5,"utc":"14:35:00","flight":"BA819"},{"day":5,"utc":"03:51:00","flight":"BA751"},{"day":6,"utc":"20:13:00","flight":"BA810"},{"day":6,"utc":"18:33:00","flight":"BA019"},{"day":6,"utc":"19:36:00","flight":"BA320"},{"day":6,"utc":"09:59:00","flight":"BA996"},{"day":6,"utc":"09:32:00","flight":"BA264"}]}