{"id":24497,"type":"route","airline":"F9","airlineid":"airline_2468","sourceairport":"PVR","destinationairport":"STL","stops":0,"equipment":"319","schedule":[{"day":0,"utc":"23:38:00","flight":"F9066"},{"day":0,"utc":"00:43:00","flight":"F9973"},{"day":0,"utc":"07:32:00","flight":"F9189"},{"day":1,"utc":"23:31:00","flight":"F9711"},{"day":1,"utc":"03:16:00","flight":"F9217"},{"day":1,"utc":"06:38:00","flight":"F9436"},{"day":2,"utc":"03:57:00","flight":"F9128"},{"day":2,"utc":"23:41:00","flight":"F9784"},{"day":2,"utc":"07:46:00","flight":"F9173"},{"day":3,"utc":"04:50:00","flight":"F9295"},{"day":3,"utc":"08:26:00","flight":"F9020"},{"day":4,"utc":"10:55:00","flight":"F9486"},{"day":4,"utc":"00:50:00","flight":"F9022"},{"day":4,"utc":"05:45:00","flight":"F9704"},{"day":5,"utc":"19:42:00","flight":"F9453"},{"day":6,"utc":"01:44:00","flight":"F9508"},{"day":6,"utc":"09:00:00","flight":"F9174"},{"day":6,"utc":"20:54:00","flight":"F9311"},{"day":6,"utc":"22:00:00","flight":"F9763"}],"distance":2462.8980391634623}