{"id":56142,"type":"route","airline":"UA","airlineid":"airline_5209","sourceairport":"DEN","destinationairport":"LAR","stops":0,"equipment":"EM2","schedule":[{"day":0,"utc":"02:13:00","flight":"UA287"},{"day":0,"utc":"03:52:00","flight":"UA290"},{"day":0,"utc":"11:33:00","flight":"UA160"},{"day":1,"utc":"11:01:00","flight":"UA870"},{"day":1,"utc":"20:16:00","flight":"UA543"},{"day":1,"utc":"11:32:00","flight":"UA103"},{"day":1,"utc":"17:49:00","flight":"UA770"},{"day":2,"utc":"04:37:00","flight":"UA622"},{"day":3,"utc":"07:27:00","flight":"UA321"},{"day":3,"utc":"02:11:00","flight":"UA406"},{"day":3,"utc":"08:13:00","flight":"UA141"},{"day":4,"utc":"23:29:00","flight":"UA518"},{"day":4,"utc":"08:48:00","flight":"UA648"},{"day":4,"utc":"14:59:00","flight":"UA262"},{"day":5,"utc":"23:43:00","flight":"UA123"},{"day":5,"utc":"08:07:00","flight":"UA622"},{"day":5,"utc":"20:49:00","flight":"UA350"},{"day":5,"utc":"12:03:00","flight":"UA287"},{"day":5,"utc":"19:22:00","flight":"UA167"},{"day":6,"utc":"07:42:00","flight":"UA670"},{"day":6,"utc":"19:00:00","flight":"UA350"},{"day":6,"utc":"22:10:00","flight":"UA986"},{"day":6,"utc":"03:13:00","flight":"UA655"}],"distance":182.11900397405853}