{"id":485,"type":"route","airline":"3M","airlineid":"airline_N","sourceairport":"MEI","destinationairport":"ATL","stops":0,"equipment":"SF3","schedule":[{"day":0,"utc":"13:27:00","flight":"3M474"},{"day":0,"utc":"00:42:00","flight":"3M606"},{"day":0,"utc":"02:19:00","flight":"3M454"},{"day":1,"utc":"06:29:00","flight":"3M404"},{"day":1,"utc":"05:34:00","flight":"3M631"},{"day":1,"utc":"05:18:00","flight":"3M029"},{"day":2,"utc":"05:58:00","flight":"3M496"},{"day":2,"utc":"11:08:00","flight":"3M645"},{"day":2,"utc":"23:21:00","flight":"3M402"},{"day":3,"utc":"07:45:00","flight":"3M732"},{"day":3,"utc":"19:31:00","flight":"3M406"},{"day":4,"utc":"21:10:00","flight":"3M470"},{"day":4,"utc":"03:58:00","flight":"3M375"},{"day":4,"utc":"17:09:00","flight":"3M010"},{"day":4,"utc":"03:43:00","flight":"3M880"},{"day":4,"utc":"03:00:00","flight":"3M134"},{"day":5,"utc":"14:00:00","flight":"3M478"},{"day":5,"utc":"15:43:00","flight":"3M152"},{"day":6,"utc":"18:34:00","flight":"3M577"},{"day":6,"utc":"02:51:00","flight":"3M119"},{"day":6,"utc":"18:47:00","flight":"3M869"}],"distance":428.5225989707744}