{"id":5425,"type":"route","airline":"AA","airlineid":"airline_24","sourceairport":"FDF","destinationairport":"MIA","stops":0,"equipment":"738","schedule":[{"day":0,"utc":"03:16:00","flight":"AA704"},{"day":0,"utc":"01:33:00","flight":"AA344"},{"day":0,"utc":"16:05:00","flight":"AA421"},{"day":1,"utc":"21:19:00","flight":"AA082"},{"day":2,"utc":"19:22:00","flight":"AA931"},{"day":2,"utc":"09:59:00","flight":"AA240"},{"day":2,"utc":"08:33:00","flight":"AA210"},{"day":2,"utc":"18:37:00","flight":"AA744"},{"day":3,"utc":"08:17:00","flight":"AA246"},{"day":3,"utc":"13:39:00","flight":"AA017"},{"day":3,"utc":"21:44:00","flight":"AA107"},{"day":3,"utc":"04:13:00","flight":"AA902"},{"day":4,"utc":"03:41:00","flight":"AA685"},{"day":4,"utc":"04:59:00","flight":"AA100"},{"day":4,"utc":"15:36:00","flight":"AA391"},{"day":4,"utc":"10:52:00","flight":"AA145"},{"day":4,"utc":"06:32:00","flight":"AA936"},{"day":5,"utc":"19:17:00","flight":"AA935"},{"day":5,"utc":"00:46:00","flight":"AA951"},{"day":5,"utc":"01:34:00","flight":"AA100"},{"day":5,"utc":"07:35:00","flight":"AA258"},{"day":6,"utc":"02:27:00","flight":"AA716"},{"day":6,"utc":"20:23:00","flight":"AA886"}]}