{"id":4725,"type":"route","airline":"AA","airlineid":"airline_24","sourceairport":"AUS","destinationairport":"PHL","stops":0,"equipment":"319 E90","schedule":[{"day":0,"utc":"03:39:00","flight":"AA480"},{"day":0,"utc":"04:40:00","flight":"AA981"},{"day":1,"utc":"18:43:00","flight":"AA793"},{"day":1,"utc":"03:24:00","flight":"AA181"},{"day":1,"utc":"02:56:00","flight":"AA487"},{"day":1,"utc":"19:16:00","flight":"AA622"},{"day":2,"utc":"18:06:00","flight":"AA222"},{"day":2,"utc":"05:09:00","flight":"AA287"},{"day":2,"utc":"23:16:00","flight":"AA793"},{"day":2,"utc":"13:16:00","flight":"AA162"},{"day":3,"utc":"09:09:00","flight":"AA119"},{"day":3,"utc":"13:38:00","flight":"AA825"},{"day":3,"utc":"20:17:00","flight":"AA417"},{"day":3,"utc":"13:28:00","flight":"AA112"},{"day":3,"utc":"07:06:00","flight":"AA854"},{"day":4,"utc":"14:47:00","flight":"AA949"},{"day":4,"utc":"22:49:00","flight":"AA397"},{"day":4,"utc":"13:54:00","flight":"AA536"},{"day":5,"utc":"23:12:00","flight":"AA049"},{"day":5,"utc":"04:03:00","flight":"AA514"},{"day":5,"utc":"22:07:00","flight":"AA204"},{"day":5,"utc":"07:38:00","flight":"AA335"},{"day":6,"utc":"01:34:00","flight":"AA201"},{"day":6,"utc":"20:14:00","flight":"AA071"}]}