{"id":5510,"type":"route","airline":"AA","airlineid":"airline_24","sourceairport":"HHH","destinationairport":"CLT","stops":0,"equipment":"DH3","schedule":[{"day":0,"utc":"03:47:00","flight":"AA832"},{"day":1,"utc":"10:55:00","flight":"AA659"},{"day":1,"utc":"17:09:00","flight":"AA750"},{"day":1,"utc":"00:59:00","flight":"AA482"},{"day":2,"utc":"11:58:00","flight":"AA052"},{"day":2,"utc":"13:30:00","flight":"AA589"},{"day":3,"utc":"06:48:00","flight":"AA143"},{"day":3,"utc":"17:17:00","flight":"AA150"},{"day":3,"utc":"19:38:00","flight":"AA910"},{"day":4,"utc":"18:19:00","flight":"AA704"},{"day":5,"utc":"12:06:00","flight":"AA443"},{"day":5,"utc":"05:40:00","flight":"AA065"},{"day":5,"utc":"14:56:00","flight":"AA907"},{"day":5,"utc":"05:49:00","flight":"AA942"},{"day":6,"utc":"17:57:00","flight":"AA719"},{"day":6,"utc":"13:48:00","flight":"AA826"},{"day":6,"utc":"06:53:00","flight":"AA767"},{"day":6,"utc":"13:27:00","flight":"AA770"}],"distance":333.83059123313376}