{"id":15429,"type":"route","airline":"BK","airlineid":"airline_4026","sourceairport":"CSX","destinationairport":"CJU","stops":0,"equipment":"738","schedule":[{"day":0,"utc":"14:22:00","flight":"BK403"},{"day":1,"utc":"17:21:00","flight":"BK429"},{"day":2,"utc":"18:07:00","flight":"BK794"},{"day":2,"utc":"04:01:00","flight":"BK074"},{"day":3,"utc":"05:32:00","flight":"BK889"},{"day":4,"utc":"16:11:00","flight":"BK375"},{"day":4,"utc":"05:04:00","flight":"BK468"},{"day":4,"utc":"09:00:00","flight":"BK750"},{"day":4,"utc":"17:33:00","flight":"BK313"},{"day":4,"utc":"22:49:00","flight":"BK762"},{"day":5,"utc":"04:38:00","flight":"BK908"},{"day":5,"utc":"23:49:00","flight":"BK246"},{"day":5,"utc":"10:08:00","flight":"BK125"},{"day":6,"utc":"04:35:00","flight":"BK583"},{"day":6,"utc":"17:01:00","flight":"BK017"},{"day":6,"utc":"06:45:00","flight":"BK949"}],"distance":1396.9574079948238}