{"id":9575,"type":"route","airline":"AF","airlineid":"airline_137","sourceairport":"HRE","destinationairport":"LUN","stops":0,"equipment":"763 332 330","schedule":[{"day":0,"utc":"06:47:00","flight":"AF961"},{"day":1,"utc":"11:47:00","flight":"AF824"},{"day":1,"utc":"06:21:00","flight":"AF711"},{"day":1,"utc":"12:55:00","flight":"AF835"},{"day":2,"utc":"21:15:00","flight":"AF074"},{"day":2,"utc":"07:33:00","flight":"AF127"},{"day":2,"utc":"13:48:00","flight":"AF500"},{"day":2,"utc":"00:57:00","flight":"AF490"},{"day":2,"utc":"20:38:00","flight":"AF053"},{"day":3,"utc":"18:52:00","flight":"AF328"},{"day":4,"utc":"13:22:00","flight":"AF399"},{"day":4,"utc":"15:49:00","flight":"AF416"},{"day":4,"utc":"08:07:00","flight":"AF479"},{"day":4,"utc":"06:02:00","flight":"AF462"},{"day":4,"utc":"23:59:00","flight":"AF526"},{"day":5,"utc":"08:55:00","flight":"AF921"},{"day":6,"utc":"20:58:00","flight":"AF989"},{"day":6,"utc":"23:12:00","flight":"AF227"}]}