{"id":11536,"type":"route","airline":"AS","airlineid":"airline_439","sourceairport":"ANC","destinationairport":"HNL","stops":0,"equipment":"73H","schedule":[{"day":0,"utc":"15:36:00","flight":"AS994"},{"day":0,"utc":"04:59:00","flight":"AS571"},{"day":0,"utc":"21:23:00","flight":"AS756"},{"day":0,"utc":"03:15:00","flight":"AS089"},{"day":1,"utc":"18:58:00","flight":"AS263"},{"day":2,"utc":"19:46:00","flight":"AS382"},{"day":2,"utc":"21:22:00","flight":"AS632"},{"day":3,"utc":"18:16:00","flight":"AS979"},{"day":3,"utc":"23:05:00","flight":"AS234"},{"day":3,"utc":"12:15:00","flight":"AS573"},{"day":3,"utc":"12:08:00","flight":"AS356"},{"day":4,"utc":"23:06:00","flight":"AS237"},{"day":4,"utc":"03:05:00","flight":"AS127"},{"day":4,"utc":"16:28:00","flight":"AS112"},{"day":5,"utc":"20:43:00","flight":"AS670"},{"day":5,"utc":"01:00:00","flight":"AS998"},{"day":5,"utc":"08:42:00","flight":"AS742"},{"day":5,"utc":"08:06:00","flight":"AS585"},{"day":6,"utc":"01:22:00","flight":"AS890"},{"day":6,"utc":"14:23:00","flight":"AS316"},{"day":6,"utc":"10:15:00","flight":"AS383"},{"day":6,"utc":"03:18:00","flight":"AS857"}],"distance":4474.236973092125}