{"id":14458,"type":"route","airline":"BA","airlineid":"airline_1355","sourceairport":"BRU","destinationairport":"LHR","stops":0,"equipment":"319 320 321","schedule":[{"day":0,"utc":"03:49:00","flight":"BA009"},{"day":0,"utc":"22:15:00","flight":"BA121"},{"day":1,"utc":"10:32:00","flight":"BA820"},{"day":1,"utc":"11:23:00","flight":"BA795"},{"day":1,"utc":"06:00:00","flight":"BA798"},{"day":1,"utc":"21:18:00","flight":"BA793"},{"day":1,"utc":"02:40:00","flight":"BA372"},{"day":2,"utc":"03:17:00","flight":"BA203"},{"day":2,"utc":"22:40:00","flight":"BA847"},{"day":2,"utc":"05:35:00","flight":"BA483"},{"day":2,"utc":"06:58:00","flight":"BA908"},{"day":2,"utc":"21:38:00","flight":"BA601"},{"day":3,"utc":"12:36:00","flight":"BA938"},{"day":4,"utc":"23:16:00","flight":"BA325"},{"day":5,"utc":"11:41:00","flight":"BA790"},{"day":5,"utc":"14:38:00","flight":"BA787"},{"day":5,"utc":"19:59:00","flight":"BA698"},{"day":5,"utc":"07:24:00","flight":"BA713"},{"day":6,"utc":"20:28:00","flight":"BA388"}],"distance":350.51119192900126}