{"id":5202,"type":"route","airline":"AA","airlineid":"airline_24","sourceairport":"DFW","destinationairport":"DCA","stops":0,"equipment":"738 M80","schedule":[{"day":0,"utc":"15:27:00","flight":"AA549"},{"day":1,"utc":"18:23:00","flight":"AA610"},{"day":1,"utc":"22:25:00","flight":"AA521"},{"day":1,"utc":"04:35:00","flight":"AA334"},{"day":2,"utc":"05:20:00","flight":"AA229"},{"day":3,"utc":"16:23:00","flight":"AA571"},{"day":3,"utc":"14:41:00","flight":"AA485"},{"day":4,"utc":"00:39:00","flight":"AA416"},{"day":5,"utc":"21:23:00","flight":"AA986"},{"day":5,"utc":"20:26:00","flight":"AA961"},{"day":6,"utc":"09:00:00","flight":"AA119"},{"day":6,"utc":"02:57:00","flight":"AA244"},{"day":6,"utc":"14:15:00","flight":"AA048"},{"day":6,"utc":"10:52:00","flight":"AA860"}]}