{"id":62004,"type":"route","airline":"VX","airlineid":"airline_5331","sourceairport":"LAS","destinationairport":"LAX","stops":0,"equipment":"320","schedule":[{"day":0,"utc":"19:03:00","flight":"VX867"},{"day":0,"utc":"15:26:00","flight":"VX985"},{"day":0,"utc":"00:53:00","flight":"VX177"},{"day":1,"utc":"16:02:00","flight":"VX131"},{"day":1,"utc":"20:16:00","flight":"VX806"},{"day":1,"utc":"21:10:00","flight":"VX816"},{"day":1,"utc":"21:51:00","flight":"VX485"},{"day":2,"utc":"06:57:00","flight":"VX073"},{"day":2,"utc":"07:42:00","flight":"VX845"},{"day":2,"utc":"00:24:00","flight":"VX682"},{"day":3,"utc":"21:18:00","flight":"VX805"},{"day":3,"utc":"01:23:00","flight":"VX860"},{"day":3,"utc":"20:54:00","flight":"VX027"},{"day":3,"utc":"06:13:00","flight":"VX107"},{"day":3,"utc":"15:07:00","flight":"VX113"},{"day":4,"utc":"05:47:00","flight":"VX391"},{"day":4,"utc":"01:54:00","flight":"VX088"},{"day":4,"utc":"19:33:00","flight":"VX939"},{"day":5,"utc":"00:52:00","flight":"VX576"},{"day":5,"utc":"10:23:00","flight":"VX644"},{"day":5,"utc":"08:35:00","flight":"VX676"},{"day":6,"utc":"16:37:00","flight":"VX246"},{"day":6,"utc":"23:29:00","flight":"VX301"},{"day":6,"utc":"23:40:00","flight":"VX720"},{"day":6,"utc":"00:12:00","flight":"VX815"}]}