{"id":39820,"type":"route","airline":"LX","airlineid":"airline_4559","sourceairport":"ZRH","destinationairport":"TPA","stops":0,"equipment":"333","schedule":[{"day":0,"utc":"02:36:00","flight":"LX973"},{"day":0,"utc":"19:16:00","flight":"LX450"},{"day":0,"utc":"18:33:00","flight":"LX165"},{"day":0,"utc":"17:30:00","flight":"LX439"},{"day":0,"utc":"20:04:00","flight":"LX944"},{"day":1,"utc":"02:08:00","flight":"LX979"},{"day":1,"utc":"20:59:00","flight":"LX626"},{"day":1,"utc":"19:03:00","flight":"LX860"},{"day":1,"utc":"08:42:00","flight":"LX845"},{"day":1,"utc":"03:38:00","flight":"LX173"},{"day":2,"utc":"02:55:00","flight":"LX885"},{"day":2,"utc":"10:55:00","flight":"LX956"},{"day":3,"utc":"21:05:00","flight":"LX761"},{"day":3,"utc":"18:14:00","flight":"LX677"},{"day":4,"utc":"10:43:00","flight":"LX270"},{"day":4,"utc":"20:39:00","flight":"LX868"},{"day":4,"utc":"06:27:00","flight":"LX551"},{"day":4,"utc":"17:00:00","flight":"LX968"},{"day":5,"utc":"03:45:00","flight":"LX500"},{"day":5,"utc":"16:06:00","flight":"LX596"},{"day":5,"utc":"01:25:00","flight":"LX873"},{"day":5,"utc":"16:20:00","flight":"LX650"},{"day":5,"utc":"10:45:00","flight":"LX176"},{"day":6,"utc":"05:00:00","flight":"LX704"},{"day":6,"utc":"08:21:00","flight":"LX506"},{"day":6,"utc":"17:11:00","flight":"LX062"},{"day":6,"utc":"18:07:00","flight":"LX229"}],"distance":7835.380104851}