{"id":55243,"type":"route","airline":"U2","airlineid":"airline_2297","sourceairport":"NCE","destinationairport":"LGW","stops":0,"equipment":"320 319","schedule":[{"day":0,"utc":"22:13:00","flight":"U2217"},{"day":0,"utc":"07:16:00","flight":"U2337"},{"day":0,"utc":"19:34:00","flight":"U2734"},{"day":0,"utc":"17:49:00","flight":"U2396"},{"day":0,"utc":"02:43:00","flight":"U2166"},{"day":1,"utc":"20:18:00","flight":"U2451"},{"day":1,"utc":"14:00:00","flight":"U2604"},{"day":2,"utc":"08:23:00","flight":"U2381"},{"day":2,"utc":"15:08:00","flight":"U2280"},{"day":2,"utc":"09:46:00","flight":"U2482"},{"day":3,"utc":"23:10:00","flight":"U2102"},{"day":3,"utc":"14:23:00","flight":"U2207"},{"day":3,"utc":"12:47:00","flight":"U2778"},{"day":3,"utc":"08:00:00","flight":"U2748"},{"day":3,"utc":"17:46:00","flight":"U2902"},{"day":4,"utc":"06:23:00","flight":"U2029"},{"day":5,"utc":"16:29:00","flight":"U2720"},{"day":5,"utc":"16:01:00","flight":"U2778"},{"day":6,"utc":"01:16:00","flight":"U2738"},{"day":6,"utc":"08:53:00","flight":"U2220"}]}