{"id":53092,"type":"route","airline":"TO","airlineid":"airline_8745","sourceairport":"DLM","destinationairport":"LTN","stops":0,"equipment":"75W 73H","schedule":[{"day":0,"utc":"19:25:00","flight":"TO379"},{"day":0,"utc":"09:56:00","flight":"TO306"},{"day":0,"utc":"20:16:00","flight":"TO499"},{"day":1,"utc":"05:38:00","flight":"TO986"},{"day":1,"utc":"00:24:00","flight":"TO869"},{"day":1,"utc":"18:59:00","flight":"TO134"},{"day":1,"utc":"03:16:00","flight":"TO412"},{"day":2,"utc":"09:21:00","flight":"TO717"},{"day":2,"utc":"19:00:00","flight":"TO898"},{"day":2,"utc":"18:11:00","flight":"TO701"},{"day":2,"utc":"04:09:00","flight":"TO626"},{"day":3,"utc":"05:15:00","flight":"TO632"},{"day":3,"utc":"06:02:00","flight":"TO978"},{"day":3,"utc":"16:42:00","flight":"TO952"},{"day":4,"utc":"10:36:00","flight":"TO990"},{"day":4,"utc":"02:26:00","flight":"TO944"},{"day":4,"utc":"22:57:00","flight":"TO065"},{"day":4,"utc":"03:38:00","flight":"TO818"},{"day":5,"utc":"14:44:00","flight":"TO252"},{"day":6,"utc":"03:18:00","flight":"TO955"},{"day":6,"utc":"06:26:00","flight":"TO102"},{"day":6,"utc":"03:54:00","flight":"TO111"}],"distance":2837.2734147986175}