{"id":30231,"type":"route","airline":"GS","airlineid":"airline_690","sourceairport":"HAK","destinationairport":"CGD","stops":0,"equipment":"E90","schedule":[{"day":0,"utc":"06:44:00","flight":"GS845"},{"day":0,"utc":"20:51:00","flight":"GS664"},{"day":1,"utc":"20:22:00","flight":"GS142"},{"day":1,"utc":"16:14:00","flight":"GS912"},{"day":2,"utc":"14:07:00","flight":"GS372"},{"day":2,"utc":"00:43:00","flight":"GS906"},{"day":3,"utc":"15:17:00","flight":"GS546"},{"day":3,"utc":"13:06:00","flight":"GS009"},{"day":3,"utc":"04:45:00","flight":"GS501"},{"day":3,"utc":"21:39:00","flight":"GS204"},{"day":4,"utc":"11:48:00","flight":"GS270"},{"day":4,"utc":"06:59:00","flight":"GS621"},{"day":4,"utc":"19:26:00","flight":"GS860"},{"day":4,"utc":"02:56:00","flight":"GS984"},{"day":5,"utc":"04:12:00","flight":"GS176"},{"day":5,"utc":"22:16:00","flight":"GS829"},{"day":6,"utc":"02:08:00","flight":"GS796"},{"day":6,"utc":"11:20:00","flight":"GS967"},{"day":6,"utc":"00:49:00","flight":"GS378"}],"distance":1006.086889772696}