{"id":62023,"type":"route","airline":"VX","airlineid":"airline_5331","sourceairport":"ORD","destinationairport":"SFO","stops":0,"equipment":"320","schedule":[{"day":0,"utc":"20:55:00","flight":"VX805"},{"day":0,"utc":"16:34:00","flight":"VX941"},{"day":0,"utc":"00:58:00","flight":"VX408"},{"day":1,"utc":"17:10:00","flight":"VX106"},{"day":1,"utc":"08:53:00","flight":"VX753"},{"day":2,"utc":"05:55:00","flight":"VX589"},{"day":2,"utc":"09:41:00","flight":"VX142"},{"day":2,"utc":"01:21:00","flight":"VX419"},{"day":2,"utc":"09:30:00","flight":"VX319"},{"day":3,"utc":"04:27:00","flight":"VX915"},{"day":3,"utc":"16:06:00","flight":"VX019"},{"day":4,"utc":"02:40:00","flight":"VX619"},{"day":5,"utc":"15:37:00","flight":"VX773"},{"day":5,"utc":"06:12:00","flight":"VX141"},{"day":5,"utc":"11:20:00","flight":"VX413"},{"day":5,"utc":"16:38:00","flight":"VX723"},{"day":6,"utc":"13:40:00","flight":"VX061"},{"day":6,"utc":"07:45:00","flight":"VX112"},{"day":6,"utc":"06:48:00","flight":"VX527"},{"day":6,"utc":"14:59:00","flight":"VX693"}],"distance":2963.951598509011}