{"id":44736,"type":"route","airline":"OS","airlineid":"airline_491","sourceairport":"VIE","destinationairport":"LYS","stops":0,"equipment":"DH4 F70","schedule":[{"day":0,"utc":"05:23:00","flight":"OS653"},{"day":1,"utc":"23:54:00","flight":"OS578"},{"day":2,"utc":"09:43:00","flight":"OS489"},{"day":2,"utc":"11:09:00","flight":"OS214"},{"day":2,"utc":"14:09:00","flight":"OS575"},{"day":2,"utc":"22:00:00","flight":"OS376"},{"day":2,"utc":"04:39:00","flight":"OS310"},{"day":3,"utc":"19:39:00","flight":"OS449"},{"day":3,"utc":"17:46:00","flight":"OS480"},{"day":3,"utc":"06:03:00","flight":"OS229"},{"day":4,"utc":"23:41:00","flight":"OS983"},{"day":4,"utc":"00:07:00","flight":"OS910"},{"day":5,"utc":"03:14:00","flight":"OS324"},{"day":5,"utc":"08:53:00","flight":"OS431"},{"day":5,"utc":"22:54:00","flight":"OS282"},{"day":5,"utc":"04:21:00","flight":"OS780"},{"day":5,"utc":"11:27:00","flight":"OS184"},{"day":6,"utc":"03:39:00","flight":"OS977"},{"day":6,"utc":"19:35:00","flight":"OS270"},{"day":6,"utc":"12:57:00","flight":"OS265"},{"day":6,"utc":"09:34:00","flight":"OS513"}],"distance":910.2236308748655}