{"id":32311,"type":"route","airline":"IB","airlineid":"airline_2822","sourceairport":"BCN","destinationairport":"LIL","stops":0,"equipment":"320","schedule":[{"day":0,"utc":"01:34:00","flight":"IB087"},{"day":0,"utc":"22:31:00","flight":"IB258"},{"day":0,"utc":"04:27:00","flight":"IB449"},{"day":0,"utc":"18:58:00","flight":"IB715"},{"day":0,"utc":"08:43:00","flight":"IB484"},{"day":1,"utc":"00:43:00","flight":"IB161"},{"day":1,"utc":"15:39:00","flight":"IB399"},{"day":1,"utc":"16:45:00","flight":"IB060"},{"day":2,"utc":"01:24:00","flight":"IB812"},{"day":2,"utc":"14:14:00","flight":"IB280"},{"day":3,"utc":"06:29:00","flight":"IB347"},{"day":3,"utc":"01:59:00","flight":"IB157"},{"day":4,"utc":"17:17:00","flight":"IB300"},{"day":5,"utc":"03:14:00","flight":"IB018"},{"day":5,"utc":"09:45:00","flight":"IB612"},{"day":5,"utc":"17:41:00","flight":"IB896"},{"day":6,"utc":"22:33:00","flight":"IB396"},{"day":6,"utc":"22:02:00","flight":"IB992"}],"distance":1033.1416532309377}