{"id":61762,"type":"route","airline":"VS","airlineid":"airline_5347","sourceairport":"LGW","destinationairport":"UVF","stops":0,"equipment":"333","schedule":[{"day":0,"utc":"15:31:00","flight":"VS279"},{"day":0,"utc":"18:35:00","flight":"VS067"},{"day":0,"utc":"02:53:00","flight":"VS898"},{"day":0,"utc":"13:41:00","flight":"VS855"},{"day":0,"utc":"10:25:00","flight":"VS919"},{"day":1,"utc":"14:54:00","flight":"VS057"},{"day":1,"utc":"00:57:00","flight":"VS362"},{"day":2,"utc":"07:56:00","flight":"VS601"},{"day":2,"utc":"08:03:00","flight":"VS341"},{"day":2,"utc":"08:20:00","flight":"VS065"},{"day":3,"utc":"04:42:00","flight":"VS544"},{"day":3,"utc":"12:30:00","flight":"VS118"},{"day":4,"utc":"19:08:00","flight":"VS201"},{"day":4,"utc":"02:36:00","flight":"VS236"},{"day":5,"utc":"11:13:00","flight":"VS126"},{"day":5,"utc":"06:21:00","flight":"VS332"},{"day":5,"utc":"13:19:00","flight":"VS323"},{"day":6,"utc":"22:06:00","flight":"VS072"},{"day":6,"utc":"04:15:00","flight":"VS541"},{"day":6,"utc":"15:52:00","flight":"VS656"},{"day":6,"utc":"00:01:00","flight":"VS987"}],"distance":6799.55254660854}