{"id":15429,"type":"route","airline":"BK","airlineid":"airline_4026","sourceairport":"CSX","destinationairport":"CJU","stops":0,"equipment":"738","schedule":[{"day":0,"utc":"17:23:00","flight":"BK078"},{"day":0,"utc":"07:51:00","flight":"BK084"},{"day":0,"utc":"05:19:00","flight":"BK333"},{"day":1,"utc":"17:05:00","flight":"BK388"},{"day":1,"utc":"03:30:00","flight":"BK665"},{"day":1,"utc":"03:23:00","flight":"BK633"},{"day":1,"utc":"19:30:00","flight":"BK300"},{"day":1,"utc":"06:19:00","flight":"BK289"},{"day":2,"utc":"21:53:00","flight":"BK849"},{"day":2,"utc":"02:01:00","flight":"BK681"},{"day":2,"utc":"09:10:00","flight":"BK010"},{"day":3,"utc":"04:17:00","flight":"BK894"},{"day":3,"utc":"21:25:00","flight":"BK149"},{"day":3,"utc":"14:48:00","flight":"BK318"},{"day":3,"utc":"11:10:00","flight":"BK963"},{"day":3,"utc":"21:14:00","flight":"BK080"},{"day":4,"utc":"15:14:00","flight":"BK970"},{"day":4,"utc":"22:13:00","flight":"BK805"},{"day":4,"utc":"11:02:00","flight":"BK397"},{"day":4,"utc":"03:14:00","flight":"BK553"},{"day":4,"utc":"01:50:00","flight":"BK868"},{"day":5,"utc":"08:27:00","flight":"BK512"},{"day":5,"utc":"08:07:00","flight":"BK249"},{"day":5,"utc":"16:33:00","flight":"BK963"},{"day":5,"utc":"10:29:00","flight":"BK601"},{"day":5,"utc":"19:04:00","flight":"BK710"},{"day":6,"utc":"17:42:00","flight":"BK586"},{"day":6,"utc":"17:09:00","flight":"BK841"},{"day":6,"utc":"01:28:00","flight":"BK505"}]}