{"id":59066,"type":"route","airline":"US","airlineid":"airline_5265","sourceairport":"DFW","destinationairport":"FWA","stops":0,"equipment":"ER4","schedule":[{"day":0,"utc":"23:47:00","flight":"US782"},{"day":1,"utc":"18:20:00","flight":"US496"},{"day":1,"utc":"07:34:00","flight":"US833"},{"day":1,"utc":"07:50:00","flight":"US949"},{"day":2,"utc":"22:45:00","flight":"US073"},{"day":2,"utc":"19:02:00","flight":"US181"},{"day":2,"utc":"18:23:00","flight":"US960"},{"day":2,"utc":"11:17:00","flight":"US872"},{"day":2,"utc":"09:10:00","flight":"US824"},{"day":3,"utc":"08:15:00","flight":"US180"},{"day":4,"utc":"14:27:00","flight":"US663"},{"day":4,"utc":"09:31:00","flight":"US859"},{"day":4,"utc":"03:18:00","flight":"US326"},{"day":4,"utc":"08:43:00","flight":"US236"},{"day":5,"utc":"08:11:00","flight":"US970"},{"day":5,"utc":"02:02:00","flight":"US720"},{"day":5,"utc":"10:35:00","flight":"US585"},{"day":5,"utc":"15:38:00","flight":"US487"},{"day":6,"utc":"22:48:00","flight":"US902"}],"distance":1381.6803586051785}