{"id":27519,"type":"route","airline":"FR","airlineid":"airline_4296","sourceairport":"OUD","destinationairport":"BVA","stops":0,"equipment":"738","schedule":[{"day":0,"utc":"04:23:00","flight":"FR185"},{"day":0,"utc":"06:43:00","flight":"FR835"},{"day":0,"utc":"16:33:00","flight":"FR701"},{"day":0,"utc":"04:01:00","flight":"FR932"},{"day":1,"utc":"23:50:00","flight":"FR904"},{"day":1,"utc":"10:40:00","flight":"FR626"},{"day":2,"utc":"04:52:00","flight":"FR777"},{"day":2,"utc":"21:55:00","flight":"FR063"},{"day":2,"utc":"03:43:00","flight":"FR891"},{"day":2,"utc":"09:40:00","flight":"FR238"},{"day":3,"utc":"09:10:00","flight":"FR765"},{"day":3,"utc":"20:41:00","flight":"FR628"},{"day":4,"utc":"10:39:00","flight":"FR263"},{"day":4,"utc":"08:00:00","flight":"FR343"},{"day":5,"utc":"01:37:00","flight":"FR662"},{"day":6,"utc":"01:05:00","flight":"FR399"}]}