{"id":9743,"type":"route","airline":"AF","airlineid":"airline_137","sourceairport":"MRS","destinationairport":"CLY","stops":0,"equipment":"AT7","schedule":[{"day":0,"utc":"11:27:00","flight":"AF457"},{"day":0,"utc":"12:08:00","flight":"AF184"},{"day":1,"utc":"03:48:00","flight":"AF507"},{"day":1,"utc":"10:07:00","flight":"AF587"},{"day":1,"utc":"09:20:00","flight":"AF330"},{"day":2,"utc":"21:41:00","flight":"AF381"},{"day":3,"utc":"10:30:00","flight":"AF143"},{"day":3,"utc":"04:45:00","flight":"AF414"},{"day":3,"utc":"07:16:00","flight":"AF335"},{"day":4,"utc":"05:01:00","flight":"AF505"},{"day":4,"utc":"18:27:00","flight":"AF061"},{"day":5,"utc":"05:22:00","flight":"AF807"},{"day":5,"utc":"20:05:00","flight":"AF499"},{"day":5,"utc":"01:52:00","flight":"AF139"},{"day":5,"utc":"00:59:00","flight":"AF893"},{"day":6,"utc":"16:34:00","flight":"AF463"},{"day":6,"utc":"19:01:00","flight":"AF078"},{"day":6,"utc":"17:24:00","flight":"AF337"},{"day":6,"utc":"08:40:00","flight":"AF621"},{"day":6,"utc":"17:22:00","flight":"AF844"}],"distance":308.0414849297263}