{"id":63887,"type":"route","airline":"WN","airlineid":"airline_4547","sourceairport":"IND","destinationairport":"DEN","stops":0,"equipment":"733 73C 73W","schedule":[{"day":0,"utc":"04:12:00","flight":"WN282"},{"day":0,"utc":"18:14:00","flight":"WN335"},{"day":0,"utc":"21:52:00","flight":"WN183"},{"day":1,"utc":"02:19:00","flight":"WN622"},{"day":1,"utc":"03:40:00","flight":"WN282"},{"day":1,"utc":"14:01:00","flight":"WN756"},{"day":1,"utc":"12:59:00","flight":"WN767"},{"day":1,"utc":"12:02:00","flight":"WN577"},{"day":2,"utc":"17:19:00","flight":"WN282"},{"day":2,"utc":"12:19:00","flight":"WN846"},{"day":3,"utc":"17:51:00","flight":"WN923"},{"day":3,"utc":"05:00:00","flight":"WN987"},{"day":4,"utc":"19:56:00","flight":"WN145"},{"day":5,"utc":"10:03:00","flight":"WN423"},{"day":5,"utc":"06:57:00","flight":"WN881"},{"day":6,"utc":"12:13:00","flight":"WN607"},{"day":6,"utc":"20:43:00","flight":"WN740"},{"day":6,"utc":"19:02:00","flight":"WN964"}]}