{"id":9797,"type":"route","airline":"AF","airlineid":"airline_137","sourceairport":"NCE","destinationairport":"FCO","stops":0,"equipment":"319 32S E75 321 E90","schedule":[{"day":0,"utc":"15:01:00","flight":"AF492"},{"day":0,"utc":"02:44:00","flight":"AF553"},{"day":0,"utc":"04:10:00","flight":"AF136"},{"day":0,"utc":"10:50:00","flight":"AF236"},{"day":1,"utc":"07:39:00","flight":"AF494"},{"day":1,"utc":"12:57:00","flight":"AF145"},{"day":1,"utc":"06:38:00","flight":"AF840"},{"day":1,"utc":"15:51:00","flight":"AF435"},{"day":1,"utc":"11:17:00","flight":"AF197"},{"day":2,"utc":"18:44:00","flight":"AF806"},{"day":3,"utc":"22:00:00","flight":"AF351"},{"day":3,"utc":"22:27:00","flight":"AF604"},{"day":4,"utc":"17:42:00","flight":"AF831"},{"day":5,"utc":"04:13:00","flight":"AF041"},{"day":5,"utc":"03:21:00","flight":"AF075"},{"day":5,"utc":"02:48:00","flight":"AF761"},{"day":5,"utc":"09:27:00","flight":"AF039"},{"day":5,"utc":"08:41:00","flight":"AF427"},{"day":6,"utc":"04:26:00","flight":"AF641"},{"day":6,"utc":"01:59:00","flight":"AF126"},{"day":6,"utc":"09:38:00","flight":"AF736"},{"day":6,"utc":"17:17:00","flight":"AF630"},{"day":6,"utc":"18:32:00","flight":"AF077"}],"distance":459.9047324743149}