{"id":26839,"type":"route","airline":"FR","airlineid":"airline_4296","sourceairport":"FNI","destinationairport":"LTN","stops":0,"equipment":"738","schedule":[{"day":0,"utc":"20:54:00","flight":"FR086"},{"day":1,"utc":"12:19:00","flight":"FR555"},{"day":1,"utc":"02:58:00","flight":"FR704"},{"day":1,"utc":"06:14:00","flight":"FR465"},{"day":1,"utc":"22:52:00","flight":"FR861"},{"day":2,"utc":"06:49:00","flight":"FR646"},{"day":2,"utc":"23:40:00","flight":"FR370"},{"day":3,"utc":"10:06:00","flight":"FR225"},{"day":3,"utc":"12:34:00","flight":"FR452"},{"day":3,"utc":"06:56:00","flight":"FR283"},{"day":4,"utc":"20:42:00","flight":"FR182"},{"day":5,"utc":"21:01:00","flight":"FR452"},{"day":5,"utc":"05:28:00","flight":"FR174"},{"day":5,"utc":"17:10:00","flight":"FR640"},{"day":5,"utc":"22:04:00","flight":"FR101"},{"day":5,"utc":"13:09:00","flight":"FR332"},{"day":6,"utc":"23:30:00","flight":"FR335"},{"day":6,"utc":"23:28:00","flight":"FR538"},{"day":6,"utc":"22:40:00","flight":"FR017"},{"day":6,"utc":"13:40:00","flight":"FR910"},{"day":6,"utc":"18:37:00","flight":"FR133"}]}