{"id":28270,"type":"route","airline":"FR","airlineid":"airline_4296","sourceairport":"ZAD","destinationairport":"MAN","stops":0,"equipment":"738","schedule":[{"day":0,"utc":"23:50:00","flight":"FR593"},{"day":0,"utc":"13:34:00","flight":"FR731"},{"day":0,"utc":"16:14:00","flight":"FR325"},{"day":1,"utc":"05:48:00","flight":"FR530"},{"day":1,"utc":"16:35:00","flight":"FR881"},{"day":2,"utc":"01:37:00","flight":"FR897"},{"day":2,"utc":"10:21:00","flight":"FR609"},{"day":3,"utc":"20:03:00","flight":"FR619"},{"day":3,"utc":"06:16:00","flight":"FR582"},{"day":3,"utc":"16:40:00","flight":"FR835"},{"day":3,"utc":"14:55:00","flight":"FR221"},{"day":3,"utc":"20:40:00","flight":"FR886"},{"day":4,"utc":"09:20:00","flight":"FR524"},{"day":4,"utc":"19:33:00","flight":"FR759"},{"day":4,"utc":"06:11:00","flight":"FR839"},{"day":4,"utc":"13:35:00","flight":"FR523"},{"day":4,"utc":"12:50:00","flight":"FR733"},{"day":5,"utc":"08:17:00","flight":"FR521"},{"day":5,"utc":"22:53:00","flight":"FR729"},{"day":6,"utc":"22:04:00","flight":"FR254"}],"distance":1643.7983254473047}