{"id":59111,"type":"route","airline":"US","airlineid":"airline_5265","sourceairport":"DFW","destinationairport":"MEX","stops":0,"equipment":"M80","schedule":[{"day":0,"utc":"19:22:00","flight":"US068"},{"day":0,"utc":"15:52:00","flight":"US243"},{"day":1,"utc":"18:05:00","flight":"US850"},{"day":1,"utc":"20:24:00","flight":"US530"},{"day":1,"utc":"07:31:00","flight":"US161"},{"day":1,"utc":"08:05:00","flight":"US908"},{"day":1,"utc":"18:14:00","flight":"US752"},{"day":2,"utc":"19:16:00","flight":"US889"},{"day":2,"utc":"00:22:00","flight":"US813"},{"day":2,"utc":"03:13:00","flight":"US455"},{"day":2,"utc":"18:49:00","flight":"US346"},{"day":3,"utc":"03:19:00","flight":"US094"},{"day":4,"utc":"23:32:00","flight":"US908"},{"day":5,"utc":"01:28:00","flight":"US046"},{"day":6,"utc":"14:19:00","flight":"US465"}],"distance":1510.3370666661701}