{"id":56607,"type":"route","airline":"UA","airlineid":"airline_5209","sourceairport":"IAD","destinationairport":"BRU","stops":0,"equipment":"777 332","schedule":[{"day":0,"utc":"11:13:00","flight":"UA386"},{"day":1,"utc":"07:59:00","flight":"UA917"},{"day":1,"utc":"15:08:00","flight":"UA324"},{"day":1,"utc":"20:18:00","flight":"UA789"},{"day":1,"utc":"00:53:00","flight":"UA917"},{"day":2,"utc":"00:56:00","flight":"UA864"},{"day":3,"utc":"08:30:00","flight":"UA099"},{"day":3,"utc":"15:17:00","flight":"UA617"},{"day":3,"utc":"07:47:00","flight":"UA226"},{"day":4,"utc":"11:31:00","flight":"UA272"},{"day":4,"utc":"07:46:00","flight":"UA148"},{"day":4,"utc":"22:48:00","flight":"UA957"},{"day":5,"utc":"11:01:00","flight":"UA679"},{"day":5,"utc":"01:09:00","flight":"UA811"},{"day":5,"utc":"02:09:00","flight":"UA727"},{"day":5,"utc":"11:34:00","flight":"UA008"},{"day":5,"utc":"10:23:00","flight":"UA507"},{"day":6,"utc":"19:17:00","flight":"UA824"}],"distance":6246.991716401947}