{"id":55448,"type":"route","airline":"U2","airlineid":"airline_2297","sourceairport":"SXF","destinationairport":"PMI","stops":0,"equipment":"319 320","schedule":[{"day":0,"utc":"23:29:00","flight":"U2871"},{"day":0,"utc":"11:30:00","flight":"U2806"},{"day":0,"utc":"20:16:00","flight":"U2185"},{"day":0,"utc":"07:50:00","flight":"U2486"},{"day":1,"utc":"17:16:00","flight":"U2060"},{"day":1,"utc":"16:32:00","flight":"U2014"},{"day":2,"utc":"19:23:00","flight":"U2673"},{"day":2,"utc":"05:25:00","flight":"U2344"},{"day":3,"utc":"07:32:00","flight":"U2453"},{"day":4,"utc":"16:08:00","flight":"U2521"},{"day":4,"utc":"06:51:00","flight":"U2421"},{"day":4,"utc":"05:30:00","flight":"U2994"},{"day":4,"utc":"10:44:00","flight":"U2389"},{"day":5,"utc":"16:29:00","flight":"U2343"},{"day":5,"utc":"10:30:00","flight":"U2409"},{"day":6,"utc":"07:22:00","flight":"U2612"}]}