{"id":5510,"type":"route","airline":"AA","airlineid":"airline_24","sourceairport":"HHH","destinationairport":"CLT","stops":0,"equipment":"DH3","schedule":[{"day":0,"utc":"21:36:00","flight":"AA802"},{"day":0,"utc":"05:03:00","flight":"AA890"},{"day":0,"utc":"07:29:00","flight":"AA979"},{"day":0,"utc":"21:16:00","flight":"AA465"},{"day":1,"utc":"09:28:00","flight":"AA967"},{"day":1,"utc":"20:10:00","flight":"AA271"},{"day":1,"utc":"01:09:00","flight":"AA908"},{"day":1,"utc":"19:14:00","flight":"AA109"},{"day":1,"utc":"17:34:00","flight":"AA209"},{"day":2,"utc":"04:01:00","flight":"AA938"},{"day":2,"utc":"20:07:00","flight":"AA357"},{"day":2,"utc":"08:25:00","flight":"AA613"},{"day":2,"utc":"03:22:00","flight":"AA399"},{"day":3,"utc":"03:19:00","flight":"AA695"},{"day":3,"utc":"07:26:00","flight":"AA574"},{"day":3,"utc":"03:27:00","flight":"AA485"},{"day":4,"utc":"05:31:00","flight":"AA123"},{"day":4,"utc":"08:56:00","flight":"AA167"},{"day":4,"utc":"20:30:00","flight":"AA793"},{"day":4,"utc":"20:48:00","flight":"AA769"},{"day":5,"utc":"04:21:00","flight":"AA740"},{"day":6,"utc":"00:38:00","flight":"AA462"},{"day":6,"utc":"15:39:00","flight":"AA501"},{"day":6,"utc":"19:47:00","flight":"AA313"},{"day":6,"utc":"02:54:00","flight":"AA756"}]}