{"id":53092,"type":"route","airline":"TO","airlineid":"airline_8745","sourceairport":"DLM","destinationairport":"LTN","stops":0,"equipment":"75W 73H","schedule":[{"day":0,"utc":"12:26:00","flight":"TO972"},{"day":1,"utc":"16:16:00","flight":"TO951"},{"day":1,"utc":"13:21:00","flight":"TO693"},{"day":1,"utc":"09:13:00","flight":"TO258"},{"day":2,"utc":"15:59:00","flight":"TO320"},{"day":2,"utc":"10:44:00","flight":"TO715"},{"day":3,"utc":"10:26:00","flight":"TO390"},{"day":3,"utc":"14:39:00","flight":"TO005"},{"day":3,"utc":"17:06:00","flight":"TO177"},{"day":4,"utc":"14:11:00","flight":"TO080"},{"day":4,"utc":"20:03:00","flight":"TO016"},{"day":4,"utc":"23:31:00","flight":"TO764"},{"day":4,"utc":"02:13:00","flight":"TO718"},{"day":4,"utc":"20:56:00","flight":"TO416"},{"day":5,"utc":"20:28:00","flight":"TO374"},{"day":5,"utc":"10:35:00","flight":"TO892"},{"day":6,"utc":"17:01:00","flight":"TO455"},{"day":6,"utc":"02:57:00","flight":"TO863"},{"day":6,"utc":"13:41:00","flight":"TO405"}],"distance":2837.2734147986175}