{"id":36415,"type":"route","airline":"KL","airlineid":"airline_3090","sourceairport":"ATL","destinationairport":"MLI","stops":0,"equipment":"CR7 CR9","schedule":[{"day":0,"utc":"05:41:00","flight":"KL153"},{"day":0,"utc":"10:57:00","flight":"KL211"},{"day":0,"utc":"16:39:00","flight":"KL409"},{"day":1,"utc":"12:12:00","flight":"KL835"},{"day":1,"utc":"18:22:00","flight":"KL295"},{"day":2,"utc":"11:36:00","flight":"KL518"},{"day":2,"utc":"17:20:00","flight":"KL535"},{"day":2,"utc":"17:33:00","flight":"KL965"},{"day":2,"utc":"17:13:00","flight":"KL983"},{"day":3,"utc":"10:12:00","flight":"KL199"},{"day":3,"utc":"06:27:00","flight":"KL476"},{"day":3,"utc":"17:37:00","flight":"KL738"},{"day":3,"utc":"19:39:00","flight":"KL180"},{"day":4,"utc":"11:32:00","flight":"KL150"},{"day":4,"utc":"07:41:00","flight":"KL701"},{"day":4,"utc":"13:04:00","flight":"KL996"},{"day":5,"utc":"18:54:00","flight":"KL417"},{"day":5,"utc":"15:14:00","flight":"KL779"},{"day":5,"utc":"23:30:00","flight":"KL739"},{"day":5,"utc":"16:11:00","flight":"KL349"},{"day":6,"utc":"16:42:00","flight":"KL688"}],"distance":1020.0446480125665}