{"id":60054,"type":"route","airline":"US","airlineid":"airline_5265","sourceairport":"PHL","destinationairport":"DUB","stops":0,"equipment":"332","schedule":[{"day":0,"utc":"02:23:00","flight":"US235"},{"day":0,"utc":"21:28:00","flight":"US499"},{"day":1,"utc":"11:47:00","flight":"US605"},{"day":1,"utc":"11:52:00","flight":"US453"},{"day":1,"utc":"22:05:00","flight":"US292"},{"day":1,"utc":"07:45:00","flight":"US121"},{"day":2,"utc":"09:22:00","flight":"US403"},{"day":2,"utc":"16:46:00","flight":"US606"},{"day":2,"utc":"19:23:00","flight":"US355"},{"day":2,"utc":"08:39:00","flight":"US034"},{"day":2,"utc":"22:04:00","flight":"US390"},{"day":3,"utc":"18:14:00","flight":"US623"},{"day":3,"utc":"06:06:00","flight":"US230"},{"day":4,"utc":"10:53:00","flight":"US809"},{"day":4,"utc":"11:20:00","flight":"US036"},{"day":5,"utc":"07:55:00","flight":"US016"},{"day":5,"utc":"03:40:00","flight":"US978"},{"day":5,"utc":"07:42:00","flight":"US176"},{"day":6,"utc":"05:44:00","flight":"US348"}],"distance":5252.867863339899}