{"id":5049,"type":"route","airline":"AA","airlineid":"airline_24","sourceairport":"CUN","destinationairport":"JFK","stops":0,"equipment":"738","schedule":[{"day":0,"utc":"12:00:00","flight":"AA296"},{"day":0,"utc":"03:09:00","flight":"AA145"},{"day":0,"utc":"11:30:00","flight":"AA105"},{"day":1,"utc":"13:28:00","flight":"AA705"},{"day":2,"utc":"20:08:00","flight":"AA006"},{"day":3,"utc":"20:04:00","flight":"AA609"},{"day":3,"utc":"03:01:00","flight":"AA481"},{"day":3,"utc":"23:19:00","flight":"AA284"},{"day":3,"utc":"22:04:00","flight":"AA207"},{"day":3,"utc":"14:06:00","flight":"AA723"},{"day":4,"utc":"07:58:00","flight":"AA787"},{"day":5,"utc":"11:41:00","flight":"AA407"},{"day":6,"utc":"05:11:00","flight":"AA910"},{"day":6,"utc":"00:06:00","flight":"AA675"}]}