{"id":51854,"type":"route","airline":"TCX","airlineid":"airline_4897","sourceairport":"BFS","destinationairport":"PMI","stops":0,"equipment":"321","schedule":[{"day":0,"utc":"15:31:00","flight":"TCX385"},{"day":0,"utc":"20:52:00","flight":"TCX451"},{"day":0,"utc":"22:48:00","flight":"TCX053"},{"day":1,"utc":"14:15:00","flight":"TCX717"},{"day":1,"utc":"10:53:00","flight":"TCX617"},{"day":1,"utc":"18:22:00","flight":"TCX830"},{"day":1,"utc":"03:28:00","flight":"TCX727"},{"day":1,"utc":"08:40:00","flight":"TCX924"},{"day":2,"utc":"03:51:00","flight":"TCX922"},{"day":2,"utc":"01:59:00","flight":"TCX825"},{"day":3,"utc":"14:22:00","flight":"TCX762"},{"day":4,"utc":"08:24:00","flight":"TCX480"},{"day":5,"utc":"11:38:00","flight":"TCX970"},{"day":5,"utc":"00:35:00","flight":"TCX594"},{"day":6,"utc":"05:46:00","flight":"TCX410"},{"day":6,"utc":"05:49:00","flight":"TCX264"},{"day":6,"utc":"03:31:00","flight":"TCX813"},{"day":6,"utc":"09:39:00","flight":"TCX726"}],"distance":1807.3182707297683}