{"id":5022,"type":"route","airline":"AA","airlineid":"airline_24","sourceairport":"CLT","destinationairport":"YUL","stops":0,"equipment":"CRJ","schedule":[{"day":0,"utc":"19:15:00","flight":"AA546"},{"day":0,"utc":"14:58:00","flight":"AA882"},{"day":0,"utc":"11:45:00","flight":"AA042"},{"day":0,"utc":"03:07:00","flight":"AA742"},{"day":1,"utc":"00:29:00","flight":"AA031"},{"day":1,"utc":"19:51:00","flight":"AA593"},{"day":1,"utc":"13:00:00","flight":"AA217"},{"day":1,"utc":"08:05:00","flight":"AA338"},{"day":2,"utc":"15:54:00","flight":"AA303"},{"day":2,"utc":"01:49:00","flight":"AA457"},{"day":3,"utc":"13:23:00","flight":"AA452"},{"day":3,"utc":"03:11:00","flight":"AA357"},{"day":4,"utc":"02:11:00","flight":"AA914"},{"day":5,"utc":"15:32:00","flight":"AA085"},{"day":5,"utc":"03:58:00","flight":"AA530"},{"day":5,"utc":"13:40:00","flight":"AA820"},{"day":5,"utc":"02:15:00","flight":"AA022"},{"day":5,"utc":"18:46:00","flight":"AA029"},{"day":6,"utc":"07:36:00","flight":"AA589"},{"day":6,"utc":"14:15:00","flight":"AA246"}],"distance":1292.255963843351}