{"id":4876,"type":"route","airline":"AA","airlineid":"airline_24","sourceairport":"CHS","destinationairport":"DCA","stops":0,"equipment":"E70 CRJ E75","schedule":[{"day":0,"utc":"04:34:00","flight":"AA921"},{"day":0,"utc":"13:32:00","flight":"AA157"},{"day":1,"utc":"03:29:00","flight":"AA091"},{"day":1,"utc":"12:18:00","flight":"AA695"},{"day":1,"utc":"07:15:00","flight":"AA568"},{"day":2,"utc":"02:44:00","flight":"AA828"},{"day":2,"utc":"19:45:00","flight":"AA404"},{"day":2,"utc":"22:24:00","flight":"AA905"},{"day":3,"utc":"20:05:00","flight":"AA915"},{"day":3,"utc":"13:14:00","flight":"AA161"},{"day":4,"utc":"13:12:00","flight":"AA298"},{"day":4,"utc":"08:48:00","flight":"AA027"},{"day":4,"utc":"11:18:00","flight":"AA652"},{"day":5,"utc":"20:03:00","flight":"AA426"},{"day":5,"utc":"01:44:00","flight":"AA657"},{"day":5,"utc":"09:26:00","flight":"AA096"},{"day":6,"utc":"05:15:00","flight":"AA051"},{"day":6,"utc":"18:11:00","flight":"AA454"},{"day":6,"utc":"11:20:00","flight":"AA155"},{"day":6,"utc":"15:53:00","flight":"AA231"},{"day":6,"utc":"20:07:00","flight":"AA366"}]}