{"id":22984,"type":"route","airline":"EI","airlineid":"airline_837","sourceairport":"LGW","destinationairport":"BHD","stops":0,"equipment":"320 319","schedule":[{"day":0,"utc":"13:38:00","flight":"EI338"},{"day":1,"utc":"05:19:00","flight":"EI355"},{"day":2,"utc":"17:09:00","flight":"EI560"},{"day":2,"utc":"16:36:00","flight":"EI747"},{"day":2,"utc":"07:13:00","flight":"EI150"},{"day":3,"utc":"10:08:00","flight":"EI134"},{"day":3,"utc":"03:26:00","flight":"EI248"},{"day":3,"utc":"19:51:00","flight":"EI836"},{"day":3,"utc":"23:09:00","flight":"EI151"},{"day":3,"utc":"17:14:00","flight":"EI809"},{"day":4,"utc":"10:59:00","flight":"EI237"},{"day":4,"utc":"02:33:00","flight":"EI768"},{"day":4,"utc":"18:28:00","flight":"EI962"},{"day":5,"utc":"00:24:00","flight":"EI607"},{"day":5,"utc":"15:18:00","flight":"EI962"},{"day":5,"utc":"19:23:00","flight":"EI133"},{"day":5,"utc":"13:39:00","flight":"EI195"},{"day":5,"utc":"11:39:00","flight":"EI598"},{"day":6,"utc":"14:17:00","flight":"EI855"},{"day":6,"utc":"02:00:00","flight":"EI765"}],"distance":542.1219654121161}