{"id":11180,"type":"route","airline":"AM","airlineid":"airline_321","sourceairport":"PHL","destinationairport":"ATL","stops":0,"equipment":"M88 757 M90","schedule":[{"day":0,"utc":"11:35:00","flight":"AM693"},{"day":0,"utc":"15:16:00","flight":"AM811"},{"day":0,"utc":"06:51:00","flight":"AM493"},{"day":0,"utc":"10:03:00","flight":"AM075"},{"day":1,"utc":"01:24:00","flight":"AM350"},{"day":1,"utc":"11:28:00","flight":"AM673"},{"day":1,"utc":"04:12:00","flight":"AM502"},{"day":1,"utc":"15:12:00","flight":"AM654"},{"day":2,"utc":"16:55:00","flight":"AM848"},{"day":2,"utc":"12:24:00","flight":"AM496"},{"day":2,"utc":"21:39:00","flight":"AM008"},{"day":2,"utc":"16:41:00","flight":"AM039"},{"day":3,"utc":"04:14:00","flight":"AM175"},{"day":3,"utc":"03:08:00","flight":"AM318"},{"day":3,"utc":"00:59:00","flight":"AM499"},{"day":3,"utc":"03:26:00","flight":"AM697"},{"day":4,"utc":"15:30:00","flight":"AM513"},{"day":4,"utc":"17:59:00","flight":"AM621"},{"day":4,"utc":"22:33:00","flight":"AM913"},{"day":4,"utc":"20:56:00","flight":"AM013"},{"day":4,"utc":"21:24:00","flight":"AM817"},{"day":5,"utc":"11:57:00","flight":"AM562"},{"day":6,"utc":"22:04:00","flight":"AM718"},{"day":6,"utc":"03:36:00","flight":"AM990"}],"distance":1071.589394885381}