{"id":15511,"type":"route","airline":"BK","airlineid":"airline_4026","sourceairport":"TSN","destinationairport":"YNT","stops":0,"equipment":"YN7","schedule":[{"day":0,"utc":"03:01:00","flight":"BK020"},{"day":1,"utc":"02:53:00","flight":"BK379"},{"day":1,"utc":"12:32:00","flight":"BK659"},{"day":1,"utc":"19:58:00","flight":"BK150"},{"day":2,"utc":"00:33:00","flight":"BK992"},{"day":2,"utc":"03:47:00","flight":"BK683"},{"day":3,"utc":"20:35:00","flight":"BK400"},{"day":3,"utc":"02:52:00","flight":"BK316"},{"day":4,"utc":"16:05:00","flight":"BK548"},{"day":4,"utc":"17:47:00","flight":"BK641"},{"day":5,"utc":"17:13:00","flight":"BK558"},{"day":5,"utc":"23:35:00","flight":"BK497"},{"day":5,"utc":"07:01:00","flight":"BK618"},{"day":6,"utc":"12:04:00","flight":"BK421"},{"day":6,"utc":"14:04:00","flight":"BK834"},{"day":6,"utc":"04:29:00","flight":"BK642"},{"day":6,"utc":"09:32:00","flight":"BK947"}],"distance":400.2095475463325}