{"id":59904,"type":"route","airline":"US","airlineid":"airline_5265","sourceairport":"ORD","destinationairport":"ELP","stops":0,"equipment":"E75","schedule":[{"day":0,"utc":"12:21:00","flight":"US147"},{"day":0,"utc":"08:06:00","flight":"US988"},{"day":0,"utc":"14:50:00","flight":"US668"},{"day":1,"utc":"00:56:00","flight":"US329"},{"day":1,"utc":"15:37:00","flight":"US068"},{"day":1,"utc":"20:23:00","flight":"US167"},{"day":2,"utc":"07:41:00","flight":"US869"},{"day":2,"utc":"17:15:00","flight":"US057"},{"day":2,"utc":"22:18:00","flight":"US453"},{"day":2,"utc":"06:28:00","flight":"US678"},{"day":2,"utc":"22:39:00","flight":"US278"},{"day":3,"utc":"09:21:00","flight":"US043"},{"day":4,"utc":"22:50:00","flight":"US653"},{"day":4,"utc":"03:38:00","flight":"US366"},{"day":4,"utc":"09:34:00","flight":"US237"},{"day":4,"utc":"08:44:00","flight":"US442"},{"day":5,"utc":"15:16:00","flight":"US535"},{"day":5,"utc":"13:44:00","flight":"US020"},{"day":6,"utc":"19:39:00","flight":"US705"}]}