{"id":59177,"type":"route","airline":"US","airlineid":"airline_5265","sourceairport":"DFW","destinationairport":"TLH","stops":0,"equipment":"ER4 ERD","schedule":[{"day":0,"utc":"02:36:00","flight":"US759"},{"day":1,"utc":"20:45:00","flight":"US206"},{"day":2,"utc":"09:53:00","flight":"US313"},{"day":2,"utc":"01:24:00","flight":"US165"},{"day":2,"utc":"15:29:00","flight":"US762"},{"day":2,"utc":"03:46:00","flight":"US441"},{"day":3,"utc":"19:51:00","flight":"US368"},{"day":3,"utc":"21:47:00","flight":"US987"},{"day":3,"utc":"14:51:00","flight":"US968"},{"day":3,"utc":"03:21:00","flight":"US688"},{"day":4,"utc":"18:58:00","flight":"US789"},{"day":4,"utc":"10:56:00","flight":"US844"},{"day":5,"utc":"17:28:00","flight":"US008"},{"day":6,"utc":"02:42:00","flight":"US835"},{"day":6,"utc":"19:55:00","flight":"US928"},{"day":6,"utc":"01:52:00","flight":"US831"},{"day":6,"utc":"10:56:00","flight":"US047"}]}