{"id":56052,"type":"route","airline":"UA","airlineid":"airline_5209","sourceairport":"CUN","destinationairport":"SFO","stops":0,"equipment":"739","schedule":[{"day":0,"utc":"17:41:00","flight":"UA476"},{"day":1,"utc":"16:38:00","flight":"UA062"},{"day":1,"utc":"16:46:00","flight":"UA413"},{"day":1,"utc":"02:24:00","flight":"UA456"},{"day":2,"utc":"00:57:00","flight":"UA420"},{"day":2,"utc":"22:12:00","flight":"UA356"},{"day":2,"utc":"22:09:00","flight":"UA389"},{"day":3,"utc":"07:10:00","flight":"UA361"},{"day":3,"utc":"11:47:00","flight":"UA522"},{"day":3,"utc":"23:19:00","flight":"UA880"},{"day":3,"utc":"04:35:00","flight":"UA311"},{"day":4,"utc":"11:56:00","flight":"UA009"},{"day":4,"utc":"14:31:00","flight":"UA281"},{"day":5,"utc":"16:12:00","flight":"UA358"},{"day":5,"utc":"23:43:00","flight":"UA185"},{"day":5,"utc":"09:28:00","flight":"UA770"},{"day":5,"utc":"14:20:00","flight":"UA943"},{"day":6,"utc":"06:32:00","flight":"UA561"},{"day":6,"utc":"02:42:00","flight":"UA113"},{"day":6,"utc":"00:42:00","flight":"UA660"},{"day":6,"utc":"07:17:00","flight":"UA976"}]}