{"id":30231,"type":"route","airline":"GS","airlineid":"airline_690","sourceairport":"HAK","destinationairport":"CGD","stops":0,"equipment":"E90","schedule":[{"day":0,"utc":"03:48:00","flight":"GS623"},{"day":0,"utc":"11:33:00","flight":"GS567"},{"day":0,"utc":"09:19:00","flight":"GS458"},{"day":0,"utc":"00:57:00","flight":"GS375"},{"day":0,"utc":"23:16:00","flight":"GS809"},{"day":1,"utc":"16:45:00","flight":"GS225"},{"day":1,"utc":"00:46:00","flight":"GS151"},{"day":1,"utc":"22:59:00","flight":"GS137"},{"day":1,"utc":"17:17:00","flight":"GS709"},{"day":1,"utc":"13:22:00","flight":"GS495"},{"day":2,"utc":"16:31:00","flight":"GS283"},{"day":2,"utc":"02:15:00","flight":"GS714"},{"day":2,"utc":"01:24:00","flight":"GS453"},{"day":3,"utc":"21:23:00","flight":"GS620"},{"day":3,"utc":"04:16:00","flight":"GS714"},{"day":3,"utc":"11:00:00","flight":"GS622"},{"day":4,"utc":"09:48:00","flight":"GS994"},{"day":4,"utc":"19:47:00","flight":"GS937"},{"day":5,"utc":"16:04:00","flight":"GS258"},{"day":6,"utc":"00:13:00","flight":"GS265"},{"day":6,"utc":"16:57:00","flight":"GS830"},{"day":6,"utc":"19:14:00","flight":"GS520"},{"day":6,"utc":"14:02:00","flight":"GS755"}],"distance":1006.086889772696}