{"id":55120,"type":"route","airline":"U2","airlineid":"airline_2297","sourceairport":"LYS","destinationairport":"VCE","stops":0,"equipment":"319","schedule":[{"day":0,"utc":"10:55:00","flight":"U2733"},{"day":0,"utc":"04:28:00","flight":"U2767"},{"day":0,"utc":"15:39:00","flight":"U2171"},{"day":0,"utc":"20:52:00","flight":"U2910"},{"day":0,"utc":"10:23:00","flight":"U2392"},{"day":1,"utc":"18:00:00","flight":"U2382"},{"day":1,"utc":"08:39:00","flight":"U2233"},{"day":1,"utc":"22:19:00","flight":"U2702"},{"day":1,"utc":"01:46:00","flight":"U2929"},{"day":1,"utc":"08:12:00","flight":"U2655"},{"day":2,"utc":"13:16:00","flight":"U2995"},{"day":2,"utc":"05:18:00","flight":"U2642"},{"day":2,"utc":"03:21:00","flight":"U2184"},{"day":2,"utc":"14:43:00","flight":"U2009"},{"day":3,"utc":"14:35:00","flight":"U2060"},{"day":3,"utc":"00:01:00","flight":"U2729"},{"day":3,"utc":"10:42:00","flight":"U2696"},{"day":3,"utc":"12:57:00","flight":"U2650"},{"day":4,"utc":"06:04:00","flight":"U2756"},{"day":4,"utc":"04:36:00","flight":"U2284"},{"day":4,"utc":"04:27:00","flight":"U2940"},{"day":4,"utc":"00:26:00","flight":"U2252"},{"day":5,"utc":"17:44:00","flight":"U2656"},{"day":6,"utc":"14:53:00","flight":"U2663"}],"distance":565.0883540827808}