{"id":58949,"type":"route","airline":"US","airlineid":"airline_5265","sourceairport":"DCA","destinationairport":"DAY","stops":0,"equipment":"CRJ","schedule":[{"day":0,"utc":"04:03:00","flight":"US595"},{"day":0,"utc":"23:48:00","flight":"US312"},{"day":1,"utc":"03:21:00","flight":"US008"},{"day":1,"utc":"19:51:00","flight":"US456"},{"day":1,"utc":"05:16:00","flight":"US625"},{"day":2,"utc":"06:07:00","flight":"US855"},{"day":2,"utc":"18:43:00","flight":"US498"},{"day":2,"utc":"13:35:00","flight":"US924"},{"day":2,"utc":"23:14:00","flight":"US371"},{"day":2,"utc":"09:50:00","flight":"US012"},{"day":3,"utc":"02:34:00","flight":"US525"},{"day":3,"utc":"02:57:00","flight":"US454"},{"day":3,"utc":"02:04:00","flight":"US518"},{"day":3,"utc":"08:57:00","flight":"US683"},{"day":4,"utc":"18:41:00","flight":"US777"},{"day":4,"utc":"06:56:00","flight":"US630"},{"day":5,"utc":"23:30:00","flight":"US230"},{"day":6,"utc":"14:03:00","flight":"US954"},{"day":6,"utc":"18:15:00","flight":"US871"},{"day":6,"utc":"10:59:00","flight":"US012"}],"distance":628.0432756207308}