{"id":54035,"type":"route","airline":"TS","airlineid":"airline_1317","sourceairport":"YYZ","destinationairport":"CDG","stops":0,"equipment":"330","schedule":[{"day":0,"utc":"15:29:00","flight":"TS327"},{"day":0,"utc":"23:42:00","flight":"TS991"},{"day":0,"utc":"14:51:00","flight":"TS044"},{"day":0,"utc":"00:40:00","flight":"TS678"},{"day":1,"utc":"13:31:00","flight":"TS634"},{"day":1,"utc":"14:16:00","flight":"TS556"},{"day":1,"utc":"16:22:00","flight":"TS030"},{"day":1,"utc":"01:14:00","flight":"TS274"},{"day":2,"utc":"17:09:00","flight":"TS901"},{"day":2,"utc":"15:30:00","flight":"TS446"},{"day":3,"utc":"09:58:00","flight":"TS833"},{"day":3,"utc":"23:41:00","flight":"TS693"},{"day":4,"utc":"20:15:00","flight":"TS533"},{"day":4,"utc":"18:13:00","flight":"TS512"},{"day":5,"utc":"05:28:00","flight":"TS075"},{"day":5,"utc":"08:41:00","flight":"TS826"},{"day":6,"utc":"00:44:00","flight":"TS046"}],"distance":6019.845581824862}