{"id":20289,"type":"route","airline":"DL","airlineid":"airline_2009","sourceairport":"BAH","destinationairport":"AUH","stops":0,"equipment":"332","schedule":[{"day":0,"utc":"10:55:00","flight":"DL000"},{"day":0,"utc":"12:48:00","flight":"DL440"},{"day":1,"utc":"21:52:00","flight":"DL429"},{"day":1,"utc":"14:00:00","flight":"DL125"},{"day":1,"utc":"03:37:00","flight":"DL225"},{"day":2,"utc":"23:18:00","flight":"DL195"},{"day":2,"utc":"01:38:00","flight":"DL548"},{"day":2,"utc":"16:39:00","flight":"DL459"},{"day":2,"utc":"21:06:00","flight":"DL759"},{"day":3,"utc":"11:58:00","flight":"DL955"},{"day":3,"utc":"03:22:00","flight":"DL034"},{"day":3,"utc":"10:17:00","flight":"DL747"},{"day":3,"utc":"07:52:00","flight":"DL299"},{"day":3,"utc":"05:30:00","flight":"DL923"},{"day":4,"utc":"11:04:00","flight":"DL787"},{"day":5,"utc":"14:07:00","flight":"DL514"},{"day":5,"utc":"18:30:00","flight":"DL385"},{"day":6,"utc":"06:26:00","flight":"DL275"},{"day":6,"utc":"06:27:00","flight":"DL511"},{"day":6,"utc":"09:05:00","flight":"DL877"}],"distance":452.4452726126174}