{"id":57448,"type":"route","airline":"UA","airlineid":"airline_5209","sourceairport":"PEK","destinationairport":"ORD","stops":0,"equipment":"777","schedule":[{"day":0,"utc":"05:57:00","flight":"UA775"},{"day":0,"utc":"10:49:00","flight":"UA651"},{"day":0,"utc":"20:56:00","flight":"UA882"},{"day":0,"utc":"21:53:00","flight":"UA430"},{"day":0,"utc":"11:03:00","flight":"UA952"},{"day":1,"utc":"05:50:00","flight":"UA946"},{"day":1,"utc":"19:26:00","flight":"UA071"},{"day":1,"utc":"21:33:00","flight":"UA449"},{"day":2,"utc":"15:18:00","flight":"UA561"},{"day":2,"utc":"17:18:00","flight":"UA088"},{"day":3,"utc":"12:47:00","flight":"UA232"},{"day":3,"utc":"13:44:00","flight":"UA458"},{"day":3,"utc":"16:37:00","flight":"UA714"},{"day":3,"utc":"06:24:00","flight":"UA971"},{"day":4,"utc":"15:46:00","flight":"UA879"},{"day":4,"utc":"07:36:00","flight":"UA880"},{"day":5,"utc":"14:27:00","flight":"UA572"},{"day":5,"utc":"20:44:00","flight":"UA035"},{"day":6,"utc":"19:00:00","flight":"UA663"}],"distance":10562.441667646719}