{"id":56507,"type":"route","airline":"UA","airlineid":"airline_5209","sourceairport":"GNV","destinationairport":"TPA","stops":0,"equipment":"SF3","schedule":[{"day":0,"utc":"20:23:00","flight":"UA320"},{"day":1,"utc":"21:43:00","flight":"UA259"},{"day":1,"utc":"18:29:00","flight":"UA763"},{"day":1,"utc":"16:49:00","flight":"UA389"},{"day":1,"utc":"17:00:00","flight":"UA596"},{"day":1,"utc":"18:26:00","flight":"UA933"},{"day":2,"utc":"04:09:00","flight":"UA732"},{"day":2,"utc":"14:33:00","flight":"UA525"},{"day":2,"utc":"13:46:00","flight":"UA858"},{"day":2,"utc":"20:30:00","flight":"UA298"},{"day":3,"utc":"14:41:00","flight":"UA441"},{"day":3,"utc":"11:46:00","flight":"UA020"},{"day":3,"utc":"21:23:00","flight":"UA363"},{"day":3,"utc":"01:21:00","flight":"UA994"},{"day":3,"utc":"00:26:00","flight":"UA771"},{"day":4,"utc":"14:34:00","flight":"UA206"},{"day":4,"utc":"00:13:00","flight":"UA526"},{"day":4,"utc":"15:26:00","flight":"UA902"},{"day":4,"utc":"01:00:00","flight":"UA648"},{"day":5,"utc":"00:57:00","flight":"UA996"},{"day":5,"utc":"04:50:00","flight":"UA879"},{"day":5,"utc":"03:36:00","flight":"UA176"},{"day":5,"utc":"19:09:00","flight":"UA736"},{"day":6,"utc":"11:24:00","flight":"UA822"},{"day":6,"utc":"12:58:00","flight":"UA832"},{"day":6,"utc":"13:18:00","flight":"UA012"},{"day":6,"utc":"08:59:00","flight":"UA114"},{"day":6,"utc":"14:22:00","flight":"UA921"}],"distance":192.34659553480927}