{"id":36688,"type":"route","airline":"KL","airlineid":"airline_3090","sourceairport":"IAH","destinationairport":"AMS","stops":0,"equipment":"74M","schedule":[{"day":0,"utc":"05:45:00","flight":"KL677"},{"day":0,"utc":"03:30:00","flight":"KL326"},{"day":0,"utc":"19:29:00","flight":"KL432"},{"day":1,"utc":"16:33:00","flight":"KL660"},{"day":2,"utc":"14:57:00","flight":"KL104"},{"day":2,"utc":"14:25:00","flight":"KL152"},{"day":2,"utc":"23:35:00","flight":"KL340"},{"day":2,"utc":"01:17:00","flight":"KL263"},{"day":3,"utc":"02:23:00","flight":"KL623"},{"day":3,"utc":"03:42:00","flight":"KL065"},{"day":3,"utc":"11:44:00","flight":"KL423"},{"day":3,"utc":"12:45:00","flight":"KL624"},{"day":3,"utc":"19:14:00","flight":"KL985"},{"day":4,"utc":"16:15:00","flight":"KL062"},{"day":4,"utc":"06:36:00","flight":"KL581"},{"day":4,"utc":"22:05:00","flight":"KL388"},{"day":4,"utc":"06:31:00","flight":"KL096"},{"day":4,"utc":"22:22:00","flight":"KL888"},{"day":5,"utc":"02:13:00","flight":"KL373"},{"day":6,"utc":"03:23:00","flight":"KL792"},{"day":6,"utc":"05:32:00","flight":"KL347"}],"distance":8049.291096423766}