{"id":14089,"type":"route","airline":"B6","airlineid":"airline_3029","sourceairport":"JFK","destinationairport":"POP","stops":0,"equipment":"320","schedule":[{"day":0,"utc":"06:48:00","flight":"B6877"},{"day":0,"utc":"00:34:00","flight":"B6171"},{"day":0,"utc":"00:59:00","flight":"B6406"},{"day":0,"utc":"22:09:00","flight":"B6039"},{"day":1,"utc":"01:59:00","flight":"B6830"},{"day":1,"utc":"01:36:00","flight":"B6193"},{"day":1,"utc":"20:51:00","flight":"B6463"},{"day":1,"utc":"08:13:00","flight":"B6628"},{"day":2,"utc":"15:44:00","flight":"B6616"},{"day":2,"utc":"01:47:00","flight":"B6588"},{"day":2,"utc":"06:50:00","flight":"B6616"},{"day":2,"utc":"08:16:00","flight":"B6974"},{"day":2,"utc":"00:52:00","flight":"B6974"},{"day":3,"utc":"20:44:00","flight":"B6595"},{"day":3,"utc":"03:47:00","flight":"B6415"},{"day":3,"utc":"13:52:00","flight":"B6545"},{"day":3,"utc":"17:05:00","flight":"B6781"},{"day":4,"utc":"22:41:00","flight":"B6413"},{"day":4,"utc":"05:14:00","flight":"B6623"},{"day":4,"utc":"14:09:00","flight":"B6455"},{"day":4,"utc":"13:01:00","flight":"B6007"},{"day":5,"utc":"00:21:00","flight":"B6414"},{"day":5,"utc":"15:50:00","flight":"B6045"},{"day":6,"utc":"23:45:00","flight":"B6314"},{"day":6,"utc":"23:13:00","flight":"B6601"},{"day":6,"utc":"17:21:00","flight":"B6789"}]}