{"id":63822,"type":"route","airline":"WN","airlineid":"airline_4547","sourceairport":"GRR","destinationairport":"BWI","stops":0,"equipment":"73W","schedule":[{"day":0,"utc":"03:20:00","flight":"WN806"},{"day":0,"utc":"17:09:00","flight":"WN529"},{"day":0,"utc":"12:00:00","flight":"WN887"},{"day":0,"utc":"20:57:00","flight":"WN954"},{"day":0,"utc":"06:53:00","flight":"WN373"},{"day":1,"utc":"18:06:00","flight":"WN599"},{"day":2,"utc":"02:19:00","flight":"WN886"},{"day":3,"utc":"05:59:00","flight":"WN179"},{"day":3,"utc":"08:09:00","flight":"WN688"},{"day":3,"utc":"05:19:00","flight":"WN498"},{"day":4,"utc":"14:54:00","flight":"WN695"},{"day":5,"utc":"21:59:00","flight":"WN165"},{"day":6,"utc":"18:04:00","flight":"WN121"},{"day":6,"utc":"06:22:00","flight":"WN727"}]}