{"id":56780,"type":"route","airline":"UA","airlineid":"airline_5209","sourceairport":"IAH","destinationairport":"LIM","stops":0,"equipment":"763","schedule":[{"day":0,"utc":"03:29:00","flight":"UA024"},{"day":1,"utc":"13:37:00","flight":"UA437"},{"day":1,"utc":"11:23:00","flight":"UA667"},{"day":1,"utc":"05:26:00","flight":"UA518"},{"day":1,"utc":"23:08:00","flight":"UA097"},{"day":2,"utc":"22:57:00","flight":"UA815"},{"day":2,"utc":"12:33:00","flight":"UA999"},{"day":2,"utc":"09:55:00","flight":"UA833"},{"day":3,"utc":"09:34:00","flight":"UA003"},{"day":3,"utc":"10:26:00","flight":"UA789"},{"day":3,"utc":"06:07:00","flight":"UA563"},{"day":3,"utc":"10:02:00","flight":"UA861"},{"day":3,"utc":"12:40:00","flight":"UA711"},{"day":4,"utc":"21:39:00","flight":"UA898"},{"day":4,"utc":"14:12:00","flight":"UA670"},{"day":5,"utc":"14:49:00","flight":"UA326"},{"day":5,"utc":"19:44:00","flight":"UA739"},{"day":5,"utc":"14:21:00","flight":"UA478"},{"day":6,"utc":"17:17:00","flight":"UA731"}],"distance":5062.454843896422}