{"id":6702,"type":"route","airline":"AA","airlineid":"airline_24","sourceairport":"SAN","destinationairport":"MIA","stops":0,"equipment":"738","schedule":[{"day":0,"utc":"21:03:00","flight":"AA904"},{"day":0,"utc":"16:30:00","flight":"AA582"},{"day":0,"utc":"09:21:00","flight":"AA793"},{"day":1,"utc":"13:42:00","flight":"AA635"},{"day":1,"utc":"09:50:00","flight":"AA230"},{"day":1,"utc":"16:38:00","flight":"AA149"},{"day":1,"utc":"01:18:00","flight":"AA617"},{"day":1,"utc":"18:03:00","flight":"AA266"},{"day":2,"utc":"02:28:00","flight":"AA796"},{"day":2,"utc":"23:50:00","flight":"AA250"},{"day":3,"utc":"09:02:00","flight":"AA405"},{"day":3,"utc":"07:42:00","flight":"AA467"},{"day":3,"utc":"16:00:00","flight":"AA876"},{"day":3,"utc":"14:36:00","flight":"AA019"},{"day":3,"utc":"09:57:00","flight":"AA173"},{"day":4,"utc":"08:23:00","flight":"AA936"},{"day":4,"utc":"01:32:00","flight":"AA629"},{"day":5,"utc":"14:01:00","flight":"AA014"},{"day":5,"utc":"12:06:00","flight":"AA420"},{"day":5,"utc":"15:27:00","flight":"AA457"},{"day":5,"utc":"19:30:00","flight":"AA505"},{"day":6,"utc":"00:19:00","flight":"AA711"},{"day":6,"utc":"22:14:00","flight":"AA478"},{"day":6,"utc":"23:29:00","flight":"AA386"},{"day":6,"utc":"21:13:00","flight":"AA945"}],"distance":3642.5220490371985}