{"id":21790,"type":"route","airline":"DL","airlineid":"airline_2009","sourceairport":"SLC","destinationairport":"BWI","stops":0,"equipment":"320","schedule":[{"day":0,"utc":"03:56:00","flight":"DL088"},{"day":0,"utc":"14:55:00","flight":"DL503"},{"day":1,"utc":"23:12:00","flight":"DL977"},{"day":1,"utc":"13:37:00","flight":"DL818"},{"day":1,"utc":"04:48:00","flight":"DL379"},{"day":1,"utc":"14:44:00","flight":"DL240"},{"day":2,"utc":"17:22:00","flight":"DL148"},{"day":2,"utc":"14:18:00","flight":"DL620"},{"day":2,"utc":"23:07:00","flight":"DL203"},{"day":2,"utc":"09:52:00","flight":"DL920"},{"day":2,"utc":"08:50:00","flight":"DL373"},{"day":3,"utc":"03:56:00","flight":"DL440"},{"day":4,"utc":"21:07:00","flight":"DL511"},{"day":4,"utc":"15:35:00","flight":"DL847"},{"day":4,"utc":"08:45:00","flight":"DL871"},{"day":4,"utc":"12:04:00","flight":"DL064"},{"day":5,"utc":"04:04:00","flight":"DL304"},{"day":5,"utc":"09:42:00","flight":"DL875"},{"day":5,"utc":"08:26:00","flight":"DL095"},{"day":5,"utc":"03:41:00","flight":"DL468"},{"day":6,"utc":"08:16:00","flight":"DL565"},{"day":6,"utc":"17:52:00","flight":"DL705"}],"distance":2993.471916833885}