{"id":60025,"type":"route","airline":"US","airlineid":"airline_5265","sourceairport":"PHL","destinationairport":"AUS","stops":0,"equipment":"319 E90","schedule":[{"day":0,"utc":"14:35:00","flight":"US410"},{"day":0,"utc":"09:05:00","flight":"US246"},{"day":0,"utc":"08:05:00","flight":"US033"},{"day":0,"utc":"23:10:00","flight":"US423"},{"day":0,"utc":"18:51:00","flight":"US652"},{"day":1,"utc":"09:25:00","flight":"US812"},{"day":1,"utc":"01:00:00","flight":"US984"},{"day":2,"utc":"02:23:00","flight":"US281"},{"day":3,"utc":"01:42:00","flight":"US848"},{"day":3,"utc":"15:01:00","flight":"US070"},{"day":3,"utc":"17:46:00","flight":"US277"},{"day":3,"utc":"09:07:00","flight":"US289"},{"day":3,"utc":"12:03:00","flight":"US361"},{"day":4,"utc":"07:10:00","flight":"US490"},{"day":4,"utc":"15:22:00","flight":"US671"},{"day":4,"utc":"01:04:00","flight":"US979"},{"day":4,"utc":"04:41:00","flight":"US918"},{"day":4,"utc":"18:58:00","flight":"US798"},{"day":5,"utc":"01:35:00","flight":"US424"},{"day":5,"utc":"23:14:00","flight":"US112"},{"day":5,"utc":"00:33:00","flight":"US022"},{"day":6,"utc":"09:08:00","flight":"US511"},{"day":6,"utc":"08:31:00","flight":"US249"},{"day":6,"utc":"05:20:00","flight":"US064"},{"day":6,"utc":"09:43:00","flight":"US341"},{"day":6,"utc":"07:08:00","flight":"US507"}],"distance":2299.093311578792}