{"id":59984,"type":"route","airline":"US","airlineid":"airline_5265","sourceairport":"ORD","destinationairport":"XNA","stops":0,"equipment":"ER4 CR7","schedule":[{"day":0,"utc":"02:39:00","flight":"US774"},{"day":0,"utc":"09:12:00","flight":"US866"},{"day":0,"utc":"21:40:00","flight":"US202"},{"day":0,"utc":"08:03:00","flight":"US467"},{"day":0,"utc":"00:31:00","flight":"US010"},{"day":1,"utc":"13:56:00","flight":"US778"},{"day":1,"utc":"20:14:00","flight":"US362"},{"day":1,"utc":"02:44:00","flight":"US593"},{"day":1,"utc":"20:22:00","flight":"US622"},{"day":1,"utc":"14:27:00","flight":"US933"},{"day":2,"utc":"00:10:00","flight":"US431"},{"day":3,"utc":"22:17:00","flight":"US367"},{"day":4,"utc":"03:16:00","flight":"US788"},{"day":4,"utc":"00:45:00","flight":"US777"},{"day":5,"utc":"06:25:00","flight":"US815"},{"day":5,"utc":"17:32:00","flight":"US801"},{"day":5,"utc":"21:59:00","flight":"US600"},{"day":5,"utc":"23:44:00","flight":"US810"},{"day":6,"utc":"02:48:00","flight":"US626"},{"day":6,"utc":"09:36:00","flight":"US267"}],"distance":839.8267881277536}