{"id":59013,"type":"route","airline":"US","airlineid":"airline_5265","sourceairport":"DFW","destinationairport":"ABI","stops":0,"equipment":"ERD ER4","schedule":[{"day":0,"utc":"21:07:00","flight":"US605"},{"day":0,"utc":"11:24:00","flight":"US646"},{"day":0,"utc":"23:38:00","flight":"US176"},{"day":0,"utc":"16:12:00","flight":"US804"},{"day":0,"utc":"07:23:00","flight":"US926"},{"day":1,"utc":"00:43:00","flight":"US808"},{"day":1,"utc":"22:48:00","flight":"US976"},{"day":1,"utc":"12:18:00","flight":"US303"},{"day":1,"utc":"14:41:00","flight":"US342"},{"day":2,"utc":"14:30:00","flight":"US447"},{"day":3,"utc":"23:54:00","flight":"US554"},{"day":3,"utc":"20:55:00","flight":"US415"},{"day":3,"utc":"13:23:00","flight":"US539"},{"day":4,"utc":"07:54:00","flight":"US417"},{"day":5,"utc":"21:27:00","flight":"US045"},{"day":5,"utc":"18:47:00","flight":"US214"},{"day":5,"utc":"05:08:00","flight":"US901"},{"day":5,"utc":"11:16:00","flight":"US543"},{"day":5,"utc":"11:17:00","flight":"US598"},{"day":6,"utc":"11:19:00","flight":"US960"},{"day":6,"utc":"16:38:00","flight":"US935"},{"day":6,"utc":"10:34:00","flight":"US540"}],"distance":253.33263651052002}