{"id":5023,"type":"route","airline":"AA","airlineid":"airline_24","sourceairport":"CLT","destinationairport":"YYZ","stops":0,"equipment":"E75 CRJ","schedule":[{"day":0,"utc":"13:17:00","flight":"AA693"},{"day":1,"utc":"05:49:00","flight":"AA228"},{"day":1,"utc":"22:37:00","flight":"AA059"},{"day":1,"utc":"10:13:00","flight":"AA936"},{"day":1,"utc":"06:32:00","flight":"AA718"},{"day":2,"utc":"20:17:00","flight":"AA998"},{"day":2,"utc":"13:19:00","flight":"AA651"},{"day":2,"utc":"01:26:00","flight":"AA772"},{"day":2,"utc":"06:23:00","flight":"AA054"},{"day":2,"utc":"01:31:00","flight":"AA689"},{"day":3,"utc":"03:00:00","flight":"AA275"},{"day":3,"utc":"10:45:00","flight":"AA310"},{"day":3,"utc":"04:18:00","flight":"AA548"},{"day":3,"utc":"18:36:00","flight":"AA989"},{"day":4,"utc":"04:47:00","flight":"AA524"},{"day":5,"utc":"23:56:00","flight":"AA657"},{"day":5,"utc":"23:45:00","flight":"AA142"},{"day":5,"utc":"16:22:00","flight":"AA679"},{"day":6,"utc":"23:30:00","flight":"AA125"},{"day":6,"utc":"05:21:00","flight":"AA437"},{"day":6,"utc":"04:35:00","flight":"AA586"},{"day":6,"utc":"01:18:00","flight":"AA588"},{"day":6,"utc":"18:38:00","flight":"AA953"}],"distance":947.7557120470861}