{"id":59416,"type":"route","airline":"US","airlineid":"airline_5265","sourceairport":"JFK","destinationairport":"BCN","stops":0,"equipment":"763","schedule":[{"day":0,"utc":"00:50:00","flight":"US865"},{"day":0,"utc":"16:46:00","flight":"US502"},{"day":1,"utc":"20:03:00","flight":"US594"},{"day":1,"utc":"00:42:00","flight":"US608"},{"day":1,"utc":"12:45:00","flight":"US464"},{"day":2,"utc":"13:47:00","flight":"US306"},{"day":2,"utc":"04:35:00","flight":"US703"},{"day":2,"utc":"09:40:00","flight":"US453"},{"day":2,"utc":"18:08:00","flight":"US993"},{"day":3,"utc":"08:42:00","flight":"US990"},{"day":3,"utc":"15:16:00","flight":"US215"},{"day":3,"utc":"20:13:00","flight":"US242"},{"day":3,"utc":"13:30:00","flight":"US801"},{"day":4,"utc":"12:25:00","flight":"US364"},{"day":4,"utc":"13:57:00","flight":"US849"},{"day":5,"utc":"22:39:00","flight":"US838"},{"day":5,"utc":"03:37:00","flight":"US245"},{"day":5,"utc":"19:09:00","flight":"US091"},{"day":5,"utc":"20:18:00","flight":"US286"},{"day":6,"utc":"02:41:00","flight":"US931"},{"day":6,"utc":"17:07:00","flight":"US401"},{"day":6,"utc":"11:52:00","flight":"US590"},{"day":6,"utc":"14:26:00","flight":"US317"}],"distance":6150.233009933891}