{"id":37335,"type":"route","airline":"KS","airlineid":"airline_3935","sourceairport":"AKN","destinationairport":"ANC","stops":0,"equipment":"SF3","schedule":[{"day":0,"utc":"11:08:00","flight":"KS490"},{"day":0,"utc":"06:56:00","flight":"KS890"},{"day":0,"utc":"02:31:00","flight":"KS266"},{"day":1,"utc":"21:30:00","flight":"KS977"},{"day":2,"utc":"17:35:00","flight":"KS275"},{"day":2,"utc":"04:48:00","flight":"KS823"},{"day":2,"utc":"18:23:00","flight":"KS541"},{"day":3,"utc":"17:47:00","flight":"KS982"},{"day":4,"utc":"16:46:00","flight":"KS569"},{"day":4,"utc":"20:23:00","flight":"KS815"},{"day":4,"utc":"15:09:00","flight":"KS644"},{"day":4,"utc":"13:25:00","flight":"KS718"},{"day":4,"utc":"10:37:00","flight":"KS383"},{"day":5,"utc":"07:43:00","flight":"KS689"},{"day":5,"utc":"06:33:00","flight":"KS685"},{"day":5,"utc":"21:55:00","flight":"KS303"},{"day":5,"utc":"06:25:00","flight":"KS022"},{"day":6,"utc":"04:27:00","flight":"KS876"},{"day":6,"utc":"20:31:00","flight":"KS274"},{"day":6,"utc":"17:09:00","flight":"KS995"},{"day":6,"utc":"18:36:00","flight":"KS302"},{"day":6,"utc":"01:39:00","flight":"KS743"}],"distance":462.84650491721726}