{"id":56130,"type":"route","airline":"UA","airlineid":"airline_5209","sourceairport":"DEN","destinationairport":"HDN","stops":0,"equipment":"DH4","schedule":[{"day":0,"utc":"23:32:00","flight":"UA727"},{"day":0,"utc":"21:26:00","flight":"UA037"},{"day":0,"utc":"03:12:00","flight":"UA193"},{"day":0,"utc":"01:26:00","flight":"UA309"},{"day":0,"utc":"08:05:00","flight":"UA921"},{"day":1,"utc":"17:58:00","flight":"UA578"},{"day":2,"utc":"21:59:00","flight":"UA740"},{"day":2,"utc":"13:16:00","flight":"UA427"},{"day":3,"utc":"04:39:00","flight":"UA364"},{"day":3,"utc":"06:21:00","flight":"UA415"},{"day":3,"utc":"00:40:00","flight":"UA093"},{"day":4,"utc":"07:40:00","flight":"UA919"},{"day":5,"utc":"21:22:00","flight":"UA864"},{"day":5,"utc":"07:30:00","flight":"UA338"},{"day":6,"utc":"15:38:00","flight":"UA626"},{"day":6,"utc":"09:53:00","flight":"UA293"},{"day":6,"utc":"15:31:00","flight":"UA111"},{"day":6,"utc":"20:35:00","flight":"UA723"}]}