{"id":22857,"type":"route","airline":"EI","airlineid":"airline_837","sourceairport":"BHD","destinationairport":"LGW","stops":0,"equipment":"320 319","schedule":[{"day":0,"utc":"16:59:00","flight":"EI516"},{"day":0,"utc":"00:57:00","flight":"EI778"},{"day":0,"utc":"20:17:00","flight":"EI844"},{"day":0,"utc":"17:18:00","flight":"EI660"},{"day":0,"utc":"09:38:00","flight":"EI933"},{"day":1,"utc":"03:54:00","flight":"EI267"},{"day":1,"utc":"16:49:00","flight":"EI800"},{"day":1,"utc":"03:38:00","flight":"EI826"},{"day":2,"utc":"18:50:00","flight":"EI779"},{"day":2,"utc":"11:23:00","flight":"EI778"},{"day":3,"utc":"01:00:00","flight":"EI648"},{"day":3,"utc":"04:58:00","flight":"EI155"},{"day":3,"utc":"12:49:00","flight":"EI309"},{"day":4,"utc":"16:24:00","flight":"EI999"},{"day":4,"utc":"22:10:00","flight":"EI419"},{"day":4,"utc":"23:48:00","flight":"EI948"},{"day":4,"utc":"14:44:00","flight":"EI203"},{"day":4,"utc":"06:11:00","flight":"EI035"},{"day":5,"utc":"04:52:00","flight":"EI232"},{"day":5,"utc":"18:04:00","flight":"EI819"},{"day":6,"utc":"13:44:00","flight":"EI912"},{"day":6,"utc":"19:22:00","flight":"EI075"}]}