{"id":58804,"type":"route","airline":"US","airlineid":"airline_5265","sourceairport":"CLT","destinationairport":"IAD","stops":0,"equipment":"CR7 CR9","schedule":[{"day":0,"utc":"15:28:00","flight":"US074"},{"day":0,"utc":"22:11:00","flight":"US460"},{"day":0,"utc":"22:19:00","flight":"US634"},{"day":0,"utc":"02:36:00","flight":"US835"},{"day":0,"utc":"00:05:00","flight":"US796"},{"day":1,"utc":"16:13:00","flight":"US957"},{"day":1,"utc":"05:17:00","flight":"US516"},{"day":1,"utc":"06:45:00","flight":"US612"},{"day":1,"utc":"06:15:00","flight":"US360"},{"day":1,"utc":"12:03:00","flight":"US386"},{"day":2,"utc":"14:28:00","flight":"US183"},{"day":3,"utc":"19:46:00","flight":"US645"},{"day":4,"utc":"09:43:00","flight":"US395"},{"day":4,"utc":"11:18:00","flight":"US360"},{"day":4,"utc":"14:07:00","flight":"US432"},{"day":4,"utc":"23:31:00","flight":"US427"},{"day":5,"utc":"03:29:00","flight":"US897"},{"day":5,"utc":"13:52:00","flight":"US340"},{"day":5,"utc":"17:08:00","flight":"US074"},{"day":5,"utc":"13:40:00","flight":"US331"},{"day":6,"utc":"03:49:00","flight":"US671"}],"distance":517.3756704540173}