{"id":64223,"type":"route","airline":"WN","airlineid":"airline_4547","sourceairport":"OKC","destinationairport":"STL","stops":0,"equipment":"73C 73W","schedule":[{"day":0,"utc":"17:02:00","flight":"WN328"},{"day":1,"utc":"17:08:00","flight":"WN210"},{"day":1,"utc":"22:32:00","flight":"WN816"},{"day":2,"utc":"00:56:00","flight":"WN732"},{"day":2,"utc":"05:33:00","flight":"WN995"},{"day":2,"utc":"17:21:00","flight":"WN105"},{"day":2,"utc":"06:31:00","flight":"WN030"},{"day":2,"utc":"22:10:00","flight":"WN283"},{"day":3,"utc":"20:03:00","flight":"WN135"},{"day":3,"utc":"00:23:00","flight":"WN808"},{"day":3,"utc":"10:34:00","flight":"WN028"},{"day":4,"utc":"03:26:00","flight":"WN800"},{"day":4,"utc":"05:51:00","flight":"WN001"},{"day":4,"utc":"02:17:00","flight":"WN841"},{"day":4,"utc":"17:15:00","flight":"WN913"},{"day":5,"utc":"00:10:00","flight":"WN663"},{"day":6,"utc":"08:39:00","flight":"WN530"},{"day":6,"utc":"14:34:00","flight":"WN518"},{"day":6,"utc":"10:29:00","flight":"WN745"},{"day":6,"utc":"12:41:00","flight":"WN209"},{"day":6,"utc":"03:48:00","flight":"WN095"}],"distance":741.7889668267436}