{"id":53510,"type":"route","airline":"TOM","airlineid":"airline_5013","sourceairport":"EXT","destinationairport":"PMI","stops":0,"equipment":"73H","schedule":[{"day":0,"utc":"05:48:00","flight":"TOM812"},{"day":0,"utc":"23:35:00","flight":"TOM517"},{"day":0,"utc":"11:02:00","flight":"TOM126"},{"day":1,"utc":"07:36:00","flight":"TOM446"},{"day":1,"utc":"17:12:00","flight":"TOM244"},{"day":2,"utc":"02:49:00","flight":"TOM307"},{"day":3,"utc":"21:49:00","flight":"TOM406"},{"day":3,"utc":"17:06:00","flight":"TOM059"},{"day":3,"utc":"05:31:00","flight":"TOM941"},{"day":4,"utc":"20:40:00","flight":"TOM010"},{"day":4,"utc":"12:29:00","flight":"TOM076"},{"day":4,"utc":"22:16:00","flight":"TOM509"},{"day":5,"utc":"00:11:00","flight":"TOM031"},{"day":5,"utc":"06:11:00","flight":"TOM367"},{"day":6,"utc":"23:46:00","flight":"TOM711"},{"day":6,"utc":"07:52:00","flight":"TOM926"},{"day":6,"utc":"03:55:00","flight":"TOM247"},{"day":6,"utc":"20:29:00","flight":"TOM549"}],"distance":1332.1442037916336}