{"id":40687,"type":"route","airline":"MH","airlineid":"airline_3378","sourceairport":"LAX","destinationairport":"NRT","stops":0,"equipment":"773","schedule":[{"day":0,"utc":"12:37:00","flight":"MH888"},{"day":0,"utc":"20:53:00","flight":"MH446"},{"day":1,"utc":"19:21:00","flight":"MH616"},{"day":1,"utc":"22:18:00","flight":"MH247"},{"day":2,"utc":"06:01:00","flight":"MH498"},{"day":2,"utc":"22:58:00","flight":"MH182"},{"day":2,"utc":"23:20:00","flight":"MH855"},{"day":3,"utc":"10:19:00","flight":"MH249"},{"day":3,"utc":"22:30:00","flight":"MH469"},{"day":3,"utc":"02:52:00","flight":"MH009"},{"day":3,"utc":"13:14:00","flight":"MH162"},{"day":4,"utc":"02:56:00","flight":"MH458"},{"day":4,"utc":"15:25:00","flight":"MH426"},{"day":5,"utc":"09:27:00","flight":"MH363"},{"day":5,"utc":"15:34:00","flight":"MH973"},{"day":5,"utc":"01:59:00","flight":"MH874"},{"day":5,"utc":"23:43:00","flight":"MH239"},{"day":5,"utc":"13:31:00","flight":"MH472"},{"day":6,"utc":"21:04:00","flight":"MH275"},{"day":6,"utc":"02:05:00","flight":"MH929"}],"distance":8753.776752422511}