{"id":9053,"type":"route","airline":"AF","airlineid":"airline_137","sourceairport":"ATL","destinationairport":"DAB","stops":0,"equipment":"M90","schedule":[{"day":0,"utc":"00:06:00","flight":"AF267"},{"day":0,"utc":"08:57:00","flight":"AF419"},{"day":0,"utc":"03:41:00","flight":"AF717"},{"day":0,"utc":"18:26:00","flight":"AF875"},{"day":1,"utc":"03:16:00","flight":"AF581"},{"day":1,"utc":"16:24:00","flight":"AF510"},{"day":1,"utc":"00:42:00","flight":"AF502"},{"day":1,"utc":"03:01:00","flight":"AF669"},{"day":2,"utc":"07:06:00","flight":"AF516"},{"day":2,"utc":"18:50:00","flight":"AF063"},{"day":3,"utc":"15:06:00","flight":"AF559"},{"day":3,"utc":"03:42:00","flight":"AF624"},{"day":4,"utc":"23:16:00","flight":"AF066"},{"day":5,"utc":"04:51:00","flight":"AF219"},{"day":6,"utc":"09:21:00","flight":"AF513"},{"day":6,"utc":"13:13:00","flight":"AF419"},{"day":6,"utc":"18:08:00","flight":"AF616"}],"distance":589.71316406233}