{"id":15942,"type":"route","airline":"BW","airlineid":"airline_1663","sourceairport":"JFK","destinationairport":"GND","stops":0,"equipment":"738","schedule":[{"day":0,"utc":"15:48:00","flight":"BW434"},{"day":0,"utc":"14:40:00","flight":"BW554"},{"day":0,"utc":"06:36:00","flight":"BW991"},{"day":0,"utc":"21:13:00","flight":"BW417"},{"day":1,"utc":"07:23:00","flight":"BW187"},{"day":1,"utc":"17:16:00","flight":"BW141"},{"day":1,"utc":"05:10:00","flight":"BW727"},{"day":1,"utc":"06:42:00","flight":"BW615"},{"day":1,"utc":"20:01:00","flight":"BW842"},{"day":2,"utc":"15:32:00","flight":"BW543"},{"day":3,"utc":"07:29:00","flight":"BW874"},{"day":3,"utc":"10:55:00","flight":"BW641"},{"day":4,"utc":"09:32:00","flight":"BW115"},{"day":4,"utc":"14:16:00","flight":"BW780"},{"day":5,"utc":"10:55:00","flight":"BW828"},{"day":5,"utc":"05:33:00","flight":"BW441"},{"day":6,"utc":"03:58:00","flight":"BW500"}],"distance":3393.2377505805516}