{"id":15297,"type":"route","airline":"BE","airlineid":"airline_2421","sourceairport":"WAT","destinationairport":"MAN","stops":0,"equipment":"DH4","schedule":[{"day":0,"utc":"01:16:00","flight":"BE107"},{"day":0,"utc":"19:54:00","flight":"BE495"},{"day":0,"utc":"05:54:00","flight":"BE414"},{"day":0,"utc":"05:32:00","flight":"BE300"},{"day":0,"utc":"12:05:00","flight":"BE497"},{"day":1,"utc":"08:56:00","flight":"BE648"},{"day":2,"utc":"17:07:00","flight":"BE401"},{"day":2,"utc":"02:57:00","flight":"BE338"},{"day":3,"utc":"10:49:00","flight":"BE859"},{"day":4,"utc":"02:52:00","flight":"BE727"},{"day":4,"utc":"01:49:00","flight":"BE103"},{"day":4,"utc":"03:59:00","flight":"BE405"},{"day":4,"utc":"15:42:00","flight":"BE605"},{"day":5,"utc":"10:44:00","flight":"BE790"},{"day":5,"utc":"08:49:00","flight":"BE206"},{"day":5,"utc":"21:38:00","flight":"BE422"},{"day":5,"utc":"16:45:00","flight":"BE684"},{"day":6,"utc":"03:45:00","flight":"BE617"}]}