{"id":56649,"type":"route","airline":"UA","airlineid":"airline_5209","sourceairport":"IAD","destinationairport":"LAX","stops":0,"equipment":"753 320 319 752 739 738","schedule":[{"day":0,"utc":"14:28:00","flight":"UA575"},{"day":0,"utc":"02:12:00","flight":"UA082"},{"day":0,"utc":"06:03:00","flight":"UA299"},{"day":0,"utc":"02:38:00","flight":"UA033"},{"day":1,"utc":"06:27:00","flight":"UA873"},{"day":1,"utc":"03:29:00","flight":"UA761"},{"day":1,"utc":"09:33:00","flight":"UA378"},{"day":1,"utc":"12:30:00","flight":"UA706"},{"day":1,"utc":"21:24:00","flight":"UA196"},{"day":2,"utc":"02:12:00","flight":"UA871"},{"day":2,"utc":"19:53:00","flight":"UA143"},{"day":3,"utc":"15:32:00","flight":"UA568"},{"day":3,"utc":"11:06:00","flight":"UA204"},{"day":3,"utc":"10:40:00","flight":"UA387"},{"day":3,"utc":"04:54:00","flight":"UA757"},{"day":3,"utc":"11:41:00","flight":"UA457"},{"day":4,"utc":"16:45:00","flight":"UA777"},{"day":4,"utc":"10:04:00","flight":"UA217"},{"day":4,"utc":"05:12:00","flight":"UA349"},{"day":4,"utc":"15:11:00","flight":"UA971"},{"day":5,"utc":"13:13:00","flight":"UA613"},{"day":5,"utc":"09:11:00","flight":"UA313"},{"day":6,"utc":"10:45:00","flight":"UA689"},{"day":6,"utc":"09:55:00","flight":"UA101"},{"day":6,"utc":"21:49:00","flight":"UA597"}],"distance":3674.034548251284}