{"id":29139,"type":"route","airline":"G4","airlineid":"airline_35","sourceairport":"PSP","destinationairport":"BLI","stops":0,"equipment":"M80","schedule":[{"day":0,"utc":"04:47:00","flight":"G4173"},{"day":0,"utc":"18:25:00","flight":"G4196"},{"day":1,"utc":"18:43:00","flight":"G4162"},{"day":1,"utc":"09:03:00","flight":"G4124"},{"day":1,"utc":"07:01:00","flight":"G4654"},{"day":2,"utc":"18:31:00","flight":"G4310"},{"day":2,"utc":"07:01:00","flight":"G4555"},{"day":2,"utc":"23:13:00","flight":"G4420"},{"day":2,"utc":"11:02:00","flight":"G4711"},{"day":3,"utc":"12:01:00","flight":"G4868"},{"day":3,"utc":"00:02:00","flight":"G4261"},{"day":3,"utc":"23:55:00","flight":"G4208"},{"day":3,"utc":"18:38:00","flight":"G4122"},{"day":3,"utc":"02:36:00","flight":"G4921"},{"day":4,"utc":"05:00:00","flight":"G4068"},{"day":4,"utc":"11:21:00","flight":"G4783"},{"day":5,"utc":"15:33:00","flight":"G4954"},{"day":5,"utc":"17:50:00","flight":"G4614"},{"day":6,"utc":"18:24:00","flight":"G4890"}],"distance":1736.977266519726}