{"id":58937,"type":"route","airline":"US","airlineid":"airline_5265","sourceairport":"DCA","destinationairport":"BNA","stops":0,"equipment":"ERD CRJ","schedule":[{"day":0,"utc":"04:21:00","flight":"US135"},{"day":0,"utc":"01:56:00","flight":"US384"},{"day":0,"utc":"08:59:00","flight":"US244"},{"day":1,"utc":"12:43:00","flight":"US758"},{"day":1,"utc":"15:54:00","flight":"US441"},{"day":1,"utc":"07:52:00","flight":"US630"},{"day":1,"utc":"13:09:00","flight":"US855"},{"day":1,"utc":"22:43:00","flight":"US142"},{"day":2,"utc":"22:30:00","flight":"US644"},{"day":2,"utc":"10:29:00","flight":"US541"},{"day":2,"utc":"09:04:00","flight":"US597"},{"day":2,"utc":"05:09:00","flight":"US597"},{"day":2,"utc":"09:30:00","flight":"US645"},{"day":3,"utc":"18:07:00","flight":"US803"},{"day":3,"utc":"16:17:00","flight":"US090"},{"day":3,"utc":"22:22:00","flight":"US867"},{"day":3,"utc":"12:53:00","flight":"US298"},{"day":4,"utc":"00:55:00","flight":"US202"},{"day":4,"utc":"17:40:00","flight":"US440"},{"day":4,"utc":"20:25:00","flight":"US558"},{"day":5,"utc":"03:08:00","flight":"US485"},{"day":6,"utc":"02:40:00","flight":"US908"},{"day":6,"utc":"21:38:00","flight":"US561"},{"day":6,"utc":"02:28:00","flight":"US146"},{"day":6,"utc":"19:50:00","flight":"US222"}],"distance":902.4820297714213}