{"id":64054,"type":"route","airline":"WN","airlineid":"airline_4547","sourceairport":"MCO","destinationairport":"HOU","stops":0,"equipment":"73W 733 73H","schedule":[{"day":0,"utc":"09:47:00","flight":"WN729"},{"day":0,"utc":"21:05:00","flight":"WN845"},{"day":0,"utc":"05:40:00","flight":"WN780"},{"day":0,"utc":"02:55:00","flight":"WN902"},{"day":1,"utc":"09:55:00","flight":"WN195"},{"day":1,"utc":"01:11:00","flight":"WN762"},{"day":1,"utc":"18:04:00","flight":"WN002"},{"day":1,"utc":"13:44:00","flight":"WN042"},{"day":1,"utc":"11:02:00","flight":"WN311"},{"day":2,"utc":"00:54:00","flight":"WN134"},{"day":2,"utc":"04:11:00","flight":"WN300"},{"day":3,"utc":"14:04:00","flight":"WN417"},{"day":3,"utc":"02:47:00","flight":"WN595"},{"day":3,"utc":"03:26:00","flight":"WN442"},{"day":3,"utc":"19:22:00","flight":"WN030"},{"day":4,"utc":"16:43:00","flight":"WN704"},{"day":4,"utc":"00:20:00","flight":"WN811"},{"day":4,"utc":"15:57:00","flight":"WN421"},{"day":5,"utc":"14:32:00","flight":"WN385"},{"day":5,"utc":"15:35:00","flight":"WN280"},{"day":5,"utc":"17:51:00","flight":"WN459"},{"day":5,"utc":"22:17:00","flight":"WN025"},{"day":5,"utc":"15:11:00","flight":"WN515"},{"day":6,"utc":"13:02:00","flight":"WN630"},{"day":6,"utc":"07:19:00","flight":"WN608"},{"day":6,"utc":"05:03:00","flight":"WN193"},{"day":6,"utc":"03:12:00","flight":"WN043"}]}