{"id":58806,"type":"route","airline":"US","airlineid":"airline_5265","sourceairport":"CLT","destinationairport":"ILM","stops":0,"equipment":"319 CRJ CR7","schedule":[{"day":0,"utc":"08:11:00","flight":"US612"},{"day":0,"utc":"20:39:00","flight":"US057"},{"day":0,"utc":"07:20:00","flight":"US729"},{"day":1,"utc":"05:07:00","flight":"US815"},{"day":2,"utc":"00:05:00","flight":"US075"},{"day":2,"utc":"13:10:00","flight":"US279"},{"day":2,"utc":"22:59:00","flight":"US097"},{"day":2,"utc":"22:26:00","flight":"US371"},{"day":3,"utc":"06:31:00","flight":"US173"},{"day":3,"utc":"05:39:00","flight":"US121"},{"day":3,"utc":"10:28:00","flight":"US335"},{"day":3,"utc":"20:46:00","flight":"US192"},{"day":4,"utc":"13:22:00","flight":"US504"},{"day":4,"utc":"02:15:00","flight":"US959"},{"day":4,"utc":"08:44:00","flight":"US773"},{"day":4,"utc":"04:10:00","flight":"US576"},{"day":5,"utc":"12:06:00","flight":"US294"},{"day":6,"utc":"14:53:00","flight":"US842"},{"day":6,"utc":"00:03:00","flight":"US257"},{"day":6,"utc":"17:29:00","flight":"US995"}],"distance":296.9486600615296}