{"id":59013,"type":"route","airline":"US","airlineid":"airline_5265","sourceairport":"DFW","destinationairport":"ABI","stops":0,"equipment":"ERD ER4","schedule":[{"day":0,"utc":"06:24:00","flight":"US007"},{"day":1,"utc":"22:07:00","flight":"US047"},{"day":1,"utc":"03:30:00","flight":"US381"},{"day":2,"utc":"14:42:00","flight":"US509"},{"day":2,"utc":"23:49:00","flight":"US860"},{"day":3,"utc":"13:53:00","flight":"US718"},{"day":3,"utc":"19:47:00","flight":"US691"},{"day":4,"utc":"09:39:00","flight":"US926"},{"day":5,"utc":"02:50:00","flight":"US844"},{"day":5,"utc":"16:14:00","flight":"US973"},{"day":5,"utc":"20:49:00","flight":"US721"},{"day":6,"utc":"21:53:00","flight":"US754"},{"day":6,"utc":"21:09:00","flight":"US375"},{"day":6,"utc":"00:59:00","flight":"US068"},{"day":6,"utc":"04:09:00","flight":"US033"},{"day":6,"utc":"15:47:00","flight":"US124"}],"distance":253.33263651052002}