{"id":7982,"type":"route","airline":"AC","airlineid":"airline_330","sourceairport":"MKE","destinationairport":"YYZ","stops":0,"equipment":"CRJ","schedule":[{"day":0,"utc":"04:37:00","flight":"AC715"},{"day":0,"utc":"18:28:00","flight":"AC770"},{"day":1,"utc":"05:55:00","flight":"AC482"},{"day":1,"utc":"05:38:00","flight":"AC567"},{"day":1,"utc":"04:16:00","flight":"AC390"},{"day":2,"utc":"09:51:00","flight":"AC659"},{"day":2,"utc":"10:58:00","flight":"AC821"},{"day":2,"utc":"21:23:00","flight":"AC843"},{"day":3,"utc":"17:03:00","flight":"AC039"},{"day":3,"utc":"11:02:00","flight":"AC442"},{"day":3,"utc":"21:48:00","flight":"AC248"},{"day":3,"utc":"09:07:00","flight":"AC891"},{"day":4,"utc":"20:20:00","flight":"AC455"},{"day":4,"utc":"03:54:00","flight":"AC239"},{"day":4,"utc":"11:16:00","flight":"AC932"},{"day":4,"utc":"03:05:00","flight":"AC469"},{"day":5,"utc":"16:44:00","flight":"AC619"},{"day":5,"utc":"21:52:00","flight":"AC875"},{"day":5,"utc":"08:20:00","flight":"AC451"},{"day":5,"utc":"08:35:00","flight":"AC692"},{"day":6,"utc":"01:54:00","flight":"AC771"},{"day":6,"utc":"22:47:00","flight":"AC880"}],"distance":673.411105328339}