{"id":12193,"type":"route","airline":"AT","airlineid":"airline_4248","sourceairport":"LHR","destinationairport":"TNG","stops":0,"equipment":"73G","schedule":[{"day":0,"utc":"11:10:00","flight":"AT362"},{"day":0,"utc":"02:34:00","flight":"AT175"},{"day":1,"utc":"07:05:00","flight":"AT458"},{"day":1,"utc":"10:26:00","flight":"AT811"},{"day":1,"utc":"10:56:00","flight":"AT414"},{"day":1,"utc":"13:09:00","flight":"AT654"},{"day":2,"utc":"16:10:00","flight":"AT559"},{"day":2,"utc":"20:57:00","flight":"AT652"},{"day":2,"utc":"05:07:00","flight":"AT688"},{"day":3,"utc":"19:47:00","flight":"AT398"},{"day":4,"utc":"17:07:00","flight":"AT406"},{"day":4,"utc":"16:00:00","flight":"AT410"},{"day":4,"utc":"04:00:00","flight":"AT529"},{"day":4,"utc":"23:13:00","flight":"AT186"},{"day":5,"utc":"17:10:00","flight":"AT240"},{"day":5,"utc":"09:26:00","flight":"AT141"},{"day":5,"utc":"22:35:00","flight":"AT232"},{"day":5,"utc":"09:03:00","flight":"AT110"},{"day":6,"utc":"02:39:00","flight":"AT967"},{"day":6,"utc":"23:32:00","flight":"AT101"},{"day":6,"utc":"13:43:00","flight":"AT733"},{"day":6,"utc":"11:51:00","flight":"AT634"},{"day":6,"utc":"22:34:00","flight":"AT027"}],"distance":1804.3574994739174}