{"id":43466,"type":"route","airline":"NK","airlineid":"airline_4687","sourceairport":"LAS","destinationairport":"SAN","stops":0,"equipment":"320 319","schedule":[{"day":0,"utc":"14:23:00","flight":"NK734"},{"day":1,"utc":"13:48:00","flight":"NK999"},{"day":1,"utc":"05:48:00","flight":"NK681"},{"day":1,"utc":"00:26:00","flight":"NK937"},{"day":1,"utc":"10:16:00","flight":"NK662"},{"day":2,"utc":"17:26:00","flight":"NK408"},{"day":2,"utc":"02:30:00","flight":"NK399"},{"day":2,"utc":"01:23:00","flight":"NK664"},{"day":3,"utc":"07:05:00","flight":"NK230"},{"day":3,"utc":"07:33:00","flight":"NK439"},{"day":4,"utc":"19:47:00","flight":"NK645"},{"day":4,"utc":"15:44:00","flight":"NK407"},{"day":4,"utc":"21:50:00","flight":"NK964"},{"day":4,"utc":"03:10:00","flight":"NK390"},{"day":4,"utc":"21:06:00","flight":"NK508"},{"day":5,"utc":"12:23:00","flight":"NK857"},{"day":6,"utc":"03:10:00","flight":"NK779"},{"day":6,"utc":"14:32:00","flight":"NK633"},{"day":6,"utc":"18:04:00","flight":"NK548"},{"day":6,"utc":"03:43:00","flight":"NK077"}]}