{"id":26311,"type":"route","airline":"FR","airlineid":"airline_4296","sourceairport":"BVA","destinationairport":"NDR","stops":0,"equipment":"738","schedule":[{"day":0,"utc":"06:03:00","flight":"FR836"},{"day":0,"utc":"21:23:00","flight":"FR852"},{"day":0,"utc":"01:04:00","flight":"FR796"},{"day":0,"utc":"13:19:00","flight":"FR853"},{"day":1,"utc":"09:23:00","flight":"FR062"},{"day":1,"utc":"03:06:00","flight":"FR422"},{"day":1,"utc":"17:19:00","flight":"FR522"},{"day":2,"utc":"03:46:00","flight":"FR591"},{"day":2,"utc":"23:29:00","flight":"FR355"},{"day":2,"utc":"21:36:00","flight":"FR607"},{"day":2,"utc":"06:23:00","flight":"FR562"},{"day":3,"utc":"23:53:00","flight":"FR060"},{"day":3,"utc":"17:34:00","flight":"FR489"},{"day":3,"utc":"01:21:00","flight":"FR642"},{"day":3,"utc":"17:25:00","flight":"FR380"},{"day":4,"utc":"20:52:00","flight":"FR753"},{"day":4,"utc":"08:15:00","flight":"FR281"},{"day":4,"utc":"15:25:00","flight":"FR578"},{"day":4,"utc":"01:38:00","flight":"FR714"},{"day":5,"utc":"08:55:00","flight":"FR198"},{"day":5,"utc":"15:22:00","flight":"FR793"},{"day":5,"utc":"11:39:00","flight":"FR411"},{"day":5,"utc":"11:25:00","flight":"FR404"},{"day":5,"utc":"05:02:00","flight":"FR082"},{"day":6,"utc":"19:57:00","flight":"FR305"},{"day":6,"utc":"09:00:00","flight":"FR952"},{"day":6,"utc":"07:08:00","flight":"FR899"}],"distance":1662.268128596448}