{"id":56768,"type":"route","airline":"UA","airlineid":"airline_5209","sourceairport":"IAH","destinationairport":"ICT","stops":0,"equipment":"CRJ ERJ","schedule":[{"day":0,"utc":"04:56:00","flight":"UA155"},{"day":0,"utc":"21:25:00","flight":"UA335"},{"day":1,"utc":"20:07:00","flight":"UA768"},{"day":1,"utc":"15:06:00","flight":"UA225"},{"day":1,"utc":"15:14:00","flight":"UA872"},{"day":1,"utc":"17:02:00","flight":"UA456"},{"day":1,"utc":"14:05:00","flight":"UA052"},{"day":2,"utc":"11:36:00","flight":"UA235"},{"day":3,"utc":"16:45:00","flight":"UA727"},{"day":3,"utc":"23:51:00","flight":"UA454"},{"day":3,"utc":"00:05:00","flight":"UA557"},{"day":3,"utc":"18:47:00","flight":"UA628"},{"day":3,"utc":"01:49:00","flight":"UA287"},{"day":4,"utc":"09:34:00","flight":"UA611"},{"day":4,"utc":"00:23:00","flight":"UA455"},{"day":5,"utc":"23:08:00","flight":"UA004"},{"day":5,"utc":"05:01:00","flight":"UA633"},{"day":5,"utc":"16:37:00","flight":"UA308"},{"day":5,"utc":"03:34:00","flight":"UA718"},{"day":6,"utc":"00:03:00","flight":"UA666"},{"day":6,"utc":"18:30:00","flight":"UA438"}],"distance":873.9182030595722}