{"id":20966,"type":"route","airline":"DL","airlineid":"airline_2009","sourceairport":"JFK","destinationairport":"NAS","stops":0,"equipment":"M88","schedule":[{"day":0,"utc":"14:10:00","flight":"DL665"},{"day":0,"utc":"20:35:00","flight":"DL354"},{"day":1,"utc":"16:45:00","flight":"DL293"},{"day":1,"utc":"01:47:00","flight":"DL363"},{"day":1,"utc":"18:57:00","flight":"DL853"},{"day":1,"utc":"15:41:00","flight":"DL256"},{"day":1,"utc":"02:33:00","flight":"DL423"},{"day":2,"utc":"08:09:00","flight":"DL204"},{"day":2,"utc":"22:05:00","flight":"DL747"},{"day":2,"utc":"17:22:00","flight":"DL757"},{"day":2,"utc":"14:43:00","flight":"DL703"},{"day":2,"utc":"03:06:00","flight":"DL830"},{"day":3,"utc":"02:22:00","flight":"DL229"},{"day":3,"utc":"13:34:00","flight":"DL016"},{"day":3,"utc":"17:03:00","flight":"DL929"},{"day":4,"utc":"10:16:00","flight":"DL914"},{"day":5,"utc":"11:00:00","flight":"DL225"},{"day":6,"utc":"12:01:00","flight":"DL226"},{"day":6,"utc":"12:29:00","flight":"DL527"},{"day":6,"utc":"20:03:00","flight":"DL191"},{"day":6,"utc":"04:19:00","flight":"DL100"}],"distance":1768.1313488302594}