{"id":23730,"type":"route","airline":"ET","airlineid":"airline_2220","sourceairport":"CDG","destinationairport":"ADD","stops":0,"equipment":"763","schedule":[{"day":0,"utc":"01:51:00","flight":"ET842"},{"day":0,"utc":"11:32:00","flight":"ET297"},{"day":1,"utc":"23:30:00","flight":"ET697"},{"day":1,"utc":"13:06:00","flight":"ET529"},{"day":1,"utc":"13:30:00","flight":"ET945"},{"day":2,"utc":"07:11:00","flight":"ET482"},{"day":2,"utc":"07:19:00","flight":"ET932"},{"day":2,"utc":"06:12:00","flight":"ET736"},{"day":2,"utc":"17:53:00","flight":"ET920"},{"day":2,"utc":"12:51:00","flight":"ET002"},{"day":3,"utc":"08:13:00","flight":"ET366"},{"day":3,"utc":"07:11:00","flight":"ET148"},{"day":3,"utc":"01:01:00","flight":"ET101"},{"day":3,"utc":"05:15:00","flight":"ET568"},{"day":3,"utc":"13:22:00","flight":"ET334"},{"day":4,"utc":"20:35:00","flight":"ET072"},{"day":4,"utc":"19:09:00","flight":"ET624"},{"day":4,"utc":"19:54:00","flight":"ET181"},{"day":5,"utc":"09:42:00","flight":"ET058"},{"day":6,"utc":"05:26:00","flight":"ET288"},{"day":6,"utc":"13:31:00","flight":"ET553"}],"distance":5580.725779445767}