{"id":39289,"type":"route","airline":"LS","airlineid":"airline_3026","sourceairport":"EMA","destinationairport":"ACE","stops":0,"equipment":"73H","schedule":[{"day":0,"utc":"13:49:00","flight":"LS828"},{"day":0,"utc":"13:21:00","flight":"LS368"},{"day":0,"utc":"16:06:00","flight":"LS140"},{"day":1,"utc":"07:18:00","flight":"LS757"},{"day":2,"utc":"03:52:00","flight":"LS417"},{"day":2,"utc":"11:10:00","flight":"LS584"},{"day":2,"utc":"05:04:00","flight":"LS701"},{"day":3,"utc":"00:25:00","flight":"LS861"},{"day":3,"utc":"12:44:00","flight":"LS387"},{"day":3,"utc":"07:24:00","flight":"LS971"},{"day":4,"utc":"04:44:00","flight":"LS713"},{"day":4,"utc":"12:38:00","flight":"LS414"},{"day":4,"utc":"20:15:00","flight":"LS443"},{"day":5,"utc":"19:41:00","flight":"LS183"},{"day":6,"utc":"22:09:00","flight":"LS503"}],"distance":2840.2159275274475}