{"id":53389,"type":"route","airline":"TO","airlineid":"airline_8745","sourceairport":"PMI","destinationairport":"DSA","stops":0,"equipment":"73H","schedule":[{"day":0,"utc":"07:00:00","flight":"TO913"},{"day":0,"utc":"11:22:00","flight":"TO228"},{"day":0,"utc":"03:26:00","flight":"TO019"},{"day":1,"utc":"22:04:00","flight":"TO943"},{"day":1,"utc":"19:07:00","flight":"TO300"},{"day":1,"utc":"16:23:00","flight":"TO852"},{"day":1,"utc":"01:34:00","flight":"TO299"},{"day":1,"utc":"21:59:00","flight":"TO477"},{"day":2,"utc":"06:47:00","flight":"TO900"},{"day":2,"utc":"10:54:00","flight":"TO557"},{"day":2,"utc":"21:30:00","flight":"TO391"},{"day":2,"utc":"11:20:00","flight":"TO425"},{"day":2,"utc":"16:19:00","flight":"TO041"},{"day":3,"utc":"18:29:00","flight":"TO542"},{"day":4,"utc":"00:56:00","flight":"TO447"},{"day":5,"utc":"15:26:00","flight":"TO314"},{"day":6,"utc":"11:40:00","flight":"TO508"},{"day":6,"utc":"13:43:00","flight":"TO403"},{"day":6,"utc":"17:04:00","flight":"TO035"},{"day":6,"utc":"19:45:00","flight":"TO063"},{"day":6,"utc":"07:48:00","flight":"TO934"}],"distance":1573.5229135412849}