{"id":25349,"type":"route","airline":"FL","airlineid":"airline_1316","sourceairport":"MSY","destinationairport":"FLL","stops":0,"equipment":"73W 73C","schedule":[{"day":0,"utc":"06:58:00","flight":"FL557"},{"day":1,"utc":"08:49:00","flight":"FL578"},{"day":2,"utc":"11:31:00","flight":"FL733"},{"day":3,"utc":"14:08:00","flight":"FL883"},{"day":3,"utc":"08:55:00","flight":"FL009"},{"day":4,"utc":"05:44:00","flight":"FL797"},{"day":4,"utc":"13:17:00","flight":"FL629"},{"day":4,"utc":"12:11:00","flight":"FL186"},{"day":4,"utc":"09:23:00","flight":"FL454"},{"day":4,"utc":"16:02:00","flight":"FL604"},{"day":5,"utc":"03:31:00","flight":"FL833"},{"day":5,"utc":"20:46:00","flight":"FL578"},{"day":5,"utc":"12:29:00","flight":"FL193"},{"day":5,"utc":"20:10:00","flight":"FL106"},{"day":5,"utc":"09:38:00","flight":"FL494"},{"day":6,"utc":"07:13:00","flight":"FL900"}]}