{"id":14768,"type":"route","airline":"BA","airlineid":"airline_1355","sourceairport":"LHR","destinationairport":"RTM","stops":0,"equipment":"319","schedule":[{"day":0,"utc":"09:42:00","flight":"BA863"},{"day":0,"utc":"15:38:00","flight":"BA549"},{"day":0,"utc":"04:35:00","flight":"BA643"},{"day":1,"utc":"08:29:00","flight":"BA519"},{"day":1,"utc":"18:09:00","flight":"BA406"},{"day":2,"utc":"06:36:00","flight":"BA350"},{"day":2,"utc":"10:57:00","flight":"BA610"},{"day":3,"utc":"08:38:00","flight":"BA485"},{"day":3,"utc":"16:41:00","flight":"BA376"},{"day":3,"utc":"16:08:00","flight":"BA380"},{"day":3,"utc":"18:42:00","flight":"BA676"},{"day":4,"utc":"16:06:00","flight":"BA139"},{"day":4,"utc":"12:41:00","flight":"BA272"},{"day":4,"utc":"11:12:00","flight":"BA238"},{"day":5,"utc":"07:28:00","flight":"BA849"},{"day":6,"utc":"12:30:00","flight":"BA709"},{"day":6,"utc":"21:20:00","flight":"BA767"}],"distance":341.5823970519628}