{"id":45749,"type":"route","airline":"PK","airlineid":"airline_3871","sourceairport":"BHX","destinationairport":"ISB","stops":0,"equipment":"777","schedule":[{"day":0,"utc":"00:57:00","flight":"PK222"},{"day":0,"utc":"09:35:00","flight":"PK700"},{"day":1,"utc":"13:10:00","flight":"PK885"},{"day":1,"utc":"15:35:00","flight":"PK677"},{"day":1,"utc":"08:56:00","flight":"PK744"},{"day":1,"utc":"16:51:00","flight":"PK352"},{"day":1,"utc":"18:49:00","flight":"PK500"},{"day":2,"utc":"01:24:00","flight":"PK633"},{"day":2,"utc":"18:28:00","flight":"PK451"},{"day":2,"utc":"05:16:00","flight":"PK516"},{"day":2,"utc":"21:15:00","flight":"PK936"},{"day":3,"utc":"23:56:00","flight":"PK326"},{"day":3,"utc":"20:05:00","flight":"PK338"},{"day":3,"utc":"09:07:00","flight":"PK139"},{"day":3,"utc":"09:27:00","flight":"PK539"},{"day":3,"utc":"07:06:00","flight":"PK180"},{"day":4,"utc":"23:22:00","flight":"PK881"},{"day":4,"utc":"11:42:00","flight":"PK861"},{"day":5,"utc":"14:31:00","flight":"PK834"},{"day":5,"utc":"04:28:00","flight":"PK501"},{"day":5,"utc":"10:09:00","flight":"PK417"},{"day":5,"utc":"00:40:00","flight":"PK022"},{"day":6,"utc":"11:26:00","flight":"PK048"},{"day":6,"utc":"20:51:00","flight":"PK184"},{"day":6,"utc":"12:34:00","flight":"PK687"},{"day":6,"utc":"04:45:00","flight":"PK010"}],"distance":6131.014707730741}