{"id":21908,"type":"route","airline":"DL","airlineid":"airline_2009","sourceairport":"TLV","destinationairport":"JFK","stops":0,"equipment":"744","schedule":[{"day":0,"utc":"16:09:00","flight":"DL207"},{"day":1,"utc":"01:21:00","flight":"DL837"},{"day":1,"utc":"21:10:00","flight":"DL184"},{"day":2,"utc":"22:28:00","flight":"DL443"},{"day":2,"utc":"03:17:00","flight":"DL534"},{"day":2,"utc":"15:26:00","flight":"DL867"},{"day":2,"utc":"09:40:00","flight":"DL016"},{"day":2,"utc":"01:38:00","flight":"DL601"},{"day":3,"utc":"13:53:00","flight":"DL059"},{"day":3,"utc":"17:41:00","flight":"DL908"},{"day":3,"utc":"08:14:00","flight":"DL232"},{"day":4,"utc":"21:03:00","flight":"DL218"},{"day":5,"utc":"03:54:00","flight":"DL856"},{"day":5,"utc":"21:29:00","flight":"DL573"},{"day":5,"utc":"18:13:00","flight":"DL947"},{"day":5,"utc":"00:06:00","flight":"DL248"},{"day":6,"utc":"21:13:00","flight":"DL232"}]}