{"id":15208,"type":"route","airline":"BE","airlineid":"airline_2421","sourceairport":"KOI","destinationairport":"INV","stops":0,"equipment":"SF3","schedule":[{"day":0,"utc":"09:21:00","flight":"BE513"},{"day":0,"utc":"09:10:00","flight":"BE114"},{"day":0,"utc":"23:30:00","flight":"BE008"},{"day":0,"utc":"08:40:00","flight":"BE643"},{"day":1,"utc":"17:38:00","flight":"BE688"},{"day":2,"utc":"01:46:00","flight":"BE732"},{"day":2,"utc":"01:36:00","flight":"BE018"},{"day":2,"utc":"00:49:00","flight":"BE414"},{"day":3,"utc":"21:11:00","flight":"BE069"},{"day":3,"utc":"11:40:00","flight":"BE453"},{"day":3,"utc":"17:10:00","flight":"BE515"},{"day":3,"utc":"05:38:00","flight":"BE370"},{"day":3,"utc":"17:55:00","flight":"BE190"},{"day":4,"utc":"20:41:00","flight":"BE581"},{"day":4,"utc":"21:00:00","flight":"BE730"},{"day":4,"utc":"18:50:00","flight":"BE539"},{"day":5,"utc":"05:55:00","flight":"BE678"},{"day":6,"utc":"17:02:00","flight":"BE847"},{"day":6,"utc":"23:52:00","flight":"BE633"}],"distance":170.97566706740307}