{"id":36570,"type":"route","airline":"KL","airlineid":"airline_3090","sourceairport":"CVG","destinationairport":"ATL","stops":0,"equipment":"M88 738 319","schedule":[{"day":0,"utc":"13:05:00","flight":"KL956"},{"day":1,"utc":"21:59:00","flight":"KL967"},{"day":1,"utc":"08:19:00","flight":"KL179"},{"day":1,"utc":"07:06:00","flight":"KL224"},{"day":1,"utc":"19:39:00","flight":"KL422"},{"day":1,"utc":"17:29:00","flight":"KL303"},{"day":2,"utc":"16:29:00","flight":"KL699"},{"day":2,"utc":"21:42:00","flight":"KL760"},{"day":3,"utc":"01:16:00","flight":"KL622"},{"day":3,"utc":"01:38:00","flight":"KL755"},{"day":3,"utc":"08:32:00","flight":"KL584"},{"day":3,"utc":"23:15:00","flight":"KL605"},{"day":3,"utc":"00:55:00","flight":"KL631"},{"day":4,"utc":"17:24:00","flight":"KL083"},{"day":4,"utc":"11:02:00","flight":"KL815"},{"day":4,"utc":"18:29:00","flight":"KL271"},{"day":4,"utc":"19:23:00","flight":"KL014"},{"day":5,"utc":"16:01:00","flight":"KL917"},{"day":5,"utc":"19:36:00","flight":"KL218"},{"day":5,"utc":"06:18:00","flight":"KL509"},{"day":6,"utc":"14:53:00","flight":"KL886"},{"day":6,"utc":"13:00:00","flight":"KL589"}],"distance":602.1822072210955}