{"id":5049,"type":"route","airline":"AA","airlineid":"airline_24","sourceairport":"CUN","destinationairport":"JFK","stops":0,"equipment":"738","schedule":[{"day":0,"utc":"12:09:00","flight":"AA217"},{"day":0,"utc":"12:08:00","flight":"AA703"},{"day":0,"utc":"22:26:00","flight":"AA210"},{"day":0,"utc":"07:03:00","flight":"AA832"},{"day":1,"utc":"16:59:00","flight":"AA499"},{"day":2,"utc":"07:34:00","flight":"AA326"},{"day":2,"utc":"08:54:00","flight":"AA125"},{"day":2,"utc":"13:03:00","flight":"AA538"},{"day":3,"utc":"23:54:00","flight":"AA505"},{"day":3,"utc":"22:27:00","flight":"AA419"},{"day":3,"utc":"04:11:00","flight":"AA025"},{"day":4,"utc":"00:42:00","flight":"AA784"},{"day":4,"utc":"21:35:00","flight":"AA553"},{"day":4,"utc":"12:52:00","flight":"AA748"},{"day":4,"utc":"22:15:00","flight":"AA954"},{"day":5,"utc":"13:48:00","flight":"AA884"},{"day":5,"utc":"23:07:00","flight":"AA200"},{"day":5,"utc":"20:30:00","flight":"AA773"},{"day":5,"utc":"21:45:00","flight":"AA669"},{"day":5,"utc":"23:05:00","flight":"AA281"},{"day":6,"utc":"03:06:00","flight":"AA114"},{"day":6,"utc":"19:34:00","flight":"AA496"}]}