{"id":13248,"type":"route","airline":"AZ","airlineid":"airline_596","sourceairport":"DEN","destinationairport":"ATL","stops":0,"equipment":"757","schedule":[{"day":0,"utc":"20:25:00","flight":"AZ670"},{"day":0,"utc":"12:04:00","flight":"AZ071"},{"day":0,"utc":"00:36:00","flight":"AZ904"},{"day":0,"utc":"00:07:00","flight":"AZ487"},{"day":0,"utc":"01:25:00","flight":"AZ730"},{"day":1,"utc":"02:08:00","flight":"AZ176"},{"day":1,"utc":"06:28:00","flight":"AZ719"},{"day":2,"utc":"15:55:00","flight":"AZ625"},{"day":3,"utc":"16:04:00","flight":"AZ923"},{"day":3,"utc":"09:41:00","flight":"AZ197"},{"day":3,"utc":"14:05:00","flight":"AZ621"},{"day":4,"utc":"01:44:00","flight":"AZ875"},{"day":4,"utc":"20:43:00","flight":"AZ859"},{"day":5,"utc":"21:50:00","flight":"AZ914"},{"day":5,"utc":"11:07:00","flight":"AZ650"},{"day":6,"utc":"14:10:00","flight":"AZ245"},{"day":6,"utc":"19:31:00","flight":"AZ517"},{"day":6,"utc":"10:03:00","flight":"AZ142"}],"distance":1926.6334779847555}