{"id":46308,"type":"route","airline":"PS","airlineid":"airline_5282","sourceairport":"KBP","destinationairport":"JFK","stops":0,"equipment":"767","schedule":[{"day":0,"utc":"06:29:00","flight":"PS455"},{"day":0,"utc":"00:42:00","flight":"PS267"},{"day":0,"utc":"23:03:00","flight":"PS790"},{"day":0,"utc":"01:18:00","flight":"PS796"},{"day":0,"utc":"16:40:00","flight":"PS065"},{"day":1,"utc":"17:14:00","flight":"PS028"},{"day":1,"utc":"04:35:00","flight":"PS395"},{"day":2,"utc":"14:39:00","flight":"PS542"},{"day":2,"utc":"15:29:00","flight":"PS932"},{"day":2,"utc":"13:33:00","flight":"PS467"},{"day":2,"utc":"08:41:00","flight":"PS480"},{"day":3,"utc":"16:11:00","flight":"PS501"},{"day":3,"utc":"23:24:00","flight":"PS816"},{"day":3,"utc":"17:47:00","flight":"PS523"},{"day":3,"utc":"13:12:00","flight":"PS106"},{"day":3,"utc":"04:14:00","flight":"PS953"},{"day":4,"utc":"04:42:00","flight":"PS860"},{"day":4,"utc":"13:46:00","flight":"PS770"},{"day":4,"utc":"01:22:00","flight":"PS931"},{"day":5,"utc":"03:15:00","flight":"PS468"},{"day":5,"utc":"15:25:00","flight":"PS292"},{"day":5,"utc":"06:01:00","flight":"PS252"},{"day":6,"utc":"21:31:00","flight":"PS044"},{"day":6,"utc":"21:42:00","flight":"PS156"}],"distance":7532.619934560436}