{"id":30445,"type":"route","airline":"GS","airlineid":"airline_690","sourceairport":"URC","destinationairport":"HMI","stops":0,"equipment":"E90","schedule":[{"day":0,"utc":"11:53:00","flight":"GS798"},{"day":0,"utc":"02:34:00","flight":"GS249"},{"day":1,"utc":"04:41:00","flight":"GS564"},{"day":1,"utc":"09:15:00","flight":"GS721"},{"day":1,"utc":"02:30:00","flight":"GS868"},{"day":1,"utc":"18:48:00","flight":"GS960"},{"day":2,"utc":"11:12:00","flight":"GS801"},{"day":2,"utc":"21:44:00","flight":"GS633"},{"day":3,"utc":"05:06:00","flight":"GS225"},{"day":3,"utc":"09:36:00","flight":"GS329"},{"day":3,"utc":"19:30:00","flight":"GS157"},{"day":3,"utc":"23:30:00","flight":"GS530"},{"day":3,"utc":"04:56:00","flight":"GS601"},{"day":4,"utc":"07:38:00","flight":"GS188"},{"day":4,"utc":"06:48:00","flight":"GS533"},{"day":4,"utc":"07:15:00","flight":"GS897"},{"day":5,"utc":"03:10:00","flight":"GS549"},{"day":6,"utc":"16:14:00","flight":"GS170"},{"day":6,"utc":"23:38:00","flight":"GS520"}],"distance":514.4055780042432}