{"id":59625,"type":"route","airline":"US","airlineid":"airline_5265","sourceairport":"MAN","destinationairport":"ORD","stops":0,"equipment":"763","schedule":[{"day":0,"utc":"16:08:00","flight":"US692"},{"day":0,"utc":"05:59:00","flight":"US044"},{"day":0,"utc":"11:17:00","flight":"US161"},{"day":0,"utc":"04:27:00","flight":"US467"},{"day":0,"utc":"20:20:00","flight":"US064"},{"day":1,"utc":"17:55:00","flight":"US653"},{"day":1,"utc":"07:51:00","flight":"US195"},{"day":1,"utc":"21:16:00","flight":"US798"},{"day":2,"utc":"13:20:00","flight":"US941"},{"day":2,"utc":"21:01:00","flight":"US783"},{"day":2,"utc":"16:07:00","flight":"US883"},{"day":3,"utc":"23:50:00","flight":"US415"},{"day":3,"utc":"17:12:00","flight":"US758"},{"day":3,"utc":"15:46:00","flight":"US998"},{"day":4,"utc":"02:55:00","flight":"US783"},{"day":4,"utc":"01:03:00","flight":"US803"},{"day":5,"utc":"04:58:00","flight":"US876"},{"day":5,"utc":"17:29:00","flight":"US428"},{"day":5,"utc":"16:49:00","flight":"US334"},{"day":5,"utc":"03:14:00","flight":"US009"},{"day":6,"utc":"07:37:00","flight":"US850"},{"day":6,"utc":"15:26:00","flight":"US041"},{"day":6,"utc":"07:37:00","flight":"US395"},{"day":6,"utc":"13:58:00","flight":"US636"}],"distance":6139.9648921034795}