{"id":6055,"type":"route","airline":"AA","airlineid":"airline_24","sourceairport":"MIA","destinationairport":"KIN","stops":0,"equipment":"738","schedule":[{"day":0,"utc":"13:18:00","flight":"AA969"},{"day":1,"utc":"11:22:00","flight":"AA995"},{"day":1,"utc":"04:41:00","flight":"AA117"},{"day":1,"utc":"23:18:00","flight":"AA529"},{"day":1,"utc":"08:05:00","flight":"AA458"},{"day":1,"utc":"07:24:00","flight":"AA215"},{"day":2,"utc":"03:36:00","flight":"AA271"},{"day":2,"utc":"18:11:00","flight":"AA639"},{"day":3,"utc":"11:11:00","flight":"AA614"},{"day":3,"utc":"03:45:00","flight":"AA732"},{"day":3,"utc":"22:12:00","flight":"AA461"},{"day":4,"utc":"10:55:00","flight":"AA774"},{"day":4,"utc":"05:02:00","flight":"AA361"},{"day":4,"utc":"02:09:00","flight":"AA637"},{"day":4,"utc":"17:04:00","flight":"AA773"},{"day":4,"utc":"22:19:00","flight":"AA901"},{"day":5,"utc":"04:53:00","flight":"AA805"},{"day":5,"utc":"05:12:00","flight":"AA663"},{"day":5,"utc":"22:25:00","flight":"AA203"},{"day":6,"utc":"02:43:00","flight":"AA167"},{"day":6,"utc":"00:11:00","flight":"AA736"},{"day":6,"utc":"04:38:00","flight":"AA340"},{"day":6,"utc":"17:14:00","flight":"AA162"},{"day":6,"utc":"16:17:00","flight":"AA367"}],"distance":945.3925604930843}