{"id":57378,"type":"route","airline":"UA","airlineid":"airline_5209","sourceairport":"ORD","destinationairport":"SEA","stops":0,"equipment":"320 752 738 739","schedule":[{"day":0,"utc":"01:00:00","flight":"UA969"},{"day":1,"utc":"16:45:00","flight":"UA373"},{"day":1,"utc":"02:47:00","flight":"UA680"},{"day":1,"utc":"16:48:00","flight":"UA229"},{"day":1,"utc":"04:14:00","flight":"UA695"},{"day":2,"utc":"07:54:00","flight":"UA682"},{"day":2,"utc":"17:56:00","flight":"UA071"},{"day":2,"utc":"16:54:00","flight":"UA178"},{"day":2,"utc":"08:33:00","flight":"UA793"},{"day":3,"utc":"22:50:00","flight":"UA965"},{"day":3,"utc":"17:23:00","flight":"UA283"},{"day":3,"utc":"18:38:00","flight":"UA454"},{"day":4,"utc":"04:10:00","flight":"UA862"},{"day":4,"utc":"10:59:00","flight":"UA571"},{"day":4,"utc":"06:00:00","flight":"UA720"},{"day":4,"utc":"02:00:00","flight":"UA472"},{"day":4,"utc":"18:29:00","flight":"UA715"},{"day":5,"utc":"00:49:00","flight":"UA744"},{"day":5,"utc":"20:36:00","flight":"UA545"},{"day":5,"utc":"14:25:00","flight":"UA377"},{"day":5,"utc":"03:44:00","flight":"UA751"},{"day":5,"utc":"12:17:00","flight":"UA574"},{"day":6,"utc":"01:17:00","flight":"UA586"},{"day":6,"utc":"20:19:00","flight":"UA751"},{"day":6,"utc":"17:24:00","flight":"UA311"},{"day":6,"utc":"13:36:00","flight":"UA546"},{"day":6,"utc":"14:28:00","flight":"UA621"}],"distance":2761.7714878234074}