{"id":14262,"type":"route","airline":"B6","airlineid":"airline_3029","sourceairport":"SJU","destinationairport":"STT","stops":0,"equipment":"E90","schedule":[{"day":0,"utc":"15:41:00","flight":"B6750"},{"day":0,"utc":"10:28:00","flight":"B6950"},{"day":0,"utc":"05:05:00","flight":"B6858"},{"day":0,"utc":"18:25:00","flight":"B6878"},{"day":0,"utc":"10:17:00","flight":"B6721"},{"day":1,"utc":"20:30:00","flight":"B6145"},{"day":2,"utc":"22:33:00","flight":"B6934"},{"day":2,"utc":"10:39:00","flight":"B6572"},{"day":2,"utc":"01:19:00","flight":"B6593"},{"day":2,"utc":"10:57:00","flight":"B6052"},{"day":3,"utc":"14:50:00","flight":"B6528"},{"day":3,"utc":"06:39:00","flight":"B6994"},{"day":4,"utc":"16:06:00","flight":"B6325"},{"day":5,"utc":"05:15:00","flight":"B6786"},{"day":5,"utc":"22:48:00","flight":"B6867"},{"day":5,"utc":"01:27:00","flight":"B6241"},{"day":5,"utc":"02:10:00","flight":"B6827"},{"day":6,"utc":"00:18:00","flight":"B6397"}]}