{"id":21908,"type":"route","airline":"DL","airlineid":"airline_2009","sourceairport":"TLV","destinationairport":"JFK","stops":0,"equipment":"744","schedule":[{"day":0,"utc":"17:58:00","flight":"DL769"},{"day":0,"utc":"00:02:00","flight":"DL271"},{"day":0,"utc":"16:16:00","flight":"DL238"},{"day":0,"utc":"19:18:00","flight":"DL733"},{"day":0,"utc":"18:20:00","flight":"DL224"},{"day":1,"utc":"03:52:00","flight":"DL750"},{"day":1,"utc":"20:30:00","flight":"DL660"},{"day":1,"utc":"18:10:00","flight":"DL076"},{"day":2,"utc":"03:15:00","flight":"DL413"},{"day":2,"utc":"13:01:00","flight":"DL558"},{"day":3,"utc":"19:11:00","flight":"DL922"},{"day":3,"utc":"18:01:00","flight":"DL354"},{"day":4,"utc":"05:25:00","flight":"DL989"},{"day":5,"utc":"12:20:00","flight":"DL924"},{"day":5,"utc":"21:13:00","flight":"DL437"},{"day":5,"utc":"03:32:00","flight":"DL898"},{"day":5,"utc":"18:23:00","flight":"DL189"},{"day":5,"utc":"11:15:00","flight":"DL406"},{"day":6,"utc":"07:24:00","flight":"DL001"},{"day":6,"utc":"18:22:00","flight":"DL791"},{"day":6,"utc":"14:32:00","flight":"DL593"},{"day":6,"utc":"07:13:00","flight":"DL008"}],"distance":9117.046128668155}