{"id":55783,"type":"route","airline":"UA","airlineid":"airline_5209","sourceairport":"ALB","destinationairport":"ORD","stops":0,"equipment":"319 73G 738 739","schedule":[{"day":0,"utc":"18:34:00","flight":"UA701"},{"day":0,"utc":"21:06:00","flight":"UA599"},{"day":0,"utc":"14:16:00","flight":"UA028"},{"day":0,"utc":"04:20:00","flight":"UA519"},{"day":1,"utc":"09:57:00","flight":"UA156"},{"day":1,"utc":"18:07:00","flight":"UA030"},{"day":1,"utc":"14:37:00","flight":"UA993"},{"day":2,"utc":"05:01:00","flight":"UA279"},{"day":2,"utc":"18:00:00","flight":"UA151"},{"day":2,"utc":"20:16:00","flight":"UA076"},{"day":3,"utc":"05:24:00","flight":"UA039"},{"day":3,"utc":"04:21:00","flight":"UA228"},{"day":3,"utc":"21:43:00","flight":"UA559"},{"day":3,"utc":"19:06:00","flight":"UA040"},{"day":4,"utc":"03:03:00","flight":"UA198"},{"day":4,"utc":"09:32:00","flight":"UA312"},{"day":5,"utc":"22:35:00","flight":"UA970"},{"day":5,"utc":"12:47:00","flight":"UA922"},{"day":5,"utc":"01:03:00","flight":"UA552"},{"day":6,"utc":"02:09:00","flight":"UA924"}],"distance":1160.5166955214324}