{"id":15158,"type":"route","airline":"BE","airlineid":"airline_2421","sourceairport":"GLA","destinationairport":"ILY","stops":0,"equipment":"SF3","schedule":[{"day":0,"utc":"19:48:00","flight":"BE427"},{"day":0,"utc":"02:29:00","flight":"BE893"},{"day":0,"utc":"06:39:00","flight":"BE616"},{"day":0,"utc":"03:40:00","flight":"BE752"},{"day":1,"utc":"19:28:00","flight":"BE226"},{"day":1,"utc":"12:12:00","flight":"BE669"},{"day":1,"utc":"22:57:00","flight":"BE057"},{"day":1,"utc":"05:05:00","flight":"BE502"},{"day":1,"utc":"07:48:00","flight":"BE342"},{"day":2,"utc":"11:07:00","flight":"BE842"},{"day":2,"utc":"01:31:00","flight":"BE300"},{"day":2,"utc":"01:07:00","flight":"BE982"},{"day":3,"utc":"16:51:00","flight":"BE466"},{"day":3,"utc":"09:57:00","flight":"BE291"},{"day":3,"utc":"09:05:00","flight":"BE302"},{"day":4,"utc":"12:52:00","flight":"BE334"},{"day":4,"utc":"17:25:00","flight":"BE891"},{"day":4,"utc":"15:44:00","flight":"BE816"},{"day":4,"utc":"08:20:00","flight":"BE114"},{"day":5,"utc":"12:10:00","flight":"BE775"},{"day":6,"utc":"06:04:00","flight":"BE501"},{"day":6,"utc":"15:37:00","flight":"BE738"}],"distance":115.9814494057962}