{"id":56254,"type":"route","airline":"UA","airlineid":"airline_5209","sourceairport":"DTW","destinationairport":"ORD","stops":0,"equipment":"320","schedule":[{"day":0,"utc":"03:39:00","flight":"UA316"},{"day":0,"utc":"15:57:00","flight":"UA495"},{"day":1,"utc":"04:07:00","flight":"UA037"},{"day":2,"utc":"22:06:00","flight":"UA836"},{"day":3,"utc":"05:21:00","flight":"UA995"},{"day":3,"utc":"21:28:00","flight":"UA044"},{"day":3,"utc":"09:50:00","flight":"UA803"},{"day":3,"utc":"01:46:00","flight":"UA162"},{"day":3,"utc":"01:02:00","flight":"UA939"},{"day":4,"utc":"07:05:00","flight":"UA285"},{"day":4,"utc":"13:43:00","flight":"UA527"},{"day":5,"utc":"18:28:00","flight":"UA027"},{"day":5,"utc":"05:21:00","flight":"UA998"},{"day":6,"utc":"10:23:00","flight":"UA411"},{"day":6,"utc":"23:34:00","flight":"UA006"},{"day":6,"utc":"18:29:00","flight":"UA890"}],"distance":376.3932735232996}