{"id":64812,"type":"route","airline":"WS","airlineid":"airline_5416","sourceairport":"YYC","destinationairport":"ORD","stops":0,"equipment":"73W","schedule":[{"day":0,"utc":"12:12:00","flight":"WS332"},{"day":0,"utc":"12:18:00","flight":"WS462"},{"day":0,"utc":"13:54:00","flight":"WS568"},{"day":0,"utc":"02:34:00","flight":"WS435"},{"day":0,"utc":"17:00:00","flight":"WS842"},{"day":1,"utc":"22:25:00","flight":"WS721"},{"day":1,"utc":"22:25:00","flight":"WS637"},{"day":1,"utc":"02:13:00","flight":"WS171"},{"day":1,"utc":"21:32:00","flight":"WS803"},{"day":1,"utc":"12:22:00","flight":"WS170"},{"day":2,"utc":"09:30:00","flight":"WS466"},{"day":2,"utc":"05:09:00","flight":"WS336"},{"day":2,"utc":"02:33:00","flight":"WS208"},{"day":2,"utc":"02:13:00","flight":"WS222"},{"day":3,"utc":"19:55:00","flight":"WS999"},{"day":3,"utc":"18:49:00","flight":"WS304"},{"day":3,"utc":"15:26:00","flight":"WS374"},{"day":4,"utc":"05:33:00","flight":"WS419"},{"day":4,"utc":"10:47:00","flight":"WS572"},{"day":4,"utc":"15:56:00","flight":"WS356"},{"day":4,"utc":"18:28:00","flight":"WS252"},{"day":4,"utc":"20:13:00","flight":"WS554"},{"day":5,"utc":"14:14:00","flight":"WS817"},{"day":5,"utc":"11:30:00","flight":"WS561"},{"day":5,"utc":"04:45:00","flight":"WS533"},{"day":5,"utc":"12:34:00","flight":"WS132"},{"day":5,"utc":"10:31:00","flight":"WS818"},{"day":6,"utc":"08:46:00","flight":"WS872"},{"day":6,"utc":"20:03:00","flight":"WS823"},{"day":6,"utc":"09:06:00","flight":"WS541"},{"day":6,"utc":"13:59:00","flight":"WS822"},{"day":6,"utc":"16:10:00","flight":"WS782"}],"distance":2224.2830153767445}