{"id":56507,"type":"route","airline":"UA","airlineid":"airline_5209","sourceairport":"GNV","destinationairport":"TPA","stops":0,"equipment":"SF3","schedule":[{"day":0,"utc":"07:01:00","flight":"UA918"},{"day":0,"utc":"06:59:00","flight":"UA672"},{"day":1,"utc":"13:23:00","flight":"UA987"},{"day":1,"utc":"22:21:00","flight":"UA528"},{"day":2,"utc":"16:10:00","flight":"UA919"},{"day":2,"utc":"04:23:00","flight":"UA430"},{"day":3,"utc":"07:04:00","flight":"UA746"},{"day":3,"utc":"03:59:00","flight":"UA684"},{"day":3,"utc":"18:45:00","flight":"UA231"},{"day":3,"utc":"01:05:00","flight":"UA596"},{"day":4,"utc":"13:29:00","flight":"UA091"},{"day":4,"utc":"22:42:00","flight":"UA717"},{"day":4,"utc":"09:43:00","flight":"UA538"},{"day":4,"utc":"19:04:00","flight":"UA308"},{"day":5,"utc":"19:10:00","flight":"UA542"},{"day":5,"utc":"10:24:00","flight":"UA768"},{"day":5,"utc":"17:27:00","flight":"UA173"},{"day":5,"utc":"22:29:00","flight":"UA870"},{"day":6,"utc":"21:36:00","flight":"UA490"}]}