{"id":43516,"type":"route","airline":"NK","airlineid":"airline_4687","sourceairport":"OAK","destinationairport":"LAS","stops":0,"equipment":"320 319","schedule":[{"day":0,"utc":"04:06:00","flight":"NK677"},{"day":0,"utc":"14:02:00","flight":"NK110"},{"day":0,"utc":"12:26:00","flight":"NK528"},{"day":0,"utc":"03:53:00","flight":"NK352"},{"day":1,"utc":"16:00:00","flight":"NK055"},{"day":1,"utc":"02:24:00","flight":"NK123"},{"day":2,"utc":"09:38:00","flight":"NK874"},{"day":2,"utc":"19:42:00","flight":"NK571"},{"day":3,"utc":"11:03:00","flight":"NK226"},{"day":3,"utc":"13:35:00","flight":"NK852"},{"day":4,"utc":"00:28:00","flight":"NK820"},{"day":5,"utc":"05:36:00","flight":"NK249"},{"day":6,"utc":"20:26:00","flight":"NK691"}]}