{"id":55153,"type":"route","airline":"U2","airlineid":"airline_2297","sourceairport":"MAN","destinationairport":"MLA","stops":0,"equipment":"320","schedule":[{"day":0,"utc":"16:44:00","flight":"U2654"},{"day":0,"utc":"19:50:00","flight":"U2894"},{"day":0,"utc":"10:18:00","flight":"U2921"},{"day":0,"utc":"14:15:00","flight":"U2317"},{"day":1,"utc":"11:01:00","flight":"U2286"},{"day":2,"utc":"01:07:00","flight":"U2306"},{"day":2,"utc":"22:18:00","flight":"U2059"},{"day":2,"utc":"01:43:00","flight":"U2644"},{"day":3,"utc":"02:12:00","flight":"U2428"},{"day":3,"utc":"05:22:00","flight":"U2801"},{"day":4,"utc":"23:20:00","flight":"U2123"},{"day":4,"utc":"09:11:00","flight":"U2217"},{"day":4,"utc":"00:09:00","flight":"U2750"},{"day":5,"utc":"23:19:00","flight":"U2671"},{"day":6,"utc":"12:07:00","flight":"U2045"},{"day":6,"utc":"08:11:00","flight":"U2630"}]}