{"id":64628,"type":"route","airline":"WS","airlineid":"airline_5416","sourceairport":"MIA","destinationairport":"YYZ","stops":0,"equipment":"738","schedule":[{"day":0,"utc":"13:03:00","flight":"WS233"},{"day":0,"utc":"18:28:00","flight":"WS281"},{"day":1,"utc":"10:42:00","flight":"WS815"},{"day":1,"utc":"08:06:00","flight":"WS010"},{"day":1,"utc":"14:52:00","flight":"WS784"},{"day":1,"utc":"13:50:00","flight":"WS034"},{"day":1,"utc":"10:14:00","flight":"WS994"},{"day":2,"utc":"02:57:00","flight":"WS872"},{"day":2,"utc":"11:25:00","flight":"WS334"},{"day":3,"utc":"00:54:00","flight":"WS727"},{"day":4,"utc":"02:16:00","flight":"WS952"},{"day":4,"utc":"00:36:00","flight":"WS415"},{"day":5,"utc":"18:44:00","flight":"WS197"},{"day":5,"utc":"10:13:00","flight":"WS787"},{"day":6,"utc":"01:00:00","flight":"WS290"}],"distance":1989.5031710902745}