{"id":56857,"type":"route","airline":"UA","airlineid":"airline_5209","sourceairport":"IAH","destinationairport":"VPS","stops":0,"equipment":"ERJ","schedule":[{"day":0,"utc":"02:06:00","flight":"UA043"},{"day":0,"utc":"05:17:00","flight":"UA500"},{"day":1,"utc":"08:27:00","flight":"UA227"},{"day":1,"utc":"03:48:00","flight":"UA624"},{"day":1,"utc":"11:56:00","flight":"UA493"},{"day":1,"utc":"04:03:00","flight":"UA319"},{"day":2,"utc":"14:41:00","flight":"UA455"},{"day":2,"utc":"07:20:00","flight":"UA169"},{"day":2,"utc":"15:16:00","flight":"UA288"},{"day":2,"utc":"09:42:00","flight":"UA030"},{"day":2,"utc":"11:23:00","flight":"UA037"},{"day":3,"utc":"04:38:00","flight":"UA316"},{"day":4,"utc":"23:21:00","flight":"UA587"},{"day":4,"utc":"23:23:00","flight":"UA200"},{"day":4,"utc":"07:26:00","flight":"UA922"},{"day":5,"utc":"13:05:00","flight":"UA992"},{"day":6,"utc":"00:18:00","flight":"UA808"},{"day":6,"utc":"12:21:00","flight":"UA555"}],"distance":848.5535590383224}