{"id":15297,"type":"route","airline":"BE","airlineid":"airline_2421","sourceairport":"WAT","destinationairport":"MAN","stops":0,"equipment":"DH4","schedule":[{"day":0,"utc":"03:30:00","flight":"BE848"},{"day":0,"utc":"10:13:00","flight":"BE601"},{"day":0,"utc":"04:24:00","flight":"BE394"},{"day":0,"utc":"12:45:00","flight":"BE577"},{"day":1,"utc":"21:41:00","flight":"BE404"},{"day":1,"utc":"07:33:00","flight":"BE211"},{"day":1,"utc":"17:33:00","flight":"BE916"},{"day":1,"utc":"05:43:00","flight":"BE868"},{"day":2,"utc":"23:01:00","flight":"BE010"},{"day":2,"utc":"22:32:00","flight":"BE229"},{"day":2,"utc":"20:14:00","flight":"BE768"},{"day":2,"utc":"04:28:00","flight":"BE081"},{"day":3,"utc":"10:40:00","flight":"BE443"},{"day":3,"utc":"02:00:00","flight":"BE046"},{"day":4,"utc":"09:26:00","flight":"BE454"},{"day":5,"utc":"06:26:00","flight":"BE370"},{"day":5,"utc":"21:57:00","flight":"BE947"},{"day":5,"utc":"22:22:00","flight":"BE224"},{"day":5,"utc":"21:43:00","flight":"BE726"},{"day":5,"utc":"23:10:00","flight":"BE686"},{"day":6,"utc":"10:27:00","flight":"BE344"},{"day":6,"utc":"03:38:00","flight":"BE422"},{"day":6,"utc":"07:04:00","flight":"BE907"},{"day":6,"utc":"09:59:00","flight":"BE586"}],"distance":348.65600726752746}