{"id":20535,"type":"route","airline":"DL","airlineid":"airline_2009","sourceairport":"DCA","destinationairport":"LEX","stops":0,"equipment":"CRJ","schedule":[{"day":0,"utc":"00:37:00","flight":"DL956"},{"day":0,"utc":"05:57:00","flight":"DL246"},{"day":0,"utc":"04:28:00","flight":"DL219"},{"day":1,"utc":"08:53:00","flight":"DL990"},{"day":1,"utc":"09:40:00","flight":"DL910"},{"day":2,"utc":"12:52:00","flight":"DL154"},{"day":3,"utc":"00:44:00","flight":"DL457"},{"day":4,"utc":"03:38:00","flight":"DL833"},{"day":4,"utc":"21:37:00","flight":"DL928"},{"day":4,"utc":"16:25:00","flight":"DL998"},{"day":4,"utc":"07:46:00","flight":"DL414"},{"day":5,"utc":"20:10:00","flight":"DL479"},{"day":5,"utc":"09:03:00","flight":"DL461"},{"day":5,"utc":"07:56:00","flight":"DL158"},{"day":6,"utc":"16:46:00","flight":"DL990"},{"day":6,"utc":"14:22:00","flight":"DL508"},{"day":6,"utc":"05:52:00","flight":"DL127"},{"day":6,"utc":"06:52:00","flight":"DL520"},{"day":6,"utc":"18:20:00","flight":"DL023"}]}