{"id":21908,"type":"route","airline":"DL","airlineid":"airline_2009","sourceairport":"TLV","destinationairport":"JFK","stops":0,"equipment":"744","schedule":[{"day":0,"utc":"07:24:00","flight":"DL256"},{"day":0,"utc":"22:43:00","flight":"DL021"},{"day":0,"utc":"16:09:00","flight":"DL529"},{"day":1,"utc":"20:41:00","flight":"DL464"},{"day":1,"utc":"10:28:00","flight":"DL075"},{"day":2,"utc":"19:55:00","flight":"DL332"},{"day":2,"utc":"15:21:00","flight":"DL120"},{"day":2,"utc":"08:08:00","flight":"DL063"},{"day":3,"utc":"00:09:00","flight":"DL540"},{"day":3,"utc":"15:42:00","flight":"DL619"},{"day":4,"utc":"00:04:00","flight":"DL443"},{"day":4,"utc":"04:40:00","flight":"DL994"},{"day":4,"utc":"06:33:00","flight":"DL862"},{"day":4,"utc":"16:16:00","flight":"DL828"},{"day":5,"utc":"08:49:00","flight":"DL195"},{"day":5,"utc":"16:14:00","flight":"DL975"},{"day":5,"utc":"15:24:00","flight":"DL138"},{"day":6,"utc":"07:10:00","flight":"DL832"},{"day":6,"utc":"00:23:00","flight":"DL179"},{"day":6,"utc":"19:04:00","flight":"DL169"},{"day":6,"utc":"06:32:00","flight":"DL854"}],"distance":9117.046128668155}