{"id":59416,"type":"route","airline":"US","airlineid":"airline_5265","sourceairport":"JFK","destinationairport":"BCN","stops":0,"equipment":"763","schedule":[{"day":0,"utc":"14:35:00","flight":"US881"},{"day":0,"utc":"13:38:00","flight":"US789"},{"day":0,"utc":"11:24:00","flight":"US002"},{"day":0,"utc":"02:21:00","flight":"US568"},{"day":1,"utc":"06:22:00","flight":"US487"},{"day":2,"utc":"02:28:00","flight":"US390"},{"day":2,"utc":"16:44:00","flight":"US883"},{"day":2,"utc":"06:40:00","flight":"US121"},{"day":2,"utc":"18:52:00","flight":"US583"},{"day":2,"utc":"10:54:00","flight":"US923"},{"day":3,"utc":"21:48:00","flight":"US176"},{"day":3,"utc":"14:32:00","flight":"US600"},{"day":3,"utc":"21:23:00","flight":"US498"},{"day":3,"utc":"08:22:00","flight":"US776"},{"day":3,"utc":"20:02:00","flight":"US931"},{"day":4,"utc":"03:32:00","flight":"US636"},{"day":4,"utc":"11:07:00","flight":"US381"},{"day":4,"utc":"11:19:00","flight":"US342"},{"day":4,"utc":"00:39:00","flight":"US270"},{"day":5,"utc":"05:09:00","flight":"US225"},{"day":5,"utc":"20:44:00","flight":"US724"},{"day":5,"utc":"08:56:00","flight":"US631"},{"day":5,"utc":"15:25:00","flight":"US031"},{"day":6,"utc":"20:16:00","flight":"US455"},{"day":6,"utc":"15:07:00","flight":"US392"},{"day":6,"utc":"17:24:00","flight":"US254"},{"day":6,"utc":"05:25:00","flight":"US649"}],"distance":6150.233009933891}