{"id":50657,"type":"route","airline":"ST","airlineid":"airline_2547","sourceairport":"AGB","destinationairport":"MRS","stops":0,"equipment":"FRJ","schedule":[{"day":0,"utc":"22:49:00","flight":"ST657"},{"day":0,"utc":"20:48:00","flight":"ST617"},{"day":0,"utc":"10:58:00","flight":"ST853"},{"day":1,"utc":"18:27:00","flight":"ST394"},{"day":1,"utc":"13:41:00","flight":"ST506"},{"day":1,"utc":"06:19:00","flight":"ST002"},{"day":2,"utc":"15:38:00","flight":"ST508"},{"day":2,"utc":"14:58:00","flight":"ST436"},{"day":3,"utc":"16:16:00","flight":"ST337"},{"day":3,"utc":"13:51:00","flight":"ST510"},{"day":3,"utc":"11:54:00","flight":"ST568"},{"day":4,"utc":"12:39:00","flight":"ST889"},{"day":5,"utc":"02:48:00","flight":"ST732"},{"day":5,"utc":"10:57:00","flight":"ST462"},{"day":6,"utc":"03:58:00","flight":"ST803"},{"day":6,"utc":"10:01:00","flight":"ST749"},{"day":6,"utc":"20:03:00","flight":"ST554"},{"day":6,"utc":"15:49:00","flight":"ST946"}],"distance":709.0814327975573}