{"id":27115,"type":"route","airline":"FR","airlineid":"airline_4296","sourceairport":"LGW","destinationairport":"SNN","stops":0,"equipment":"738","schedule":[{"day":0,"utc":"06:47:00","flight":"FR433"},{"day":0,"utc":"11:22:00","flight":"FR615"},{"day":0,"utc":"05:23:00","flight":"FR058"},{"day":0,"utc":"18:54:00","flight":"FR029"},{"day":1,"utc":"18:01:00","flight":"FR372"},{"day":2,"utc":"19:16:00","flight":"FR817"},{"day":2,"utc":"06:29:00","flight":"FR204"},{"day":3,"utc":"10:32:00","flight":"FR275"},{"day":3,"utc":"02:49:00","flight":"FR883"},{"day":3,"utc":"15:22:00","flight":"FR796"},{"day":3,"utc":"04:11:00","flight":"FR925"},{"day":4,"utc":"06:48:00","flight":"FR092"},{"day":4,"utc":"17:12:00","flight":"FR208"},{"day":4,"utc":"11:04:00","flight":"FR322"},{"day":4,"utc":"11:32:00","flight":"FR651"},{"day":5,"utc":"01:44:00","flight":"FR554"},{"day":5,"utc":"12:31:00","flight":"FR521"},{"day":5,"utc":"10:42:00","flight":"FR712"},{"day":5,"utc":"15:10:00","flight":"FR866"},{"day":5,"utc":"18:59:00","flight":"FR006"},{"day":6,"utc":"03:52:00","flight":"FR568"},{"day":6,"utc":"21:51:00","flight":"FR769"},{"day":6,"utc":"07:50:00","flight":"FR230"},{"day":6,"utc":"13:16:00","flight":"FR312"}]}