{"id":59984,"type":"route","airline":"US","airlineid":"airline_5265","sourceairport":"ORD","destinationairport":"XNA","stops":0,"equipment":"ER4 CR7","schedule":[{"day":0,"utc":"15:16:00","flight":"US619"},{"day":1,"utc":"23:48:00","flight":"US279"},{"day":2,"utc":"15:45:00","flight":"US527"},{"day":2,"utc":"05:18:00","flight":"US397"},{"day":2,"utc":"09:49:00","flight":"US110"},{"day":3,"utc":"22:57:00","flight":"US149"},{"day":3,"utc":"08:26:00","flight":"US657"},{"day":3,"utc":"05:25:00","flight":"US025"},{"day":3,"utc":"08:51:00","flight":"US204"},{"day":3,"utc":"04:03:00","flight":"US325"},{"day":4,"utc":"04:16:00","flight":"US864"},{"day":4,"utc":"23:51:00","flight":"US474"},{"day":4,"utc":"20:45:00","flight":"US266"},{"day":4,"utc":"15:59:00","flight":"US996"},{"day":5,"utc":"22:10:00","flight":"US421"},{"day":5,"utc":"00:07:00","flight":"US711"},{"day":5,"utc":"12:26:00","flight":"US893"},{"day":6,"utc":"17:58:00","flight":"US940"}],"distance":839.8267881277536}