{"id":16432,"type":"route","airline":"CA","airlineid":"airline_751","sourceairport":"IAH","destinationairport":"PEK","stops":0,"equipment":"773","schedule":[{"day":0,"utc":"16:53:00","flight":"CA690"},{"day":0,"utc":"20:26:00","flight":"CA355"},{"day":0,"utc":"16:00:00","flight":"CA116"},{"day":0,"utc":"12:59:00","flight":"CA692"},{"day":1,"utc":"22:14:00","flight":"CA848"},{"day":1,"utc":"12:16:00","flight":"CA209"},{"day":1,"utc":"09:10:00","flight":"CA850"},{"day":1,"utc":"07:29:00","flight":"CA991"},{"day":1,"utc":"07:08:00","flight":"CA910"},{"day":2,"utc":"19:45:00","flight":"CA687"},{"day":2,"utc":"21:08:00","flight":"CA941"},{"day":2,"utc":"20:03:00","flight":"CA276"},{"day":2,"utc":"14:30:00","flight":"CA253"},{"day":2,"utc":"18:38:00","flight":"CA732"},{"day":3,"utc":"05:16:00","flight":"CA617"},{"day":3,"utc":"04:15:00","flight":"CA230"},{"day":4,"utc":"04:19:00","flight":"CA351"},{"day":4,"utc":"15:29:00","flight":"CA453"},{"day":4,"utc":"22:13:00","flight":"CA471"},{"day":4,"utc":"07:11:00","flight":"CA945"},{"day":4,"utc":"12:39:00","flight":"CA488"},{"day":5,"utc":"01:47:00","flight":"CA774"},{"day":5,"utc":"09:44:00","flight":"CA839"},{"day":5,"utc":"17:09:00","flight":"CA100"},{"day":5,"utc":"13:52:00","flight":"CA069"},{"day":5,"utc":"20:53:00","flight":"CA612"},{"day":6,"utc":"23:19:00","flight":"CA065"},{"day":6,"utc":"23:28:00","flight":"CA279"},{"day":6,"utc":"10:17:00","flight":"CA888"}]}