{"id":57551,"type":"route","airline":"UA","airlineid":"airline_5209","sourceairport":"ROC","destinationairport":"CLE","stops":0,"equipment":"DH2 DH3","schedule":[{"day":0,"utc":"22:29:00","flight":"UA836"},{"day":0,"utc":"16:26:00","flight":"UA357"},{"day":1,"utc":"15:50:00","flight":"UA587"},{"day":1,"utc":"11:25:00","flight":"UA439"},{"day":1,"utc":"22:36:00","flight":"UA747"},{"day":2,"utc":"21:57:00","flight":"UA727"},{"day":2,"utc":"21:46:00","flight":"UA015"},{"day":2,"utc":"19:36:00","flight":"UA251"},{"day":3,"utc":"05:56:00","flight":"UA456"},{"day":3,"utc":"10:46:00","flight":"UA491"},{"day":3,"utc":"14:02:00","flight":"UA405"},{"day":3,"utc":"01:51:00","flight":"UA103"},{"day":4,"utc":"11:12:00","flight":"UA187"},{"day":4,"utc":"01:44:00","flight":"UA898"},{"day":4,"utc":"01:40:00","flight":"UA942"},{"day":5,"utc":"01:18:00","flight":"UA909"},{"day":5,"utc":"01:20:00","flight":"UA171"},{"day":5,"utc":"20:21:00","flight":"UA445"},{"day":6,"utc":"09:51:00","flight":"UA599"}],"distance":392.6155953402612}