{"id":60043,"type":"route","airline":"US","airlineid":"airline_5265","sourceairport":"PHL","destinationairport":"CHS","stops":0,"equipment":"CRJ","schedule":[{"day":0,"utc":"15:36:00","flight":"US097"},{"day":0,"utc":"21:34:00","flight":"US431"},{"day":0,"utc":"17:15:00","flight":"US449"},{"day":1,"utc":"16:16:00","flight":"US446"},{"day":2,"utc":"21:24:00","flight":"US777"},{"day":2,"utc":"14:49:00","flight":"US872"},{"day":2,"utc":"15:41:00","flight":"US263"},{"day":2,"utc":"16:14:00","flight":"US472"},{"day":3,"utc":"04:33:00","flight":"US496"},{"day":3,"utc":"11:13:00","flight":"US499"},{"day":3,"utc":"15:18:00","flight":"US011"},{"day":4,"utc":"18:58:00","flight":"US754"},{"day":4,"utc":"19:00:00","flight":"US166"},{"day":4,"utc":"06:33:00","flight":"US791"},{"day":5,"utc":"06:18:00","flight":"US796"},{"day":5,"utc":"22:59:00","flight":"US429"},{"day":6,"utc":"13:53:00","flight":"US986"},{"day":6,"utc":"17:56:00","flight":"US456"},{"day":6,"utc":"13:38:00","flight":"US276"},{"day":6,"utc":"14:28:00","flight":"US525"}],"distance":886.1036656372895}