{"id":6702,"type":"route","airline":"AA","airlineid":"airline_24","sourceairport":"SAN","destinationairport":"MIA","stops":0,"equipment":"738","schedule":[{"day":0,"utc":"04:56:00","flight":"AA463"},{"day":0,"utc":"11:59:00","flight":"AA188"},{"day":1,"utc":"05:05:00","flight":"AA703"},{"day":1,"utc":"16:13:00","flight":"AA499"},{"day":2,"utc":"20:25:00","flight":"AA603"},{"day":2,"utc":"03:07:00","flight":"AA544"},{"day":2,"utc":"13:08:00","flight":"AA636"},{"day":2,"utc":"19:26:00","flight":"AA827"},{"day":2,"utc":"16:40:00","flight":"AA986"},{"day":3,"utc":"21:47:00","flight":"AA632"},{"day":3,"utc":"09:05:00","flight":"AA448"},{"day":4,"utc":"13:38:00","flight":"AA373"},{"day":4,"utc":"18:09:00","flight":"AA633"},{"day":4,"utc":"08:17:00","flight":"AA234"},{"day":4,"utc":"05:49:00","flight":"AA713"},{"day":4,"utc":"10:43:00","flight":"AA762"},{"day":5,"utc":"10:46:00","flight":"AA966"},{"day":5,"utc":"00:39:00","flight":"AA297"},{"day":5,"utc":"16:48:00","flight":"AA358"},{"day":5,"utc":"01:34:00","flight":"AA454"},{"day":5,"utc":"09:49:00","flight":"AA879"},{"day":6,"utc":"14:32:00","flight":"AA233"}]}