{"id":58947,"type":"route","airline":"US","airlineid":"airline_5265","sourceairport":"DCA","destinationairport":"CRW","stops":0,"equipment":"DH8","schedule":[{"day":0,"utc":"22:08:00","flight":"US451"},{"day":0,"utc":"00:02:00","flight":"US098"},{"day":0,"utc":"00:00:00","flight":"US964"},{"day":0,"utc":"02:51:00","flight":"US215"},{"day":0,"utc":"10:58:00","flight":"US216"},{"day":1,"utc":"21:40:00","flight":"US354"},{"day":1,"utc":"11:50:00","flight":"US401"},{"day":2,"utc":"00:31:00","flight":"US329"},{"day":2,"utc":"05:10:00","flight":"US472"},{"day":2,"utc":"12:14:00","flight":"US624"},{"day":3,"utc":"03:31:00","flight":"US409"},{"day":3,"utc":"00:26:00","flight":"US272"},{"day":3,"utc":"07:06:00","flight":"US171"},{"day":4,"utc":"22:06:00","flight":"US036"},{"day":4,"utc":"08:27:00","flight":"US950"},{"day":5,"utc":"14:36:00","flight":"US977"},{"day":5,"utc":"21:11:00","flight":"US467"},{"day":5,"utc":"13:23:00","flight":"US131"},{"day":5,"utc":"02:49:00","flight":"US453"},{"day":6,"utc":"01:14:00","flight":"US786"}],"distance":399.3286282145584}