{"id":20389,"type":"route","airline":"DL","airlineid":"airline_2009","sourceairport":"CAE","destinationairport":"DTW","stops":0,"equipment":"CRJ","schedule":[{"day":0,"utc":"07:57:00","flight":"DL334"},{"day":0,"utc":"20:49:00","flight":"DL131"},{"day":0,"utc":"23:36:00","flight":"DL753"},{"day":1,"utc":"19:33:00","flight":"DL368"},{"day":1,"utc":"12:43:00","flight":"DL234"},{"day":1,"utc":"03:32:00","flight":"DL562"},{"day":2,"utc":"06:59:00","flight":"DL969"},{"day":2,"utc":"11:38:00","flight":"DL801"},{"day":2,"utc":"00:10:00","flight":"DL249"},{"day":2,"utc":"17:18:00","flight":"DL399"},{"day":3,"utc":"07:37:00","flight":"DL106"},{"day":3,"utc":"05:05:00","flight":"DL919"},{"day":3,"utc":"18:54:00","flight":"DL234"},{"day":3,"utc":"16:08:00","flight":"DL448"},{"day":4,"utc":"02:11:00","flight":"DL092"},{"day":5,"utc":"17:57:00","flight":"DL393"},{"day":5,"utc":"20:24:00","flight":"DL658"},{"day":5,"utc":"19:04:00","flight":"DL068"},{"day":5,"utc":"15:09:00","flight":"DL572"},{"day":6,"utc":"01:40:00","flight":"DL624"},{"day":6,"utc":"23:36:00","flight":"DL814"},{"day":6,"utc":"13:19:00","flight":"DL333"}],"distance":940.4322925464966}