{"id":62024,"type":"route","airline":"VX","airlineid":"airline_5331","sourceairport":"PDX","destinationairport":"SFO","stops":0,"equipment":"320","schedule":[{"day":0,"utc":"00:22:00","flight":"VX531"},{"day":0,"utc":"14:10:00","flight":"VX309"},{"day":1,"utc":"08:31:00","flight":"VX918"},{"day":2,"utc":"05:05:00","flight":"VX164"},{"day":2,"utc":"09:56:00","flight":"VX732"},{"day":3,"utc":"21:50:00","flight":"VX933"},{"day":3,"utc":"08:08:00","flight":"VX118"},{"day":4,"utc":"15:24:00","flight":"VX056"},{"day":4,"utc":"07:52:00","flight":"VX198"},{"day":4,"utc":"18:05:00","flight":"VX052"},{"day":5,"utc":"21:36:00","flight":"VX431"},{"day":6,"utc":"16:18:00","flight":"VX705"},{"day":6,"utc":"00:11:00","flight":"VX073"},{"day":6,"utc":"18:34:00","flight":"VX331"},{"day":6,"utc":"05:06:00","flight":"VX239"}]}