{"id":60049,"type":"route","airline":"US","airlineid":"airline_5265","sourceairport":"PHL","destinationairport":"DAY","stops":0,"equipment":"CRJ","schedule":[{"day":0,"utc":"09:58:00","flight":"US624"},{"day":1,"utc":"19:03:00","flight":"US696"},{"day":2,"utc":"02:45:00","flight":"US078"},{"day":3,"utc":"00:40:00","flight":"US739"},{"day":3,"utc":"11:19:00","flight":"US615"},{"day":3,"utc":"17:48:00","flight":"US422"},{"day":3,"utc":"11:14:00","flight":"US170"},{"day":3,"utc":"16:40:00","flight":"US636"},{"day":4,"utc":"08:18:00","flight":"US759"},{"day":4,"utc":"04:02:00","flight":"US589"},{"day":5,"utc":"17:05:00","flight":"US073"},{"day":6,"utc":"13:43:00","flight":"US580"}]}