{"id":57251,"type":"route","airline":"UA","airlineid":"airline_5209","sourceairport":"ONT","destinationairport":"SFO","stops":0,"equipment":"CRJ","schedule":[{"day":0,"utc":"03:36:00","flight":"UA695"},{"day":1,"utc":"10:20:00","flight":"UA706"},{"day":1,"utc":"15:40:00","flight":"UA313"},{"day":1,"utc":"16:45:00","flight":"UA323"},{"day":2,"utc":"05:11:00","flight":"UA840"},{"day":2,"utc":"08:20:00","flight":"UA051"},{"day":2,"utc":"17:10:00","flight":"UA947"},{"day":2,"utc":"11:19:00","flight":"UA185"},{"day":2,"utc":"03:01:00","flight":"UA379"},{"day":3,"utc":"07:01:00","flight":"UA915"},{"day":3,"utc":"11:35:00","flight":"UA866"},{"day":4,"utc":"19:20:00","flight":"UA805"},{"day":4,"utc":"12:31:00","flight":"UA982"},{"day":5,"utc":"19:47:00","flight":"UA199"},{"day":6,"utc":"11:27:00","flight":"UA681"},{"day":6,"utc":"17:22:00","flight":"UA786"},{"day":6,"utc":"23:27:00","flight":"UA469"}]}