{"id":15158,"type":"route","airline":"BE","airlineid":"airline_2421","sourceairport":"GLA","destinationairport":"ILY","stops":0,"equipment":"SF3","schedule":[{"day":0,"utc":"06:56:00","flight":"BE984"},{"day":0,"utc":"08:36:00","flight":"BE977"},{"day":1,"utc":"05:57:00","flight":"BE767"},{"day":1,"utc":"01:01:00","flight":"BE068"},{"day":1,"utc":"19:15:00","flight":"BE582"},{"day":1,"utc":"08:16:00","flight":"BE058"},{"day":1,"utc":"19:37:00","flight":"BE456"},{"day":2,"utc":"11:22:00","flight":"BE660"},{"day":3,"utc":"00:32:00","flight":"BE142"},{"day":3,"utc":"10:39:00","flight":"BE383"},{"day":3,"utc":"06:31:00","flight":"BE397"},{"day":3,"utc":"21:04:00","flight":"BE258"},{"day":4,"utc":"02:23:00","flight":"BE205"},{"day":4,"utc":"02:54:00","flight":"BE221"},{"day":4,"utc":"14:01:00","flight":"BE864"},{"day":4,"utc":"00:41:00","flight":"BE076"},{"day":4,"utc":"13:39:00","flight":"BE085"},{"day":5,"utc":"19:20:00","flight":"BE088"},{"day":6,"utc":"01:58:00","flight":"BE856"},{"day":6,"utc":"23:17:00","flight":"BE314"},{"day":6,"utc":"22:09:00","flight":"BE113"}]}