{"id":21357,"type":"route","airline":"DL","airlineid":"airline_2009","sourceairport":"MSP","destinationairport":"BRD","stops":0,"equipment":"CRJ","schedule":[{"day":0,"utc":"11:54:00","flight":"DL487"},{"day":0,"utc":"17:16:00","flight":"DL351"},{"day":1,"utc":"16:42:00","flight":"DL579"},{"day":1,"utc":"00:54:00","flight":"DL571"},{"day":1,"utc":"22:46:00","flight":"DL507"},{"day":1,"utc":"14:39:00","flight":"DL102"},{"day":1,"utc":"07:42:00","flight":"DL691"},{"day":2,"utc":"17:28:00","flight":"DL119"},{"day":2,"utc":"23:20:00","flight":"DL143"},{"day":2,"utc":"05:59:00","flight":"DL619"},{"day":3,"utc":"10:31:00","flight":"DL120"},{"day":4,"utc":"12:17:00","flight":"DL138"},{"day":5,"utc":"06:07:00","flight":"DL266"},{"day":5,"utc":"08:50:00","flight":"DL663"},{"day":5,"utc":"11:52:00","flight":"DL107"},{"day":5,"utc":"21:20:00","flight":"DL308"},{"day":6,"utc":"00:15:00","flight":"DL544"},{"day":6,"utc":"01:25:00","flight":"DL636"},{"day":6,"utc":"09:32:00","flight":"DL543"}]}