{"id":27519,"type":"route","airline":"FR","airlineid":"airline_4296","sourceairport":"OUD","destinationairport":"BVA","stops":0,"equipment":"738","schedule":[{"day":0,"utc":"22:46:00","flight":"FR214"},{"day":1,"utc":"13:32:00","flight":"FR773"},{"day":1,"utc":"18:19:00","flight":"FR095"},{"day":1,"utc":"10:27:00","flight":"FR376"},{"day":2,"utc":"04:42:00","flight":"FR071"},{"day":2,"utc":"21:48:00","flight":"FR852"},{"day":2,"utc":"04:58:00","flight":"FR307"},{"day":2,"utc":"02:57:00","flight":"FR621"},{"day":3,"utc":"01:52:00","flight":"FR482"},{"day":3,"utc":"02:11:00","flight":"FR562"},{"day":3,"utc":"11:12:00","flight":"FR362"},{"day":3,"utc":"13:07:00","flight":"FR357"},{"day":3,"utc":"21:14:00","flight":"FR282"},{"day":4,"utc":"06:44:00","flight":"FR631"},{"day":4,"utc":"18:47:00","flight":"FR420"},{"day":5,"utc":"21:14:00","flight":"FR329"},{"day":5,"utc":"13:51:00","flight":"FR515"},{"day":5,"utc":"06:23:00","flight":"FR416"},{"day":6,"utc":"05:48:00","flight":"FR599"},{"day":6,"utc":"21:33:00","flight":"FR968"},{"day":6,"utc":"21:32:00","flight":"FR260"}],"distance":1663.9283616925427}