{"id":26311,"type":"route","airline":"FR","airlineid":"airline_4296","sourceairport":"BVA","destinationairport":"NDR","stops":0,"equipment":"738","schedule":[{"day":0,"utc":"03:03:00","flight":"FR462"},{"day":0,"utc":"02:01:00","flight":"FR314"},{"day":0,"utc":"20:37:00","flight":"FR818"},{"day":1,"utc":"16:03:00","flight":"FR652"},{"day":1,"utc":"06:26:00","flight":"FR534"},{"day":2,"utc":"20:05:00","flight":"FR540"},{"day":2,"utc":"01:23:00","flight":"FR560"},{"day":2,"utc":"06:38:00","flight":"FR797"},{"day":2,"utc":"11:54:00","flight":"FR670"},{"day":2,"utc":"14:39:00","flight":"FR150"},{"day":3,"utc":"22:17:00","flight":"FR452"},{"day":3,"utc":"20:35:00","flight":"FR679"},{"day":3,"utc":"23:33:00","flight":"FR016"},{"day":4,"utc":"06:35:00","flight":"FR820"},{"day":4,"utc":"17:12:00","flight":"FR132"},{"day":4,"utc":"11:17:00","flight":"FR657"},{"day":4,"utc":"12:08:00","flight":"FR123"},{"day":5,"utc":"10:22:00","flight":"FR188"},{"day":5,"utc":"22:20:00","flight":"FR659"},{"day":6,"utc":"21:42:00","flight":"FR145"}]}