{"id":28217,"type":"route","airline":"FR","airlineid":"airline_4296","sourceairport":"WMI","destinationairport":"BRS","stops":0,"equipment":"738","schedule":[{"day":0,"utc":"13:02:00","flight":"FR551"},{"day":0,"utc":"02:18:00","flight":"FR820"},{"day":0,"utc":"21:35:00","flight":"FR160"},{"day":0,"utc":"03:43:00","flight":"FR725"},{"day":1,"utc":"16:10:00","flight":"FR976"},{"day":1,"utc":"03:03:00","flight":"FR527"},{"day":1,"utc":"02:08:00","flight":"FR630"},{"day":1,"utc":"17:35:00","flight":"FR283"},{"day":1,"utc":"22:24:00","flight":"FR630"},{"day":2,"utc":"18:50:00","flight":"FR458"},{"day":2,"utc":"17:28:00","flight":"FR061"},{"day":2,"utc":"20:34:00","flight":"FR841"},{"day":3,"utc":"16:14:00","flight":"FR356"},{"day":3,"utc":"11:06:00","flight":"FR088"},{"day":3,"utc":"22:51:00","flight":"FR945"},{"day":4,"utc":"12:21:00","flight":"FR450"},{"day":4,"utc":"19:17:00","flight":"FR386"},{"day":5,"utc":"02:04:00","flight":"FR552"},{"day":5,"utc":"12:26:00","flight":"FR659"},{"day":5,"utc":"18:39:00","flight":"FR225"},{"day":5,"utc":"22:33:00","flight":"FR770"},{"day":5,"utc":"07:33:00","flight":"FR321"},{"day":6,"utc":"20:16:00","flight":"FR942"},{"day":6,"utc":"07:16:00","flight":"FR019"}]}