{"id":57448,"type":"route","airline":"UA","airlineid":"airline_5209","sourceairport":"PEK","destinationairport":"ORD","stops":0,"equipment":"777","schedule":[{"day":0,"utc":"10:46:00","flight":"UA700"},{"day":0,"utc":"13:03:00","flight":"UA719"},{"day":0,"utc":"18:37:00","flight":"UA603"},{"day":0,"utc":"01:47:00","flight":"UA330"},{"day":1,"utc":"07:46:00","flight":"UA480"},{"day":2,"utc":"11:19:00","flight":"UA656"},{"day":2,"utc":"07:22:00","flight":"UA016"},{"day":2,"utc":"00:03:00","flight":"UA777"},{"day":3,"utc":"07:50:00","flight":"UA830"},{"day":3,"utc":"23:10:00","flight":"UA737"},{"day":4,"utc":"19:54:00","flight":"UA437"},{"day":4,"utc":"17:50:00","flight":"UA840"},{"day":5,"utc":"19:52:00","flight":"UA978"},{"day":5,"utc":"05:35:00","flight":"UA733"},{"day":5,"utc":"11:52:00","flight":"UA074"},{"day":6,"utc":"17:59:00","flight":"UA934"},{"day":6,"utc":"21:28:00","flight":"UA820"},{"day":6,"utc":"11:30:00","flight":"UA949"},{"day":6,"utc":"03:14:00","flight":"UA678"},{"day":6,"utc":"19:11:00","flight":"UA433"}],"distance":10562.441667646719}