{"id":62323,"type":"route","airline":"VY","airlineid":"airline_2439","sourceairport":"MAD","destinationairport":"CDG","stops":0,"equipment":"320","schedule":[{"day":0,"utc":"11:40:00","flight":"VY706"},{"day":0,"utc":"06:25:00","flight":"VY051"},{"day":1,"utc":"06:03:00","flight":"VY066"},{"day":1,"utc":"13:50:00","flight":"VY443"},{"day":1,"utc":"01:27:00","flight":"VY100"},{"day":2,"utc":"17:30:00","flight":"VY763"},{"day":2,"utc":"00:15:00","flight":"VY053"},{"day":3,"utc":"05:12:00","flight":"VY957"},{"day":3,"utc":"15:45:00","flight":"VY421"},{"day":3,"utc":"13:39:00","flight":"VY827"},{"day":4,"utc":"09:41:00","flight":"VY744"},{"day":4,"utc":"11:17:00","flight":"VY940"},{"day":4,"utc":"03:25:00","flight":"VY039"},{"day":4,"utc":"07:51:00","flight":"VY051"},{"day":5,"utc":"18:22:00","flight":"VY850"},{"day":5,"utc":"01:11:00","flight":"VY250"},{"day":5,"utc":"05:20:00","flight":"VY241"},{"day":6,"utc":"17:58:00","flight":"VY371"},{"day":6,"utc":"05:40:00","flight":"VY379"},{"day":6,"utc":"06:09:00","flight":"VY790"},{"day":6,"utc":"15:26:00","flight":"VY617"},{"day":6,"utc":"03:14:00","flight":"VY370"}],"distance":1062.4755185348997}