{"id":20289,"type":"route","airline":"DL","airlineid":"airline_2009","sourceairport":"BAH","destinationairport":"AUH","stops":0,"equipment":"332","schedule":[{"day":0,"utc":"19:22:00","flight":"DL988"},{"day":1,"utc":"04:28:00","flight":"DL145"},{"day":1,"utc":"09:49:00","flight":"DL806"},{"day":1,"utc":"22:35:00","flight":"DL901"},{"day":2,"utc":"10:29:00","flight":"DL497"},{"day":2,"utc":"05:08:00","flight":"DL276"},{"day":3,"utc":"03:57:00","flight":"DL799"},{"day":3,"utc":"11:01:00","flight":"DL446"},{"day":4,"utc":"16:48:00","flight":"DL998"},{"day":4,"utc":"00:13:00","flight":"DL282"},{"day":4,"utc":"10:23:00","flight":"DL915"},{"day":5,"utc":"06:04:00","flight":"DL117"},{"day":5,"utc":"12:17:00","flight":"DL319"},{"day":5,"utc":"15:43:00","flight":"DL620"},{"day":5,"utc":"19:23:00","flight":"DL325"},{"day":5,"utc":"20:15:00","flight":"DL331"},{"day":6,"utc":"23:16:00","flight":"DL810"},{"day":6,"utc":"08:07:00","flight":"DL670"},{"day":6,"utc":"07:42:00","flight":"DL271"},{"day":6,"utc":"19:11:00","flight":"DL282"},{"day":6,"utc":"07:12:00","flight":"DL297"}],"distance":452.4452726126174}