{"id":56804,"type":"route","airline":"UA","airlineid":"airline_5209","sourceairport":"IAH","destinationairport":"NRT","stops":0,"equipment":"777","schedule":[{"day":0,"utc":"07:52:00","flight":"UA638"},{"day":1,"utc":"09:09:00","flight":"UA902"},{"day":1,"utc":"22:27:00","flight":"UA831"},{"day":1,"utc":"01:22:00","flight":"UA785"},{"day":1,"utc":"16:44:00","flight":"UA294"},{"day":2,"utc":"20:16:00","flight":"UA261"},{"day":2,"utc":"01:46:00","flight":"UA062"},{"day":2,"utc":"00:27:00","flight":"UA578"},{"day":2,"utc":"05:49:00","flight":"UA398"},{"day":2,"utc":"02:33:00","flight":"UA170"},{"day":3,"utc":"11:00:00","flight":"UA547"},{"day":3,"utc":"03:25:00","flight":"UA937"},{"day":3,"utc":"03:06:00","flight":"UA421"},{"day":3,"utc":"00:10:00","flight":"UA880"},{"day":4,"utc":"16:00:00","flight":"UA983"},{"day":4,"utc":"16:22:00","flight":"UA341"},{"day":4,"utc":"10:46:00","flight":"UA687"},{"day":4,"utc":"10:42:00","flight":"UA794"},{"day":5,"utc":"11:28:00","flight":"UA017"},{"day":5,"utc":"10:11:00","flight":"UA997"},{"day":6,"utc":"19:52:00","flight":"UA477"},{"day":6,"utc":"22:29:00","flight":"UA914"}]}