{"id":4993,"type":"route","airline":"AA","airlineid":"airline_24","sourceairport":"CLT","destinationairport":"RIC","stops":0,"equipment":"319 CR7","schedule":[{"day":0,"utc":"06:35:00","flight":"AA317"},{"day":0,"utc":"06:20:00","flight":"AA862"},{"day":0,"utc":"15:30:00","flight":"AA989"},{"day":1,"utc":"02:14:00","flight":"AA717"},{"day":1,"utc":"07:12:00","flight":"AA630"},{"day":1,"utc":"18:49:00","flight":"AA901"},{"day":2,"utc":"11:03:00","flight":"AA294"},{"day":2,"utc":"01:00:00","flight":"AA907"},{"day":2,"utc":"12:27:00","flight":"AA494"},{"day":2,"utc":"01:56:00","flight":"AA949"},{"day":2,"utc":"02:19:00","flight":"AA018"},{"day":3,"utc":"22:01:00","flight":"AA589"},{"day":3,"utc":"15:30:00","flight":"AA860"},{"day":3,"utc":"01:15:00","flight":"AA618"},{"day":3,"utc":"21:42:00","flight":"AA961"},{"day":4,"utc":"01:45:00","flight":"AA993"},{"day":5,"utc":"20:45:00","flight":"AA531"},{"day":5,"utc":"22:32:00","flight":"AA258"},{"day":6,"utc":"19:21:00","flight":"AA001"},{"day":6,"utc":"17:27:00","flight":"AA297"}]}