{"id":20288,"type":"route","airline":"DL","airlineid":"airline_2009","sourceairport":"AZO","destinationairport":"MSP","stops":0,"equipment":"CRJ","schedule":[{"day":0,"utc":"15:42:00","flight":"DL785"},{"day":0,"utc":"03:23:00","flight":"DL556"},{"day":0,"utc":"07:01:00","flight":"DL219"},{"day":0,"utc":"01:27:00","flight":"DL983"},{"day":1,"utc":"08:42:00","flight":"DL253"},{"day":1,"utc":"11:11:00","flight":"DL582"},{"day":2,"utc":"01:21:00","flight":"DL594"},{"day":2,"utc":"13:27:00","flight":"DL322"},{"day":3,"utc":"07:43:00","flight":"DL552"},{"day":4,"utc":"15:00:00","flight":"DL598"},{"day":4,"utc":"03:09:00","flight":"DL954"},{"day":4,"utc":"01:57:00","flight":"DL816"},{"day":5,"utc":"18:45:00","flight":"DL522"},{"day":6,"utc":"11:07:00","flight":"DL357"},{"day":6,"utc":"19:10:00","flight":"DL711"},{"day":6,"utc":"07:44:00","flight":"DL462"}]}