{"id":59873,"type":"route","airline":"US","airlineid":"airline_5265","sourceairport":"ORD","destinationairport":"ART","stops":0,"equipment":"ERD","schedule":[{"day":0,"utc":"19:14:00","flight":"US483"},{"day":0,"utc":"16:11:00","flight":"US725"},{"day":0,"utc":"09:30:00","flight":"US590"},{"day":0,"utc":"00:45:00","flight":"US032"},{"day":0,"utc":"07:59:00","flight":"US550"},{"day":1,"utc":"19:31:00","flight":"US258"},{"day":1,"utc":"10:06:00","flight":"US985"},{"day":1,"utc":"11:19:00","flight":"US742"},{"day":1,"utc":"16:14:00","flight":"US082"},{"day":2,"utc":"18:36:00","flight":"US372"},{"day":2,"utc":"15:51:00","flight":"US232"},{"day":2,"utc":"06:19:00","flight":"US364"},{"day":2,"utc":"13:17:00","flight":"US178"},{"day":3,"utc":"18:42:00","flight":"US465"},{"day":3,"utc":"04:31:00","flight":"US122"},{"day":3,"utc":"22:10:00","flight":"US077"},{"day":3,"utc":"06:54:00","flight":"US806"},{"day":4,"utc":"01:44:00","flight":"US443"},{"day":4,"utc":"23:00:00","flight":"US276"},{"day":4,"utc":"03:48:00","flight":"US298"},{"day":4,"utc":"18:08:00","flight":"US046"},{"day":5,"utc":"22:23:00","flight":"US808"},{"day":5,"utc":"02:37:00","flight":"US587"},{"day":5,"utc":"00:54:00","flight":"US375"},{"day":5,"utc":"01:34:00","flight":"US154"},{"day":6,"utc":"16:35:00","flight":"US331"}]}