{"id":63468,"type":"route","airline":"WN","airlineid":"airline_4547","sourceairport":"ATL","destinationairport":"ORF","stops":0,"equipment":"717","schedule":[{"day":0,"utc":"06:56:00","flight":"WN762"},{"day":0,"utc":"12:41:00","flight":"WN813"},{"day":0,"utc":"08:36:00","flight":"WN399"},{"day":1,"utc":"13:13:00","flight":"WN632"},{"day":1,"utc":"21:58:00","flight":"WN040"},{"day":1,"utc":"11:32:00","flight":"WN621"},{"day":2,"utc":"12:59:00","flight":"WN651"},{"day":2,"utc":"23:11:00","flight":"WN855"},{"day":3,"utc":"21:59:00","flight":"WN199"},{"day":3,"utc":"14:07:00","flight":"WN579"},{"day":3,"utc":"10:39:00","flight":"WN277"},{"day":4,"utc":"00:35:00","flight":"WN288"},{"day":4,"utc":"11:42:00","flight":"WN949"},{"day":4,"utc":"20:31:00","flight":"WN261"},{"day":5,"utc":"09:32:00","flight":"WN368"},{"day":5,"utc":"07:55:00","flight":"WN053"},{"day":5,"utc":"15:20:00","flight":"WN998"},{"day":5,"utc":"05:03:00","flight":"WN469"},{"day":6,"utc":"16:49:00","flight":"WN776"},{"day":6,"utc":"03:57:00","flight":"WN447"},{"day":6,"utc":"15:20:00","flight":"WN274"}],"distance":829.7020678436298}