{"id":32542,"type":"route","airline":"IB","airlineid":"airline_2822","sourceairport":"JFK","destinationairport":"MAD","stops":0,"equipment":"333 346","schedule":[{"day":0,"utc":"02:49:00","flight":"IB421"},{"day":1,"utc":"10:15:00","flight":"IB740"},{"day":1,"utc":"04:41:00","flight":"IB659"},{"day":1,"utc":"04:57:00","flight":"IB296"},{"day":2,"utc":"02:37:00","flight":"IB495"},{"day":2,"utc":"16:48:00","flight":"IB112"},{"day":2,"utc":"23:27:00","flight":"IB469"},{"day":3,"utc":"08:16:00","flight":"IB970"},{"day":3,"utc":"12:47:00","flight":"IB073"},{"day":3,"utc":"18:22:00","flight":"IB602"},{"day":4,"utc":"11:41:00","flight":"IB370"},{"day":5,"utc":"13:42:00","flight":"IB592"},{"day":5,"utc":"05:21:00","flight":"IB966"},{"day":5,"utc":"03:43:00","flight":"IB473"},{"day":5,"utc":"00:23:00","flight":"IB980"},{"day":5,"utc":"10:26:00","flight":"IB535"},{"day":6,"utc":"11:39:00","flight":"IB461"},{"day":6,"utc":"17:55:00","flight":"IB016"},{"day":6,"utc":"15:21:00","flight":"IB870"},{"day":6,"utc":"16:37:00","flight":"IB797"},{"day":6,"utc":"00:27:00","flight":"IB649"}]}