{"id":50626,"type":"route","airline":"SS","airlineid":"airline_1908","sourceairport":"ABJ","destinationairport":"ORY","stops":0,"equipment":"333","schedule":[{"day":0,"utc":"07:33:00","flight":"SS604"},{"day":0,"utc":"23:57:00","flight":"SS897"},{"day":0,"utc":"15:20:00","flight":"SS392"},{"day":1,"utc":"04:45:00","flight":"SS954"},{"day":1,"utc":"02:42:00","flight":"SS930"},{"day":1,"utc":"23:09:00","flight":"SS181"},{"day":1,"utc":"03:06:00","flight":"SS756"},{"day":2,"utc":"08:19:00","flight":"SS947"},{"day":2,"utc":"22:17:00","flight":"SS410"},{"day":2,"utc":"19:10:00","flight":"SS880"},{"day":3,"utc":"19:22:00","flight":"SS123"},{"day":3,"utc":"23:02:00","flight":"SS242"},{"day":4,"utc":"16:17:00","flight":"SS872"},{"day":5,"utc":"16:45:00","flight":"SS715"},{"day":5,"utc":"14:02:00","flight":"SS723"},{"day":6,"utc":"14:16:00","flight":"SS176"},{"day":6,"utc":"12:06:00","flight":"SS883"},{"day":6,"utc":"10:32:00","flight":"SS801"},{"day":6,"utc":"11:33:00","flight":"SS771"}]}