{"id":36275,"type":"route","airline":"KL","airlineid":"airline_3090","sourceairport":"AMS","destinationairport":"NWI","stops":0,"equipment":"F70","schedule":[{"day":0,"utc":"13:26:00","flight":"KL802"},{"day":0,"utc":"03:30:00","flight":"KL241"},{"day":0,"utc":"16:51:00","flight":"KL181"},{"day":0,"utc":"02:19:00","flight":"KL202"},{"day":1,"utc":"06:43:00","flight":"KL496"},{"day":1,"utc":"17:23:00","flight":"KL533"},{"day":2,"utc":"07:25:00","flight":"KL049"},{"day":2,"utc":"19:04:00","flight":"KL353"},{"day":3,"utc":"00:11:00","flight":"KL070"},{"day":3,"utc":"09:55:00","flight":"KL334"},{"day":4,"utc":"15:22:00","flight":"KL444"},{"day":4,"utc":"16:25:00","flight":"KL859"},{"day":5,"utc":"15:56:00","flight":"KL322"},{"day":5,"utc":"03:21:00","flight":"KL601"},{"day":5,"utc":"01:27:00","flight":"KL449"},{"day":5,"utc":"16:09:00","flight":"KL700"},{"day":5,"utc":"02:22:00","flight":"KL363"},{"day":6,"utc":"08:01:00","flight":"KL599"},{"day":6,"utc":"05:11:00","flight":"KL191"},{"day":6,"utc":"02:03:00","flight":"KL951"},{"day":6,"utc":"18:07:00","flight":"KL896"},{"day":6,"utc":"08:36:00","flight":"KL491"}],"distance":239.16839739656012}