{"id":56857,"type":"route","airline":"UA","airlineid":"airline_5209","sourceairport":"IAH","destinationairport":"VPS","stops":0,"equipment":"ERJ","schedule":[{"day":0,"utc":"00:32:00","flight":"UA017"},{"day":1,"utc":"09:06:00","flight":"UA279"},{"day":1,"utc":"02:27:00","flight":"UA503"},{"day":1,"utc":"22:07:00","flight":"UA517"},{"day":1,"utc":"23:52:00","flight":"UA149"},{"day":2,"utc":"13:01:00","flight":"UA594"},{"day":2,"utc":"15:43:00","flight":"UA558"},{"day":2,"utc":"02:19:00","flight":"UA269"},{"day":2,"utc":"21:57:00","flight":"UA492"},{"day":2,"utc":"06:45:00","flight":"UA148"},{"day":3,"utc":"20:51:00","flight":"UA039"},{"day":3,"utc":"05:11:00","flight":"UA089"},{"day":3,"utc":"00:06:00","flight":"UA720"},{"day":3,"utc":"03:59:00","flight":"UA221"},{"day":3,"utc":"12:15:00","flight":"UA390"},{"day":4,"utc":"21:19:00","flight":"UA029"},{"day":4,"utc":"07:22:00","flight":"UA254"},{"day":4,"utc":"12:22:00","flight":"UA878"},{"day":4,"utc":"07:20:00","flight":"UA621"},{"day":5,"utc":"21:13:00","flight":"UA971"},{"day":5,"utc":"06:00:00","flight":"UA428"},{"day":5,"utc":"13:56:00","flight":"UA792"},{"day":6,"utc":"00:40:00","flight":"UA174"},{"day":6,"utc":"18:56:00","flight":"UA254"}],"distance":848.5535590383224}