{"id":58911,"type":"route","airline":"US","airlineid":"airline_5265","sourceairport":"CUU","destinationairport":"DFW","stops":0,"equipment":"ER4 ERD","schedule":[{"day":0,"utc":"23:31:00","flight":"US208"},{"day":0,"utc":"22:46:00","flight":"US257"},{"day":0,"utc":"19:48:00","flight":"US614"},{"day":0,"utc":"11:20:00","flight":"US889"},{"day":0,"utc":"06:21:00","flight":"US414"},{"day":1,"utc":"16:48:00","flight":"US649"},{"day":1,"utc":"14:47:00","flight":"US359"},{"day":1,"utc":"05:45:00","flight":"US177"},{"day":2,"utc":"16:44:00","flight":"US221"},{"day":2,"utc":"13:56:00","flight":"US354"},{"day":3,"utc":"10:26:00","flight":"US960"},{"day":3,"utc":"20:11:00","flight":"US988"},{"day":4,"utc":"20:03:00","flight":"US279"},{"day":4,"utc":"06:38:00","flight":"US779"},{"day":4,"utc":"15:06:00","flight":"US729"},{"day":4,"utc":"00:13:00","flight":"US920"},{"day":4,"utc":"00:57:00","flight":"US285"},{"day":5,"utc":"14:31:00","flight":"US982"},{"day":5,"utc":"12:09:00","flight":"US802"},{"day":5,"utc":"13:26:00","flight":"US336"},{"day":5,"utc":"16:08:00","flight":"US690"},{"day":6,"utc":"21:31:00","flight":"US401"},{"day":6,"utc":"05:26:00","flight":"US808"},{"day":6,"utc":"19:20:00","flight":"US883"},{"day":6,"utc":"08:31:00","flight":"US027"},{"day":6,"utc":"13:19:00","flight":"US497"}],"distance":971.2575263687689}