{"id":50797,"type":"route","airline":"SU","airlineid":"airline_130","sourceairport":"CDG","destinationairport":"TLS","stops":0,"equipment":"319 320","schedule":[{"day":0,"utc":"07:50:00","flight":"SU457"},{"day":0,"utc":"21:43:00","flight":"SU737"},{"day":0,"utc":"23:29:00","flight":"SU470"},{"day":1,"utc":"21:23:00","flight":"SU564"},{"day":2,"utc":"08:44:00","flight":"SU092"},{"day":2,"utc":"22:04:00","flight":"SU558"},{"day":2,"utc":"17:17:00","flight":"SU098"},{"day":2,"utc":"11:29:00","flight":"SU384"},{"day":2,"utc":"01:35:00","flight":"SU987"},{"day":3,"utc":"05:52:00","flight":"SU788"},{"day":4,"utc":"03:03:00","flight":"SU853"},{"day":5,"utc":"03:43:00","flight":"SU817"},{"day":5,"utc":"00:17:00","flight":"SU218"},{"day":5,"utc":"20:18:00","flight":"SU114"},{"day":5,"utc":"20:27:00","flight":"SU426"},{"day":6,"utc":"04:35:00","flight":"SU509"},{"day":6,"utc":"11:37:00","flight":"SU745"}],"distance":605.5094451553542}