{"id":51779,"type":"route","airline":"T3","airlineid":"airline_2117","sourceairport":"SOU","destinationairport":"LBA","stops":0,"equipment":"J41","schedule":[{"day":0,"utc":"05:27:00","flight":"T3713"},{"day":0,"utc":"11:47:00","flight":"T3024"},{"day":1,"utc":"17:11:00","flight":"T3119"},{"day":2,"utc":"00:07:00","flight":"T3015"},{"day":3,"utc":"05:27:00","flight":"T3002"},{"day":3,"utc":"06:22:00","flight":"T3176"},{"day":3,"utc":"22:57:00","flight":"T3602"},{"day":3,"utc":"03:13:00","flight":"T3558"},{"day":3,"utc":"18:30:00","flight":"T3202"},{"day":4,"utc":"09:26:00","flight":"T3019"},{"day":4,"utc":"06:21:00","flight":"T3842"},{"day":4,"utc":"04:46:00","flight":"T3371"},{"day":4,"utc":"05:59:00","flight":"T3596"},{"day":5,"utc":"10:34:00","flight":"T3004"},{"day":5,"utc":"03:31:00","flight":"T3874"},{"day":6,"utc":"08:20:00","flight":"T3419"}],"distance":324.85721323986286}