{"id":30433,"type":"route","airline":"GS","airlineid":"airline_690","sourceairport":"TXN","destinationairport":"HAK","stops":0,"equipment":"E90","schedule":[{"day":0,"utc":"00:47:00","flight":"GS874"},{"day":0,"utc":"20:23:00","flight":"GS468"},{"day":1,"utc":"12:17:00","flight":"GS949"},{"day":1,"utc":"17:39:00","flight":"GS664"},{"day":2,"utc":"06:42:00","flight":"GS746"},{"day":3,"utc":"11:15:00","flight":"GS562"},{"day":4,"utc":"07:15:00","flight":"GS218"},{"day":5,"utc":"10:54:00","flight":"GS118"},{"day":5,"utc":"06:13:00","flight":"GS180"},{"day":5,"utc":"12:01:00","flight":"GS815"},{"day":5,"utc":"04:29:00","flight":"GS916"},{"day":6,"utc":"03:54:00","flight":"GS022"}]}