{"id":63715,"type":"route","airline":"WN","airlineid":"airline_4547","sourceairport":"DEN","destinationairport":"FLL","stops":0,"equipment":"73W","schedule":[{"day":0,"utc":"05:58:00","flight":"WN099"},{"day":0,"utc":"00:45:00","flight":"WN513"},{"day":0,"utc":"19:11:00","flight":"WN545"},{"day":1,"utc":"20:41:00","flight":"WN519"},{"day":1,"utc":"13:35:00","flight":"WN679"},{"day":1,"utc":"08:24:00","flight":"WN727"},{"day":1,"utc":"20:16:00","flight":"WN992"},{"day":1,"utc":"05:43:00","flight":"WN826"},{"day":2,"utc":"23:13:00","flight":"WN262"},{"day":3,"utc":"22:46:00","flight":"WN954"},{"day":3,"utc":"03:35:00","flight":"WN871"},{"day":4,"utc":"02:46:00","flight":"WN622"},{"day":4,"utc":"15:38:00","flight":"WN000"},{"day":4,"utc":"06:57:00","flight":"WN629"},{"day":4,"utc":"19:34:00","flight":"WN673"},{"day":4,"utc":"11:31:00","flight":"WN933"},{"day":5,"utc":"17:10:00","flight":"WN926"},{"day":5,"utc":"00:39:00","flight":"WN872"},{"day":5,"utc":"11:00:00","flight":"WN586"},{"day":5,"utc":"05:36:00","flight":"WN517"},{"day":5,"utc":"20:09:00","flight":"WN325"},{"day":6,"utc":"21:16:00","flight":"WN640"}]}