{"id":38491,"type":"route","airline":"LH","airlineid":"airline_3320","sourceairport":"LHR","destinationairport":"EWR","stops":0,"equipment":"763 777 752","schedule":[{"day":0,"utc":"02:19:00","flight":"LH751"},{"day":0,"utc":"20:34:00","flight":"LH334"},{"day":1,"utc":"00:03:00","flight":"LH506"},{"day":2,"utc":"12:46:00","flight":"LH449"},{"day":2,"utc":"17:19:00","flight":"LH775"},{"day":3,"utc":"16:10:00","flight":"LH248"},{"day":3,"utc":"21:31:00","flight":"LH025"},{"day":3,"utc":"13:09:00","flight":"LH370"},{"day":3,"utc":"16:03:00","flight":"LH310"},{"day":4,"utc":"23:48:00","flight":"LH195"},{"day":4,"utc":"13:40:00","flight":"LH020"},{"day":5,"utc":"08:44:00","flight":"LH373"},{"day":5,"utc":"12:42:00","flight":"LH736"},{"day":5,"utc":"16:41:00","flight":"LH680"},{"day":6,"utc":"03:38:00","flight":"LH887"},{"day":6,"utc":"07:23:00","flight":"LH004"},{"day":6,"utc":"04:09:00","flight":"LH189"},{"day":6,"utc":"15:36:00","flight":"LH309"},{"day":6,"utc":"04:09:00","flight":"LH367"}],"distance":5561.441710839747}