{"id":59177,"type":"route","airline":"US","airlineid":"airline_5265","sourceairport":"DFW","destinationairport":"TLH","stops":0,"equipment":"ER4 ERD","schedule":[{"day":0,"utc":"22:52:00","flight":"US574"},{"day":0,"utc":"03:23:00","flight":"US521"},{"day":1,"utc":"00:10:00","flight":"US154"},{"day":1,"utc":"09:52:00","flight":"US850"},{"day":1,"utc":"23:05:00","flight":"US309"},{"day":1,"utc":"13:05:00","flight":"US037"},{"day":2,"utc":"20:32:00","flight":"US988"},{"day":3,"utc":"10:25:00","flight":"US865"},{"day":3,"utc":"19:22:00","flight":"US986"},{"day":3,"utc":"19:46:00","flight":"US610"},{"day":3,"utc":"18:57:00","flight":"US718"},{"day":4,"utc":"14:34:00","flight":"US721"},{"day":4,"utc":"20:05:00","flight":"US182"},{"day":4,"utc":"09:54:00","flight":"US486"},{"day":4,"utc":"23:28:00","flight":"US552"},{"day":5,"utc":"12:54:00","flight":"US194"},{"day":5,"utc":"19:58:00","flight":"US599"},{"day":5,"utc":"18:48:00","flight":"US848"},{"day":5,"utc":"07:23:00","flight":"US086"},{"day":6,"utc":"01:42:00","flight":"US413"},{"day":6,"utc":"11:03:00","flight":"US504"}],"distance":1231.9169953810786}