{"id":56186,"type":"route","airline":"UA","airlineid":"airline_5209","sourceairport":"DEN","destinationairport":"RSW","stops":0,"equipment":"738","schedule":[{"day":0,"utc":"03:18:00","flight":"UA047"},{"day":0,"utc":"13:18:00","flight":"UA326"},{"day":0,"utc":"20:27:00","flight":"UA298"},{"day":1,"utc":"14:26:00","flight":"UA227"},{"day":2,"utc":"15:51:00","flight":"UA570"},{"day":2,"utc":"11:24:00","flight":"UA612"},{"day":2,"utc":"07:32:00","flight":"UA403"},{"day":2,"utc":"19:09:00","flight":"UA042"},{"day":3,"utc":"02:29:00","flight":"UA844"},{"day":3,"utc":"17:05:00","flight":"UA831"},{"day":3,"utc":"17:21:00","flight":"UA386"},{"day":3,"utc":"07:31:00","flight":"UA078"},{"day":3,"utc":"08:59:00","flight":"UA786"},{"day":4,"utc":"09:59:00","flight":"UA322"},{"day":4,"utc":"07:58:00","flight":"UA954"},{"day":4,"utc":"16:16:00","flight":"UA658"},{"day":4,"utc":"04:06:00","flight":"UA823"},{"day":5,"utc":"17:17:00","flight":"UA298"},{"day":6,"utc":"05:32:00","flight":"UA168"},{"day":6,"utc":"13:28:00","flight":"UA260"},{"day":6,"utc":"12:08:00","flight":"UA565"},{"day":6,"utc":"04:49:00","flight":"UA000"},{"day":6,"utc":"19:01:00","flight":"UA499"}],"distance":2584.041695881209}