{"id":5425,"type":"route","airline":"AA","airlineid":"airline_24","sourceairport":"FDF","destinationairport":"MIA","stops":0,"equipment":"738","schedule":[{"day":0,"utc":"23:12:00","flight":"AA963"},{"day":0,"utc":"06:51:00","flight":"AA317"},{"day":0,"utc":"17:49:00","flight":"AA072"},{"day":0,"utc":"12:38:00","flight":"AA183"},{"day":0,"utc":"22:36:00","flight":"AA285"},{"day":1,"utc":"13:06:00","flight":"AA105"},{"day":1,"utc":"10:21:00","flight":"AA480"},{"day":1,"utc":"13:59:00","flight":"AA989"},{"day":1,"utc":"07:14:00","flight":"AA771"},{"day":2,"utc":"11:57:00","flight":"AA551"},{"day":3,"utc":"19:58:00","flight":"AA268"},{"day":3,"utc":"02:55:00","flight":"AA022"},{"day":4,"utc":"18:41:00","flight":"AA653"},{"day":4,"utc":"13:20:00","flight":"AA960"},{"day":4,"utc":"07:08:00","flight":"AA068"},{"day":4,"utc":"21:21:00","flight":"AA819"},{"day":5,"utc":"22:35:00","flight":"AA289"},{"day":5,"utc":"11:59:00","flight":"AA476"},{"day":5,"utc":"11:41:00","flight":"AA922"},{"day":6,"utc":"17:30:00","flight":"AA237"},{"day":6,"utc":"20:57:00","flight":"AA620"},{"day":6,"utc":"19:13:00","flight":"AA094"},{"day":6,"utc":"15:00:00","flight":"AA275"},{"day":6,"utc":"07:31:00","flight":"AA512"}]}