{"id":15429,"type":"route","airline":"BK","airlineid":"airline_4026","sourceairport":"CSX","destinationairport":"CJU","stops":0,"equipment":"738","schedule":[{"day":0,"utc":"21:03:00","flight":"BK126"},{"day":0,"utc":"09:04:00","flight":"BK310"},{"day":0,"utc":"01:20:00","flight":"BK405"},{"day":1,"utc":"20:01:00","flight":"BK457"},{"day":1,"utc":"11:27:00","flight":"BK732"},{"day":2,"utc":"07:56:00","flight":"BK033"},{"day":2,"utc":"07:03:00","flight":"BK267"},{"day":3,"utc":"02:52:00","flight":"BK767"},{"day":3,"utc":"09:14:00","flight":"BK546"},{"day":3,"utc":"14:56:00","flight":"BK558"},{"day":4,"utc":"09:20:00","flight":"BK560"},{"day":4,"utc":"23:46:00","flight":"BK187"},{"day":4,"utc":"07:27:00","flight":"BK631"},{"day":4,"utc":"11:58:00","flight":"BK774"},{"day":4,"utc":"07:37:00","flight":"BK878"},{"day":5,"utc":"08:02:00","flight":"BK760"},{"day":5,"utc":"18:37:00","flight":"BK427"},{"day":5,"utc":"04:41:00","flight":"BK753"},{"day":5,"utc":"03:42:00","flight":"BK668"},{"day":5,"utc":"09:46:00","flight":"BK490"},{"day":6,"utc":"12:50:00","flight":"BK056"},{"day":6,"utc":"18:36:00","flight":"BK378"}],"distance":1396.9574079948238}