{"id":35524,"type":"route","airline":"K3","airlineid":"airline_N","sourceairport":"KTN","destinationairport":"KTB","stops":0,"equipment":"DHP","schedule":[{"day":0,"utc":"10:31:00","flight":"K3723"},{"day":0,"utc":"02:45:00","flight":"K3694"},{"day":0,"utc":"03:00:00","flight":"K3197"},{"day":0,"utc":"16:15:00","flight":"K3439"},{"day":1,"utc":"07:17:00","flight":"K3929"},{"day":1,"utc":"10:10:00","flight":"K3336"},{"day":1,"utc":"06:08:00","flight":"K3770"},{"day":1,"utc":"21:15:00","flight":"K3834"},{"day":1,"utc":"04:55:00","flight":"K3540"},{"day":2,"utc":"13:48:00","flight":"K3999"},{"day":2,"utc":"07:37:00","flight":"K3863"},{"day":2,"utc":"03:23:00","flight":"K3495"},{"day":3,"utc":"18:54:00","flight":"K3092"},{"day":3,"utc":"19:30:00","flight":"K3997"},{"day":3,"utc":"04:08:00","flight":"K3667"},{"day":3,"utc":"19:25:00","flight":"K3673"},{"day":3,"utc":"08:06:00","flight":"K3009"},{"day":4,"utc":"06:45:00","flight":"K3625"},{"day":4,"utc":"11:51:00","flight":"K3966"},{"day":4,"utc":"07:03:00","flight":"K3827"},{"day":4,"utc":"20:01:00","flight":"K3984"},{"day":4,"utc":"12:43:00","flight":"K3748"},{"day":5,"utc":"21:34:00","flight":"K3579"},{"day":5,"utc":"02:04:00","flight":"K3036"},{"day":6,"utc":"05:56:00","flight":"K3296"},{"day":6,"utc":"17:11:00","flight":"K3913"},{"day":6,"utc":"06:42:00","flight":"K3739"},{"day":6,"utc":"14:17:00","flight":"K3280"}],"distance":63.640308584677314}