{"id":53132,"type":"route","airline":"TO","airlineid":"airline_8745","sourceairport":"FUE","destinationairport":"EMA","stops":0,"equipment":"73H","schedule":[{"day":0,"utc":"04:53:00","flight":"TO253"},{"day":0,"utc":"22:40:00","flight":"TO571"},{"day":1,"utc":"19:27:00","flight":"TO753"},{"day":1,"utc":"17:06:00","flight":"TO523"},{"day":1,"utc":"11:12:00","flight":"TO540"},{"day":2,"utc":"00:13:00","flight":"TO145"},{"day":2,"utc":"05:53:00","flight":"TO347"},{"day":2,"utc":"13:41:00","flight":"TO166"},{"day":3,"utc":"05:58:00","flight":"TO009"},{"day":3,"utc":"15:28:00","flight":"TO433"},{"day":3,"utc":"08:17:00","flight":"TO898"},{"day":3,"utc":"03:49:00","flight":"TO075"},{"day":4,"utc":"02:25:00","flight":"TO488"},{"day":4,"utc":"08:59:00","flight":"TO633"},{"day":4,"utc":"00:38:00","flight":"TO897"},{"day":4,"utc":"14:18:00","flight":"TO615"},{"day":5,"utc":"11:52:00","flight":"TO794"},{"day":5,"utc":"20:04:00","flight":"TO212"},{"day":5,"utc":"10:17:00","flight":"TO079"},{"day":5,"utc":"10:55:00","flight":"TO284"},{"day":6,"utc":"18:49:00","flight":"TO210"},{"day":6,"utc":"20:47:00","flight":"TO870"}],"distance":2900.032871136219}