{"id":10943,"type":"route","airline":"AM","airlineid":"airline_321","sourceairport":"CUN","destinationairport":"SLC","stops":0,"equipment":"320","schedule":[{"day":0,"utc":"03:55:00","flight":"AM022"},{"day":0,"utc":"03:33:00","flight":"AM102"},{"day":0,"utc":"13:22:00","flight":"AM341"},{"day":1,"utc":"22:21:00","flight":"AM467"},{"day":1,"utc":"11:56:00","flight":"AM040"},{"day":1,"utc":"02:19:00","flight":"AM227"},{"day":2,"utc":"17:51:00","flight":"AM521"},{"day":2,"utc":"06:54:00","flight":"AM623"},{"day":3,"utc":"04:46:00","flight":"AM268"},{"day":3,"utc":"01:50:00","flight":"AM387"},{"day":3,"utc":"03:48:00","flight":"AM307"},{"day":4,"utc":"17:25:00","flight":"AM352"},{"day":4,"utc":"20:10:00","flight":"AM772"},{"day":4,"utc":"11:29:00","flight":"AM633"},{"day":5,"utc":"03:26:00","flight":"AM880"},{"day":5,"utc":"22:22:00","flight":"AM526"},{"day":6,"utc":"09:30:00","flight":"AM554"},{"day":6,"utc":"23:38:00","flight":"AM976"},{"day":6,"utc":"15:33:00","flight":"AM717"},{"day":6,"utc":"15:18:00","flight":"AM239"},{"day":6,"utc":"08:40:00","flight":"AM938"}],"distance":3227.1437758242896}