{"id":20827,"type":"route","airline":"DL","airlineid":"airline_2009","sourceairport":"HMO","destinationairport":"LAX","stops":0,"equipment":"ER4","schedule":[{"day":0,"utc":"13:52:00","flight":"DL686"},{"day":0,"utc":"23:07:00","flight":"DL105"},{"day":0,"utc":"04:17:00","flight":"DL969"},{"day":1,"utc":"00:39:00","flight":"DL234"},{"day":1,"utc":"17:43:00","flight":"DL374"},{"day":1,"utc":"05:25:00","flight":"DL170"},{"day":2,"utc":"12:58:00","flight":"DL811"},{"day":2,"utc":"03:29:00","flight":"DL568"},{"day":2,"utc":"12:57:00","flight":"DL784"},{"day":2,"utc":"20:37:00","flight":"DL987"},{"day":2,"utc":"01:27:00","flight":"DL791"},{"day":3,"utc":"22:37:00","flight":"DL751"},{"day":4,"utc":"20:01:00","flight":"DL662"},{"day":4,"utc":"17:00:00","flight":"DL280"},{"day":4,"utc":"16:47:00","flight":"DL808"},{"day":4,"utc":"19:57:00","flight":"DL415"},{"day":5,"utc":"04:25:00","flight":"DL613"},{"day":6,"utc":"21:11:00","flight":"DL464"},{"day":6,"utc":"10:59:00","flight":"DL867"},{"day":6,"utc":"00:30:00","flight":"DL930"},{"day":6,"utc":"07:21:00","flight":"DL794"},{"day":6,"utc":"20:33:00","flight":"DL568"}],"distance":881.1289350326044}