{"id":55120,"type":"route","airline":"U2","airlineid":"airline_2297","sourceairport":"LYS","destinationairport":"VCE","stops":0,"equipment":"319","schedule":[{"day":0,"utc":"04:45:00","flight":"U2211"},{"day":0,"utc":"04:28:00","flight":"U2880"},{"day":0,"utc":"09:18:00","flight":"U2985"},{"day":0,"utc":"02:55:00","flight":"U2860"},{"day":1,"utc":"13:17:00","flight":"U2300"},{"day":1,"utc":"20:22:00","flight":"U2465"},{"day":1,"utc":"09:37:00","flight":"U2960"},{"day":1,"utc":"10:56:00","flight":"U2342"},{"day":1,"utc":"21:40:00","flight":"U2606"},{"day":2,"utc":"13:08:00","flight":"U2416"},{"day":3,"utc":"03:19:00","flight":"U2117"},{"day":3,"utc":"10:37:00","flight":"U2236"},{"day":4,"utc":"04:58:00","flight":"U2060"},{"day":5,"utc":"21:43:00","flight":"U2255"},{"day":5,"utc":"03:13:00","flight":"U2243"},{"day":6,"utc":"01:41:00","flight":"U2367"},{"day":6,"utc":"02:52:00","flight":"U2763"},{"day":6,"utc":"20:04:00","flight":"U2998"},{"day":6,"utc":"13:40:00","flight":"U2707"},{"day":6,"utc":"09:57:00","flight":"U2843"}]}