{"id":9712,"type":"route","airline":"AF","airlineid":"airline_137","sourceairport":"MDW","destinationairport":"ATL","stops":0,"equipment":"320 319 717","schedule":[{"day":0,"utc":"11:12:00","flight":"AF154"},{"day":0,"utc":"06:44:00","flight":"AF649"},{"day":0,"utc":"03:20:00","flight":"AF405"},{"day":1,"utc":"09:56:00","flight":"AF993"},{"day":2,"utc":"07:25:00","flight":"AF138"},{"day":2,"utc":"03:45:00","flight":"AF388"},{"day":3,"utc":"09:10:00","flight":"AF237"},{"day":3,"utc":"02:16:00","flight":"AF884"},{"day":3,"utc":"13:04:00","flight":"AF861"},{"day":4,"utc":"09:14:00","flight":"AF003"},{"day":4,"utc":"22:31:00","flight":"AF284"},{"day":4,"utc":"11:07:00","flight":"AF139"},{"day":5,"utc":"03:18:00","flight":"AF685"},{"day":5,"utc":"01:46:00","flight":"AF970"},{"day":6,"utc":"22:57:00","flight":"AF524"},{"day":6,"utc":"06:21:00","flight":"AF994"},{"day":6,"utc":"13:06:00","flight":"AF362"},{"day":6,"utc":"02:15:00","flight":"AF394"},{"day":6,"utc":"11:57:00","flight":"AF632"}]}