{"id":6056,"type":"route","airline":"AA","airlineid":"airline_24","sourceairport":"MIA","destinationairport":"LAS","stops":0,"equipment":"738 757","schedule":[{"day":0,"utc":"02:04:00","flight":"AA545"},{"day":0,"utc":"10:01:00","flight":"AA065"},{"day":0,"utc":"00:56:00","flight":"AA444"},{"day":0,"utc":"01:17:00","flight":"AA120"},{"day":0,"utc":"14:32:00","flight":"AA007"},{"day":1,"utc":"20:26:00","flight":"AA050"},{"day":1,"utc":"10:56:00","flight":"AA732"},{"day":1,"utc":"16:02:00","flight":"AA009"},{"day":1,"utc":"10:28:00","flight":"AA759"},{"day":2,"utc":"12:06:00","flight":"AA004"},{"day":2,"utc":"15:36:00","flight":"AA149"},{"day":3,"utc":"04:53:00","flight":"AA472"},{"day":3,"utc":"13:05:00","flight":"AA740"},{"day":3,"utc":"16:29:00","flight":"AA091"},{"day":3,"utc":"07:18:00","flight":"AA289"},{"day":3,"utc":"09:48:00","flight":"AA310"},{"day":4,"utc":"03:32:00","flight":"AA855"},{"day":4,"utc":"07:34:00","flight":"AA903"},{"day":4,"utc":"20:48:00","flight":"AA204"},{"day":5,"utc":"23:14:00","flight":"AA430"},{"day":5,"utc":"18:13:00","flight":"AA121"},{"day":5,"utc":"12:36:00","flight":"AA325"},{"day":5,"utc":"19:37:00","flight":"AA364"},{"day":5,"utc":"13:58:00","flight":"AA746"},{"day":6,"utc":"00:31:00","flight":"AA329"}]}