{"id":25146,"type":"route","airline":"FL","airlineid":"airline_1316","sourceairport":"LAS","destinationairport":"BUR","stops":0,"equipment":"73W","schedule":[{"day":0,"utc":"16:10:00","flight":"FL170"},{"day":0,"utc":"20:13:00","flight":"FL574"},{"day":0,"utc":"15:51:00","flight":"FL125"},{"day":1,"utc":"10:35:00","flight":"FL410"},{"day":2,"utc":"08:40:00","flight":"FL170"},{"day":3,"utc":"01:38:00","flight":"FL641"},{"day":3,"utc":"00:23:00","flight":"FL994"},{"day":3,"utc":"23:33:00","flight":"FL532"},{"day":3,"utc":"21:34:00","flight":"FL231"},{"day":3,"utc":"01:39:00","flight":"FL147"},{"day":4,"utc":"02:41:00","flight":"FL008"},{"day":4,"utc":"16:41:00","flight":"FL626"},{"day":4,"utc":"01:25:00","flight":"FL677"},{"day":4,"utc":"23:40:00","flight":"FL519"},{"day":4,"utc":"13:49:00","flight":"FL423"},{"day":5,"utc":"23:17:00","flight":"FL096"},{"day":5,"utc":"02:12:00","flight":"FL151"},{"day":5,"utc":"15:54:00","flight":"FL935"},{"day":5,"utc":"18:22:00","flight":"FL902"},{"day":5,"utc":"02:11:00","flight":"FL794"},{"day":6,"utc":"11:39:00","flight":"FL705"}],"distance":358.6793227379803}