{"id":51854,"type":"route","airline":"TCX","airlineid":"airline_4897","sourceairport":"BFS","destinationairport":"PMI","stops":0,"equipment":"321","schedule":[{"day":0,"utc":"18:36:00","flight":"TCX746"},{"day":0,"utc":"23:20:00","flight":"TCX618"},{"day":0,"utc":"11:42:00","flight":"TCX848"},{"day":1,"utc":"19:05:00","flight":"TCX602"},{"day":1,"utc":"10:03:00","flight":"TCX622"},{"day":1,"utc":"09:43:00","flight":"TCX930"},{"day":1,"utc":"17:04:00","flight":"TCX586"},{"day":1,"utc":"01:31:00","flight":"TCX849"},{"day":2,"utc":"16:26:00","flight":"TCX829"},{"day":3,"utc":"02:50:00","flight":"TCX112"},{"day":4,"utc":"20:42:00","flight":"TCX583"},{"day":4,"utc":"14:28:00","flight":"TCX962"},{"day":5,"utc":"04:25:00","flight":"TCX415"},{"day":5,"utc":"06:19:00","flight":"TCX770"},{"day":5,"utc":"06:43:00","flight":"TCX177"},{"day":6,"utc":"17:55:00","flight":"TCX011"},{"day":6,"utc":"13:00:00","flight":"TCX347"},{"day":6,"utc":"06:11:00","flight":"TCX558"}],"distance":1807.3182707297683}