{"id":55497,"type":"route","airline":"U2","airlineid":"airline_2297","sourceairport":"VCE","destinationairport":"MAN","stops":0,"equipment":"319","schedule":[{"day":0,"utc":"11:04:00","flight":"U2673"},{"day":0,"utc":"20:12:00","flight":"U2093"},{"day":0,"utc":"00:59:00","flight":"U2401"},{"day":0,"utc":"21:47:00","flight":"U2298"},{"day":1,"utc":"00:10:00","flight":"U2367"},{"day":1,"utc":"17:55:00","flight":"U2111"},{"day":1,"utc":"22:16:00","flight":"U2719"},{"day":1,"utc":"20:08:00","flight":"U2406"},{"day":1,"utc":"09:14:00","flight":"U2191"},{"day":2,"utc":"17:24:00","flight":"U2628"},{"day":2,"utc":"17:07:00","flight":"U2716"},{"day":2,"utc":"11:38:00","flight":"U2728"},{"day":3,"utc":"16:20:00","flight":"U2166"},{"day":3,"utc":"08:15:00","flight":"U2009"},{"day":3,"utc":"13:18:00","flight":"U2154"},{"day":3,"utc":"22:06:00","flight":"U2389"},{"day":3,"utc":"03:51:00","flight":"U2482"},{"day":4,"utc":"19:30:00","flight":"U2517"},{"day":5,"utc":"18:28:00","flight":"U2907"},{"day":5,"utc":"10:36:00","flight":"U2245"},{"day":5,"utc":"01:42:00","flight":"U2858"},{"day":5,"utc":"19:06:00","flight":"U2390"},{"day":5,"utc":"05:25:00","flight":"U2962"},{"day":6,"utc":"20:18:00","flight":"U2500"},{"day":6,"utc":"20:49:00","flight":"U2734"},{"day":6,"utc":"22:42:00","flight":"U2319"},{"day":6,"utc":"08:23:00","flight":"U2320"}],"distance":1366.804571603969}