{"id":20356,"type":"route","airline":"DL","airlineid":"airline_2009","sourceairport":"BOS","destinationairport":"RDU","stops":0,"equipment":"CR7","schedule":[{"day":0,"utc":"10:16:00","flight":"DL427"},{"day":0,"utc":"21:17:00","flight":"DL047"},{"day":1,"utc":"02:28:00","flight":"DL012"},{"day":1,"utc":"12:53:00","flight":"DL255"},{"day":1,"utc":"05:51:00","flight":"DL359"},{"day":1,"utc":"23:48:00","flight":"DL466"},{"day":2,"utc":"22:36:00","flight":"DL753"},{"day":2,"utc":"04:42:00","flight":"DL398"},{"day":2,"utc":"02:37:00","flight":"DL627"},{"day":3,"utc":"08:48:00","flight":"DL531"},{"day":3,"utc":"20:06:00","flight":"DL118"},{"day":3,"utc":"19:50:00","flight":"DL417"},{"day":3,"utc":"03:08:00","flight":"DL445"},{"day":4,"utc":"13:38:00","flight":"DL268"},{"day":4,"utc":"15:19:00","flight":"DL628"},{"day":4,"utc":"22:08:00","flight":"DL155"},{"day":5,"utc":"23:33:00","flight":"DL342"},{"day":5,"utc":"18:46:00","flight":"DL199"},{"day":5,"utc":"11:50:00","flight":"DL908"},{"day":5,"utc":"09:15:00","flight":"DL541"},{"day":5,"utc":"07:21:00","flight":"DL441"},{"day":6,"utc":"16:40:00","flight":"DL700"}],"distance":984.5091839261842}