{"id":21659,"type":"route","airline":"DL","airlineid":"airline_2009","sourceairport":"RIC","destinationairport":"BOS","stops":0,"equipment":"CR9 CR7","schedule":[{"day":0,"utc":"05:54:00","flight":"DL892"},{"day":0,"utc":"12:33:00","flight":"DL974"},{"day":1,"utc":"19:50:00","flight":"DL162"},{"day":1,"utc":"19:54:00","flight":"DL512"},{"day":1,"utc":"10:20:00","flight":"DL747"},{"day":1,"utc":"17:37:00","flight":"DL916"},{"day":2,"utc":"06:35:00","flight":"DL749"},{"day":2,"utc":"22:01:00","flight":"DL034"},{"day":2,"utc":"20:53:00","flight":"DL742"},{"day":2,"utc":"17:31:00","flight":"DL594"},{"day":3,"utc":"13:11:00","flight":"DL955"},{"day":3,"utc":"18:34:00","flight":"DL074"},{"day":4,"utc":"13:10:00","flight":"DL071"},{"day":4,"utc":"01:19:00","flight":"DL173"},{"day":4,"utc":"12:13:00","flight":"DL430"},{"day":5,"utc":"20:34:00","flight":"DL212"},{"day":5,"utc":"16:20:00","flight":"DL788"},{"day":5,"utc":"17:25:00","flight":"DL292"},{"day":6,"utc":"05:54:00","flight":"DL436"},{"day":6,"utc":"01:37:00","flight":"DL997"},{"day":6,"utc":"12:33:00","flight":"DL476"}],"distance":762.3238897481024}