{"id":17393,"type":"route","airline":"CI","airlineid":"airline_1756","sourceairport":"AMS","destinationairport":"LHR","stops":0,"equipment":"F70","schedule":[{"day":0,"utc":"11:49:00","flight":"CI062"},{"day":0,"utc":"20:22:00","flight":"CI691"},{"day":0,"utc":"22:59:00","flight":"CI243"},{"day":1,"utc":"10:59:00","flight":"CI781"},{"day":1,"utc":"02:48:00","flight":"CI099"},{"day":1,"utc":"14:38:00","flight":"CI186"},{"day":1,"utc":"07:22:00","flight":"CI477"},{"day":1,"utc":"05:18:00","flight":"CI790"},{"day":2,"utc":"08:40:00","flight":"CI596"},{"day":2,"utc":"03:15:00","flight":"CI736"},{"day":3,"utc":"02:32:00","flight":"CI396"},{"day":4,"utc":"16:08:00","flight":"CI209"},{"day":4,"utc":"19:06:00","flight":"CI741"},{"day":5,"utc":"08:57:00","flight":"CI260"},{"day":5,"utc":"20:53:00","flight":"CI098"},{"day":5,"utc":"03:16:00","flight":"CI075"},{"day":5,"utc":"19:32:00","flight":"CI066"},{"day":5,"utc":"06:33:00","flight":"CI358"},{"day":6,"utc":"23:30:00","flight":"CI755"},{"day":6,"utc":"01:08:00","flight":"CI664"},{"day":6,"utc":"14:56:00","flight":"CI227"},{"day":6,"utc":"19:19:00","flight":"CI056"},{"day":6,"utc":"03:59:00","flight":"CI619"}]}