{"id":40687,"type":"route","airline":"MH","airlineid":"airline_3378","sourceairport":"LAX","destinationairport":"NRT","stops":0,"equipment":"773","schedule":[{"day":0,"utc":"14:22:00","flight":"MH653"},{"day":0,"utc":"08:05:00","flight":"MH031"},{"day":1,"utc":"09:52:00","flight":"MH160"},{"day":1,"utc":"09:55:00","flight":"MH685"},{"day":1,"utc":"15:46:00","flight":"MH134"},{"day":1,"utc":"22:39:00","flight":"MH282"},{"day":1,"utc":"02:08:00","flight":"MH145"},{"day":2,"utc":"00:55:00","flight":"MH574"},{"day":2,"utc":"06:18:00","flight":"MH839"},{"day":3,"utc":"09:35:00","flight":"MH310"},{"day":4,"utc":"22:24:00","flight":"MH322"},{"day":5,"utc":"05:54:00","flight":"MH891"},{"day":5,"utc":"14:22:00","flight":"MH071"},{"day":5,"utc":"22:49:00","flight":"MH047"},{"day":5,"utc":"20:56:00","flight":"MH534"},{"day":6,"utc":"16:23:00","flight":"MH140"},{"day":6,"utc":"22:44:00","flight":"MH484"}],"distance":8753.776752422511}