{"id":57597,"type":"route","airline":"UA","airlineid":"airline_5209","sourceairport":"SBA","destinationairport":"DEN","stops":0,"equipment":"CRJ","schedule":[{"day":0,"utc":"11:08:00","flight":"UA345"},{"day":0,"utc":"17:34:00","flight":"UA106"},{"day":0,"utc":"05:46:00","flight":"UA222"},{"day":0,"utc":"20:55:00","flight":"UA687"},{"day":1,"utc":"01:32:00","flight":"UA237"},{"day":2,"utc":"07:29:00","flight":"UA201"},{"day":3,"utc":"22:53:00","flight":"UA780"},{"day":3,"utc":"06:21:00","flight":"UA438"},{"day":4,"utc":"12:02:00","flight":"UA801"},{"day":5,"utc":"23:45:00","flight":"UA388"},{"day":6,"utc":"21:47:00","flight":"UA466"},{"day":6,"utc":"03:56:00","flight":"UA604"},{"day":6,"utc":"06:37:00","flight":"UA419"}]}