{"id":47489,"type":"route","airline":"QR","airlineid":"airline_4091","sourceairport":"JFK","destinationairport":"LAS","stops":0,"equipment":"738","schedule":[{"day":0,"utc":"17:41:00","flight":"QR164"},{"day":0,"utc":"18:21:00","flight":"QR214"},{"day":0,"utc":"10:41:00","flight":"QR546"},{"day":1,"utc":"18:22:00","flight":"QR508"},{"day":1,"utc":"04:53:00","flight":"QR211"},{"day":1,"utc":"08:11:00","flight":"QR329"},{"day":2,"utc":"23:24:00","flight":"QR767"},{"day":2,"utc":"01:30:00","flight":"QR573"},{"day":3,"utc":"16:08:00","flight":"QR266"},{"day":3,"utc":"23:35:00","flight":"QR003"},{"day":4,"utc":"00:23:00","flight":"QR398"},{"day":5,"utc":"17:00:00","flight":"QR769"},{"day":5,"utc":"01:12:00","flight":"QR590"},{"day":5,"utc":"10:28:00","flight":"QR383"},{"day":6,"utc":"00:21:00","flight":"QR663"},{"day":6,"utc":"22:06:00","flight":"QR738"},{"day":6,"utc":"10:34:00","flight":"QR453"},{"day":6,"utc":"14:00:00","flight":"QR796"}],"distance":3609.3037174564793}