{"id":6504,"type":"route","airline":"AA","airlineid":"airline_24","sourceairport":"PHL","destinationairport":"SWF","stops":0,"equipment":"DH3","schedule":[{"day":0,"utc":"10:03:00","flight":"AA612"},{"day":0,"utc":"01:39:00","flight":"AA846"},{"day":0,"utc":"20:52:00","flight":"AA821"},{"day":0,"utc":"04:05:00","flight":"AA433"},{"day":0,"utc":"11:01:00","flight":"AA620"},{"day":1,"utc":"02:49:00","flight":"AA879"},{"day":1,"utc":"07:20:00","flight":"AA604"},{"day":1,"utc":"06:15:00","flight":"AA122"},{"day":1,"utc":"08:43:00","flight":"AA964"},{"day":1,"utc":"02:20:00","flight":"AA564"},{"day":2,"utc":"10:16:00","flight":"AA105"},{"day":2,"utc":"13:15:00","flight":"AA170"},{"day":3,"utc":"05:07:00","flight":"AA568"},{"day":3,"utc":"06:22:00","flight":"AA502"},{"day":3,"utc":"14:25:00","flight":"AA100"},{"day":3,"utc":"01:50:00","flight":"AA420"},{"day":3,"utc":"23:02:00","flight":"AA227"},{"day":4,"utc":"00:05:00","flight":"AA813"},{"day":4,"utc":"00:56:00","flight":"AA581"},{"day":4,"utc":"10:19:00","flight":"AA616"},{"day":4,"utc":"07:11:00","flight":"AA150"},{"day":5,"utc":"13:05:00","flight":"AA193"},{"day":6,"utc":"23:23:00","flight":"AA545"}]}