{"id":59416,"type":"route","airline":"US","airlineid":"airline_5265","sourceairport":"JFK","destinationairport":"BCN","stops":0,"equipment":"763","schedule":[{"day":0,"utc":"11:26:00","flight":"US222"},{"day":0,"utc":"22:32:00","flight":"US310"},{"day":1,"utc":"11:42:00","flight":"US214"},{"day":1,"utc":"15:25:00","flight":"US009"},{"day":1,"utc":"17:52:00","flight":"US714"},{"day":1,"utc":"20:17:00","flight":"US663"},{"day":2,"utc":"01:21:00","flight":"US449"},{"day":3,"utc":"14:57:00","flight":"US117"},{"day":3,"utc":"21:17:00","flight":"US305"},{"day":4,"utc":"16:19:00","flight":"US599"},{"day":4,"utc":"00:30:00","flight":"US641"},{"day":4,"utc":"12:37:00","flight":"US815"},{"day":5,"utc":"09:14:00","flight":"US373"},{"day":5,"utc":"13:03:00","flight":"US866"},{"day":5,"utc":"07:10:00","flight":"US359"},{"day":5,"utc":"18:21:00","flight":"US795"},{"day":6,"utc":"18:46:00","flight":"US010"},{"day":6,"utc":"20:58:00","flight":"US174"}]}