{"id":55120,"type":"route","airline":"U2","airlineid":"airline_2297","sourceairport":"LYS","destinationairport":"VCE","stops":0,"equipment":"319","schedule":[{"day":0,"utc":"02:30:00","flight":"U2521"},{"day":0,"utc":"08:11:00","flight":"U2735"},{"day":1,"utc":"17:18:00","flight":"U2172"},{"day":1,"utc":"14:42:00","flight":"U2965"},{"day":1,"utc":"17:37:00","flight":"U2290"},{"day":2,"utc":"08:28:00","flight":"U2414"},{"day":3,"utc":"23:12:00","flight":"U2850"},{"day":4,"utc":"02:50:00","flight":"U2566"},{"day":4,"utc":"10:57:00","flight":"U2442"},{"day":4,"utc":"01:28:00","flight":"U2053"},{"day":4,"utc":"21:23:00","flight":"U2515"},{"day":4,"utc":"17:58:00","flight":"U2578"},{"day":5,"utc":"20:40:00","flight":"U2069"},{"day":5,"utc":"03:24:00","flight":"U2631"},{"day":5,"utc":"14:10:00","flight":"U2813"},{"day":5,"utc":"17:34:00","flight":"U2731"},{"day":6,"utc":"13:56:00","flight":"U2269"},{"day":6,"utc":"15:21:00","flight":"U2771"},{"day":6,"utc":"17:14:00","flight":"U2108"},{"day":6,"utc":"18:17:00","flight":"U2280"}],"distance":565.0883540827808}