{"id":36570,"type":"route","airline":"KL","airlineid":"airline_3090","sourceairport":"CVG","destinationairport":"ATL","stops":0,"equipment":"M88 738 319","schedule":[{"day":0,"utc":"06:23:00","flight":"KL404"},{"day":0,"utc":"21:21:00","flight":"KL133"},{"day":0,"utc":"15:57:00","flight":"KL222"},{"day":0,"utc":"22:33:00","flight":"KL349"},{"day":0,"utc":"18:58:00","flight":"KL046"},{"day":1,"utc":"18:13:00","flight":"KL117"},{"day":1,"utc":"11:33:00","flight":"KL086"},{"day":1,"utc":"16:43:00","flight":"KL424"},{"day":1,"utc":"14:15:00","flight":"KL147"},{"day":1,"utc":"23:13:00","flight":"KL941"},{"day":2,"utc":"08:52:00","flight":"KL549"},{"day":2,"utc":"10:51:00","flight":"KL195"},{"day":2,"utc":"14:07:00","flight":"KL358"},{"day":2,"utc":"04:04:00","flight":"KL323"},{"day":2,"utc":"12:45:00","flight":"KL721"},{"day":3,"utc":"10:14:00","flight":"KL559"},{"day":4,"utc":"06:19:00","flight":"KL662"},{"day":5,"utc":"12:41:00","flight":"KL301"},{"day":5,"utc":"07:46:00","flight":"KL431"},{"day":6,"utc":"19:40:00","flight":"KL190"},{"day":6,"utc":"01:56:00","flight":"KL596"},{"day":6,"utc":"18:33:00","flight":"KL135"},{"day":6,"utc":"08:27:00","flight":"KL407"}]}