{"id":55902,"type":"route","airline":"UA","airlineid":"airline_5209","sourceairport":"BRU","destinationairport":"DLA","stops":0,"equipment":"332 333","schedule":[{"day":0,"utc":"00:53:00","flight":"UA961"},{"day":0,"utc":"06:26:00","flight":"UA564"},{"day":1,"utc":"18:01:00","flight":"UA098"},{"day":2,"utc":"03:34:00","flight":"UA290"},{"day":3,"utc":"15:13:00","flight":"UA359"},{"day":3,"utc":"16:22:00","flight":"UA976"},{"day":3,"utc":"20:35:00","flight":"UA381"},{"day":3,"utc":"01:51:00","flight":"UA255"},{"day":3,"utc":"22:56:00","flight":"UA006"},{"day":4,"utc":"14:40:00","flight":"UA031"},{"day":4,"utc":"10:53:00","flight":"UA365"},{"day":4,"utc":"15:17:00","flight":"UA142"},{"day":5,"utc":"16:43:00","flight":"UA602"},{"day":5,"utc":"00:21:00","flight":"UA975"},{"day":6,"utc":"17:57:00","flight":"UA139"},{"day":6,"utc":"03:14:00","flight":"UA464"}],"distance":5237.380882332266}