{"id":63687,"type":"route","airline":"WN","airlineid":"airline_4547","sourceairport":"DAL","destinationairport":"TUL","stops":0,"equipment":"73W 735","schedule":[{"day":0,"utc":"10:55:00","flight":"WN807"},{"day":0,"utc":"04:37:00","flight":"WN504"},{"day":0,"utc":"07:39:00","flight":"WN457"},{"day":0,"utc":"19:11:00","flight":"WN709"},{"day":1,"utc":"16:14:00","flight":"WN592"},{"day":1,"utc":"14:37:00","flight":"WN380"},{"day":1,"utc":"22:41:00","flight":"WN394"},{"day":1,"utc":"21:57:00","flight":"WN638"},{"day":2,"utc":"01:10:00","flight":"WN174"},{"day":2,"utc":"10:22:00","flight":"WN050"},{"day":2,"utc":"04:46:00","flight":"WN822"},{"day":3,"utc":"21:04:00","flight":"WN850"},{"day":3,"utc":"02:36:00","flight":"WN722"},{"day":3,"utc":"21:03:00","flight":"WN674"},{"day":3,"utc":"06:52:00","flight":"WN382"},{"day":3,"utc":"12:45:00","flight":"WN395"},{"day":4,"utc":"04:28:00","flight":"WN582"},{"day":4,"utc":"19:59:00","flight":"WN813"},{"day":5,"utc":"22:22:00","flight":"WN790"},{"day":5,"utc":"21:44:00","flight":"WN809"},{"day":5,"utc":"13:14:00","flight":"WN098"},{"day":6,"utc":"17:23:00","flight":"WN675"},{"day":6,"utc":"00:18:00","flight":"WN665"},{"day":6,"utc":"05:09:00","flight":"WN383"},{"day":6,"utc":"08:02:00","flight":"WN587"}]}