{"id":5202,"type":"route","airline":"AA","airlineid":"airline_24","sourceairport":"DFW","destinationairport":"DCA","stops":0,"equipment":"738 M80","schedule":[{"day":0,"utc":"19:16:00","flight":"AA091"},{"day":0,"utc":"03:00:00","flight":"AA324"},{"day":0,"utc":"13:27:00","flight":"AA303"},{"day":1,"utc":"14:12:00","flight":"AA065"},{"day":1,"utc":"01:07:00","flight":"AA269"},{"day":1,"utc":"16:27:00","flight":"AA239"},{"day":1,"utc":"10:39:00","flight":"AA076"},{"day":2,"utc":"06:41:00","flight":"AA919"},{"day":2,"utc":"23:19:00","flight":"AA696"},{"day":2,"utc":"21:44:00","flight":"AA274"},{"day":2,"utc":"11:26:00","flight":"AA652"},{"day":3,"utc":"20:03:00","flight":"AA315"},{"day":3,"utc":"06:19:00","flight":"AA069"},{"day":3,"utc":"01:38:00","flight":"AA746"},{"day":4,"utc":"08:35:00","flight":"AA662"},{"day":4,"utc":"01:55:00","flight":"AA228"},{"day":4,"utc":"06:33:00","flight":"AA526"},{"day":5,"utc":"14:56:00","flight":"AA254"},{"day":5,"utc":"23:35:00","flight":"AA457"},{"day":5,"utc":"15:06:00","flight":"AA808"},{"day":5,"utc":"12:58:00","flight":"AA888"},{"day":6,"utc":"03:16:00","flight":"AA754"},{"day":6,"utc":"18:57:00","flight":"AA294"},{"day":6,"utc":"09:24:00","flight":"AA239"},{"day":6,"utc":"10:11:00","flight":"AA056"},{"day":6,"utc":"13:50:00","flight":"AA122"}],"distance":1914.9375575009458}