{"id":35565,"type":"route","airline":"K5","airlineid":"airline_10765","sourceairport":"SAN","destinationairport":"IPL","stops":0,"equipment":"CNC","schedule":[{"day":0,"utc":"03:48:00","flight":"K5404"},{"day":0,"utc":"19:39:00","flight":"K5822"},{"day":0,"utc":"03:01:00","flight":"K5886"},{"day":0,"utc":"16:39:00","flight":"K5025"},{"day":1,"utc":"02:51:00","flight":"K5427"},{"day":1,"utc":"20:03:00","flight":"K5180"},{"day":1,"utc":"21:39:00","flight":"K5982"},{"day":1,"utc":"15:27:00","flight":"K5687"},{"day":2,"utc":"01:18:00","flight":"K5827"},{"day":2,"utc":"17:00:00","flight":"K5373"},{"day":3,"utc":"10:37:00","flight":"K5173"},{"day":4,"utc":"01:31:00","flight":"K5600"},{"day":4,"utc":"20:52:00","flight":"K5544"},{"day":4,"utc":"05:31:00","flight":"K5270"},{"day":4,"utc":"05:03:00","flight":"K5877"},{"day":4,"utc":"15:11:00","flight":"K5197"},{"day":5,"utc":"04:20:00","flight":"K5983"},{"day":6,"utc":"06:59:00","flight":"K5624"}]}