{"id":24914,"type":"route","airline":"FL","airlineid":"airline_1316","sourceairport":"AUS","destinationairport":"SMF","stops":0,"equipment":"73W","schedule":[{"day":0,"utc":"02:56:00","flight":"FL779"},{"day":0,"utc":"19:53:00","flight":"FL511"},{"day":0,"utc":"17:15:00","flight":"FL954"},{"day":0,"utc":"23:13:00","flight":"FL475"},{"day":0,"utc":"21:51:00","flight":"FL928"},{"day":1,"utc":"07:12:00","flight":"FL387"},{"day":1,"utc":"18:44:00","flight":"FL464"},{"day":1,"utc":"23:38:00","flight":"FL605"},{"day":1,"utc":"04:50:00","flight":"FL953"},{"day":1,"utc":"15:42:00","flight":"FL713"},{"day":2,"utc":"21:50:00","flight":"FL106"},{"day":2,"utc":"19:55:00","flight":"FL997"},{"day":2,"utc":"10:18:00","flight":"FL603"},{"day":2,"utc":"10:53:00","flight":"FL910"},{"day":2,"utc":"16:09:00","flight":"FL030"},{"day":3,"utc":"18:47:00","flight":"FL765"},{"day":3,"utc":"09:10:00","flight":"FL156"},{"day":4,"utc":"12:35:00","flight":"FL988"},{"day":4,"utc":"22:52:00","flight":"FL794"},{"day":4,"utc":"02:47:00","flight":"FL773"},{"day":5,"utc":"11:42:00","flight":"FL650"},{"day":5,"utc":"05:08:00","flight":"FL183"},{"day":5,"utc":"17:07:00","flight":"FL984"},{"day":5,"utc":"19:50:00","flight":"FL009"},{"day":5,"utc":"23:35:00","flight":"FL769"},{"day":6,"utc":"23:25:00","flight":"FL626"},{"day":6,"utc":"08:30:00","flight":"FL371"},{"day":6,"utc":"00:02:00","flight":"FL568"},{"day":6,"utc":"00:39:00","flight":"FL590"}],"distance":2379.311248307905}