{"id":59416,"type":"route","airline":"US","airlineid":"airline_5265","sourceairport":"JFK","destinationairport":"BCN","stops":0,"equipment":"763","schedule":[{"day":0,"utc":"07:22:00","flight":"US650"},{"day":0,"utc":"04:34:00","flight":"US675"},{"day":0,"utc":"19:30:00","flight":"US413"},{"day":1,"utc":"05:45:00","flight":"US296"},{"day":2,"utc":"10:50:00","flight":"US030"},{"day":2,"utc":"12:48:00","flight":"US026"},{"day":2,"utc":"07:54:00","flight":"US008"},{"day":3,"utc":"20:40:00","flight":"US274"},{"day":4,"utc":"07:48:00","flight":"US038"},{"day":4,"utc":"15:59:00","flight":"US639"},{"day":4,"utc":"05:33:00","flight":"US991"},{"day":4,"utc":"13:17:00","flight":"US056"},{"day":5,"utc":"15:27:00","flight":"US116"},{"day":5,"utc":"19:28:00","flight":"US941"},{"day":5,"utc":"10:48:00","flight":"US880"},{"day":6,"utc":"21:28:00","flight":"US439"},{"day":6,"utc":"06:58:00","flight":"US818"},{"day":6,"utc":"05:28:00","flight":"US572"},{"day":6,"utc":"06:11:00","flight":"US282"},{"day":6,"utc":"05:18:00","flight":"US489"}]}