{"id":5621,"type":"route","airline":"AA","airlineid":"airline_24","sourceairport":"JFK","destinationairport":"LAS","stops":0,"equipment":"738","schedule":[{"day":0,"utc":"21:59:00","flight":"AA440"},{"day":0,"utc":"07:18:00","flight":"AA249"},{"day":1,"utc":"07:37:00","flight":"AA151"},{"day":1,"utc":"10:07:00","flight":"AA166"},{"day":1,"utc":"19:40:00","flight":"AA818"},{"day":1,"utc":"08:07:00","flight":"AA354"},{"day":1,"utc":"11:28:00","flight":"AA802"},{"day":2,"utc":"08:49:00","flight":"AA350"},{"day":2,"utc":"16:03:00","flight":"AA557"},{"day":2,"utc":"18:13:00","flight":"AA252"},{"day":2,"utc":"08:31:00","flight":"AA625"},{"day":3,"utc":"15:28:00","flight":"AA680"},{"day":4,"utc":"22:19:00","flight":"AA281"},{"day":4,"utc":"11:54:00","flight":"AA348"},{"day":4,"utc":"12:57:00","flight":"AA915"},{"day":4,"utc":"20:30:00","flight":"AA319"},{"day":4,"utc":"11:17:00","flight":"AA544"},{"day":5,"utc":"13:42:00","flight":"AA079"},{"day":6,"utc":"12:35:00","flight":"AA596"}],"distance":3609.3037174564793}