{"id":6216,"type":"route","airline":"AA","airlineid":"airline_24","sourceairport":"OKC","destinationairport":"LAX","stops":0,"equipment":"CR7","schedule":[{"day":0,"utc":"11:39:00","flight":"AA564"},{"day":0,"utc":"07:29:00","flight":"AA548"},{"day":0,"utc":"17:41:00","flight":"AA627"},{"day":1,"utc":"22:37:00","flight":"AA905"},{"day":1,"utc":"05:40:00","flight":"AA363"},{"day":1,"utc":"14:34:00","flight":"AA609"},{"day":1,"utc":"21:57:00","flight":"AA300"},{"day":2,"utc":"20:29:00","flight":"AA116"},{"day":2,"utc":"21:49:00","flight":"AA169"},{"day":2,"utc":"04:23:00","flight":"AA109"},{"day":2,"utc":"01:35:00","flight":"AA304"},{"day":3,"utc":"04:15:00","flight":"AA959"},{"day":3,"utc":"13:49:00","flight":"AA582"},{"day":4,"utc":"12:29:00","flight":"AA725"},{"day":4,"utc":"07:57:00","flight":"AA688"},{"day":4,"utc":"19:17:00","flight":"AA474"},{"day":4,"utc":"15:09:00","flight":"AA772"},{"day":4,"utc":"21:30:00","flight":"AA424"},{"day":5,"utc":"12:20:00","flight":"AA273"},{"day":5,"utc":"21:44:00","flight":"AA267"},{"day":5,"utc":"20:16:00","flight":"AA903"},{"day":5,"utc":"00:35:00","flight":"AA655"},{"day":5,"utc":"09:43:00","flight":"AA773"},{"day":6,"utc":"10:20:00","flight":"AA362"},{"day":6,"utc":"20:45:00","flight":"AA059"},{"day":6,"utc":"11:54:00","flight":"AA836"},{"day":6,"utc":"17:41:00","flight":"AA793"}],"distance":1906.2105437249681}