{"id":36417,"type":"route","airline":"KL","airlineid":"airline_3090","sourceairport":"ATL","destinationairport":"MOB","stops":0,"equipment":"CRJ CR9 717 CR7","schedule":[{"day":0,"utc":"07:22:00","flight":"KL416"},{"day":0,"utc":"04:38:00","flight":"KL557"},{"day":0,"utc":"17:12:00","flight":"KL975"},{"day":0,"utc":"09:07:00","flight":"KL966"},{"day":1,"utc":"13:10:00","flight":"KL965"},{"day":1,"utc":"21:02:00","flight":"KL613"},{"day":2,"utc":"16:23:00","flight":"KL053"},{"day":2,"utc":"04:26:00","flight":"KL556"},{"day":3,"utc":"02:30:00","flight":"KL463"},{"day":4,"utc":"21:01:00","flight":"KL840"},{"day":4,"utc":"07:09:00","flight":"KL797"},{"day":4,"utc":"09:19:00","flight":"KL857"},{"day":5,"utc":"05:54:00","flight":"KL229"},{"day":5,"utc":"18:10:00","flight":"KL515"},{"day":5,"utc":"12:29:00","flight":"KL724"},{"day":5,"utc":"12:04:00","flight":"KL306"},{"day":6,"utc":"05:29:00","flight":"KL149"}],"distance":485.9371106646482}