{"id":53191,"type":"route","airline":"TO","airlineid":"airline_8745","sourceairport":"LGW","destinationairport":"FAO","stops":0,"equipment":"73H","schedule":[{"day":0,"utc":"16:30:00","flight":"TO052"},{"day":0,"utc":"04:19:00","flight":"TO682"},{"day":1,"utc":"00:53:00","flight":"TO583"},{"day":1,"utc":"02:04:00","flight":"TO478"},{"day":2,"utc":"04:27:00","flight":"TO917"},{"day":3,"utc":"00:00:00","flight":"TO800"},{"day":3,"utc":"03:13:00","flight":"TO504"},{"day":4,"utc":"17:19:00","flight":"TO181"},{"day":4,"utc":"18:35:00","flight":"TO316"},{"day":4,"utc":"19:36:00","flight":"TO175"},{"day":4,"utc":"09:24:00","flight":"TO262"},{"day":4,"utc":"08:41:00","flight":"TO152"},{"day":5,"utc":"15:23:00","flight":"TO300"},{"day":5,"utc":"01:56:00","flight":"TO237"},{"day":5,"utc":"01:17:00","flight":"TO966"},{"day":6,"utc":"06:56:00","flight":"TO760"},{"day":6,"utc":"09:41:00","flight":"TO604"},{"day":6,"utc":"06:12:00","flight":"TO278"},{"day":6,"utc":"11:39:00","flight":"TO748"}],"distance":1687.5646838983057}