{"id":6753,"type":"route","airline":"AA","airlineid":"airline_24","sourceairport":"SEA","destinationairport":"MCI","stops":0,"equipment":"737","schedule":[{"day":0,"utc":"03:20:00","flight":"AA975"},{"day":1,"utc":"10:43:00","flight":"AA737"},{"day":1,"utc":"10:10:00","flight":"AA590"},{"day":2,"utc":"19:06:00","flight":"AA737"},{"day":2,"utc":"02:36:00","flight":"AA720"},{"day":3,"utc":"21:02:00","flight":"AA911"},{"day":3,"utc":"00:55:00","flight":"AA140"},{"day":3,"utc":"13:21:00","flight":"AA967"},{"day":3,"utc":"18:52:00","flight":"AA894"},{"day":4,"utc":"20:16:00","flight":"AA608"},{"day":4,"utc":"14:11:00","flight":"AA144"},{"day":4,"utc":"10:57:00","flight":"AA794"},{"day":4,"utc":"04:49:00","flight":"AA110"},{"day":5,"utc":"05:02:00","flight":"AA528"},{"day":5,"utc":"16:43:00","flight":"AA468"},{"day":6,"utc":"10:26:00","flight":"AA689"},{"day":6,"utc":"10:19:00","flight":"AA482"}],"distance":2391.6238862067125}