{"id":57462,"type":"route","airline":"UA","airlineid":"airline_5209","sourceairport":"PHX","destinationairport":"IAH","stops":0,"equipment":"738 320 739 319 73G","schedule":[{"day":0,"utc":"21:15:00","flight":"UA593"},{"day":0,"utc":"00:04:00","flight":"UA433"},{"day":1,"utc":"08:35:00","flight":"UA593"},{"day":1,"utc":"07:24:00","flight":"UA262"},{"day":1,"utc":"22:17:00","flight":"UA481"},{"day":1,"utc":"04:47:00","flight":"UA837"},{"day":2,"utc":"06:08:00","flight":"UA856"},{"day":3,"utc":"22:06:00","flight":"UA519"},{"day":3,"utc":"19:45:00","flight":"UA056"},{"day":3,"utc":"12:10:00","flight":"UA366"},{"day":3,"utc":"22:35:00","flight":"UA840"},{"day":4,"utc":"05:33:00","flight":"UA585"},{"day":4,"utc":"22:02:00","flight":"UA474"},{"day":4,"utc":"16:53:00","flight":"UA208"},{"day":4,"utc":"23:10:00","flight":"UA749"},{"day":5,"utc":"22:14:00","flight":"UA635"},{"day":6,"utc":"19:25:00","flight":"UA529"},{"day":6,"utc":"17:48:00","flight":"UA045"},{"day":6,"utc":"16:49:00","flight":"UA695"},{"day":6,"utc":"12:32:00","flight":"UA926"}],"distance":1620.9221088223892}