{"id":30306,"type":"route","airline":"GS","airlineid":"airline_690","sourceairport":"KOW","destinationairport":"KHN","stops":0,"equipment":"ERJ","schedule":[{"day":0,"utc":"00:21:00","flight":"GS004"},{"day":0,"utc":"07:28:00","flight":"GS712"},{"day":0,"utc":"13:26:00","flight":"GS157"},{"day":0,"utc":"22:11:00","flight":"GS895"},{"day":1,"utc":"04:44:00","flight":"GS816"},{"day":1,"utc":"04:00:00","flight":"GS471"},{"day":2,"utc":"01:09:00","flight":"GS135"},{"day":2,"utc":"10:46:00","flight":"GS362"},{"day":3,"utc":"13:20:00","flight":"GS317"},{"day":3,"utc":"13:23:00","flight":"GS421"},{"day":3,"utc":"05:20:00","flight":"GS298"},{"day":3,"utc":"19:24:00","flight":"GS866"},{"day":4,"utc":"22:42:00","flight":"GS323"},{"day":4,"utc":"00:34:00","flight":"GS330"},{"day":4,"utc":"17:33:00","flight":"GS630"},{"day":5,"utc":"13:20:00","flight":"GS091"},{"day":6,"utc":"08:27:00","flight":"GS390"},{"day":6,"utc":"16:20:00","flight":"GS965"},{"day":6,"utc":"13:08:00","flight":"GS357"}],"distance":351.7448850970797}