{"id":38491,"type":"route","airline":"LH","airlineid":"airline_3320","sourceairport":"LHR","destinationairport":"EWR","stops":0,"equipment":"763 777 752","schedule":[{"day":0,"utc":"11:41:00","flight":"LH761"},{"day":0,"utc":"19:01:00","flight":"LH362"},{"day":1,"utc":"22:40:00","flight":"LH649"},{"day":1,"utc":"16:59:00","flight":"LH114"},{"day":1,"utc":"00:17:00","flight":"LH147"},{"day":1,"utc":"06:35:00","flight":"LH479"},{"day":1,"utc":"02:42:00","flight":"LH665"},{"day":2,"utc":"11:28:00","flight":"LH919"},{"day":2,"utc":"19:52:00","flight":"LH781"},{"day":2,"utc":"13:13:00","flight":"LH285"},{"day":2,"utc":"05:38:00","flight":"LH038"},{"day":2,"utc":"13:15:00","flight":"LH089"},{"day":3,"utc":"05:19:00","flight":"LH818"},{"day":4,"utc":"08:28:00","flight":"LH432"},{"day":4,"utc":"03:01:00","flight":"LH211"},{"day":4,"utc":"12:54:00","flight":"LH537"},{"day":4,"utc":"04:41:00","flight":"LH886"},{"day":4,"utc":"01:58:00","flight":"LH729"},{"day":5,"utc":"20:13:00","flight":"LH947"},{"day":5,"utc":"19:01:00","flight":"LH299"},{"day":5,"utc":"17:52:00","flight":"LH478"},{"day":6,"utc":"20:36:00","flight":"LH985"}]}