{"id":61776,"type":"route","airline":"VS","airlineid":"airline_5347","sourceairport":"LHR","destinationairport":"JNB","stops":0,"equipment":"346","schedule":[{"day":0,"utc":"05:55:00","flight":"VS847"},{"day":0,"utc":"15:38:00","flight":"VS784"},{"day":0,"utc":"17:52:00","flight":"VS687"},{"day":0,"utc":"07:49:00","flight":"VS228"},{"day":0,"utc":"00:36:00","flight":"VS866"},{"day":1,"utc":"07:40:00","flight":"VS790"},{"day":1,"utc":"17:57:00","flight":"VS110"},{"day":1,"utc":"11:28:00","flight":"VS273"},{"day":1,"utc":"12:15:00","flight":"VS717"},{"day":2,"utc":"20:16:00","flight":"VS315"},{"day":3,"utc":"05:25:00","flight":"VS666"},{"day":3,"utc":"04:57:00","flight":"VS343"},{"day":3,"utc":"10:15:00","flight":"VS115"},{"day":3,"utc":"09:20:00","flight":"VS770"},{"day":4,"utc":"19:03:00","flight":"VS457"},{"day":4,"utc":"20:31:00","flight":"VS974"},{"day":4,"utc":"15:12:00","flight":"VS829"},{"day":4,"utc":"04:51:00","flight":"VS695"},{"day":5,"utc":"14:30:00","flight":"VS155"},{"day":6,"utc":"13:48:00","flight":"VS036"},{"day":6,"utc":"14:10:00","flight":"VS724"},{"day":6,"utc":"02:31:00","flight":"VS968"},{"day":6,"utc":"04:31:00","flight":"VS565"}],"distance":9075.804673747234}