{"id":53227,"type":"route","airline":"TO","airlineid":"airline_8745","sourceairport":"LPA","destinationairport":"BHX","stops":0,"equipment":"75W","schedule":[{"day":0,"utc":"22:59:00","flight":"TO440"},{"day":0,"utc":"10:38:00","flight":"TO223"},{"day":0,"utc":"17:59:00","flight":"TO129"},{"day":1,"utc":"23:37:00","flight":"TO150"},{"day":1,"utc":"08:47:00","flight":"TO381"},{"day":1,"utc":"15:24:00","flight":"TO525"},{"day":1,"utc":"21:25:00","flight":"TO970"},{"day":2,"utc":"06:44:00","flight":"TO989"},{"day":2,"utc":"23:06:00","flight":"TO579"},{"day":2,"utc":"17:18:00","flight":"TO071"},{"day":2,"utc":"01:48:00","flight":"TO524"},{"day":2,"utc":"16:42:00","flight":"TO963"},{"day":3,"utc":"04:08:00","flight":"TO408"},{"day":3,"utc":"20:57:00","flight":"TO312"},{"day":4,"utc":"11:14:00","flight":"TO986"},{"day":4,"utc":"15:44:00","flight":"TO423"},{"day":5,"utc":"13:57:00","flight":"TO801"},{"day":6,"utc":"08:31:00","flight":"TO413"},{"day":6,"utc":"16:43:00","flight":"TO667"},{"day":6,"utc":"21:11:00","flight":"TO481"},{"day":6,"utc":"09:57:00","flight":"TO123"}],"distance":2951.144600192742}