{"id":24767,"type":"route","airline":"FI","airlineid":"airline_2835","sourceairport":"LGW","destinationairport":"KEF","stops":0,"equipment":"75W","schedule":[{"day":0,"utc":"11:07:00","flight":"FI517"},{"day":1,"utc":"13:29:00","flight":"FI781"},{"day":1,"utc":"15:57:00","flight":"FI512"},{"day":1,"utc":"14:23:00","flight":"FI986"},{"day":2,"utc":"06:46:00","flight":"FI164"},{"day":3,"utc":"23:49:00","flight":"FI579"},{"day":3,"utc":"02:26:00","flight":"FI816"},{"day":3,"utc":"10:34:00","flight":"FI882"},{"day":3,"utc":"16:09:00","flight":"FI201"},{"day":4,"utc":"06:16:00","flight":"FI571"},{"day":5,"utc":"07:34:00","flight":"FI307"},{"day":6,"utc":"06:43:00","flight":"FI305"},{"day":6,"utc":"11:20:00","flight":"FI229"},{"day":6,"utc":"00:48:00","flight":"FI616"},{"day":6,"utc":"08:27:00","flight":"FI721"}],"distance":1935.272535087953}