{"id":6504,"type":"route","airline":"AA","airlineid":"airline_24","sourceairport":"PHL","destinationairport":"SWF","stops":0,"equipment":"DH3","schedule":[{"day":0,"utc":"00:17:00","flight":"AA494"},{"day":0,"utc":"20:37:00","flight":"AA323"},{"day":0,"utc":"20:42:00","flight":"AA916"},{"day":1,"utc":"15:12:00","flight":"AA442"},{"day":1,"utc":"10:42:00","flight":"AA997"},{"day":1,"utc":"15:04:00","flight":"AA978"},{"day":1,"utc":"12:15:00","flight":"AA354"},{"day":1,"utc":"13:25:00","flight":"AA524"},{"day":2,"utc":"23:15:00","flight":"AA092"},{"day":2,"utc":"21:21:00","flight":"AA738"},{"day":2,"utc":"02:24:00","flight":"AA210"},{"day":2,"utc":"20:20:00","flight":"AA358"},{"day":2,"utc":"07:33:00","flight":"AA934"},{"day":3,"utc":"22:58:00","flight":"AA525"},{"day":3,"utc":"18:03:00","flight":"AA460"},{"day":4,"utc":"05:30:00","flight":"AA707"},{"day":4,"utc":"15:02:00","flight":"AA074"},{"day":4,"utc":"09:54:00","flight":"AA195"},{"day":4,"utc":"03:08:00","flight":"AA286"},{"day":5,"utc":"18:18:00","flight":"AA641"},{"day":5,"utc":"15:05:00","flight":"AA706"},{"day":6,"utc":"17:05:00","flight":"AA483"},{"day":6,"utc":"16:49:00","flight":"AA630"},{"day":6,"utc":"11:02:00","flight":"AA868"},{"day":6,"utc":"13:18:00","flight":"AA748"},{"day":6,"utc":"18:43:00","flight":"AA173"}],"distance":205.21823944992178}