{"id":14769,"type":"route","airline":"BA","airlineid":"airline_1355","sourceairport":"LHR","destinationairport":"RUH","stops":0,"equipment":"744 777","schedule":[{"day":0,"utc":"17:03:00","flight":"BA109"},{"day":0,"utc":"00:20:00","flight":"BA546"},{"day":1,"utc":"22:41:00","flight":"BA502"},{"day":1,"utc":"21:50:00","flight":"BA741"},{"day":1,"utc":"05:52:00","flight":"BA362"},{"day":1,"utc":"00:01:00","flight":"BA738"},{"day":1,"utc":"22:29:00","flight":"BA121"},{"day":2,"utc":"14:13:00","flight":"BA149"},{"day":2,"utc":"23:26:00","flight":"BA192"},{"day":2,"utc":"09:24:00","flight":"BA176"},{"day":2,"utc":"00:46:00","flight":"BA572"},{"day":3,"utc":"02:01:00","flight":"BA213"},{"day":3,"utc":"18:56:00","flight":"BA708"},{"day":4,"utc":"00:50:00","flight":"BA767"},{"day":4,"utc":"16:32:00","flight":"BA008"},{"day":4,"utc":"10:57:00","flight":"BA380"},{"day":4,"utc":"20:58:00","flight":"BA909"},{"day":4,"utc":"06:25:00","flight":"BA321"},{"day":5,"utc":"09:21:00","flight":"BA167"},{"day":5,"utc":"14:37:00","flight":"BA610"},{"day":5,"utc":"20:12:00","flight":"BA197"},{"day":5,"utc":"23:50:00","flight":"BA416"},{"day":6,"utc":"13:26:00","flight":"BA409"}],"distance":4940.811105804413}