{"id":63513,"type":"route","airline":"WN","airlineid":"airline_4547","sourceairport":"BDL","destinationairport":"MDW","stops":0,"equipment":"73W","schedule":[{"day":0,"utc":"08:05:00","flight":"WN837"},{"day":0,"utc":"02:24:00","flight":"WN147"},{"day":0,"utc":"15:13:00","flight":"WN813"},{"day":1,"utc":"08:58:00","flight":"WN273"},{"day":1,"utc":"18:32:00","flight":"WN291"},{"day":1,"utc":"07:22:00","flight":"WN894"},{"day":1,"utc":"17:57:00","flight":"WN248"},{"day":2,"utc":"15:36:00","flight":"WN540"},{"day":2,"utc":"05:58:00","flight":"WN149"},{"day":3,"utc":"21:43:00","flight":"WN813"},{"day":3,"utc":"23:10:00","flight":"WN014"},{"day":3,"utc":"19:14:00","flight":"WN068"},{"day":4,"utc":"07:32:00","flight":"WN195"},{"day":4,"utc":"08:35:00","flight":"WN808"},{"day":4,"utc":"08:06:00","flight":"WN964"},{"day":4,"utc":"14:56:00","flight":"WN709"},{"day":5,"utc":"04:43:00","flight":"WN008"},{"day":5,"utc":"13:01:00","flight":"WN670"},{"day":5,"utc":"19:18:00","flight":"WN200"},{"day":5,"utc":"05:40:00","flight":"WN611"},{"day":6,"utc":"09:10:00","flight":"WN957"},{"day":6,"utc":"12:23:00","flight":"WN421"}]}