{"id":53233,"type":"route","airline":"TO","airlineid":"airline_8745","sourceairport":"LPA","destinationairport":"MAN","stops":0,"equipment":"73H","schedule":[{"day":0,"utc":"22:39:00","flight":"TO511"},{"day":0,"utc":"05:31:00","flight":"TO738"},{"day":0,"utc":"04:53:00","flight":"TO242"},{"day":0,"utc":"03:27:00","flight":"TO372"},{"day":0,"utc":"18:33:00","flight":"TO212"},{"day":1,"utc":"21:30:00","flight":"TO532"},{"day":1,"utc":"10:29:00","flight":"TO391"},{"day":1,"utc":"16:57:00","flight":"TO416"},{"day":2,"utc":"05:26:00","flight":"TO282"},{"day":3,"utc":"09:15:00","flight":"TO308"},{"day":3,"utc":"00:47:00","flight":"TO656"},{"day":3,"utc":"02:36:00","flight":"TO018"},{"day":4,"utc":"13:06:00","flight":"TO845"},{"day":5,"utc":"09:12:00","flight":"TO342"},{"day":6,"utc":"07:08:00","flight":"TO302"},{"day":6,"utc":"16:37:00","flight":"TO096"},{"day":6,"utc":"12:39:00","flight":"TO440"}],"distance":3024.398638984218}