{"id":10875,"type":"route","airline":"AM","airlineid":"airline_321","sourceairport":"ATL","destinationairport":"JFK","stops":0,"equipment":"738 319 73H","schedule":[{"day":0,"utc":"04:21:00","flight":"AM406"},{"day":1,"utc":"12:44:00","flight":"AM961"},{"day":1,"utc":"23:59:00","flight":"AM169"},{"day":1,"utc":"07:31:00","flight":"AM419"},{"day":1,"utc":"02:54:00","flight":"AM138"},{"day":2,"utc":"07:37:00","flight":"AM372"},{"day":2,"utc":"08:57:00","flight":"AM643"},{"day":2,"utc":"21:33:00","flight":"AM938"},{"day":3,"utc":"20:26:00","flight":"AM920"},{"day":3,"utc":"11:51:00","flight":"AM489"},{"day":4,"utc":"07:25:00","flight":"AM806"},{"day":4,"utc":"04:31:00","flight":"AM367"},{"day":4,"utc":"20:01:00","flight":"AM766"},{"day":4,"utc":"00:52:00","flight":"AM259"},{"day":5,"utc":"05:50:00","flight":"AM766"},{"day":5,"utc":"00:13:00","flight":"AM899"},{"day":5,"utc":"03:56:00","flight":"AM248"},{"day":5,"utc":"07:48:00","flight":"AM755"},{"day":6,"utc":"05:47:00","flight":"AM220"},{"day":6,"utc":"10:29:00","flight":"AM478"},{"day":6,"utc":"19:15:00","flight":"AM883"},{"day":6,"utc":"16:02:00","flight":"AM827"}],"distance":1222.084715099848}