{"id":58804,"type":"route","airline":"US","airlineid":"airline_5265","sourceairport":"CLT","destinationairport":"IAD","stops":0,"equipment":"CR7 CR9","schedule":[{"day":0,"utc":"03:33:00","flight":"US231"},{"day":0,"utc":"00:52:00","flight":"US827"},{"day":0,"utc":"02:30:00","flight":"US246"},{"day":0,"utc":"18:46:00","flight":"US138"},{"day":0,"utc":"08:29:00","flight":"US367"},{"day":1,"utc":"22:38:00","flight":"US359"},{"day":1,"utc":"18:18:00","flight":"US490"},{"day":2,"utc":"02:45:00","flight":"US707"},{"day":3,"utc":"22:33:00","flight":"US157"},{"day":3,"utc":"02:59:00","flight":"US198"},{"day":3,"utc":"18:00:00","flight":"US806"},{"day":3,"utc":"05:07:00","flight":"US560"},{"day":3,"utc":"10:51:00","flight":"US315"},{"day":4,"utc":"06:06:00","flight":"US970"},{"day":4,"utc":"23:43:00","flight":"US222"},{"day":4,"utc":"15:55:00","flight":"US661"},{"day":4,"utc":"22:25:00","flight":"US517"},{"day":5,"utc":"22:58:00","flight":"US935"},{"day":5,"utc":"23:48:00","flight":"US512"},{"day":5,"utc":"08:21:00","flight":"US418"},{"day":6,"utc":"05:50:00","flight":"US446"}],"distance":517.3756704540173}