{"id":15242,"type":"route","airline":"BE","airlineid":"airline_2421","sourceairport":"MRS","destinationairport":"ORY","stops":0,"equipment":"32S","schedule":[{"day":0,"utc":"12:47:00","flight":"BE452"},{"day":0,"utc":"08:25:00","flight":"BE959"},{"day":0,"utc":"09:25:00","flight":"BE943"},{"day":0,"utc":"04:41:00","flight":"BE178"},{"day":0,"utc":"09:19:00","flight":"BE986"},{"day":1,"utc":"05:35:00","flight":"BE632"},{"day":1,"utc":"01:57:00","flight":"BE719"},{"day":2,"utc":"17:34:00","flight":"BE119"},{"day":3,"utc":"07:44:00","flight":"BE416"},{"day":3,"utc":"12:42:00","flight":"BE920"},{"day":3,"utc":"01:05:00","flight":"BE995"},{"day":4,"utc":"15:59:00","flight":"BE925"},{"day":4,"utc":"06:58:00","flight":"BE052"},{"day":4,"utc":"15:53:00","flight":"BE979"},{"day":4,"utc":"10:56:00","flight":"BE170"},{"day":5,"utc":"04:18:00","flight":"BE325"},{"day":5,"utc":"17:59:00","flight":"BE426"},{"day":5,"utc":"23:11:00","flight":"BE113"},{"day":6,"utc":"02:58:00","flight":"BE617"},{"day":6,"utc":"09:08:00","flight":"BE729"},{"day":6,"utc":"20:26:00","flight":"BE196"},{"day":6,"utc":"04:27:00","flight":"BE029"}],"distance":627.9167753777458}