{"id":5842,"type":"route","airline":"AA","airlineid":"airline_24","sourceairport":"LHR","destinationairport":"GVA","stops":0,"equipment":"319 320 321","schedule":[{"day":0,"utc":"03:09:00","flight":"AA410"},{"day":0,"utc":"16:28:00","flight":"AA677"},{"day":0,"utc":"08:47:00","flight":"AA401"},{"day":0,"utc":"18:06:00","flight":"AA983"},{"day":0,"utc":"01:02:00","flight":"AA990"},{"day":1,"utc":"00:54:00","flight":"AA257"},{"day":2,"utc":"04:42:00","flight":"AA001"},{"day":2,"utc":"10:29:00","flight":"AA664"},{"day":2,"utc":"02:44:00","flight":"AA482"},{"day":2,"utc":"23:58:00","flight":"AA904"},{"day":3,"utc":"04:46:00","flight":"AA940"},{"day":4,"utc":"05:56:00","flight":"AA542"},{"day":5,"utc":"05:49:00","flight":"AA708"},{"day":5,"utc":"01:04:00","flight":"AA872"},{"day":6,"utc":"18:53:00","flight":"AA122"},{"day":6,"utc":"14:52:00","flight":"AA603"},{"day":6,"utc":"04:42:00","flight":"AA905"}]}