{"id":53510,"type":"route","airline":"TOM","airlineid":"airline_5013","sourceairport":"EXT","destinationairport":"PMI","stops":0,"equipment":"73H","schedule":[{"day":0,"utc":"06:41:00","flight":"TOM837"},{"day":0,"utc":"09:58:00","flight":"TOM810"},{"day":0,"utc":"22:51:00","flight":"TOM978"},{"day":0,"utc":"15:41:00","flight":"TOM114"},{"day":1,"utc":"06:08:00","flight":"TOM493"},{"day":2,"utc":"04:36:00","flight":"TOM832"},{"day":2,"utc":"01:39:00","flight":"TOM075"},{"day":3,"utc":"02:31:00","flight":"TOM416"},{"day":3,"utc":"04:17:00","flight":"TOM296"},{"day":3,"utc":"22:22:00","flight":"TOM934"},{"day":4,"utc":"15:36:00","flight":"TOM333"},{"day":5,"utc":"02:23:00","flight":"TOM853"},{"day":5,"utc":"13:32:00","flight":"TOM803"},{"day":5,"utc":"23:05:00","flight":"TOM474"},{"day":6,"utc":"20:51:00","flight":"TOM051"},{"day":6,"utc":"05:02:00","flight":"TOM646"}]}