{"id":11852,"type":"route","airline":"AS","airlineid":"airline_439","sourceairport":"PHL","destinationairport":"SEA","stops":0,"equipment":"73J 73H","schedule":[{"day":0,"utc":"09:41:00","flight":"AS692"},{"day":0,"utc":"15:21:00","flight":"AS015"},{"day":0,"utc":"02:19:00","flight":"AS892"},{"day":0,"utc":"16:57:00","flight":"AS953"},{"day":0,"utc":"13:56:00","flight":"AS516"},{"day":1,"utc":"00:21:00","flight":"AS713"},{"day":1,"utc":"06:07:00","flight":"AS571"},{"day":2,"utc":"14:17:00","flight":"AS516"},{"day":2,"utc":"00:34:00","flight":"AS197"},{"day":2,"utc":"01:42:00","flight":"AS024"},{"day":2,"utc":"20:16:00","flight":"AS351"},{"day":3,"utc":"16:50:00","flight":"AS064"},{"day":3,"utc":"09:58:00","flight":"AS524"},{"day":3,"utc":"11:01:00","flight":"AS044"},{"day":3,"utc":"07:02:00","flight":"AS526"},{"day":3,"utc":"23:29:00","flight":"AS526"},{"day":4,"utc":"21:34:00","flight":"AS402"},{"day":4,"utc":"18:34:00","flight":"AS440"},{"day":4,"utc":"05:12:00","flight":"AS487"},{"day":5,"utc":"16:29:00","flight":"AS789"},{"day":5,"utc":"01:23:00","flight":"AS000"},{"day":6,"utc":"04:05:00","flight":"AS064"},{"day":6,"utc":"18:26:00","flight":"AS265"},{"day":6,"utc":"18:09:00","flight":"AS867"},{"day":6,"utc":"00:34:00","flight":"AS039"},{"day":6,"utc":"11:15:00","flight":"AS084"}]}