{"id":49697,"type":"route","airline":"SK","airlineid":"airline_4319","sourceairport":"ABZ","destinationairport":"BGO","stops":0,"equipment":"DH4 DH3","schedule":[{"day":0,"utc":"04:32:00","flight":"SK319"},{"day":0,"utc":"18:16:00","flight":"SK916"},{"day":0,"utc":"05:36:00","flight":"SK889"},{"day":0,"utc":"05:41:00","flight":"SK675"},{"day":1,"utc":"05:41:00","flight":"SK240"},{"day":2,"utc":"11:25:00","flight":"SK177"},{"day":2,"utc":"02:56:00","flight":"SK992"},{"day":2,"utc":"08:04:00","flight":"SK358"},{"day":2,"utc":"20:34:00","flight":"SK916"},{"day":3,"utc":"06:12:00","flight":"SK304"},{"day":3,"utc":"06:43:00","flight":"SK330"},{"day":3,"utc":"14:27:00","flight":"SK074"},{"day":3,"utc":"13:04:00","flight":"SK712"},{"day":4,"utc":"00:12:00","flight":"SK478"},{"day":4,"utc":"09:44:00","flight":"SK670"},{"day":4,"utc":"00:32:00","flight":"SK060"},{"day":5,"utc":"03:27:00","flight":"SK280"},{"day":6,"utc":"10:38:00","flight":"SK683"},{"day":6,"utc":"22:13:00","flight":"SK435"},{"day":6,"utc":"13:49:00","flight":"SK102"},{"day":6,"utc":"04:13:00","flight":"SK084"},{"day":6,"utc":"02:08:00","flight":"SK517"}]}