{"id":50657,"type":"route","airline":"ST","airlineid":"airline_2547","sourceairport":"AGB","destinationairport":"MRS","stops":0,"equipment":"FRJ","schedule":[{"day":0,"utc":"22:30:00","flight":"ST724"},{"day":0,"utc":"15:38:00","flight":"ST679"},{"day":0,"utc":"03:15:00","flight":"ST400"},{"day":1,"utc":"04:47:00","flight":"ST214"},{"day":1,"utc":"07:21:00","flight":"ST624"},{"day":1,"utc":"20:27:00","flight":"ST243"},{"day":2,"utc":"18:10:00","flight":"ST862"},{"day":2,"utc":"10:03:00","flight":"ST243"},{"day":2,"utc":"05:57:00","flight":"ST951"},{"day":2,"utc":"01:54:00","flight":"ST256"},{"day":2,"utc":"11:30:00","flight":"ST625"},{"day":3,"utc":"18:48:00","flight":"ST965"},{"day":3,"utc":"18:40:00","flight":"ST166"},{"day":3,"utc":"07:22:00","flight":"ST124"},{"day":4,"utc":"23:12:00","flight":"ST298"},{"day":5,"utc":"03:59:00","flight":"ST301"},{"day":6,"utc":"19:58:00","flight":"ST926"}]}