{"id":53608,"type":"route","airline":"TOM","airlineid":"airline_5013","sourceairport":"TFS","destinationairport":"MAN","stops":0,"equipment":"75W 73H","schedule":[{"day":0,"utc":"17:23:00","flight":"TOM387"},{"day":0,"utc":"09:00:00","flight":"TOM576"},{"day":0,"utc":"14:30:00","flight":"TOM950"},{"day":1,"utc":"16:01:00","flight":"TOM782"},{"day":1,"utc":"22:51:00","flight":"TOM765"},{"day":1,"utc":"01:22:00","flight":"TOM561"},{"day":1,"utc":"11:45:00","flight":"TOM282"},{"day":1,"utc":"13:39:00","flight":"TOM245"},{"day":2,"utc":"02:37:00","flight":"TOM333"},{"day":3,"utc":"09:39:00","flight":"TOM459"},{"day":3,"utc":"11:08:00","flight":"TOM887"},{"day":3,"utc":"11:14:00","flight":"TOM545"},{"day":3,"utc":"07:17:00","flight":"TOM105"},{"day":4,"utc":"10:10:00","flight":"TOM699"},{"day":4,"utc":"12:07:00","flight":"TOM666"},{"day":5,"utc":"05:26:00","flight":"TOM170"},{"day":5,"utc":"18:06:00","flight":"TOM793"},{"day":6,"utc":"05:17:00","flight":"TOM465"},{"day":6,"utc":"04:13:00","flight":"TOM505"},{"day":6,"utc":"09:43:00","flight":"TOM899"}],"distance":3048.3823320004212}