{"id":56366,"type":"route","airline":"UA","airlineid":"airline_5209","sourceairport":"EWR","destinationairport":"ORD","stops":0,"equipment":"73G 320 738 752 319 739 763","schedule":[{"day":0,"utc":"20:26:00","flight":"UA876"},{"day":0,"utc":"21:28:00","flight":"UA328"},{"day":1,"utc":"21:30:00","flight":"UA576"},{"day":1,"utc":"01:48:00","flight":"UA095"},{"day":1,"utc":"19:36:00","flight":"UA068"},{"day":1,"utc":"05:28:00","flight":"UA541"},{"day":1,"utc":"23:41:00","flight":"UA822"},{"day":2,"utc":"20:19:00","flight":"UA769"},{"day":2,"utc":"08:11:00","flight":"UA702"},{"day":2,"utc":"01:54:00","flight":"UA369"},{"day":2,"utc":"02:20:00","flight":"UA931"},{"day":3,"utc":"11:20:00","flight":"UA403"},{"day":3,"utc":"16:24:00","flight":"UA716"},{"day":3,"utc":"10:54:00","flight":"UA400"},{"day":3,"utc":"15:22:00","flight":"UA039"},{"day":3,"utc":"05:31:00","flight":"UA472"},{"day":4,"utc":"10:26:00","flight":"UA999"},{"day":4,"utc":"10:00:00","flight":"UA337"},{"day":4,"utc":"20:49:00","flight":"UA075"},{"day":5,"utc":"02:47:00","flight":"UA479"},{"day":5,"utc":"04:01:00","flight":"UA854"},{"day":5,"utc":"22:59:00","flight":"UA693"},{"day":6,"utc":"21:32:00","flight":"UA875"},{"day":6,"utc":"03:15:00","flight":"UA596"},{"day":6,"utc":"00:35:00","flight":"UA747"},{"day":6,"utc":"14:12:00","flight":"UA664"},{"day":6,"utc":"00:57:00","flight":"UA273"}],"distance":1154.459962130671}