{"id":30336,"type":"route","airline":"GS","airlineid":"airline_690","sourceairport":"LYA","destinationairport":"BHY","stops":0,"equipment":"E90","schedule":[{"day":0,"utc":"16:37:00","flight":"GS816"},{"day":0,"utc":"10:37:00","flight":"GS132"},{"day":0,"utc":"02:41:00","flight":"GS725"},{"day":0,"utc":"11:49:00","flight":"GS882"},{"day":0,"utc":"16:08:00","flight":"GS038"},{"day":1,"utc":"17:56:00","flight":"GS821"},{"day":1,"utc":"16:02:00","flight":"GS322"},{"day":1,"utc":"07:38:00","flight":"GS532"},{"day":1,"utc":"23:56:00","flight":"GS255"},{"day":2,"utc":"18:00:00","flight":"GS941"},{"day":3,"utc":"02:21:00","flight":"GS259"},{"day":3,"utc":"02:27:00","flight":"GS083"},{"day":3,"utc":"17:39:00","flight":"GS870"},{"day":4,"utc":"01:53:00","flight":"GS085"},{"day":4,"utc":"05:43:00","flight":"GS388"},{"day":4,"utc":"15:11:00","flight":"GS182"},{"day":4,"utc":"22:11:00","flight":"GS386"},{"day":4,"utc":"04:36:00","flight":"GS332"},{"day":5,"utc":"02:11:00","flight":"GS906"},{"day":5,"utc":"06:55:00","flight":"GS873"},{"day":6,"utc":"08:30:00","flight":"GS368"},{"day":6,"utc":"13:13:00","flight":"GS023"}]}