{"id":64079,"type":"route","airline":"WN","airlineid":"airline_4547","sourceairport":"MDW","destinationairport":"ALB","stops":0,"equipment":"73H 73W","schedule":[{"day":0,"utc":"01:17:00","flight":"WN422"},{"day":0,"utc":"20:21:00","flight":"WN964"},{"day":1,"utc":"05:31:00","flight":"WN069"},{"day":1,"utc":"17:12:00","flight":"WN128"},{"day":1,"utc":"09:07:00","flight":"WN225"},{"day":1,"utc":"15:46:00","flight":"WN409"},{"day":2,"utc":"21:58:00","flight":"WN433"},{"day":2,"utc":"01:46:00","flight":"WN802"},{"day":2,"utc":"22:54:00","flight":"WN215"},{"day":2,"utc":"07:19:00","flight":"WN416"},{"day":3,"utc":"10:50:00","flight":"WN245"},{"day":3,"utc":"04:50:00","flight":"WN685"},{"day":3,"utc":"21:36:00","flight":"WN572"},{"day":3,"utc":"19:31:00","flight":"WN304"},{"day":3,"utc":"09:35:00","flight":"WN777"},{"day":4,"utc":"16:15:00","flight":"WN242"},{"day":4,"utc":"05:58:00","flight":"WN179"},{"day":4,"utc":"17:49:00","flight":"WN230"},{"day":4,"utc":"21:13:00","flight":"WN274"},{"day":4,"utc":"01:35:00","flight":"WN807"},{"day":5,"utc":"13:44:00","flight":"WN387"},{"day":6,"utc":"18:57:00","flight":"WN193"}]}