{"id":56403,"type":"route","airline":"UA","airlineid":"airline_5209","sourceairport":"EWR","destinationairport":"STT","stops":0,"equipment":"73G","schedule":[{"day":0,"utc":"06:49:00","flight":"UA534"},{"day":0,"utc":"14:22:00","flight":"UA285"},{"day":0,"utc":"16:23:00","flight":"UA405"},{"day":1,"utc":"23:52:00","flight":"UA977"},{"day":2,"utc":"23:36:00","flight":"UA516"},{"day":2,"utc":"07:39:00","flight":"UA899"},{"day":2,"utc":"17:52:00","flight":"UA756"},{"day":2,"utc":"09:07:00","flight":"UA376"},{"day":2,"utc":"21:25:00","flight":"UA544"},{"day":3,"utc":"19:58:00","flight":"UA758"},{"day":3,"utc":"04:27:00","flight":"UA505"},{"day":3,"utc":"10:53:00","flight":"UA465"},{"day":3,"utc":"08:34:00","flight":"UA333"},{"day":3,"utc":"17:51:00","flight":"UA948"},{"day":4,"utc":"10:30:00","flight":"UA711"},{"day":4,"utc":"09:05:00","flight":"UA180"},{"day":5,"utc":"10:08:00","flight":"UA058"},{"day":5,"utc":"04:03:00","flight":"UA727"},{"day":5,"utc":"23:18:00","flight":"UA435"},{"day":5,"utc":"21:20:00","flight":"UA883"},{"day":5,"utc":"12:43:00","flight":"UA322"},{"day":6,"utc":"06:12:00","flight":"UA598"},{"day":6,"utc":"18:12:00","flight":"UA357"},{"day":6,"utc":"04:49:00","flight":"UA010"},{"day":6,"utc":"20:13:00","flight":"UA922"},{"day":6,"utc":"19:14:00","flight":"UA452"}]}