{"id":4679,"type":"route","airline":"AA","airlineid":"airline_24","sourceairport":"ALO","destinationairport":"ORD","stops":0,"equipment":"ERD","schedule":[{"day":0,"utc":"20:18:00","flight":"AA076"},{"day":0,"utc":"13:49:00","flight":"AA798"},{"day":0,"utc":"02:13:00","flight":"AA655"},{"day":0,"utc":"03:27:00","flight":"AA228"},{"day":0,"utc":"13:50:00","flight":"AA825"},{"day":1,"utc":"03:22:00","flight":"AA050"},{"day":1,"utc":"20:18:00","flight":"AA271"},{"day":1,"utc":"04:02:00","flight":"AA085"},{"day":1,"utc":"06:44:00","flight":"AA306"},{"day":1,"utc":"17:58:00","flight":"AA597"},{"day":2,"utc":"10:45:00","flight":"AA161"},{"day":2,"utc":"09:58:00","flight":"AA844"},{"day":2,"utc":"23:46:00","flight":"AA224"},{"day":2,"utc":"02:08:00","flight":"AA806"},{"day":3,"utc":"15:28:00","flight":"AA275"},{"day":4,"utc":"18:40:00","flight":"AA325"},{"day":4,"utc":"11:15:00","flight":"AA050"},{"day":4,"utc":"02:16:00","flight":"AA241"},{"day":4,"utc":"04:11:00","flight":"AA636"},{"day":5,"utc":"16:07:00","flight":"AA443"},{"day":5,"utc":"03:58:00","flight":"AA033"},{"day":5,"utc":"04:27:00","flight":"AA890"},{"day":5,"utc":"13:20:00","flight":"AA331"},{"day":5,"utc":"04:39:00","flight":"AA328"},{"day":6,"utc":"08:29:00","flight":"AA204"}],"distance":375.41335050330656}