{"id":21186,"type":"route","airline":"DL","airlineid":"airline_2009","sourceairport":"LOS","destinationairport":"ATL","stops":0,"equipment":"76W","schedule":[{"day":0,"utc":"16:53:00","flight":"DL018"},{"day":0,"utc":"21:15:00","flight":"DL851"},{"day":0,"utc":"04:27:00","flight":"DL545"},{"day":1,"utc":"04:01:00","flight":"DL153"},{"day":1,"utc":"12:09:00","flight":"DL696"},{"day":1,"utc":"20:30:00","flight":"DL519"},{"day":2,"utc":"23:30:00","flight":"DL041"},{"day":3,"utc":"10:28:00","flight":"DL448"},{"day":3,"utc":"04:55:00","flight":"DL498"},{"day":3,"utc":"16:28:00","flight":"DL665"},{"day":3,"utc":"17:11:00","flight":"DL222"},{"day":4,"utc":"00:33:00","flight":"DL178"},{"day":4,"utc":"19:12:00","flight":"DL166"},{"day":4,"utc":"00:24:00","flight":"DL601"},{"day":5,"utc":"10:20:00","flight":"DL543"},{"day":5,"utc":"22:22:00","flight":"DL042"},{"day":5,"utc":"23:20:00","flight":"DL902"},{"day":5,"utc":"08:56:00","flight":"DL360"},{"day":6,"utc":"00:27:00","flight":"DL273"},{"day":6,"utc":"18:21:00","flight":"DL396"},{"day":6,"utc":"19:47:00","flight":"DL652"}]}