{"id":4491,"type":"route","airline":"A5","airlineid":"airline_1203","sourceairport":"AUR","destinationairport":"ORY","stops":0,"equipment":"AT5","schedule":[{"day":0,"utc":"03:13:00","flight":"A5426"},{"day":0,"utc":"10:44:00","flight":"A5414"},{"day":0,"utc":"18:54:00","flight":"A5934"},{"day":0,"utc":"10:35:00","flight":"A5601"},{"day":0,"utc":"22:33:00","flight":"A5746"},{"day":1,"utc":"06:05:00","flight":"A5338"},{"day":1,"utc":"18:58:00","flight":"A5178"},{"day":2,"utc":"12:51:00","flight":"A5233"},{"day":2,"utc":"21:16:00","flight":"A5541"},{"day":2,"utc":"10:53:00","flight":"A5104"},{"day":2,"utc":"11:32:00","flight":"A5039"},{"day":2,"utc":"05:48:00","flight":"A5467"},{"day":3,"utc":"00:13:00","flight":"A5628"},{"day":3,"utc":"10:12:00","flight":"A5492"},{"day":4,"utc":"22:46:00","flight":"A5114"},{"day":4,"utc":"13:00:00","flight":"A5908"},{"day":4,"utc":"02:59:00","flight":"A5180"},{"day":5,"utc":"09:20:00","flight":"A5847"},{"day":5,"utc":"19:22:00","flight":"A5059"},{"day":5,"utc":"04:02:00","flight":"A5775"},{"day":5,"utc":"23:22:00","flight":"A5167"},{"day":6,"utc":"07:31:00","flight":"A5268"},{"day":6,"utc":"18:11:00","flight":"A5311"},{"day":6,"utc":"11:08:00","flight":"A5752"}]}