{"id":15242,"type":"route","airline":"BE","airlineid":"airline_2421","sourceairport":"MRS","destinationairport":"ORY","stops":0,"equipment":"32S","schedule":[{"day":0,"utc":"03:40:00","flight":"BE809"},{"day":0,"utc":"13:08:00","flight":"BE802"},{"day":0,"utc":"04:24:00","flight":"BE307"},{"day":0,"utc":"13:51:00","flight":"BE016"},{"day":0,"utc":"15:49:00","flight":"BE350"},{"day":1,"utc":"22:47:00","flight":"BE409"},{"day":2,"utc":"11:41:00","flight":"BE127"},{"day":2,"utc":"20:34:00","flight":"BE435"},{"day":3,"utc":"09:31:00","flight":"BE113"},{"day":3,"utc":"03:03:00","flight":"BE088"},{"day":3,"utc":"21:35:00","flight":"BE423"},{"day":4,"utc":"16:35:00","flight":"BE251"},{"day":4,"utc":"15:04:00","flight":"BE745"},{"day":4,"utc":"21:44:00","flight":"BE191"},{"day":5,"utc":"05:38:00","flight":"BE182"},{"day":5,"utc":"04:27:00","flight":"BE573"},{"day":5,"utc":"20:03:00","flight":"BE845"},{"day":5,"utc":"11:17:00","flight":"BE546"},{"day":5,"utc":"05:05:00","flight":"BE369"},{"day":6,"utc":"06:04:00","flight":"BE132"},{"day":6,"utc":"19:17:00","flight":"BE589"},{"day":6,"utc":"15:24:00","flight":"BE523"},{"day":6,"utc":"19:29:00","flight":"BE353"}]}