{"id":50340,"type":"route","airline":"SN","airlineid":"airline_1531","sourceairport":"LHR","destinationairport":"BRU","stops":0,"equipment":"319 AR1","schedule":[{"day":0,"utc":"07:26:00","flight":"SN405"},{"day":1,"utc":"23:14:00","flight":"SN066"},{"day":1,"utc":"06:50:00","flight":"SN123"},{"day":1,"utc":"04:14:00","flight":"SN447"},{"day":1,"utc":"01:28:00","flight":"SN074"},{"day":1,"utc":"22:38:00","flight":"SN695"},{"day":2,"utc":"00:37:00","flight":"SN584"},{"day":2,"utc":"19:05:00","flight":"SN025"},{"day":2,"utc":"02:41:00","flight":"SN667"},{"day":2,"utc":"04:21:00","flight":"SN987"},{"day":3,"utc":"08:39:00","flight":"SN633"},{"day":3,"utc":"14:24:00","flight":"SN858"},{"day":4,"utc":"21:30:00","flight":"SN852"},{"day":5,"utc":"03:12:00","flight":"SN507"},{"day":5,"utc":"01:24:00","flight":"SN231"},{"day":5,"utc":"19:20:00","flight":"SN965"},{"day":6,"utc":"14:17:00","flight":"SN561"}],"distance":350.51119192900126}