{"id":20658,"type":"route","airline":"DL","airlineid":"airline_2009","sourceairport":"DTW","destinationairport":"MSY","stops":0,"equipment":"319 M88","schedule":[{"day":0,"utc":"06:51:00","flight":"DL246"},{"day":0,"utc":"18:39:00","flight":"DL686"},{"day":0,"utc":"19:39:00","flight":"DL778"},{"day":0,"utc":"13:00:00","flight":"DL776"},{"day":1,"utc":"09:10:00","flight":"DL918"},{"day":2,"utc":"08:33:00","flight":"DL405"},{"day":3,"utc":"03:27:00","flight":"DL957"},{"day":3,"utc":"10:40:00","flight":"DL134"},{"day":3,"utc":"09:52:00","flight":"DL067"},{"day":3,"utc":"05:04:00","flight":"DL303"},{"day":3,"utc":"05:36:00","flight":"DL612"},{"day":4,"utc":"19:22:00","flight":"DL968"},{"day":4,"utc":"23:46:00","flight":"DL386"},{"day":4,"utc":"19:47:00","flight":"DL921"},{"day":4,"utc":"11:06:00","flight":"DL274"},{"day":5,"utc":"15:14:00","flight":"DL550"},{"day":6,"utc":"03:25:00","flight":"DL928"}],"distance":1492.2789586334573}