{"id":13346,"type":"route","airline":"AZ","airlineid":"airline_596","sourceairport":"FCO","destinationairport":"SXB","stops":0,"equipment":"ER4 CR7","schedule":[{"day":0,"utc":"04:28:00","flight":"AZ660"},{"day":0,"utc":"02:35:00","flight":"AZ519"},{"day":0,"utc":"04:20:00","flight":"AZ013"},{"day":0,"utc":"15:15:00","flight":"AZ329"},{"day":0,"utc":"16:51:00","flight":"AZ906"},{"day":1,"utc":"15:55:00","flight":"AZ116"},{"day":1,"utc":"17:02:00","flight":"AZ023"},{"day":1,"utc":"11:56:00","flight":"AZ187"},{"day":2,"utc":"22:43:00","flight":"AZ388"},{"day":2,"utc":"02:00:00","flight":"AZ756"},{"day":3,"utc":"08:07:00","flight":"AZ166"},{"day":3,"utc":"21:30:00","flight":"AZ271"},{"day":3,"utc":"12:59:00","flight":"AZ051"},{"day":3,"utc":"05:26:00","flight":"AZ810"},{"day":4,"utc":"12:14:00","flight":"AZ580"},{"day":4,"utc":"21:26:00","flight":"AZ995"},{"day":4,"utc":"12:35:00","flight":"AZ495"},{"day":4,"utc":"03:42:00","flight":"AZ609"},{"day":5,"utc":"21:26:00","flight":"AZ535"},{"day":6,"utc":"20:48:00","flight":"AZ412"},{"day":6,"utc":"14:08:00","flight":"AZ327"},{"day":6,"utc":"20:09:00","flight":"AZ927"}],"distance":831.456320372606}