{"id":56509,"type":"route","airline":"UA","airlineid":"airline_5209","sourceairport":"GPT","destinationairport":"IAH","stops":0,"equipment":"ERJ","schedule":[{"day":0,"utc":"20:42:00","flight":"UA261"},{"day":0,"utc":"09:32:00","flight":"UA318"},{"day":0,"utc":"04:28:00","flight":"UA876"},{"day":1,"utc":"22:09:00","flight":"UA707"},{"day":1,"utc":"14:55:00","flight":"UA024"},{"day":1,"utc":"22:57:00","flight":"UA354"},{"day":1,"utc":"19:46:00","flight":"UA041"},{"day":1,"utc":"04:46:00","flight":"UA633"},{"day":2,"utc":"05:13:00","flight":"UA445"},{"day":2,"utc":"16:48:00","flight":"UA066"},{"day":2,"utc":"07:54:00","flight":"UA960"},{"day":3,"utc":"22:39:00","flight":"UA535"},{"day":3,"utc":"05:31:00","flight":"UA645"},{"day":3,"utc":"16:49:00","flight":"UA131"},{"day":4,"utc":"16:30:00","flight":"UA052"},{"day":4,"utc":"04:19:00","flight":"UA682"},{"day":5,"utc":"00:53:00","flight":"UA583"},{"day":5,"utc":"02:04:00","flight":"UA478"},{"day":6,"utc":"04:27:00","flight":"UA917"}],"distance":604.4714012033849}