{"id":63513,"type":"route","airline":"WN","airlineid":"airline_4547","sourceairport":"BDL","destinationairport":"MDW","stops":0,"equipment":"73W","schedule":[{"day":0,"utc":"21:42:00","flight":"WN746"},{"day":0,"utc":"18:37:00","flight":"WN949"},{"day":0,"utc":"04:01:00","flight":"WN477"},{"day":1,"utc":"15:58:00","flight":"WN882"},{"day":1,"utc":"17:31:00","flight":"WN603"},{"day":2,"utc":"15:23:00","flight":"WN957"},{"day":2,"utc":"00:49:00","flight":"WN113"},{"day":2,"utc":"18:29:00","flight":"WN788"},{"day":3,"utc":"06:30:00","flight":"WN924"},{"day":3,"utc":"05:17:00","flight":"WN438"},{"day":3,"utc":"03:48:00","flight":"WN820"},{"day":4,"utc":"17:07:00","flight":"WN780"},{"day":5,"utc":"08:04:00","flight":"WN124"},{"day":5,"utc":"21:40:00","flight":"WN570"},{"day":5,"utc":"12:01:00","flight":"WN037"},{"day":6,"utc":"00:20:00","flight":"WN399"},{"day":6,"utc":"05:06:00","flight":"WN863"}]}