{"id":6125,"type":"route","airline":"AA","airlineid":"airline_24","sourceairport":"MKE","destinationairport":"PHL","stops":0,"equipment":"CRJ","schedule":[{"day":0,"utc":"20:41:00","flight":"AA531"},{"day":0,"utc":"13:32:00","flight":"AA004"},{"day":0,"utc":"07:50:00","flight":"AA248"},{"day":1,"utc":"16:16:00","flight":"AA688"},{"day":1,"utc":"09:30:00","flight":"AA056"},{"day":1,"utc":"13:33:00","flight":"AA280"},{"day":2,"utc":"07:52:00","flight":"AA794"},{"day":2,"utc":"12:14:00","flight":"AA839"},{"day":2,"utc":"08:52:00","flight":"AA258"},{"day":2,"utc":"05:34:00","flight":"AA208"},{"day":3,"utc":"14:26:00","flight":"AA440"},{"day":3,"utc":"03:39:00","flight":"AA017"},{"day":3,"utc":"03:19:00","flight":"AA815"},{"day":3,"utc":"13:21:00","flight":"AA800"},{"day":3,"utc":"01:30:00","flight":"AA903"},{"day":4,"utc":"04:33:00","flight":"AA341"},{"day":4,"utc":"03:54:00","flight":"AA359"},{"day":4,"utc":"07:34:00","flight":"AA166"},{"day":5,"utc":"14:25:00","flight":"AA919"},{"day":6,"utc":"09:24:00","flight":"AA328"},{"day":6,"utc":"05:04:00","flight":"AA910"},{"day":6,"utc":"18:28:00","flight":"AA226"},{"day":6,"utc":"19:18:00","flight":"AA458"}]}