{"id":22534,"type":"route","airline":"DY","airlineid":"airline_3737","sourceairport":"LGW","destinationairport":"TRF","stops":0,"equipment":"73H","schedule":[{"day":0,"utc":"15:45:00","flight":"DY184"},{"day":1,"utc":"23:30:00","flight":"DY849"},{"day":1,"utc":"20:49:00","flight":"DY522"},{"day":1,"utc":"06:58:00","flight":"DY410"},{"day":1,"utc":"17:53:00","flight":"DY479"},{"day":1,"utc":"01:01:00","flight":"DY362"},{"day":2,"utc":"01:32:00","flight":"DY937"},{"day":2,"utc":"22:09:00","flight":"DY633"},{"day":2,"utc":"05:00:00","flight":"DY478"},{"day":2,"utc":"22:33:00","flight":"DY041"},{"day":2,"utc":"05:16:00","flight":"DY903"},{"day":3,"utc":"22:44:00","flight":"DY770"},{"day":3,"utc":"05:12:00","flight":"DY098"},{"day":3,"utc":"15:19:00","flight":"DY484"},{"day":3,"utc":"11:16:00","flight":"DY498"},{"day":3,"utc":"13:05:00","flight":"DY929"},{"day":4,"utc":"14:54:00","flight":"DY547"},{"day":5,"utc":"21:41:00","flight":"DY852"},{"day":5,"utc":"02:32:00","flight":"DY584"},{"day":5,"utc":"14:26:00","flight":"DY310"},{"day":5,"utc":"23:50:00","flight":"DY908"},{"day":6,"utc":"01:55:00","flight":"DY294"},{"day":6,"utc":"07:48:00","flight":"DY645"},{"day":6,"utc":"20:35:00","flight":"DY475"}],"distance":1110.5714416604294}