{"id":53132,"type":"route","airline":"TO","airlineid":"airline_8745","sourceairport":"FUE","destinationairport":"EMA","stops":0,"equipment":"73H","schedule":[{"day":0,"utc":"07:07:00","flight":"TO554"},{"day":0,"utc":"21:54:00","flight":"TO898"},{"day":1,"utc":"15:11:00","flight":"TO959"},{"day":1,"utc":"16:35:00","flight":"TO349"},{"day":1,"utc":"07:21:00","flight":"TO942"},{"day":1,"utc":"04:54:00","flight":"TO301"},{"day":2,"utc":"04:12:00","flight":"TO658"},{"day":2,"utc":"05:16:00","flight":"TO195"},{"day":3,"utc":"07:54:00","flight":"TO907"},{"day":3,"utc":"06:39:00","flight":"TO599"},{"day":3,"utc":"06:06:00","flight":"TO857"},{"day":3,"utc":"16:25:00","flight":"TO419"},{"day":3,"utc":"23:48:00","flight":"TO833"},{"day":4,"utc":"07:15:00","flight":"TO386"},{"day":4,"utc":"02:17:00","flight":"TO994"},{"day":4,"utc":"12:12:00","flight":"TO283"},{"day":5,"utc":"07:54:00","flight":"TO251"},{"day":5,"utc":"14:38:00","flight":"TO110"},{"day":5,"utc":"08:26:00","flight":"TO420"},{"day":5,"utc":"01:52:00","flight":"TO337"},{"day":5,"utc":"07:17:00","flight":"TO621"},{"day":6,"utc":"23:14:00","flight":"TO266"},{"day":6,"utc":"06:02:00","flight":"TO881"},{"day":6,"utc":"12:20:00","flight":"TO597"}],"distance":2900.032871136219}