{"id":20738,"type":"route","airline":"DL","airlineid":"airline_2009","sourceairport":"FCA","destinationairport":"MSP","stops":0,"equipment":"E75 CR9","schedule":[{"day":0,"utc":"18:05:00","flight":"DL751"},{"day":0,"utc":"01:32:00","flight":"DL670"},{"day":1,"utc":"17:14:00","flight":"DL946"},{"day":1,"utc":"16:36:00","flight":"DL211"},{"day":1,"utc":"00:08:00","flight":"DL146"},{"day":1,"utc":"03:29:00","flight":"DL331"},{"day":1,"utc":"18:41:00","flight":"DL692"},{"day":2,"utc":"08:22:00","flight":"DL227"},{"day":3,"utc":"03:01:00","flight":"DL237"},{"day":3,"utc":"05:06:00","flight":"DL966"},{"day":3,"utc":"15:42:00","flight":"DL747"},{"day":3,"utc":"12:31:00","flight":"DL911"},{"day":3,"utc":"04:56:00","flight":"DL615"},{"day":4,"utc":"14:23:00","flight":"DL647"},{"day":5,"utc":"23:23:00","flight":"DL840"},{"day":5,"utc":"09:10:00","flight":"DL025"},{"day":5,"utc":"18:24:00","flight":"DL558"},{"day":6,"utc":"13:27:00","flight":"DL977"},{"day":6,"utc":"03:36:00","flight":"DL427"}],"distance":1646.0613192389046}