{"id":60178,"type":"route","airline":"US","airlineid":"airline_5265","sourceairport":"PHX","destinationairport":"MZT","stops":0,"equipment":"320 319","schedule":[{"day":0,"utc":"00:07:00","flight":"US375"},{"day":1,"utc":"05:57:00","flight":"US822"},{"day":1,"utc":"20:45:00","flight":"US543"},{"day":1,"utc":"07:02:00","flight":"US175"},{"day":1,"utc":"05:03:00","flight":"US279"},{"day":1,"utc":"18:54:00","flight":"US728"},{"day":2,"utc":"11:43:00","flight":"US579"},{"day":2,"utc":"02:59:00","flight":"US561"},{"day":2,"utc":"03:03:00","flight":"US180"},{"day":2,"utc":"19:59:00","flight":"US899"},{"day":3,"utc":"00:43:00","flight":"US452"},{"day":4,"utc":"02:37:00","flight":"US444"},{"day":4,"utc":"05:20:00","flight":"US733"},{"day":4,"utc":"15:58:00","flight":"US738"},{"day":4,"utc":"07:55:00","flight":"US845"},{"day":5,"utc":"10:20:00","flight":"US901"},{"day":5,"utc":"05:46:00","flight":"US733"},{"day":5,"utc":"09:43:00","flight":"US431"},{"day":5,"utc":"01:28:00","flight":"US184"},{"day":6,"utc":"14:04:00","flight":"US221"},{"day":6,"utc":"00:51:00","flight":"US958"}]}