{"id":61081,"type":"route","airline":"VA","airlineid":"airline_5360","sourceairport":"IND","destinationairport":"ATL","stops":0,"equipment":"M88 320 M90","schedule":[{"day":0,"utc":"01:13:00","flight":"VA249"},{"day":0,"utc":"10:07:00","flight":"VA067"},{"day":0,"utc":"13:30:00","flight":"VA197"},{"day":0,"utc":"22:04:00","flight":"VA851"},{"day":0,"utc":"08:58:00","flight":"VA457"},{"day":1,"utc":"02:19:00","flight":"VA842"},{"day":1,"utc":"01:54:00","flight":"VA093"},{"day":2,"utc":"02:39:00","flight":"VA655"},{"day":2,"utc":"21:33:00","flight":"VA122"},{"day":2,"utc":"01:07:00","flight":"VA463"},{"day":2,"utc":"05:57:00","flight":"VA894"},{"day":2,"utc":"10:47:00","flight":"VA426"},{"day":3,"utc":"05:03:00","flight":"VA257"},{"day":3,"utc":"13:00:00","flight":"VA685"},{"day":4,"utc":"06:08:00","flight":"VA648"},{"day":4,"utc":"18:17:00","flight":"VA587"},{"day":4,"utc":"11:38:00","flight":"VA622"},{"day":5,"utc":"09:09:00","flight":"VA307"},{"day":5,"utc":"20:40:00","flight":"VA316"},{"day":5,"utc":"12:16:00","flight":"VA495"},{"day":6,"utc":"04:57:00","flight":"VA507"}],"distance":696.2668818620978}