{"id":9379,"type":"route","airline":"AF","airlineid":"airline_137","sourceairport":"CDG","destinationairport":"OUA","stops":0,"equipment":"343","schedule":[{"day":0,"utc":"02:49:00","flight":"AF481"},{"day":1,"utc":"04:48:00","flight":"AF831"},{"day":1,"utc":"01:16:00","flight":"AF150"},{"day":2,"utc":"17:32:00","flight":"AF508"},{"day":2,"utc":"19:45:00","flight":"AF099"},{"day":2,"utc":"01:46:00","flight":"AF204"},{"day":2,"utc":"23:56:00","flight":"AF429"},{"day":2,"utc":"19:39:00","flight":"AF947"},{"day":3,"utc":"14:48:00","flight":"AF144"},{"day":4,"utc":"23:51:00","flight":"AF732"},{"day":4,"utc":"03:00:00","flight":"AF429"},{"day":4,"utc":"19:02:00","flight":"AF166"},{"day":4,"utc":"11:17:00","flight":"AF814"},{"day":4,"utc":"15:30:00","flight":"AF825"},{"day":5,"utc":"17:24:00","flight":"AF735"},{"day":5,"utc":"15:36:00","flight":"AF200"},{"day":5,"utc":"10:00:00","flight":"AF396"},{"day":5,"utc":"04:49:00","flight":"AF253"},{"day":5,"utc":"19:11:00","flight":"AF355"},{"day":6,"utc":"08:25:00","flight":"AF895"},{"day":6,"utc":"06:48:00","flight":"AF064"},{"day":6,"utc":"04:11:00","flight":"AF571"},{"day":6,"utc":"13:27:00","flight":"AF266"},{"day":6,"utc":"07:23:00","flight":"AF394"}],"distance":4093.5063862447755}