{"id":22935,"type":"route","airline":"EI","airlineid":"airline_837","sourceairport":"DUB","destinationairport":"MCO","stops":0,"equipment":"330 332","schedule":[{"day":0,"utc":"04:01:00","flight":"EI107"},{"day":0,"utc":"04:50:00","flight":"EI167"},{"day":1,"utc":"03:47:00","flight":"EI469"},{"day":2,"utc":"21:39:00","flight":"EI990"},{"day":3,"utc":"12:37:00","flight":"EI765"},{"day":4,"utc":"21:35:00","flight":"EI259"},{"day":4,"utc":"16:49:00","flight":"EI615"},{"day":5,"utc":"02:51:00","flight":"EI848"},{"day":6,"utc":"23:48:00","flight":"EI288"}]}