{"id":59323,"type":"route","airline":"US","airlineid":"airline_5265","sourceairport":"GSO","destinationairport":"PHL","stops":0,"equipment":"E75 CRJ E70","schedule":[{"day":0,"utc":"00:02:00","flight":"US745"},{"day":1,"utc":"10:01:00","flight":"US481"},{"day":2,"utc":"04:55:00","flight":"US874"},{"day":2,"utc":"14:24:00","flight":"US266"},{"day":3,"utc":"07:47:00","flight":"US010"},{"day":3,"utc":"03:47:00","flight":"US913"},{"day":3,"utc":"21:18:00","flight":"US861"},{"day":4,"utc":"04:34:00","flight":"US419"},{"day":4,"utc":"11:38:00","flight":"US315"},{"day":4,"utc":"03:23:00","flight":"US899"},{"day":4,"utc":"13:04:00","flight":"US670"},{"day":4,"utc":"15:40:00","flight":"US830"},{"day":5,"utc":"22:32:00","flight":"US891"},{"day":5,"utc":"22:27:00","flight":"US471"},{"day":6,"utc":"22:38:00","flight":"US003"},{"day":6,"utc":"16:30:00","flight":"US292"},{"day":6,"utc":"00:39:00","flight":"US177"},{"day":6,"utc":"09:23:00","flight":"US448"}],"distance":587.6305886802188}