{"id":27192,"type":"route","airline":"FR","airlineid":"airline_4296","sourceairport":"LPL","destinationairport":"VNO","stops":0,"equipment":"738","schedule":[{"day":0,"utc":"02:10:00","flight":"FR791"},{"day":0,"utc":"22:55:00","flight":"FR207"},{"day":0,"utc":"22:58:00","flight":"FR677"},{"day":0,"utc":"10:05:00","flight":"FR715"},{"day":0,"utc":"23:40:00","flight":"FR066"},{"day":1,"utc":"01:48:00","flight":"FR052"},{"day":1,"utc":"09:27:00","flight":"FR081"},{"day":1,"utc":"15:53:00","flight":"FR806"},{"day":2,"utc":"06:14:00","flight":"FR132"},{"day":3,"utc":"11:42:00","flight":"FR013"},{"day":3,"utc":"22:08:00","flight":"FR961"},{"day":4,"utc":"01:20:00","flight":"FR235"},{"day":4,"utc":"03:18:00","flight":"FR084"},{"day":4,"utc":"16:16:00","flight":"FR236"},{"day":4,"utc":"14:12:00","flight":"FR066"},{"day":5,"utc":"05:50:00","flight":"FR601"},{"day":5,"utc":"07:39:00","flight":"FR376"},{"day":6,"utc":"15:28:00","flight":"FR935"}]}