{"id":30208,"type":"route","airline":"GS","airlineid":"airline_690","sourceairport":"DLC","destinationairport":"TSN","stops":0,"equipment":"E90 320","schedule":[{"day":0,"utc":"03:13:00","flight":"GS830"},{"day":0,"utc":"20:24:00","flight":"GS399"},{"day":0,"utc":"13:48:00","flight":"GS014"},{"day":0,"utc":"02:59:00","flight":"GS548"},{"day":1,"utc":"07:39:00","flight":"GS162"},{"day":1,"utc":"01:29:00","flight":"GS354"},{"day":1,"utc":"08:27:00","flight":"GS567"},{"day":1,"utc":"05:11:00","flight":"GS233"},{"day":2,"utc":"14:15:00","flight":"GS413"},{"day":2,"utc":"14:29:00","flight":"GS516"},{"day":2,"utc":"19:28:00","flight":"GS458"},{"day":2,"utc":"07:30:00","flight":"GS180"},{"day":3,"utc":"00:02:00","flight":"GS375"},{"day":4,"utc":"09:01:00","flight":"GS748"},{"day":4,"utc":"21:39:00","flight":"GS353"},{"day":5,"utc":"09:12:00","flight":"GS697"},{"day":5,"utc":"03:12:00","flight":"GS080"},{"day":5,"utc":"15:37:00","flight":"GS924"},{"day":5,"utc":"06:30:00","flight":"GS549"},{"day":5,"utc":"05:36:00","flight":"GS164"},{"day":6,"utc":"03:53:00","flight":"GS376"},{"day":6,"utc":"20:36:00","flight":"GS245"}]}