{"id":27748,"type":"route","airline":"FR","airlineid":"airline_4296","sourceairport":"RIX","destinationairport":"MAN","stops":0,"equipment":"738","schedule":[{"day":0,"utc":"15:30:00","flight":"FR835"},{"day":0,"utc":"12:53:00","flight":"FR532"},{"day":0,"utc":"20:10:00","flight":"FR558"},{"day":1,"utc":"20:37:00","flight":"FR693"},{"day":1,"utc":"19:39:00","flight":"FR617"},{"day":1,"utc":"17:17:00","flight":"FR374"},{"day":2,"utc":"20:49:00","flight":"FR634"},{"day":2,"utc":"07:37:00","flight":"FR072"},{"day":2,"utc":"03:46:00","flight":"FR202"},{"day":3,"utc":"15:39:00","flight":"FR560"},{"day":4,"utc":"11:13:00","flight":"FR855"},{"day":4,"utc":"16:45:00","flight":"FR925"},{"day":4,"utc":"17:06:00","flight":"FR707"},{"day":4,"utc":"17:42:00","flight":"FR326"},{"day":5,"utc":"13:10:00","flight":"FR264"},{"day":5,"utc":"15:02:00","flight":"FR492"},{"day":5,"utc":"15:20:00","flight":"FR799"},{"day":6,"utc":"07:07:00","flight":"FR168"},{"day":6,"utc":"11:49:00","flight":"FR390"}],"distance":1703.2449358725307}