{"id":20288,"type":"route","airline":"DL","airlineid":"airline_2009","sourceairport":"AZO","destinationairport":"MSP","stops":0,"equipment":"CRJ","schedule":[{"day":0,"utc":"00:33:00","flight":"DL007"},{"day":0,"utc":"07:21:00","flight":"DL815"},{"day":1,"utc":"21:21:00","flight":"DL941"},{"day":1,"utc":"10:42:00","flight":"DL498"},{"day":1,"utc":"01:16:00","flight":"DL615"},{"day":2,"utc":"23:54:00","flight":"DL737"},{"day":3,"utc":"23:49:00","flight":"DL854"},{"day":3,"utc":"04:06:00","flight":"DL656"},{"day":3,"utc":"18:46:00","flight":"DL126"},{"day":4,"utc":"00:31:00","flight":"DL346"},{"day":4,"utc":"17:35:00","flight":"DL733"},{"day":5,"utc":"03:01:00","flight":"DL459"},{"day":5,"utc":"16:44:00","flight":"DL317"},{"day":5,"utc":"19:23:00","flight":"DL390"},{"day":5,"utc":"11:10:00","flight":"DL337"},{"day":5,"utc":"07:32:00","flight":"DL587"},{"day":6,"utc":"13:10:00","flight":"DL374"},{"day":6,"utc":"11:28:00","flight":"DL864"}],"distance":684.1548121189302}