{"id":54968,"type":"route","airline":"U2","airlineid":"airline_2297","sourceairport":"LGW","destinationairport":"LIS","stops":0,"equipment":"319 320","schedule":[{"day":0,"utc":"13:55:00","flight":"U2217"},{"day":0,"utc":"05:02:00","flight":"U2130"},{"day":0,"utc":"23:50:00","flight":"U2174"},{"day":0,"utc":"08:27:00","flight":"U2513"},{"day":0,"utc":"15:46:00","flight":"U2778"},{"day":1,"utc":"23:53:00","flight":"U2616"},{"day":1,"utc":"17:19:00","flight":"U2111"},{"day":1,"utc":"13:20:00","flight":"U2232"},{"day":1,"utc":"03:12:00","flight":"U2243"},{"day":2,"utc":"18:26:00","flight":"U2189"},{"day":2,"utc":"02:36:00","flight":"U2712"},{"day":2,"utc":"17:34:00","flight":"U2508"},{"day":2,"utc":"16:35:00","flight":"U2819"},{"day":3,"utc":"13:07:00","flight":"U2964"},{"day":4,"utc":"04:35:00","flight":"U2362"},{"day":4,"utc":"05:39:00","flight":"U2027"},{"day":4,"utc":"03:36:00","flight":"U2491"},{"day":4,"utc":"23:50:00","flight":"U2629"},{"day":4,"utc":"19:57:00","flight":"U2743"},{"day":5,"utc":"21:15:00","flight":"U2345"},{"day":5,"utc":"15:07:00","flight":"U2260"},{"day":6,"utc":"03:30:00","flight":"U2382"},{"day":6,"utc":"15:31:00","flight":"U2057"}],"distance":1542.103699323988}