{"id":28171,"type":"route","airline":"FR","airlineid":"airline_4296","sourceairport":"VLC","destinationairport":"BRS","stops":0,"equipment":"738","schedule":[{"day":0,"utc":"15:32:00","flight":"FR255"},{"day":1,"utc":"18:26:00","flight":"FR465"},{"day":1,"utc":"11:24:00","flight":"FR333"},{"day":1,"utc":"23:53:00","flight":"FR613"},{"day":2,"utc":"21:10:00","flight":"FR425"},{"day":2,"utc":"05:57:00","flight":"FR153"},{"day":2,"utc":"17:46:00","flight":"FR044"},{"day":3,"utc":"17:08:00","flight":"FR804"},{"day":3,"utc":"07:44:00","flight":"FR716"},{"day":3,"utc":"06:06:00","flight":"FR093"},{"day":3,"utc":"11:08:00","flight":"FR458"},{"day":4,"utc":"22:10:00","flight":"FR171"},{"day":4,"utc":"23:21:00","flight":"FR549"},{"day":4,"utc":"15:33:00","flight":"FR738"},{"day":5,"utc":"13:04:00","flight":"FR844"},{"day":5,"utc":"08:36:00","flight":"FR189"},{"day":5,"utc":"10:20:00","flight":"FR927"},{"day":5,"utc":"05:28:00","flight":"FR407"},{"day":6,"utc":"19:54:00","flight":"FR430"},{"day":6,"utc":"00:58:00","flight":"FR944"},{"day":6,"utc":"15:44:00","flight":"FR316"}]}