{"id":55447,"type":"route","airline":"U2","airlineid":"airline_2297","sourceairport":"SXF","destinationairport":"ORY","stops":0,"equipment":"320","schedule":[{"day":0,"utc":"14:44:00","flight":"U2160"},{"day":0,"utc":"21:25:00","flight":"U2164"},{"day":0,"utc":"12:02:00","flight":"U2256"},{"day":0,"utc":"17:06:00","flight":"U2997"},{"day":0,"utc":"09:39:00","flight":"U2484"},{"day":1,"utc":"16:42:00","flight":"U2059"},{"day":1,"utc":"18:49:00","flight":"U2185"},{"day":1,"utc":"07:02:00","flight":"U2864"},{"day":1,"utc":"15:19:00","flight":"U2168"},{"day":2,"utc":"16:52:00","flight":"U2296"},{"day":2,"utc":"11:47:00","flight":"U2431"},{"day":2,"utc":"13:24:00","flight":"U2181"},{"day":2,"utc":"02:29:00","flight":"U2430"},{"day":3,"utc":"03:22:00","flight":"U2403"},{"day":4,"utc":"22:37:00","flight":"U2764"},{"day":5,"utc":"14:25:00","flight":"U2842"},{"day":5,"utc":"22:59:00","flight":"U2067"},{"day":5,"utc":"00:01:00","flight":"U2483"},{"day":5,"utc":"00:32:00","flight":"U2011"},{"day":5,"utc":"00:05:00","flight":"U2415"},{"day":6,"utc":"07:08:00","flight":"U2418"}]}