{"id":24472,"type":"route","airline":"F9","airlineid":"airline_2468","sourceairport":"OMA","destinationairport":"DEN","stops":0,"equipment":"319","schedule":[{"day":0,"utc":"11:55:00","flight":"F9212"},{"day":0,"utc":"05:32:00","flight":"F9805"},{"day":0,"utc":"19:38:00","flight":"F9226"},{"day":0,"utc":"04:34:00","flight":"F9683"},{"day":1,"utc":"02:32:00","flight":"F9367"},{"day":1,"utc":"22:24:00","flight":"F9410"},{"day":1,"utc":"00:44:00","flight":"F9911"},{"day":1,"utc":"21:06:00","flight":"F9159"},{"day":2,"utc":"08:17:00","flight":"F9051"},{"day":3,"utc":"18:10:00","flight":"F9551"},{"day":3,"utc":"21:40:00","flight":"F9883"},{"day":3,"utc":"17:27:00","flight":"F9148"},{"day":3,"utc":"04:57:00","flight":"F9575"},{"day":3,"utc":"08:16:00","flight":"F9699"},{"day":4,"utc":"13:22:00","flight":"F9410"},{"day":4,"utc":"14:35:00","flight":"F9380"},{"day":4,"utc":"11:43:00","flight":"F9214"},{"day":5,"utc":"14:25:00","flight":"F9521"},{"day":6,"utc":"02:28:00","flight":"F9538"},{"day":6,"utc":"03:20:00","flight":"F9186"},{"day":6,"utc":"07:46:00","flight":"F9795"}],"distance":758.1576232285682}