{"id":60043,"type":"route","airline":"US","airlineid":"airline_5265","sourceairport":"PHL","destinationairport":"CHS","stops":0,"equipment":"CRJ","schedule":[{"day":0,"utc":"18:01:00","flight":"US143"},{"day":0,"utc":"07:49:00","flight":"US465"},{"day":0,"utc":"00:35:00","flight":"US920"},{"day":0,"utc":"11:46:00","flight":"US283"},{"day":1,"utc":"18:23:00","flight":"US849"},{"day":1,"utc":"16:12:00","flight":"US181"},{"day":1,"utc":"05:29:00","flight":"US454"},{"day":2,"utc":"02:14:00","flight":"US419"},{"day":3,"utc":"04:17:00","flight":"US292"},{"day":3,"utc":"04:48:00","flight":"US201"},{"day":3,"utc":"23:22:00","flight":"US296"},{"day":4,"utc":"10:30:00","flight":"US283"},{"day":4,"utc":"17:06:00","flight":"US609"},{"day":4,"utc":"01:02:00","flight":"US925"},{"day":4,"utc":"02:54:00","flight":"US656"},{"day":5,"utc":"23:20:00","flight":"US981"},{"day":5,"utc":"05:50:00","flight":"US156"},{"day":5,"utc":"00:15:00","flight":"US325"},{"day":5,"utc":"19:11:00","flight":"US243"},{"day":6,"utc":"23:34:00","flight":"US972"},{"day":6,"utc":"12:05:00","flight":"US944"}],"distance":886.1036656372895}