{"id":56186,"type":"route","airline":"UA","airlineid":"airline_5209","sourceairport":"DEN","destinationairport":"RSW","stops":0,"equipment":"738","schedule":[{"day":0,"utc":"04:13:00","flight":"UA600"},{"day":1,"utc":"20:14:00","flight":"UA572"},{"day":1,"utc":"02:36:00","flight":"UA517"},{"day":1,"utc":"02:06:00","flight":"UA962"},{"day":1,"utc":"02:50:00","flight":"UA347"},{"day":1,"utc":"21:24:00","flight":"UA153"},{"day":2,"utc":"08:49:00","flight":"UA872"},{"day":2,"utc":"11:23:00","flight":"UA650"},{"day":2,"utc":"07:21:00","flight":"UA187"},{"day":3,"utc":"04:43:00","flight":"UA366"},{"day":3,"utc":"16:13:00","flight":"UA463"},{"day":3,"utc":"02:17:00","flight":"UA827"},{"day":3,"utc":"08:39:00","flight":"UA676"},{"day":4,"utc":"00:44:00","flight":"UA152"},{"day":4,"utc":"03:07:00","flight":"UA516"},{"day":4,"utc":"03:25:00","flight":"UA725"},{"day":5,"utc":"15:34:00","flight":"UA763"},{"day":5,"utc":"19:04:00","flight":"UA004"},{"day":5,"utc":"03:42:00","flight":"UA840"},{"day":5,"utc":"03:38:00","flight":"UA510"},{"day":6,"utc":"22:40:00","flight":"UA208"}]}