{"id":2769,"type":"route","airline":"7H","airlineid":"airline_16726","sourceairport":"WTK","destinationairport":"KVL","stops":0,"equipment":"CNC","schedule":[{"day":0,"utc":"23:41:00","flight":"7H192"},{"day":0,"utc":"06:54:00","flight":"7H153"},{"day":0,"utc":"22:19:00","flight":"7H237"},{"day":0,"utc":"23:40:00","flight":"7H171"},{"day":1,"utc":"14:42:00","flight":"7H496"},{"day":2,"utc":"00:08:00","flight":"7H482"},{"day":2,"utc":"08:54:00","flight":"7H567"},{"day":2,"utc":"01:39:00","flight":"7H258"},{"day":2,"utc":"14:46:00","flight":"7H208"},{"day":3,"utc":"15:35:00","flight":"7H421"},{"day":4,"utc":"01:59:00","flight":"7H790"},{"day":4,"utc":"12:24:00","flight":"7H381"},{"day":4,"utc":"17:31:00","flight":"7H407"},{"day":4,"utc":"17:20:00","flight":"7H140"},{"day":4,"utc":"01:15:00","flight":"7H516"},{"day":5,"utc":"20:34:00","flight":"7H471"},{"day":5,"utc":"21:09:00","flight":"7H688"},{"day":5,"utc":"01:05:00","flight":"7H663"},{"day":5,"utc":"19:18:00","flight":"7H518"},{"day":6,"utc":"19:32:00","flight":"7H192"},{"day":6,"utc":"19:47:00","flight":"7H364"}]}