{"id":55893,"type":"route","airline":"UA","airlineid":"airline_5209","sourceairport":"BOS","destinationairport":"YYZ","stops":0,"equipment":"E90 E75","schedule":[{"day":0,"utc":"15:06:00","flight":"UA652"},{"day":0,"utc":"22:39:00","flight":"UA081"},{"day":1,"utc":"00:51:00","flight":"UA112"},{"day":1,"utc":"23:26:00","flight":"UA115"},{"day":1,"utc":"11:30:00","flight":"UA298"},{"day":2,"utc":"23:22:00","flight":"UA502"},{"day":2,"utc":"19:14:00","flight":"UA428"},{"day":2,"utc":"15:14:00","flight":"UA935"},{"day":2,"utc":"16:29:00","flight":"UA581"},{"day":3,"utc":"00:37:00","flight":"UA635"},{"day":3,"utc":"16:19:00","flight":"UA862"},{"day":3,"utc":"04:29:00","flight":"UA344"},{"day":3,"utc":"06:53:00","flight":"UA538"},{"day":4,"utc":"21:35:00","flight":"UA960"},{"day":4,"utc":"01:26:00","flight":"UA917"},{"day":4,"utc":"12:26:00","flight":"UA895"},{"day":4,"utc":"07:09:00","flight":"UA378"},{"day":4,"utc":"08:18:00","flight":"UA985"},{"day":5,"utc":"13:16:00","flight":"UA170"},{"day":6,"utc":"18:04:00","flight":"UA072"},{"day":6,"utc":"22:43:00","flight":"UA944"},{"day":6,"utc":"03:07:00","flight":"UA279"},{"day":6,"utc":"19:08:00","flight":"UA122"}],"distance":715.8814731417608}