{"id":55697,"type":"route","airline":"U6","airlineid":"airline_5234","sourceairport":"SVX","destinationairport":"CDG","stops":0,"equipment":"320","schedule":[{"day":0,"utc":"03:08:00","flight":"U6517"},{"day":0,"utc":"16:40:00","flight":"U6929"},{"day":1,"utc":"09:55:00","flight":"U6189"},{"day":1,"utc":"01:18:00","flight":"U6289"},{"day":1,"utc":"07:31:00","flight":"U6424"},{"day":2,"utc":"16:03:00","flight":"U6465"},{"day":2,"utc":"04:26:00","flight":"U6034"},{"day":3,"utc":"12:25:00","flight":"U6752"},{"day":3,"utc":"16:10:00","flight":"U6437"},{"day":3,"utc":"15:56:00","flight":"U6922"},{"day":3,"utc":"12:19:00","flight":"U6334"},{"day":3,"utc":"12:21:00","flight":"U6508"},{"day":4,"utc":"18:03:00","flight":"U6578"},{"day":4,"utc":"10:44:00","flight":"U6291"},{"day":4,"utc":"18:16:00","flight":"U6118"},{"day":4,"utc":"00:15:00","flight":"U6608"},{"day":5,"utc":"09:10:00","flight":"U6499"},{"day":5,"utc":"19:36:00","flight":"U6553"},{"day":6,"utc":"22:58:00","flight":"U6546"},{"day":6,"utc":"16:32:00","flight":"U6715"},{"day":6,"utc":"06:08:00","flight":"U6210"},{"day":6,"utc":"23:08:00","flight":"U6190"}],"distance":3877.0124043358924}