{"id":54316,"type":"route","airline":"TX","airlineid":"airline_567","sourceairport":"ORY","destinationairport":"SXM","stops":0,"equipment":"332","schedule":[{"day":0,"utc":"21:06:00","flight":"TX216"},{"day":0,"utc":"18:44:00","flight":"TX941"},{"day":0,"utc":"19:56:00","flight":"TX854"},{"day":0,"utc":"14:30:00","flight":"TX997"},{"day":1,"utc":"23:52:00","flight":"TX521"},{"day":1,"utc":"09:51:00","flight":"TX480"},{"day":1,"utc":"02:07:00","flight":"TX343"},{"day":2,"utc":"00:09:00","flight":"TX076"},{"day":2,"utc":"06:15:00","flight":"TX247"},{"day":2,"utc":"23:14:00","flight":"TX893"},{"day":2,"utc":"06:35:00","flight":"TX207"},{"day":3,"utc":"06:00:00","flight":"TX551"},{"day":4,"utc":"02:58:00","flight":"TX173"},{"day":4,"utc":"03:49:00","flight":"TX942"},{"day":4,"utc":"02:12:00","flight":"TX335"},{"day":5,"utc":"19:55:00","flight":"TX658"},{"day":5,"utc":"13:40:00","flight":"TX439"},{"day":6,"utc":"13:55:00","flight":"TX100"},{"day":6,"utc":"13:48:00","flight":"TX272"},{"day":6,"utc":"19:40:00","flight":"TX069"},{"day":6,"utc":"03:48:00","flight":"TX995"},{"day":6,"utc":"12:50:00","flight":"TX366"}],"distance":6721.7491813165725}