{"id":58806,"type":"route","airline":"US","airlineid":"airline_5265","sourceairport":"CLT","destinationairport":"ILM","stops":0,"equipment":"319 CRJ CR7","schedule":[{"day":0,"utc":"16:58:00","flight":"US595"},{"day":0,"utc":"17:27:00","flight":"US327"},{"day":0,"utc":"09:31:00","flight":"US726"},{"day":1,"utc":"23:58:00","flight":"US883"},{"day":1,"utc":"16:47:00","flight":"US583"},{"day":1,"utc":"12:05:00","flight":"US078"},{"day":1,"utc":"15:26:00","flight":"US865"},{"day":2,"utc":"08:40:00","flight":"US033"},{"day":2,"utc":"03:31:00","flight":"US443"},{"day":2,"utc":"13:06:00","flight":"US578"},{"day":2,"utc":"23:15:00","flight":"US590"},{"day":3,"utc":"09:34:00","flight":"US406"},{"day":3,"utc":"12:28:00","flight":"US355"},{"day":3,"utc":"05:23:00","flight":"US910"},{"day":4,"utc":"13:31:00","flight":"US752"},{"day":4,"utc":"00:27:00","flight":"US290"},{"day":4,"utc":"18:48:00","flight":"US730"},{"day":5,"utc":"18:18:00","flight":"US088"},{"day":5,"utc":"03:15:00","flight":"US144"},{"day":6,"utc":"01:50:00","flight":"US275"},{"day":6,"utc":"13:10:00","flight":"US443"},{"day":6,"utc":"16:25:00","flight":"US814"}]}