{"id":40589,"type":"route","airline":"MH","airlineid":"airline_3378","sourceairport":"JFK","destinationairport":"LHR","stops":0,"equipment":"777","schedule":[{"day":0,"utc":"13:44:00","flight":"MH123"},{"day":0,"utc":"09:20:00","flight":"MH030"},{"day":0,"utc":"01:13:00","flight":"MH603"},{"day":1,"utc":"04:05:00","flight":"MH315"},{"day":1,"utc":"18:43:00","flight":"MH711"},{"day":1,"utc":"06:39:00","flight":"MH566"},{"day":2,"utc":"11:21:00","flight":"MH410"},{"day":3,"utc":"05:22:00","flight":"MH511"},{"day":3,"utc":"02:55:00","flight":"MH336"},{"day":3,"utc":"20:52:00","flight":"MH533"},{"day":3,"utc":"14:20:00","flight":"MH318"},{"day":4,"utc":"12:42:00","flight":"MH748"},{"day":5,"utc":"09:41:00","flight":"MH363"},{"day":5,"utc":"16:17:00","flight":"MH370"},{"day":5,"utc":"07:36:00","flight":"MH074"},{"day":5,"utc":"14:34:00","flight":"MH541"},{"day":6,"utc":"09:33:00","flight":"MH535"}],"distance":5539.449296280836}