{"id":43466,"type":"route","airline":"NK","airlineid":"airline_4687","sourceairport":"LAS","destinationairport":"SAN","stops":0,"equipment":"320 319","schedule":[{"day":0,"utc":"00:51:00","flight":"NK653"},{"day":1,"utc":"12:52:00","flight":"NK556"},{"day":1,"utc":"09:05:00","flight":"NK526"},{"day":1,"utc":"18:58:00","flight":"NK692"},{"day":1,"utc":"17:54:00","flight":"NK070"},{"day":1,"utc":"01:54:00","flight":"NK573"},{"day":2,"utc":"23:44:00","flight":"NK525"},{"day":2,"utc":"14:58:00","flight":"NK703"},{"day":2,"utc":"04:38:00","flight":"NK192"},{"day":3,"utc":"00:00:00","flight":"NK585"},{"day":3,"utc":"23:27:00","flight":"NK543"},{"day":4,"utc":"04:09:00","flight":"NK946"},{"day":4,"utc":"11:45:00","flight":"NK635"},{"day":5,"utc":"14:55:00","flight":"NK013"},{"day":5,"utc":"08:41:00","flight":"NK751"},{"day":6,"utc":"06:15:00","flight":"NK325"},{"day":6,"utc":"16:01:00","flight":"NK791"},{"day":6,"utc":"16:48:00","flight":"NK960"},{"day":6,"utc":"06:11:00","flight":"NK423"},{"day":6,"utc":"03:45:00","flight":"NK838"}],"distance":416.39005859202024}