{"id":59036,"type":"route","airline":"US","airlineid":"airline_5265","sourceairport":"DFW","destinationairport":"CHS","stops":0,"equipment":"ER4 ERD","schedule":[{"day":0,"utc":"14:35:00","flight":"US899"},{"day":0,"utc":"14:28:00","flight":"US982"},{"day":0,"utc":"21:58:00","flight":"US609"},{"day":0,"utc":"14:31:00","flight":"US407"},{"day":0,"utc":"18:53:00","flight":"US715"},{"day":1,"utc":"22:19:00","flight":"US978"},{"day":1,"utc":"10:33:00","flight":"US916"},{"day":1,"utc":"07:04:00","flight":"US543"},{"day":2,"utc":"14:25:00","flight":"US634"},{"day":2,"utc":"11:57:00","flight":"US841"},{"day":2,"utc":"16:34:00","flight":"US079"},{"day":2,"utc":"15:02:00","flight":"US464"},{"day":3,"utc":"03:06:00","flight":"US591"},{"day":3,"utc":"00:03:00","flight":"US162"},{"day":3,"utc":"10:08:00","flight":"US395"},{"day":4,"utc":"20:44:00","flight":"US584"},{"day":4,"utc":"22:31:00","flight":"US884"},{"day":4,"utc":"16:35:00","flight":"US934"},{"day":5,"utc":"17:28:00","flight":"US583"},{"day":5,"utc":"08:01:00","flight":"US411"},{"day":6,"utc":"19:28:00","flight":"US148"},{"day":6,"utc":"23:03:00","flight":"US502"},{"day":6,"utc":"06:49:00","flight":"US616"},{"day":6,"utc":"21:54:00","flight":"US713"}],"distance":1585.222361750139}