{"id":20361,"type":"route","airline":"DL","airlineid":"airline_2009","sourceairport":"BRD","destinationairport":"MSP","stops":0,"equipment":"CRJ","schedule":[{"day":0,"utc":"04:09:00","flight":"DL273"},{"day":0,"utc":"00:12:00","flight":"DL372"},{"day":0,"utc":"02:36:00","flight":"DL501"},{"day":0,"utc":"23:55:00","flight":"DL030"},{"day":1,"utc":"17:56:00","flight":"DL205"},{"day":1,"utc":"16:04:00","flight":"DL744"},{"day":1,"utc":"09:41:00","flight":"DL953"},{"day":2,"utc":"06:21:00","flight":"DL411"},{"day":3,"utc":"11:51:00","flight":"DL954"},{"day":3,"utc":"19:28:00","flight":"DL346"},{"day":3,"utc":"05:00:00","flight":"DL489"},{"day":3,"utc":"03:24:00","flight":"DL754"},{"day":3,"utc":"12:47:00","flight":"DL858"},{"day":4,"utc":"10:54:00","flight":"DL412"},{"day":4,"utc":"06:16:00","flight":"DL455"},{"day":5,"utc":"06:03:00","flight":"DL210"},{"day":5,"utc":"01:24:00","flight":"DL021"},{"day":6,"utc":"04:40:00","flight":"DL172"},{"day":6,"utc":"19:38:00","flight":"DL081"},{"day":6,"utc":"18:27:00","flight":"DL975"}]}