{"id":25490,"type":"route","airline":"FL","airlineid":"airline_1316","sourceairport":"SJD","destinationairport":"SNA","stops":0,"equipment":"73G","schedule":[{"day":0,"utc":"05:27:00","flight":"FL116"},{"day":0,"utc":"22:07:00","flight":"FL949"},{"day":1,"utc":"13:03:00","flight":"FL149"},{"day":1,"utc":"15:28:00","flight":"FL698"},{"day":1,"utc":"01:05:00","flight":"FL920"},{"day":2,"utc":"18:45:00","flight":"FL321"},{"day":2,"utc":"01:30:00","flight":"FL836"},{"day":3,"utc":"12:52:00","flight":"FL483"},{"day":3,"utc":"17:53:00","flight":"FL811"},{"day":3,"utc":"20:54:00","flight":"FL556"},{"day":4,"utc":"14:17:00","flight":"FL008"},{"day":4,"utc":"18:07:00","flight":"FL747"},{"day":4,"utc":"03:33:00","flight":"FL870"},{"day":4,"utc":"04:11:00","flight":"FL341"},{"day":5,"utc":"18:36:00","flight":"FL389"},{"day":5,"utc":"15:50:00","flight":"FL586"},{"day":6,"utc":"09:56:00","flight":"FL273"},{"day":6,"utc":"04:45:00","flight":"FL363"}],"distance":1414.4372238313106}