{"id":25078,"type":"route","airline":"FL","airlineid":"airline_1316","sourceairport":"EYW","destinationairport":"TPA","stops":0,"equipment":"73W","schedule":[{"day":0,"utc":"16:45:00","flight":"FL030"},{"day":0,"utc":"04:40:00","flight":"FL846"},{"day":0,"utc":"09:59:00","flight":"FL791"},{"day":1,"utc":"04:59:00","flight":"FL312"},{"day":1,"utc":"04:03:00","flight":"FL772"},{"day":1,"utc":"01:11:00","flight":"FL433"},{"day":1,"utc":"19:44:00","flight":"FL822"},{"day":2,"utc":"03:20:00","flight":"FL878"},{"day":3,"utc":"18:23:00","flight":"FL455"},{"day":3,"utc":"16:39:00","flight":"FL238"},{"day":4,"utc":"22:13:00","flight":"FL684"},{"day":5,"utc":"04:15:00","flight":"FL661"},{"day":6,"utc":"04:17:00","flight":"FL666"},{"day":6,"utc":"21:26:00","flight":"FL059"},{"day":6,"utc":"14:03:00","flight":"FL748"},{"day":6,"utc":"15:24:00","flight":"FL149"}]}