{"id":14769,"type":"route","airline":"BA","airlineid":"airline_1355","sourceairport":"LHR","destinationairport":"RUH","stops":0,"equipment":"744 777","schedule":[{"day":0,"utc":"19:06:00","flight":"BA147"},{"day":0,"utc":"22:13:00","flight":"BA574"},{"day":1,"utc":"06:55:00","flight":"BA520"},{"day":1,"utc":"02:34:00","flight":"BA418"},{"day":2,"utc":"17:33:00","flight":"BA152"},{"day":2,"utc":"22:35:00","flight":"BA121"},{"day":2,"utc":"19:51:00","flight":"BA994"},{"day":2,"utc":"19:11:00","flight":"BA873"},{"day":2,"utc":"13:46:00","flight":"BA221"},{"day":3,"utc":"02:06:00","flight":"BA216"},{"day":3,"utc":"01:32:00","flight":"BA428"},{"day":3,"utc":"15:40:00","flight":"BA970"},{"day":3,"utc":"17:46:00","flight":"BA396"},{"day":3,"utc":"23:17:00","flight":"BA994"},{"day":4,"utc":"02:14:00","flight":"BA781"},{"day":4,"utc":"11:23:00","flight":"BA380"},{"day":5,"utc":"15:59:00","flight":"BA918"},{"day":5,"utc":"07:48:00","flight":"BA976"},{"day":5,"utc":"19:05:00","flight":"BA288"},{"day":5,"utc":"18:46:00","flight":"BA869"},{"day":5,"utc":"04:38:00","flight":"BA734"},{"day":6,"utc":"11:00:00","flight":"BA928"},{"day":6,"utc":"15:04:00","flight":"BA035"}]}