{"id":36645,"type":"route","airline":"KL","airlineid":"airline_3090","sourceairport":"GPT","destinationairport":"ATL","stops":0,"equipment":"M88 CRJ CR7","schedule":[{"day":0,"utc":"15:15:00","flight":"KL075"},{"day":0,"utc":"00:39:00","flight":"KL800"},{"day":0,"utc":"06:05:00","flight":"KL620"},{"day":0,"utc":"06:36:00","flight":"KL498"},{"day":1,"utc":"11:19:00","flight":"KL515"},{"day":2,"utc":"12:54:00","flight":"KL567"},{"day":2,"utc":"06:01:00","flight":"KL144"},{"day":2,"utc":"20:06:00","flight":"KL891"},{"day":2,"utc":"12:37:00","flight":"KL057"},{"day":2,"utc":"17:42:00","flight":"KL681"},{"day":3,"utc":"15:25:00","flight":"KL953"},{"day":3,"utc":"10:35:00","flight":"KL031"},{"day":3,"utc":"04:56:00","flight":"KL961"},{"day":3,"utc":"20:43:00","flight":"KL378"},{"day":3,"utc":"00:49:00","flight":"KL345"},{"day":4,"utc":"11:02:00","flight":"KL165"},{"day":4,"utc":"05:33:00","flight":"KL007"},{"day":4,"utc":"09:26:00","flight":"KL909"},{"day":4,"utc":"03:05:00","flight":"KL680"},{"day":5,"utc":"02:51:00","flight":"KL832"},{"day":6,"utc":"22:19:00","flight":"KL094"},{"day":6,"utc":"05:58:00","flight":"KL940"},{"day":6,"utc":"19:53:00","flight":"KL631"},{"day":6,"utc":"14:32:00","flight":"KL189"}]}