{"id":14726,"type":"route","airline":"BA","airlineid":"airline_1355","sourceairport":"LHR","destinationairport":"JMK","stops":0,"equipment":"320","schedule":[{"day":0,"utc":"14:13:00","flight":"BA035"},{"day":0,"utc":"02:39:00","flight":"BA804"},{"day":0,"utc":"23:15:00","flight":"BA170"},{"day":0,"utc":"00:18:00","flight":"BA899"},{"day":1,"utc":"15:50:00","flight":"BA686"},{"day":2,"utc":"03:03:00","flight":"BA000"},{"day":2,"utc":"22:36:00","flight":"BA502"},{"day":2,"utc":"12:00:00","flight":"BA888"},{"day":2,"utc":"16:34:00","flight":"BA865"},{"day":3,"utc":"02:53:00","flight":"BA365"},{"day":3,"utc":"19:02:00","flight":"BA580"},{"day":4,"utc":"00:09:00","flight":"BA094"},{"day":5,"utc":"19:49:00","flight":"BA076"},{"day":5,"utc":"08:46:00","flight":"BA430"},{"day":5,"utc":"06:18:00","flight":"BA708"},{"day":6,"utc":"21:30:00","flight":"BA513"},{"day":6,"utc":"20:00:00","flight":"BA168"}],"distance":2552.930294509646}