{"id":61825,"type":"route","airline":"VS","airlineid":"airline_5347","sourceairport":"RSW","destinationairport":"ATL","stops":0,"equipment":"M90 757 M88","schedule":[{"day":0,"utc":"02:58:00","flight":"VS933"},{"day":0,"utc":"16:58:00","flight":"VS844"},{"day":0,"utc":"15:46:00","flight":"VS170"},{"day":0,"utc":"11:17:00","flight":"VS774"},{"day":0,"utc":"19:35:00","flight":"VS789"},{"day":1,"utc":"04:06:00","flight":"VS790"},{"day":1,"utc":"23:41:00","flight":"VS232"},{"day":1,"utc":"11:47:00","flight":"VS677"},{"day":1,"utc":"03:25:00","flight":"VS875"},{"day":1,"utc":"20:18:00","flight":"VS993"},{"day":2,"utc":"06:28:00","flight":"VS157"},{"day":3,"utc":"02:21:00","flight":"VS321"},{"day":3,"utc":"00:02:00","flight":"VS495"},{"day":3,"utc":"02:53:00","flight":"VS740"},{"day":3,"utc":"05:09:00","flight":"VS646"},{"day":3,"utc":"04:21:00","flight":"VS080"},{"day":4,"utc":"21:47:00","flight":"VS768"},{"day":4,"utc":"02:01:00","flight":"VS255"},{"day":4,"utc":"09:57:00","flight":"VS383"},{"day":5,"utc":"20:19:00","flight":"VS114"},{"day":5,"utc":"14:37:00","flight":"VS065"},{"day":5,"utc":"20:35:00","flight":"VS384"},{"day":6,"utc":"17:27:00","flight":"VS174"}]}