{"id":21449,"type":"route","airline":"DL","airlineid":"airline_2009","sourceairport":"MSP","destinationairport":"STL","stops":0,"equipment":"M90 319 320 M88","schedule":[{"day":0,"utc":"19:50:00","flight":"DL407"},{"day":0,"utc":"09:47:00","flight":"DL754"},{"day":0,"utc":"17:08:00","flight":"DL594"},{"day":1,"utc":"23:37:00","flight":"DL040"},{"day":1,"utc":"12:06:00","flight":"DL502"},{"day":1,"utc":"13:45:00","flight":"DL784"},{"day":1,"utc":"07:50:00","flight":"DL707"},{"day":2,"utc":"13:21:00","flight":"DL758"},{"day":2,"utc":"18:48:00","flight":"DL123"},{"day":2,"utc":"08:19:00","flight":"DL851"},{"day":2,"utc":"11:16:00","flight":"DL832"},{"day":2,"utc":"05:16:00","flight":"DL280"},{"day":3,"utc":"07:22:00","flight":"DL107"},{"day":3,"utc":"04:23:00","flight":"DL106"},{"day":4,"utc":"04:21:00","flight":"DL252"},{"day":4,"utc":"13:54:00","flight":"DL028"},{"day":4,"utc":"03:32:00","flight":"DL937"},{"day":4,"utc":"21:35:00","flight":"DL065"},{"day":5,"utc":"23:39:00","flight":"DL206"},{"day":5,"utc":"05:10:00","flight":"DL020"},{"day":5,"utc":"16:16:00","flight":"DL472"},{"day":5,"utc":"02:33:00","flight":"DL806"},{"day":6,"utc":"10:32:00","flight":"DL625"},{"day":6,"utc":"03:07:00","flight":"DL981"},{"day":6,"utc":"03:07:00","flight":"DL151"},{"day":6,"utc":"23:06:00","flight":"DL332"}],"distance":721.6462721657423}