{"id":15036,"type":"route","airline":"BE","airlineid":"airline_2421","sourceairport":"ABZ","destinationairport":"MAN","stops":0,"equipment":"E75 DH4","schedule":[{"day":0,"utc":"12:42:00","flight":"BE389"},{"day":0,"utc":"08:14:00","flight":"BE228"},{"day":0,"utc":"21:14:00","flight":"BE993"},{"day":0,"utc":"15:46:00","flight":"BE595"},{"day":0,"utc":"19:11:00","flight":"BE439"},{"day":1,"utc":"13:10:00","flight":"BE241"},{"day":1,"utc":"13:41:00","flight":"BE366"},{"day":1,"utc":"10:47:00","flight":"BE311"},{"day":1,"utc":"02:34:00","flight":"BE377"},{"day":1,"utc":"21:30:00","flight":"BE328"},{"day":2,"utc":"07:57:00","flight":"BE818"},{"day":3,"utc":"09:48:00","flight":"BE938"},{"day":3,"utc":"23:29:00","flight":"BE442"},{"day":3,"utc":"03:12:00","flight":"BE612"},{"day":3,"utc":"14:50:00","flight":"BE503"},{"day":4,"utc":"06:37:00","flight":"BE374"},{"day":4,"utc":"23:20:00","flight":"BE612"},{"day":4,"utc":"03:02:00","flight":"BE178"},{"day":5,"utc":"14:21:00","flight":"BE702"},{"day":5,"utc":"09:18:00","flight":"BE334"},{"day":5,"utc":"08:21:00","flight":"BE175"},{"day":6,"utc":"22:58:00","flight":"BE192"}],"distance":427.9281557112095}