{"id":56473,"type":"route","airline":"UA","airlineid":"airline_5209","sourceairport":"FRA","destinationairport":"GYD","stops":0,"equipment":"333","schedule":[{"day":0,"utc":"18:33:00","flight":"UA475"},{"day":0,"utc":"12:11:00","flight":"UA722"},{"day":0,"utc":"20:30:00","flight":"UA614"},{"day":1,"utc":"14:30:00","flight":"UA525"},{"day":1,"utc":"04:33:00","flight":"UA365"},{"day":1,"utc":"20:28:00","flight":"UA564"},{"day":1,"utc":"02:52:00","flight":"UA625"},{"day":1,"utc":"19:13:00","flight":"UA343"},{"day":2,"utc":"02:32:00","flight":"UA490"},{"day":2,"utc":"10:48:00","flight":"UA214"},{"day":2,"utc":"12:23:00","flight":"UA171"},{"day":2,"utc":"07:43:00","flight":"UA872"},{"day":3,"utc":"05:29:00","flight":"UA017"},{"day":4,"utc":"05:11:00","flight":"UA945"},{"day":4,"utc":"12:24:00","flight":"UA806"},{"day":5,"utc":"23:50:00","flight":"UA066"},{"day":5,"utc":"22:24:00","flight":"UA981"},{"day":5,"utc":"23:34:00","flight":"UA126"},{"day":6,"utc":"16:13:00","flight":"UA640"},{"day":6,"utc":"04:36:00","flight":"UA934"},{"day":6,"utc":"19:53:00","flight":"UA878"}],"distance":3369.174374119129}