{"id":7928,"type":"route","airline":"AC","airlineid":"airline_330","sourceairport":"IAD","destinationairport":"YOW","stops":0,"equipment":"ERJ","schedule":[{"day":0,"utc":"20:10:00","flight":"AC026"},{"day":1,"utc":"13:45:00","flight":"AC220"},{"day":2,"utc":"21:20:00","flight":"AC232"},{"day":2,"utc":"14:49:00","flight":"AC778"},{"day":2,"utc":"00:01:00","flight":"AC003"},{"day":2,"utc":"23:39:00","flight":"AC034"},{"day":2,"utc":"09:38:00","flight":"AC844"},{"day":3,"utc":"19:56:00","flight":"AC025"},{"day":3,"utc":"00:11:00","flight":"AC346"},{"day":3,"utc":"22:25:00","flight":"AC204"},{"day":3,"utc":"05:16:00","flight":"AC250"},{"day":4,"utc":"06:52:00","flight":"AC065"},{"day":4,"utc":"09:23:00","flight":"AC501"},{"day":4,"utc":"14:40:00","flight":"AC281"},{"day":4,"utc":"19:47:00","flight":"AC498"},{"day":5,"utc":"17:46:00","flight":"AC923"},{"day":5,"utc":"23:40:00","flight":"AC452"},{"day":5,"utc":"07:49:00","flight":"AC721"},{"day":5,"utc":"23:18:00","flight":"AC929"},{"day":6,"utc":"02:13:00","flight":"AC653"},{"day":6,"utc":"02:56:00","flight":"AC039"},{"day":6,"utc":"23:34:00","flight":"AC360"},{"day":6,"utc":"02:35:00","flight":"AC448"},{"day":6,"utc":"12:59:00","flight":"AC147"}],"distance":724.2846281887029}