{"id":43971,"type":"route","airline":"NZ","airlineid":"airline_345","sourceairport":"NAN","destinationairport":"LAX","stops":0,"equipment":"332","schedule":[{"day":0,"utc":"17:52:00","flight":"NZ176"},{"day":0,"utc":"22:46:00","flight":"NZ940"},{"day":0,"utc":"23:14:00","flight":"NZ283"},{"day":0,"utc":"10:22:00","flight":"NZ057"},{"day":0,"utc":"18:00:00","flight":"NZ707"},{"day":1,"utc":"15:32:00","flight":"NZ470"},{"day":1,"utc":"08:18:00","flight":"NZ785"},{"day":1,"utc":"09:52:00","flight":"NZ935"},{"day":2,"utc":"15:06:00","flight":"NZ414"},{"day":3,"utc":"12:45:00","flight":"NZ178"},{"day":3,"utc":"21:09:00","flight":"NZ247"},{"day":3,"utc":"13:20:00","flight":"NZ570"},{"day":4,"utc":"03:51:00","flight":"NZ867"},{"day":4,"utc":"22:06:00","flight":"NZ656"},{"day":4,"utc":"11:35:00","flight":"NZ840"},{"day":5,"utc":"19:41:00","flight":"NZ620"},{"day":5,"utc":"21:03:00","flight":"NZ753"},{"day":6,"utc":"21:45:00","flight":"NZ422"}],"distance":8891.814368751084}