{"id":64638,"type":"route","airline":"WS","airlineid":"airline_5416","sourceairport":"ORD","destinationairport":"YYC","stops":0,"equipment":"73W","schedule":[{"day":0,"utc":"02:09:00","flight":"WS880"},{"day":0,"utc":"06:15:00","flight":"WS660"},{"day":0,"utc":"04:46:00","flight":"WS907"},{"day":0,"utc":"00:47:00","flight":"WS949"},{"day":0,"utc":"10:00:00","flight":"WS195"},{"day":1,"utc":"11:29:00","flight":"WS204"},{"day":1,"utc":"23:43:00","flight":"WS100"},{"day":1,"utc":"16:12:00","flight":"WS623"},{"day":2,"utc":"23:29:00","flight":"WS566"},{"day":2,"utc":"10:35:00","flight":"WS420"},{"day":2,"utc":"02:01:00","flight":"WS991"},{"day":2,"utc":"15:05:00","flight":"WS076"},{"day":2,"utc":"10:48:00","flight":"WS404"},{"day":3,"utc":"11:24:00","flight":"WS139"},{"day":3,"utc":"08:32:00","flight":"WS467"},{"day":4,"utc":"03:03:00","flight":"WS102"},{"day":4,"utc":"10:22:00","flight":"WS419"},{"day":4,"utc":"21:14:00","flight":"WS617"},{"day":5,"utc":"03:36:00","flight":"WS540"},{"day":5,"utc":"21:49:00","flight":"WS863"},{"day":5,"utc":"03:05:00","flight":"WS282"},{"day":5,"utc":"20:09:00","flight":"WS754"},{"day":6,"utc":"19:55:00","flight":"WS778"},{"day":6,"utc":"11:49:00","flight":"WS936"}]}