{"id":54871,"type":"route","airline":"U2","airlineid":"airline_2297","sourceairport":"IBZ","destinationairport":"MXP","stops":0,"equipment":"319","schedule":[{"day":0,"utc":"17:44:00","flight":"U2048"},{"day":0,"utc":"22:10:00","flight":"U2292"},{"day":0,"utc":"16:48:00","flight":"U2693"},{"day":0,"utc":"11:11:00","flight":"U2406"},{"day":0,"utc":"07:01:00","flight":"U2033"},{"day":1,"utc":"03:50:00","flight":"U2971"},{"day":1,"utc":"01:21:00","flight":"U2994"},{"day":1,"utc":"18:56:00","flight":"U2813"},{"day":1,"utc":"13:44:00","flight":"U2745"},{"day":2,"utc":"07:11:00","flight":"U2918"},{"day":2,"utc":"11:43:00","flight":"U2078"},{"day":2,"utc":"10:57:00","flight":"U2736"},{"day":3,"utc":"09:59:00","flight":"U2258"},{"day":3,"utc":"03:58:00","flight":"U2348"},{"day":3,"utc":"06:13:00","flight":"U2773"},{"day":3,"utc":"15:42:00","flight":"U2521"},{"day":3,"utc":"15:53:00","flight":"U2775"},{"day":4,"utc":"12:41:00","flight":"U2984"},{"day":4,"utc":"06:10:00","flight":"U2955"},{"day":5,"utc":"06:19:00","flight":"U2180"},{"day":5,"utc":"01:06:00","flight":"U2597"},{"day":5,"utc":"23:38:00","flight":"U2939"},{"day":6,"utc":"05:40:00","flight":"U2271"},{"day":6,"utc":"13:34:00","flight":"U2961"},{"day":6,"utc":"23:42:00","flight":"U2676"}]}