{"id":39112,"type":"route","airline":"LO","airlineid":"airline_3210","sourceairport":"NCE","destinationairport":"WAW","stops":0,"equipment":"E75","schedule":[{"day":0,"utc":"04:28:00","flight":"LO349"},{"day":0,"utc":"08:13:00","flight":"LO354"},{"day":0,"utc":"23:00:00","flight":"LO843"},{"day":0,"utc":"11:55:00","flight":"LO588"},{"day":1,"utc":"04:15:00","flight":"LO078"},{"day":2,"utc":"08:59:00","flight":"LO105"},{"day":2,"utc":"23:17:00","flight":"LO653"},{"day":2,"utc":"22:17:00","flight":"LO904"},{"day":2,"utc":"09:19:00","flight":"LO465"},{"day":2,"utc":"08:00:00","flight":"LO165"},{"day":3,"utc":"02:35:00","flight":"LO648"},{"day":3,"utc":"15:03:00","flight":"LO348"},{"day":3,"utc":"07:58:00","flight":"LO456"},{"day":4,"utc":"19:39:00","flight":"LO363"},{"day":4,"utc":"09:14:00","flight":"LO655"},{"day":4,"utc":"18:50:00","flight":"LO197"},{"day":4,"utc":"11:36:00","flight":"LO457"},{"day":5,"utc":"02:41:00","flight":"LO880"},{"day":5,"utc":"17:24:00","flight":"LO865"},{"day":5,"utc":"23:35:00","flight":"LO878"},{"day":5,"utc":"01:51:00","flight":"LO677"},{"day":6,"utc":"14:51:00","flight":"LO542"},{"day":6,"utc":"09:46:00","flight":"LO138"},{"day":6,"utc":"19:50:00","flight":"LO364"},{"day":6,"utc":"08:32:00","flight":"LO007"}],"distance":1390.4852970755321}