{"id":59921,"type":"route","airline":"US","airlineid":"airline_5265","sourceairport":"ORD","destinationairport":"JAX","stops":0,"equipment":"ER4 CR7","schedule":[{"day":0,"utc":"02:36:00","flight":"US981"},{"day":0,"utc":"03:30:00","flight":"US892"},{"day":0,"utc":"14:04:00","flight":"US668"},{"day":0,"utc":"09:02:00","flight":"US143"},{"day":0,"utc":"01:35:00","flight":"US836"},{"day":1,"utc":"12:45:00","flight":"US523"},{"day":1,"utc":"17:00:00","flight":"US966"},{"day":1,"utc":"02:27:00","flight":"US162"},{"day":2,"utc":"05:34:00","flight":"US922"},{"day":2,"utc":"09:21:00","flight":"US807"},{"day":2,"utc":"02:31:00","flight":"US315"},{"day":3,"utc":"09:25:00","flight":"US845"},{"day":3,"utc":"05:29:00","flight":"US804"},{"day":3,"utc":"10:00:00","flight":"US001"},{"day":4,"utc":"18:11:00","flight":"US503"},{"day":4,"utc":"01:11:00","flight":"US169"},{"day":4,"utc":"22:53:00","flight":"US352"},{"day":4,"utc":"08:43:00","flight":"US978"},{"day":5,"utc":"15:56:00","flight":"US640"},{"day":6,"utc":"02:30:00","flight":"US320"},{"day":6,"utc":"20:54:00","flight":"US647"},{"day":6,"utc":"07:20:00","flight":"US653"},{"day":6,"utc":"13:50:00","flight":"US538"}],"distance":1392.4309178335589}