{"id":61772,"type":"route","airline":"VS","airlineid":"airline_5347","sourceairport":"LHR","destinationairport":"HKG","stops":0,"equipment":"346","schedule":[{"day":0,"utc":"07:36:00","flight":"VS386"},{"day":1,"utc":"11:55:00","flight":"VS580"},{"day":1,"utc":"13:03:00","flight":"VS087"},{"day":1,"utc":"02:10:00","flight":"VS448"},{"day":1,"utc":"13:09:00","flight":"VS510"},{"day":1,"utc":"17:48:00","flight":"VS577"},{"day":2,"utc":"07:12:00","flight":"VS978"},{"day":2,"utc":"20:37:00","flight":"VS755"},{"day":3,"utc":"06:50:00","flight":"VS417"},{"day":3,"utc":"21:21:00","flight":"VS217"},{"day":3,"utc":"18:15:00","flight":"VS042"},{"day":3,"utc":"09:01:00","flight":"VS280"},{"day":4,"utc":"22:48:00","flight":"VS420"},{"day":5,"utc":"00:05:00","flight":"VS501"},{"day":5,"utc":"14:53:00","flight":"VS427"},{"day":5,"utc":"16:13:00","flight":"VS899"},{"day":6,"utc":"13:39:00","flight":"VS286"},{"day":6,"utc":"11:44:00","flight":"VS264"},{"day":6,"utc":"06:46:00","flight":"VS197"},{"day":6,"utc":"19:29:00","flight":"VS424"},{"day":6,"utc":"18:31:00","flight":"VS028"}],"distance":9630.333090436143}