{"id":11765,"type":"route","airline":"AS","airlineid":"airline_439","sourceairport":"MFR","destinationairport":"PDX","stops":0,"equipment":"DH4","schedule":[{"day":0,"utc":"05:48:00","flight":"AS826"},{"day":0,"utc":"11:21:00","flight":"AS885"},{"day":0,"utc":"16:10:00","flight":"AS207"},{"day":1,"utc":"03:07:00","flight":"AS771"},{"day":1,"utc":"18:04:00","flight":"AS830"},{"day":1,"utc":"18:25:00","flight":"AS628"},{"day":2,"utc":"13:06:00","flight":"AS920"},{"day":2,"utc":"04:01:00","flight":"AS911"},{"day":2,"utc":"10:51:00","flight":"AS835"},{"day":3,"utc":"06:43:00","flight":"AS143"},{"day":4,"utc":"11:09:00","flight":"AS820"},{"day":4,"utc":"20:34:00","flight":"AS035"},{"day":4,"utc":"01:32:00","flight":"AS474"},{"day":5,"utc":"19:53:00","flight":"AS556"},{"day":5,"utc":"23:10:00","flight":"AS793"},{"day":5,"utc":"19:38:00","flight":"AS275"},{"day":5,"utc":"22:46:00","flight":"AS489"},{"day":5,"utc":"15:22:00","flight":"AS023"},{"day":6,"utc":"10:36:00","flight":"AS297"},{"day":6,"utc":"02:22:00","flight":"AS385"},{"day":6,"utc":"16:52:00","flight":"AS526"},{"day":6,"utc":"05:29:00","flight":"AS957"}]}