{"id":6935,"type":"route","airline":"AA","airlineid":"airline_24","sourceairport":"UIO","destinationairport":"MIA","stops":0,"equipment":"757","schedule":[{"day":0,"utc":"18:51:00","flight":"AA260"},{"day":0,"utc":"10:58:00","flight":"AA253"},{"day":0,"utc":"01:52:00","flight":"AA068"},{"day":0,"utc":"05:27:00","flight":"AA636"},{"day":0,"utc":"19:11:00","flight":"AA422"},{"day":1,"utc":"21:37:00","flight":"AA349"},{"day":1,"utc":"21:58:00","flight":"AA330"},{"day":1,"utc":"05:39:00","flight":"AA932"},{"day":1,"utc":"08:10:00","flight":"AA059"},{"day":2,"utc":"20:03:00","flight":"AA864"},{"day":2,"utc":"04:37:00","flight":"AA260"},{"day":2,"utc":"16:53:00","flight":"AA406"},{"day":2,"utc":"20:09:00","flight":"AA288"},{"day":2,"utc":"15:26:00","flight":"AA386"},{"day":3,"utc":"09:06:00","flight":"AA826"},{"day":4,"utc":"02:29:00","flight":"AA866"},{"day":4,"utc":"20:23:00","flight":"AA432"},{"day":4,"utc":"10:24:00","flight":"AA100"},{"day":5,"utc":"10:48:00","flight":"AA059"},{"day":6,"utc":"21:23:00","flight":"AA906"},{"day":6,"utc":"19:15:00","flight":"AA793"},{"day":6,"utc":"21:09:00","flight":"AA236"},{"day":6,"utc":"15:32:00","flight":"AA436"},{"day":6,"utc":"00:39:00","flight":"AA671"}]}