{"id":32541,"type":"route","airline":"IB","airlineid":"airline_2822","sourceairport":"JFK","destinationairport":"LHR","stops":0,"equipment":"744 77W 777","schedule":[{"day":0,"utc":"22:31:00","flight":"IB828"},{"day":0,"utc":"19:41:00","flight":"IB919"},{"day":0,"utc":"01:55:00","flight":"IB127"},{"day":0,"utc":"06:06:00","flight":"IB545"},{"day":0,"utc":"21:20:00","flight":"IB292"},{"day":1,"utc":"20:57:00","flight":"IB902"},{"day":1,"utc":"20:45:00","flight":"IB792"},{"day":1,"utc":"15:17:00","flight":"IB135"},{"day":1,"utc":"09:15:00","flight":"IB330"},{"day":1,"utc":"13:38:00","flight":"IB528"},{"day":2,"utc":"21:24:00","flight":"IB455"},{"day":2,"utc":"09:09:00","flight":"IB808"},{"day":2,"utc":"17:45:00","flight":"IB581"},{"day":2,"utc":"08:15:00","flight":"IB664"},{"day":3,"utc":"03:08:00","flight":"IB187"},{"day":3,"utc":"04:44:00","flight":"IB689"},{"day":3,"utc":"19:45:00","flight":"IB432"},{"day":3,"utc":"07:08:00","flight":"IB794"},{"day":4,"utc":"03:24:00","flight":"IB086"},{"day":4,"utc":"17:47:00","flight":"IB594"},{"day":4,"utc":"13:06:00","flight":"IB802"},{"day":4,"utc":"05:15:00","flight":"IB829"},{"day":5,"utc":"08:04:00","flight":"IB914"},{"day":5,"utc":"23:04:00","flight":"IB036"},{"day":6,"utc":"14:38:00","flight":"IB527"},{"day":6,"utc":"16:23:00","flight":"IB422"}],"distance":5539.449296280836}