{"id":23730,"type":"route","airline":"ET","airlineid":"airline_2220","sourceairport":"CDG","destinationairport":"ADD","stops":0,"equipment":"763","schedule":[{"day":0,"utc":"05:11:00","flight":"ET895"},{"day":0,"utc":"16:02:00","flight":"ET117"},{"day":0,"utc":"07:30:00","flight":"ET488"},{"day":0,"utc":"21:20:00","flight":"ET456"},{"day":0,"utc":"22:58:00","flight":"ET671"},{"day":1,"utc":"12:39:00","flight":"ET941"},{"day":1,"utc":"16:19:00","flight":"ET613"},{"day":1,"utc":"17:16:00","flight":"ET580"},{"day":2,"utc":"19:44:00","flight":"ET163"},{"day":2,"utc":"15:50:00","flight":"ET878"},{"day":2,"utc":"20:31:00","flight":"ET242"},{"day":3,"utc":"21:30:00","flight":"ET205"},{"day":3,"utc":"23:25:00","flight":"ET086"},{"day":3,"utc":"08:49:00","flight":"ET705"},{"day":3,"utc":"07:47:00","flight":"ET620"},{"day":3,"utc":"05:15:00","flight":"ET301"},{"day":4,"utc":"20:38:00","flight":"ET260"},{"day":4,"utc":"23:29:00","flight":"ET357"},{"day":4,"utc":"04:24:00","flight":"ET943"},{"day":5,"utc":"11:31:00","flight":"ET703"},{"day":5,"utc":"13:35:00","flight":"ET777"},{"day":6,"utc":"01:11:00","flight":"ET764"},{"day":6,"utc":"08:56:00","flight":"ET453"},{"day":6,"utc":"07:25:00","flight":"ET644"},{"day":6,"utc":"06:28:00","flight":"ET143"}],"distance":5580.725779445767}