{"id":36415,"type":"route","airline":"KL","airlineid":"airline_3090","sourceairport":"ATL","destinationairport":"MLI","stops":0,"equipment":"CR7 CR9","schedule":[{"day":0,"utc":"09:13:00","flight":"KL190"},{"day":1,"utc":"07:17:00","flight":"KL794"},{"day":2,"utc":"04:06:00","flight":"KL885"},{"day":2,"utc":"07:56:00","flight":"KL611"},{"day":2,"utc":"21:28:00","flight":"KL269"},{"day":2,"utc":"17:44:00","flight":"KL555"},{"day":2,"utc":"03:00:00","flight":"KL704"},{"day":3,"utc":"19:30:00","flight":"KL117"},{"day":3,"utc":"09:25:00","flight":"KL266"},{"day":3,"utc":"06:20:00","flight":"KL701"},{"day":3,"utc":"20:05:00","flight":"KL561"},{"day":3,"utc":"18:02:00","flight":"KL932"},{"day":4,"utc":"00:51:00","flight":"KL805"},{"day":4,"utc":"03:44:00","flight":"KL012"},{"day":4,"utc":"02:34:00","flight":"KL484"},{"day":5,"utc":"10:40:00","flight":"KL786"},{"day":6,"utc":"00:12:00","flight":"KL720"},{"day":6,"utc":"06:57:00","flight":"KL215"},{"day":6,"utc":"02:07:00","flight":"KL263"}],"distance":1020.0446480125665}