{"id":25125,"type":"route","airline":"FL","airlineid":"airline_1316","sourceairport":"IAD","destinationairport":"TPA","stops":0,"equipment":"73W","schedule":[{"day":0,"utc":"21:15:00","flight":"FL539"},{"day":1,"utc":"12:00:00","flight":"FL845"},{"day":1,"utc":"04:16:00","flight":"FL088"},{"day":1,"utc":"00:15:00","flight":"FL007"},{"day":1,"utc":"22:37:00","flight":"FL751"},{"day":2,"utc":"13:07:00","flight":"FL708"},{"day":2,"utc":"23:28:00","flight":"FL894"},{"day":3,"utc":"03:22:00","flight":"FL881"},{"day":3,"utc":"01:24:00","flight":"FL480"},{"day":3,"utc":"02:40:00","flight":"FL374"},{"day":4,"utc":"10:38:00","flight":"FL023"},{"day":5,"utc":"07:28:00","flight":"FL460"},{"day":5,"utc":"17:59:00","flight":"FL228"},{"day":5,"utc":"14:07:00","flight":"FL703"},{"day":6,"utc":"16:26:00","flight":"FL118"},{"day":6,"utc":"20:24:00","flight":"FL015"},{"day":6,"utc":"16:23:00","flight":"FL213"},{"day":6,"utc":"23:59:00","flight":"FL366"},{"day":6,"utc":"17:50:00","flight":"FL273"}]}