{"id":20794,"type":"route","airline":"DL","airlineid":"airline_2009","sourceairport":"GRB","destinationairport":"MSP","stops":0,"equipment":"CR9 CRJ","schedule":[{"day":0,"utc":"04:06:00","flight":"DL510"},{"day":0,"utc":"16:30:00","flight":"DL269"},{"day":0,"utc":"07:39:00","flight":"DL610"},{"day":0,"utc":"12:59:00","flight":"DL019"},{"day":1,"utc":"00:38:00","flight":"DL941"},{"day":2,"utc":"11:55:00","flight":"DL506"},{"day":3,"utc":"09:50:00","flight":"DL980"},{"day":3,"utc":"17:36:00","flight":"DL129"},{"day":4,"utc":"22:21:00","flight":"DL822"},{"day":4,"utc":"02:55:00","flight":"DL428"},{"day":4,"utc":"09:47:00","flight":"DL724"},{"day":5,"utc":"22:01:00","flight":"DL849"},{"day":5,"utc":"10:44:00","flight":"DL313"},{"day":6,"utc":"10:32:00","flight":"DL148"},{"day":6,"utc":"01:32:00","flight":"DL293"},{"day":6,"utc":"20:16:00","flight":"DL398"},{"day":6,"utc":"20:20:00","flight":"DL865"}],"distance":404.92988152927836}