{"id":22499,"type":"route","airline":"DY","airlineid":"airline_3737","sourceairport":"LAX","destinationairport":"ARN","stops":0,"equipment":"788","schedule":[{"day":0,"utc":"03:46:00","flight":"DY929"},{"day":0,"utc":"19:13:00","flight":"DY054"},{"day":0,"utc":"15:09:00","flight":"DY364"},{"day":1,"utc":"18:08:00","flight":"DY383"},{"day":1,"utc":"20:30:00","flight":"DY494"},{"day":2,"utc":"10:33:00","flight":"DY798"},{"day":3,"utc":"17:15:00","flight":"DY059"},{"day":3,"utc":"20:19:00","flight":"DY077"},{"day":3,"utc":"03:24:00","flight":"DY571"},{"day":4,"utc":"14:50:00","flight":"DY427"},{"day":4,"utc":"12:38:00","flight":"DY121"},{"day":4,"utc":"22:55:00","flight":"DY809"},{"day":5,"utc":"21:18:00","flight":"DY807"},{"day":6,"utc":"16:45:00","flight":"DY640"},{"day":6,"utc":"11:38:00","flight":"DY756"}],"distance":8863.030740632628}