{"id":4792,"type":"route","airline":"AA","airlineid":"airline_24","sourceairport":"BOS","destinationairport":"CLT","stops":0,"equipment":"319 321 320 E90","schedule":[{"day":0,"utc":"22:43:00","flight":"AA598"},{"day":0,"utc":"06:54:00","flight":"AA680"},{"day":0,"utc":"09:43:00","flight":"AA112"},{"day":0,"utc":"20:50:00","flight":"AA218"},{"day":0,"utc":"16:47:00","flight":"AA998"},{"day":1,"utc":"01:57:00","flight":"AA309"},{"day":1,"utc":"05:30:00","flight":"AA591"},{"day":1,"utc":"21:16:00","flight":"AA816"},{"day":2,"utc":"11:50:00","flight":"AA003"},{"day":2,"utc":"03:40:00","flight":"AA767"},{"day":2,"utc":"19:15:00","flight":"AA774"},{"day":2,"utc":"17:44:00","flight":"AA492"},{"day":3,"utc":"02:17:00","flight":"AA636"},{"day":4,"utc":"23:57:00","flight":"AA357"},{"day":5,"utc":"03:07:00","flight":"AA757"},{"day":5,"utc":"19:09:00","flight":"AA474"},{"day":5,"utc":"02:50:00","flight":"AA797"},{"day":6,"utc":"04:48:00","flight":"AA382"},{"day":6,"utc":"14:13:00","flight":"AA855"},{"day":6,"utc":"17:52:00","flight":"AA306"}],"distance":1170.6824066437891}