{"id":37697,"type":"route","airline":"LA","airlineid":"airline_3200","sourceairport":"LIM","destinationairport":"JFK","stops":0,"equipment":"763","schedule":[{"day":0,"utc":"10:48:00","flight":"LA796"},{"day":0,"utc":"20:14:00","flight":"LA391"},{"day":1,"utc":"10:03:00","flight":"LA615"},{"day":1,"utc":"06:02:00","flight":"LA377"},{"day":1,"utc":"22:13:00","flight":"LA448"},{"day":1,"utc":"07:28:00","flight":"LA028"},{"day":2,"utc":"16:42:00","flight":"LA277"},{"day":2,"utc":"00:09:00","flight":"LA950"},{"day":2,"utc":"16:43:00","flight":"LA739"},{"day":2,"utc":"17:19:00","flight":"LA145"},{"day":3,"utc":"11:47:00","flight":"LA592"},{"day":4,"utc":"19:08:00","flight":"LA886"},{"day":4,"utc":"00:54:00","flight":"LA651"},{"day":4,"utc":"06:22:00","flight":"LA472"},{"day":5,"utc":"14:24:00","flight":"LA485"},{"day":5,"utc":"04:47:00","flight":"LA346"},{"day":6,"utc":"04:09:00","flight":"LA698"},{"day":6,"utc":"21:19:00","flight":"LA774"},{"day":6,"utc":"23:29:00","flight":"LA952"},{"day":6,"utc":"20:00:00","flight":"LA692"},{"day":6,"utc":"00:58:00","flight":"LA356"}],"distance":5865.775262992451}