{"id":60399,"type":"route","airline":"US","airlineid":"airline_5265","sourceairport":"SLC","destinationairport":"LAX","stops":0,"equipment":"CR7","schedule":[{"day":0,"utc":"17:53:00","flight":"US570"},{"day":1,"utc":"22:38:00","flight":"US908"},{"day":1,"utc":"16:31:00","flight":"US476"},{"day":1,"utc":"02:58:00","flight":"US670"},{"day":1,"utc":"22:54:00","flight":"US164"},{"day":1,"utc":"15:53:00","flight":"US030"},{"day":2,"utc":"18:15:00","flight":"US649"},{"day":2,"utc":"14:35:00","flight":"US517"},{"day":2,"utc":"08:16:00","flight":"US876"},{"day":2,"utc":"15:43:00","flight":"US487"},{"day":3,"utc":"00:58:00","flight":"US178"},{"day":3,"utc":"16:39:00","flight":"US735"},{"day":4,"utc":"06:31:00","flight":"US284"},{"day":4,"utc":"20:48:00","flight":"US652"},{"day":4,"utc":"12:43:00","flight":"US703"},{"day":4,"utc":"05:55:00","flight":"US803"},{"day":5,"utc":"00:52:00","flight":"US762"},{"day":5,"utc":"20:46:00","flight":"US852"},{"day":5,"utc":"04:28:00","flight":"US820"},{"day":5,"utc":"02:03:00","flight":"US934"},{"day":5,"utc":"13:38:00","flight":"US933"},{"day":6,"utc":"22:46:00","flight":"US659"},{"day":6,"utc":"12:19:00","flight":"US127"},{"day":6,"utc":"15:48:00","flight":"US790"}]}