{"id":38105,"type":"route","airline":"LH","airlineid":"airline_3320","sourceairport":"DEN","destinationairport":"FRA","stops":0,"equipment":"744","schedule":[{"day":0,"utc":"23:06:00","flight":"LH467"},{"day":0,"utc":"04:32:00","flight":"LH707"},{"day":0,"utc":"00:00:00","flight":"LH307"},{"day":1,"utc":"22:39:00","flight":"LH315"},{"day":1,"utc":"15:11:00","flight":"LH352"},{"day":1,"utc":"06:48:00","flight":"LH688"},{"day":1,"utc":"05:47:00","flight":"LH590"},{"day":2,"utc":"05:52:00","flight":"LH014"},{"day":2,"utc":"08:00:00","flight":"LH836"},{"day":3,"utc":"07:27:00","flight":"LH802"},{"day":3,"utc":"11:17:00","flight":"LH592"},{"day":3,"utc":"16:49:00","flight":"LH666"},{"day":3,"utc":"17:09:00","flight":"LH329"},{"day":3,"utc":"07:56:00","flight":"LH881"},{"day":4,"utc":"11:40:00","flight":"LH408"},{"day":4,"utc":"19:40:00","flight":"LH838"},{"day":4,"utc":"10:51:00","flight":"LH495"},{"day":4,"utc":"01:28:00","flight":"LH456"},{"day":4,"utc":"09:11:00","flight":"LH724"},{"day":5,"utc":"15:36:00","flight":"LH903"},{"day":5,"utc":"08:01:00","flight":"LH188"},{"day":6,"utc":"19:14:00","flight":"LH416"}],"distance":8087.824566520286}