{"id":26632,"type":"route","airline":"FR","airlineid":"airline_4296","sourceairport":"DUB","destinationairport":"RDZ","stops":0,"equipment":"738","schedule":[{"day":0,"utc":"12:55:00","flight":"FR066"},{"day":0,"utc":"22:57:00","flight":"FR153"},{"day":0,"utc":"03:43:00","flight":"FR533"},{"day":0,"utc":"14:10:00","flight":"FR442"},{"day":1,"utc":"09:34:00","flight":"FR027"},{"day":1,"utc":"07:46:00","flight":"FR588"},{"day":1,"utc":"05:22:00","flight":"FR687"},{"day":1,"utc":"22:19:00","flight":"FR827"},{"day":2,"utc":"16:11:00","flight":"FR527"},{"day":2,"utc":"18:52:00","flight":"FR220"},{"day":2,"utc":"13:51:00","flight":"FR135"},{"day":2,"utc":"16:59:00","flight":"FR699"},{"day":2,"utc":"07:18:00","flight":"FR731"},{"day":3,"utc":"06:08:00","flight":"FR550"},{"day":4,"utc":"02:49:00","flight":"FR963"},{"day":4,"utc":"15:42:00","flight":"FR235"},{"day":4,"utc":"08:51:00","flight":"FR239"},{"day":5,"utc":"11:59:00","flight":"FR774"},{"day":5,"utc":"06:45:00","flight":"FR354"},{"day":5,"utc":"18:24:00","flight":"FR209"},{"day":5,"utc":"15:29:00","flight":"FR172"},{"day":5,"utc":"18:30:00","flight":"FR369"},{"day":6,"utc":"01:56:00","flight":"FR667"},{"day":6,"utc":"05:24:00","flight":"FR053"}],"distance":1187.0042523227717}