{"id":58906,"type":"route","airline":"US","airlineid":"airline_5265","sourceairport":"CUN","destinationairport":"MIA","stops":0,"equipment":"738","schedule":[{"day":0,"utc":"16:53:00","flight":"US501"},{"day":0,"utc":"08:45:00","flight":"US622"},{"day":0,"utc":"04:46:00","flight":"US463"},{"day":1,"utc":"14:03:00","flight":"US101"},{"day":1,"utc":"07:23:00","flight":"US621"},{"day":1,"utc":"14:59:00","flight":"US651"},{"day":2,"utc":"06:45:00","flight":"US313"},{"day":2,"utc":"04:12:00","flight":"US268"},{"day":2,"utc":"07:43:00","flight":"US701"},{"day":3,"utc":"05:52:00","flight":"US391"},{"day":4,"utc":"01:23:00","flight":"US063"},{"day":4,"utc":"06:17:00","flight":"US907"},{"day":4,"utc":"23:23:00","flight":"US153"},{"day":4,"utc":"13:35:00","flight":"US139"},{"day":4,"utc":"02:19:00","flight":"US652"},{"day":5,"utc":"22:17:00","flight":"US285"},{"day":6,"utc":"14:28:00","flight":"US312"}],"distance":854.9640094151454}