{"id":23730,"type":"route","airline":"ET","airlineid":"airline_2220","sourceairport":"CDG","destinationairport":"ADD","stops":0,"equipment":"763","schedule":[{"day":0,"utc":"08:54:00","flight":"ET330"},{"day":0,"utc":"00:50:00","flight":"ET985"},{"day":0,"utc":"02:14:00","flight":"ET304"},{"day":0,"utc":"17:40:00","flight":"ET097"},{"day":1,"utc":"02:19:00","flight":"ET098"},{"day":1,"utc":"01:16:00","flight":"ET851"},{"day":1,"utc":"05:27:00","flight":"ET401"},{"day":1,"utc":"01:10:00","flight":"ET486"},{"day":2,"utc":"23:03:00","flight":"ET139"},{"day":3,"utc":"16:50:00","flight":"ET312"},{"day":4,"utc":"14:47:00","flight":"ET688"},{"day":4,"utc":"10:09:00","flight":"ET001"},{"day":4,"utc":"05:28:00","flight":"ET085"},{"day":4,"utc":"15:22:00","flight":"ET722"},{"day":5,"utc":"20:19:00","flight":"ET049"},{"day":5,"utc":"04:00:00","flight":"ET377"},{"day":5,"utc":"06:37:00","flight":"ET321"},{"day":6,"utc":"23:39:00","flight":"ET997"},{"day":6,"utc":"11:27:00","flight":"ET243"},{"day":6,"utc":"17:22:00","flight":"ET114"},{"day":6,"utc":"20:43:00","flight":"ET877"}]}