{"id":58594,"type":"route","airline":"US","airlineid":"airline_5265","sourceairport":"ANC","destinationairport":"PHX","stops":0,"equipment":"319 320","schedule":[{"day":0,"utc":"02:04:00","flight":"US678"},{"day":0,"utc":"10:08:00","flight":"US867"},{"day":0,"utc":"11:09:00","flight":"US382"},{"day":0,"utc":"21:23:00","flight":"US713"},{"day":1,"utc":"00:42:00","flight":"US310"},{"day":1,"utc":"15:04:00","flight":"US020"},{"day":1,"utc":"03:58:00","flight":"US198"},{"day":2,"utc":"02:33:00","flight":"US268"},{"day":2,"utc":"21:15:00","flight":"US943"},{"day":3,"utc":"05:03:00","flight":"US308"},{"day":3,"utc":"19:50:00","flight":"US494"},{"day":4,"utc":"17:29:00","flight":"US490"},{"day":4,"utc":"04:20:00","flight":"US443"},{"day":4,"utc":"23:31:00","flight":"US261"},{"day":4,"utc":"03:49:00","flight":"US932"},{"day":5,"utc":"03:39:00","flight":"US457"},{"day":5,"utc":"22:45:00","flight":"US547"},{"day":5,"utc":"23:36:00","flight":"US440"},{"day":5,"utc":"22:45:00","flight":"US991"},{"day":5,"utc":"01:09:00","flight":"US185"},{"day":6,"utc":"15:38:00","flight":"US644"},{"day":6,"utc":"08:44:00","flight":"US378"},{"day":6,"utc":"11:39:00","flight":"US821"}],"distance":4101.46405917856}