{"id":469,"type":"route","airline":"3M","airlineid":"airline_N","sourceairport":"GHB","destinationairport":"FLL","stops":0,"equipment":"SF3","schedule":[{"day":0,"utc":"16:19:00","flight":"3M289"},{"day":0,"utc":"06:41:00","flight":"3M077"},{"day":1,"utc":"22:01:00","flight":"3M769"},{"day":1,"utc":"12:20:00","flight":"3M375"},{"day":1,"utc":"07:34:00","flight":"3M696"},{"day":2,"utc":"01:38:00","flight":"3M863"},{"day":3,"utc":"03:43:00","flight":"3M705"},{"day":3,"utc":"14:53:00","flight":"3M747"},{"day":4,"utc":"15:59:00","flight":"3M265"},{"day":4,"utc":"13:44:00","flight":"3M024"},{"day":4,"utc":"19:18:00","flight":"3M426"},{"day":4,"utc":"10:37:00","flight":"3M594"},{"day":5,"utc":"12:40:00","flight":"3M534"},{"day":5,"utc":"10:07:00","flight":"3M677"},{"day":5,"utc":"09:16:00","flight":"3M415"},{"day":6,"utc":"10:31:00","flight":"3M855"}],"distance":392.86287705929243}