{"id":27543,"type":"route","airline":"FR","airlineid":"airline_4296","sourceairport":"PIK","destinationairport":"ALC","stops":0,"equipment":"738","schedule":[{"day":0,"utc":"04:35:00","flight":"FR442"},{"day":0,"utc":"23:30:00","flight":"FR090"},{"day":0,"utc":"03:42:00","flight":"FR353"},{"day":0,"utc":"06:10:00","flight":"FR213"},{"day":0,"utc":"03:08:00","flight":"FR975"},{"day":1,"utc":"11:16:00","flight":"FR078"},{"day":1,"utc":"06:27:00","flight":"FR794"},{"day":1,"utc":"11:37:00","flight":"FR971"},{"day":1,"utc":"04:07:00","flight":"FR652"},{"day":1,"utc":"09:10:00","flight":"FR665"},{"day":2,"utc":"09:34:00","flight":"FR057"},{"day":3,"utc":"12:38:00","flight":"FR345"},{"day":3,"utc":"12:26:00","flight":"FR628"},{"day":4,"utc":"11:49:00","flight":"FR570"},{"day":4,"utc":"03:51:00","flight":"FR935"},{"day":5,"utc":"06:43:00","flight":"FR739"},{"day":5,"utc":"02:37:00","flight":"FR278"},{"day":5,"utc":"14:05:00","flight":"FR773"},{"day":5,"utc":"07:58:00","flight":"FR710"},{"day":6,"utc":"06:18:00","flight":"FR391"},{"day":6,"utc":"03:12:00","flight":"FR647"},{"day":6,"utc":"07:12:00","flight":"FR454"},{"day":6,"utc":"21:19:00","flight":"FR520"},{"day":6,"utc":"17:12:00","flight":"FR956"}]}