{"id":57462,"type":"route","airline":"UA","airlineid":"airline_5209","sourceairport":"PHX","destinationairport":"IAH","stops":0,"equipment":"738 320 739 319 73G","schedule":[{"day":0,"utc":"12:08:00","flight":"UA534"},{"day":0,"utc":"13:52:00","flight":"UA512"},{"day":0,"utc":"17:01:00","flight":"UA544"},{"day":0,"utc":"07:49:00","flight":"UA555"},{"day":0,"utc":"10:58:00","flight":"UA768"},{"day":1,"utc":"14:00:00","flight":"UA991"},{"day":1,"utc":"21:54:00","flight":"UA300"},{"day":1,"utc":"14:31:00","flight":"UA984"},{"day":2,"utc":"05:21:00","flight":"UA679"},{"day":2,"utc":"13:35:00","flight":"UA093"},{"day":2,"utc":"23:28:00","flight":"UA380"},{"day":2,"utc":"07:03:00","flight":"UA371"},{"day":3,"utc":"17:06:00","flight":"UA082"},{"day":4,"utc":"05:03:00","flight":"UA444"},{"day":4,"utc":"04:02:00","flight":"UA829"},{"day":4,"utc":"01:24:00","flight":"UA664"},{"day":4,"utc":"12:27:00","flight":"UA112"},{"day":5,"utc":"04:39:00","flight":"UA122"},{"day":5,"utc":"10:27:00","flight":"UA202"},{"day":6,"utc":"01:47:00","flight":"UA418"},{"day":6,"utc":"04:21:00","flight":"UA515"},{"day":6,"utc":"04:16:00","flight":"UA132"},{"day":6,"utc":"06:45:00","flight":"UA976"},{"day":6,"utc":"06:28:00","flight":"UA415"}]}