{"id":30396,"type":"route","airline":"GS","airlineid":"airline_690","sourceairport":"TAO","destinationairport":"FOC","stops":0,"equipment":"E90","schedule":[{"day":0,"utc":"22:16:00","flight":"GS060"},{"day":1,"utc":"08:07:00","flight":"GS519"},{"day":2,"utc":"06:54:00","flight":"GS520"},{"day":2,"utc":"07:42:00","flight":"GS948"},{"day":3,"utc":"05:19:00","flight":"GS803"},{"day":3,"utc":"19:30:00","flight":"GS640"},{"day":3,"utc":"13:28:00","flight":"GS034"},{"day":4,"utc":"00:11:00","flight":"GS103"},{"day":4,"utc":"16:10:00","flight":"GS347"},{"day":4,"utc":"02:39:00","flight":"GS468"},{"day":4,"utc":"08:24:00","flight":"GS955"},{"day":5,"utc":"11:49:00","flight":"GS630"},{"day":5,"utc":"01:39:00","flight":"GS538"},{"day":6,"utc":"02:16:00","flight":"GS352"},{"day":6,"utc":"16:55:00","flight":"GS769"}]}