{"id":7968,"type":"route","airline":"AC","airlineid":"airline_330","sourceairport":"LHR","destinationairport":"YYZ","stops":0,"equipment":"77L 763 77W 333","schedule":[{"day":0,"utc":"10:02:00","flight":"AC435"},{"day":0,"utc":"06:01:00","flight":"AC054"},{"day":1,"utc":"04:23:00","flight":"AC364"},{"day":1,"utc":"00:22:00","flight":"AC433"},{"day":1,"utc":"10:54:00","flight":"AC826"},{"day":1,"utc":"11:25:00","flight":"AC373"},{"day":2,"utc":"03:33:00","flight":"AC883"},{"day":3,"utc":"13:19:00","flight":"AC135"},{"day":3,"utc":"18:03:00","flight":"AC043"},{"day":3,"utc":"03:08:00","flight":"AC379"},{"day":4,"utc":"00:32:00","flight":"AC353"},{"day":5,"utc":"06:41:00","flight":"AC766"},{"day":5,"utc":"11:53:00","flight":"AC675"},{"day":5,"utc":"05:51:00","flight":"AC805"},{"day":5,"utc":"13:13:00","flight":"AC704"},{"day":5,"utc":"19:28:00","flight":"AC757"},{"day":6,"utc":"01:53:00","flight":"AC576"}],"distance":5706.765658495038}