{"id":6405,"type":"route","airline":"AA","airlineid":"airline_24","sourceairport":"PHL","destinationairport":"AUA","stops":0,"equipment":"320","schedule":[{"day":0,"utc":"22:28:00","flight":"AA855"},{"day":0,"utc":"06:02:00","flight":"AA814"},{"day":0,"utc":"07:35:00","flight":"AA964"},{"day":0,"utc":"01:50:00","flight":"AA878"},{"day":0,"utc":"18:41:00","flight":"AA617"},{"day":1,"utc":"20:36:00","flight":"AA940"},{"day":1,"utc":"11:50:00","flight":"AA873"},{"day":1,"utc":"22:52:00","flight":"AA689"},{"day":2,"utc":"14:36:00","flight":"AA733"},{"day":2,"utc":"20:01:00","flight":"AA579"},{"day":3,"utc":"19:10:00","flight":"AA310"},{"day":3,"utc":"20:33:00","flight":"AA289"},{"day":4,"utc":"10:03:00","flight":"AA282"},{"day":4,"utc":"14:57:00","flight":"AA541"},{"day":4,"utc":"17:52:00","flight":"AA037"},{"day":4,"utc":"14:21:00","flight":"AA579"},{"day":5,"utc":"20:37:00","flight":"AA759"},{"day":5,"utc":"19:20:00","flight":"AA563"},{"day":5,"utc":"06:45:00","flight":"AA348"},{"day":5,"utc":"21:54:00","flight":"AA248"},{"day":6,"utc":"04:14:00","flight":"AA177"},{"day":6,"utc":"17:02:00","flight":"AA474"},{"day":6,"utc":"03:55:00","flight":"AA288"},{"day":6,"utc":"20:33:00","flight":"AA133"}]}