{"id":9894,"type":"route","airline":"AF","airlineid":"airline_137","sourceairport":"PTP","destinationairport":"ORY","stops":0,"equipment":"77W","schedule":[{"day":0,"utc":"05:04:00","flight":"AF590"},{"day":0,"utc":"10:24:00","flight":"AF264"},{"day":0,"utc":"02:23:00","flight":"AF646"},{"day":0,"utc":"02:15:00","flight":"AF798"},{"day":0,"utc":"18:53:00","flight":"AF478"},{"day":1,"utc":"02:07:00","flight":"AF425"},{"day":2,"utc":"22:42:00","flight":"AF464"},{"day":2,"utc":"20:39:00","flight":"AF350"},{"day":2,"utc":"21:32:00","flight":"AF210"},{"day":3,"utc":"13:31:00","flight":"AF188"},{"day":3,"utc":"18:53:00","flight":"AF075"},{"day":3,"utc":"05:15:00","flight":"AF566"},{"day":3,"utc":"10:54:00","flight":"AF701"},{"day":4,"utc":"09:03:00","flight":"AF355"},{"day":4,"utc":"15:14:00","flight":"AF104"},{"day":5,"utc":"04:17:00","flight":"AF186"},{"day":5,"utc":"03:59:00","flight":"AF594"},{"day":5,"utc":"17:21:00","flight":"AF433"},{"day":5,"utc":"17:28:00","flight":"AF217"},{"day":5,"utc":"00:54:00","flight":"AF477"},{"day":6,"utc":"18:58:00","flight":"AF402"}],"distance":6750.971058813533}