{"id":9513,"type":"route","airline":"AF","airlineid":"airline_137","sourceairport":"FCO","destinationairport":"BOD","stops":0,"equipment":"E70 E90 CR7","schedule":[{"day":0,"utc":"05:03:00","flight":"AF596"},{"day":0,"utc":"20:12:00","flight":"AF873"},{"day":0,"utc":"22:43:00","flight":"AF070"},{"day":0,"utc":"17:47:00","flight":"AF195"},{"day":1,"utc":"00:32:00","flight":"AF648"},{"day":2,"utc":"01:25:00","flight":"AF505"},{"day":2,"utc":"23:21:00","flight":"AF110"},{"day":2,"utc":"01:41:00","flight":"AF534"},{"day":3,"utc":"08:08:00","flight":"AF390"},{"day":3,"utc":"12:02:00","flight":"AF851"},{"day":3,"utc":"02:38:00","flight":"AF205"},{"day":4,"utc":"12:27:00","flight":"AF760"},{"day":5,"utc":"16:57:00","flight":"AF003"},{"day":5,"utc":"07:13:00","flight":"AF125"},{"day":5,"utc":"21:00:00","flight":"AF674"},{"day":6,"utc":"11:53:00","flight":"AF366"}]}