{"id":21659,"type":"route","airline":"DL","airlineid":"airline_2009","sourceairport":"RIC","destinationairport":"BOS","stops":0,"equipment":"CR9 CR7","schedule":[{"day":0,"utc":"01:10:00","flight":"DL359"},{"day":0,"utc":"10:35:00","flight":"DL121"},{"day":0,"utc":"05:56:00","flight":"DL474"},{"day":0,"utc":"21:49:00","flight":"DL253"},{"day":1,"utc":"11:49:00","flight":"DL033"},{"day":1,"utc":"15:14:00","flight":"DL234"},{"day":1,"utc":"08:42:00","flight":"DL896"},{"day":1,"utc":"04:39:00","flight":"DL490"},{"day":2,"utc":"15:12:00","flight":"DL977"},{"day":2,"utc":"17:30:00","flight":"DL405"},{"day":2,"utc":"04:56:00","flight":"DL157"},{"day":2,"utc":"07:48:00","flight":"DL737"},{"day":3,"utc":"01:16:00","flight":"DL148"},{"day":4,"utc":"03:30:00","flight":"DL250"},{"day":4,"utc":"22:05:00","flight":"DL243"},{"day":4,"utc":"04:16:00","flight":"DL338"},{"day":5,"utc":"04:37:00","flight":"DL131"},{"day":5,"utc":"00:56:00","flight":"DL185"},{"day":5,"utc":"14:52:00","flight":"DL577"},{"day":5,"utc":"07:01:00","flight":"DL465"},{"day":6,"utc":"17:03:00","flight":"DL031"}]}