{"id":30349,"type":"route","airline":"GS","airlineid":"airline_690","sourceairport":"NGB","destinationairport":"SWA","stops":0,"equipment":"E90","schedule":[{"day":0,"utc":"05:43:00","flight":"GS585"},{"day":0,"utc":"21:36:00","flight":"GS750"},{"day":0,"utc":"16:11:00","flight":"GS735"},{"day":0,"utc":"09:14:00","flight":"GS632"},{"day":1,"utc":"11:04:00","flight":"GS527"},{"day":1,"utc":"17:45:00","flight":"GS816"},{"day":2,"utc":"11:19:00","flight":"GS331"},{"day":3,"utc":"23:22:00","flight":"GS023"},{"day":3,"utc":"10:48:00","flight":"GS223"},{"day":4,"utc":"05:02:00","flight":"GS688"},{"day":4,"utc":"09:57:00","flight":"GS695"},{"day":5,"utc":"03:56:00","flight":"GS246"},{"day":5,"utc":"00:00:00","flight":"GS518"},{"day":6,"utc":"01:23:00","flight":"GS928"},{"day":6,"utc":"23:21:00","flight":"GS267"}]}