{"id":63419,"type":"route","airline":"WN","airlineid":"airline_4547","sourceairport":"ABQ","destinationairport":"DEN","stops":0,"equipment":"73W 73C","schedule":[{"day":0,"utc":"16:58:00","flight":"WN971"},{"day":0,"utc":"10:48:00","flight":"WN169"},{"day":0,"utc":"07:07:00","flight":"WN404"},{"day":1,"utc":"01:16:00","flight":"WN222"},{"day":1,"utc":"14:39:00","flight":"WN962"},{"day":2,"utc":"19:53:00","flight":"WN225"},{"day":2,"utc":"01:20:00","flight":"WN097"},{"day":2,"utc":"23:26:00","flight":"WN020"},{"day":3,"utc":"16:57:00","flight":"WN170"},{"day":3,"utc":"00:38:00","flight":"WN815"},{"day":3,"utc":"05:15:00","flight":"WN096"},{"day":3,"utc":"15:02:00","flight":"WN806"},{"day":3,"utc":"00:25:00","flight":"WN698"},{"day":4,"utc":"15:49:00","flight":"WN333"},{"day":4,"utc":"01:04:00","flight":"WN555"},{"day":4,"utc":"09:45:00","flight":"WN999"},{"day":4,"utc":"12:32:00","flight":"WN175"},{"day":4,"utc":"21:18:00","flight":"WN217"},{"day":5,"utc":"12:40:00","flight":"WN951"},{"day":5,"utc":"01:56:00","flight":"WN797"},{"day":5,"utc":"18:06:00","flight":"WN943"},{"day":5,"utc":"18:48:00","flight":"WN718"},{"day":5,"utc":"20:50:00","flight":"WN175"},{"day":6,"utc":"22:33:00","flight":"WN415"}],"distance":562.6564189795952}