{"id":11714,"type":"route","airline":"AS","airlineid":"airline_439","sourceairport":"LAX","destinationairport":"LIH","stops":0,"equipment":"757","schedule":[{"day":0,"utc":"18:03:00","flight":"AS441"},{"day":0,"utc":"16:14:00","flight":"AS160"},{"day":0,"utc":"23:37:00","flight":"AS512"},{"day":1,"utc":"03:56:00","flight":"AS760"},{"day":1,"utc":"09:16:00","flight":"AS884"},{"day":1,"utc":"20:58:00","flight":"AS255"},{"day":2,"utc":"03:14:00","flight":"AS509"},{"day":3,"utc":"12:21:00","flight":"AS946"},{"day":4,"utc":"13:43:00","flight":"AS633"},{"day":4,"utc":"05:32:00","flight":"AS581"},{"day":4,"utc":"19:39:00","flight":"AS601"},{"day":4,"utc":"19:44:00","flight":"AS308"},{"day":4,"utc":"01:38:00","flight":"AS725"},{"day":5,"utc":"03:43:00","flight":"AS715"},{"day":6,"utc":"22:44:00","flight":"AS034"}]}