{"id":16432,"type":"route","airline":"CA","airlineid":"airline_751","sourceairport":"IAH","destinationairport":"PEK","stops":0,"equipment":"773","schedule":[{"day":0,"utc":"16:25:00","flight":"CA999"},{"day":0,"utc":"10:40:00","flight":"CA877"},{"day":0,"utc":"07:47:00","flight":"CA043"},{"day":0,"utc":"22:30:00","flight":"CA037"},{"day":1,"utc":"00:04:00","flight":"CA463"},{"day":1,"utc":"16:21:00","flight":"CA600"},{"day":2,"utc":"00:13:00","flight":"CA341"},{"day":2,"utc":"15:18:00","flight":"CA985"},{"day":2,"utc":"20:17:00","flight":"CA549"},{"day":2,"utc":"13:01:00","flight":"CA167"},{"day":3,"utc":"06:06:00","flight":"CA621"},{"day":3,"utc":"01:59:00","flight":"CA115"},{"day":4,"utc":"18:58:00","flight":"CA301"},{"day":4,"utc":"00:31:00","flight":"CA230"},{"day":5,"utc":"11:44:00","flight":"CA525"},{"day":5,"utc":"21:01:00","flight":"CA717"},{"day":5,"utc":"10:12:00","flight":"CA886"},{"day":5,"utc":"08:45:00","flight":"CA010"},{"day":5,"utc":"16:38:00","flight":"CA825"},{"day":6,"utc":"12:16:00","flight":"CA118"},{"day":6,"utc":"04:08:00","flight":"CA732"},{"day":6,"utc":"13:36:00","flight":"CA376"}],"distance":11556.31660774044}