{"id":54763,"type":"route","airline":"U2","airlineid":"airline_2297","sourceairport":"FCO","destinationairport":"NTE","stops":0,"equipment":"319","schedule":[{"day":0,"utc":"04:08:00","flight":"U2916"},{"day":1,"utc":"22:32:00","flight":"U2372"},{"day":1,"utc":"13:37:00","flight":"U2128"},{"day":1,"utc":"07:23:00","flight":"U2987"},{"day":2,"utc":"00:58:00","flight":"U2828"},{"day":2,"utc":"16:17:00","flight":"U2303"},{"day":2,"utc":"22:53:00","flight":"U2475"},{"day":2,"utc":"00:24:00","flight":"U2552"},{"day":3,"utc":"08:57:00","flight":"U2592"},{"day":4,"utc":"03:20:00","flight":"U2596"},{"day":4,"utc":"18:05:00","flight":"U2988"},{"day":4,"utc":"07:51:00","flight":"U2881"},{"day":4,"utc":"03:53:00","flight":"U2302"},{"day":5,"utc":"18:16:00","flight":"U2466"},{"day":5,"utc":"13:16:00","flight":"U2512"},{"day":5,"utc":"05:19:00","flight":"U2192"},{"day":5,"utc":"20:15:00","flight":"U2863"},{"day":6,"utc":"06:17:00","flight":"U2257"},{"day":6,"utc":"22:46:00","flight":"U2070"},{"day":6,"utc":"17:41:00","flight":"U2924"}]}