{"id":9762,"type":"route","airline":"AF","airlineid":"airline_137","sourceairport":"MSN","destinationairport":"ATL","stops":0,"equipment":"CR7 320 CR9","schedule":[{"day":0,"utc":"09:58:00","flight":"AF404"},{"day":0,"utc":"14:14:00","flight":"AF104"},{"day":0,"utc":"13:17:00","flight":"AF199"},{"day":0,"utc":"06:12:00","flight":"AF533"},{"day":1,"utc":"12:59:00","flight":"AF714"},{"day":1,"utc":"07:43:00","flight":"AF876"},{"day":2,"utc":"15:38:00","flight":"AF255"},{"day":2,"utc":"20:38:00","flight":"AF385"},{"day":3,"utc":"11:19:00","flight":"AF342"},{"day":4,"utc":"17:53:00","flight":"AF268"},{"day":5,"utc":"15:22:00","flight":"AF113"},{"day":5,"utc":"22:42:00","flight":"AF107"},{"day":5,"utc":"09:25:00","flight":"AF238"},{"day":5,"utc":"11:06:00","flight":"AF663"},{"day":6,"utc":"13:46:00","flight":"AF806"},{"day":6,"utc":"07:43:00","flight":"AF039"},{"day":6,"utc":"19:18:00","flight":"AF533"},{"day":6,"utc":"19:29:00","flight":"AF589"},{"day":6,"utc":"01:46:00","flight":"AF626"}]}