{"id":30231,"type":"route","airline":"GS","airlineid":"airline_690","sourceairport":"HAK","destinationairport":"CGD","stops":0,"equipment":"E90","schedule":[{"day":0,"utc":"11:49:00","flight":"GS978"},{"day":0,"utc":"22:27:00","flight":"GS600"},{"day":0,"utc":"15:18:00","flight":"GS938"},{"day":1,"utc":"09:55:00","flight":"GS189"},{"day":1,"utc":"00:37:00","flight":"GS201"},{"day":1,"utc":"17:15:00","flight":"GS425"},{"day":1,"utc":"02:27:00","flight":"GS853"},{"day":1,"utc":"22:32:00","flight":"GS956"},{"day":2,"utc":"20:32:00","flight":"GS262"},{"day":2,"utc":"03:21:00","flight":"GS762"},{"day":2,"utc":"05:10:00","flight":"GS633"},{"day":2,"utc":"00:55:00","flight":"GS187"},{"day":3,"utc":"14:45:00","flight":"GS399"},{"day":3,"utc":"18:36:00","flight":"GS688"},{"day":3,"utc":"06:36:00","flight":"GS825"},{"day":4,"utc":"03:55:00","flight":"GS090"},{"day":5,"utc":"09:32:00","flight":"GS146"},{"day":5,"utc":"16:38:00","flight":"GS722"},{"day":5,"utc":"12:13:00","flight":"GS463"},{"day":6,"utc":"05:23:00","flight":"GS958"},{"day":6,"utc":"11:53:00","flight":"GS378"},{"day":6,"utc":"12:21:00","flight":"GS765"}]}