{"id":6791,"type":"route","airline":"AA","airlineid":"airline_24","sourceairport":"SJC","destinationairport":"GDL","stops":0,"equipment":"737","schedule":[{"day":0,"utc":"03:56:00","flight":"AA239"},{"day":0,"utc":"04:40:00","flight":"AA127"},{"day":0,"utc":"03:29:00","flight":"AA660"},{"day":1,"utc":"12:26:00","flight":"AA545"},{"day":1,"utc":"07:32:00","flight":"AA257"},{"day":2,"utc":"14:43:00","flight":"AA744"},{"day":2,"utc":"17:17:00","flight":"AA142"},{"day":3,"utc":"14:19:00","flight":"AA552"},{"day":3,"utc":"20:30:00","flight":"AA203"},{"day":3,"utc":"16:33:00","flight":"AA349"},{"day":3,"utc":"05:33:00","flight":"AA650"},{"day":3,"utc":"18:15:00","flight":"AA866"},{"day":4,"utc":"23:53:00","flight":"AA611"},{"day":4,"utc":"19:06:00","flight":"AA559"},{"day":4,"utc":"06:37:00","flight":"AA275"},{"day":4,"utc":"04:12:00","flight":"AA073"},{"day":4,"utc":"14:56:00","flight":"AA897"},{"day":5,"utc":"05:14:00","flight":"AA576"},{"day":5,"utc":"02:05:00","flight":"AA492"},{"day":6,"utc":"19:15:00","flight":"AA906"},{"day":6,"utc":"07:54:00","flight":"AA504"},{"day":6,"utc":"15:10:00","flight":"AA401"}],"distance":2595.455180629955}