{"id":54845,"type":"route","airline":"U2","airlineid":"airline_2297","sourceairport":"HAM","destinationairport":"BSL","stops":0,"equipment":"320 319","schedule":[{"day":0,"utc":"12:31:00","flight":"U2646"},{"day":1,"utc":"23:26:00","flight":"U2207"},{"day":1,"utc":"11:06:00","flight":"U2980"},{"day":1,"utc":"13:58:00","flight":"U2968"},{"day":1,"utc":"16:05:00","flight":"U2855"},{"day":2,"utc":"02:04:00","flight":"U2813"},{"day":2,"utc":"21:59:00","flight":"U2800"},{"day":2,"utc":"13:11:00","flight":"U2774"},{"day":2,"utc":"15:09:00","flight":"U2991"},{"day":2,"utc":"16:06:00","flight":"U2522"},{"day":3,"utc":"19:34:00","flight":"U2752"},{"day":4,"utc":"20:02:00","flight":"U2842"},{"day":4,"utc":"17:01:00","flight":"U2703"},{"day":5,"utc":"19:31:00","flight":"U2152"},{"day":5,"utc":"22:11:00","flight":"U2589"},{"day":5,"utc":"01:39:00","flight":"U2358"},{"day":5,"utc":"19:07:00","flight":"U2695"},{"day":5,"utc":"22:23:00","flight":"U2412"},{"day":6,"utc":"17:16:00","flight":"U2862"},{"day":6,"utc":"22:07:00","flight":"U2350"}],"distance":693.6009830705491}