{"id":58949,"type":"route","airline":"US","airlineid":"airline_5265","sourceairport":"DCA","destinationairport":"DAY","stops":0,"equipment":"CRJ","schedule":[{"day":0,"utc":"09:33:00","flight":"US930"},{"day":0,"utc":"21:36:00","flight":"US109"},{"day":0,"utc":"02:27:00","flight":"US503"},{"day":0,"utc":"20:47:00","flight":"US698"},{"day":1,"utc":"03:46:00","flight":"US202"},{"day":1,"utc":"13:35:00","flight":"US480"},{"day":1,"utc":"12:04:00","flight":"US922"},{"day":2,"utc":"00:31:00","flight":"US389"},{"day":2,"utc":"07:24:00","flight":"US459"},{"day":3,"utc":"08:06:00","flight":"US418"},{"day":4,"utc":"14:48:00","flight":"US431"},{"day":4,"utc":"23:57:00","flight":"US165"},{"day":4,"utc":"12:10:00","flight":"US094"},{"day":4,"utc":"02:33:00","flight":"US581"},{"day":4,"utc":"13:06:00","flight":"US499"},{"day":5,"utc":"02:26:00","flight":"US171"},{"day":5,"utc":"09:28:00","flight":"US269"},{"day":5,"utc":"02:33:00","flight":"US200"},{"day":5,"utc":"22:07:00","flight":"US070"},{"day":6,"utc":"08:38:00","flight":"US781"}],"distance":628.0432756207308}