{"id":11697,"type":"route","airline":"AS","airlineid":"airline_439","sourceairport":"LAX","destinationairport":"ATL","stops":0,"equipment":"763 757 73H 76W","schedule":[{"day":0,"utc":"05:13:00","flight":"AS360"},{"day":0,"utc":"13:38:00","flight":"AS435"},{"day":0,"utc":"11:26:00","flight":"AS474"},{"day":0,"utc":"05:02:00","flight":"AS800"},{"day":0,"utc":"09:16:00","flight":"AS382"},{"day":1,"utc":"09:28:00","flight":"AS291"},{"day":2,"utc":"14:04:00","flight":"AS367"},{"day":2,"utc":"20:24:00","flight":"AS948"},{"day":2,"utc":"23:14:00","flight":"AS783"},{"day":3,"utc":"08:56:00","flight":"AS285"},{"day":4,"utc":"02:56:00","flight":"AS969"},{"day":4,"utc":"04:25:00","flight":"AS102"},{"day":4,"utc":"14:00:00","flight":"AS380"},{"day":5,"utc":"16:16:00","flight":"AS068"},{"day":6,"utc":"18:51:00","flight":"AS117"}],"distance":3125.7857343586393}