{"id":21665,"type":"route","airline":"DL","airlineid":"airline_2009","sourceairport":"RIC","destinationairport":"MSP","stops":0,"equipment":"CR7","schedule":[{"day":0,"utc":"11:45:00","flight":"DL579"},{"day":0,"utc":"08:00:00","flight":"DL059"},{"day":0,"utc":"08:25:00","flight":"DL885"},{"day":0,"utc":"20:40:00","flight":"DL122"},{"day":1,"utc":"14:01:00","flight":"DL026"},{"day":1,"utc":"15:23:00","flight":"DL340"},{"day":1,"utc":"00:22:00","flight":"DL016"},{"day":1,"utc":"06:11:00","flight":"DL292"},{"day":1,"utc":"18:45:00","flight":"DL932"},{"day":2,"utc":"02:36:00","flight":"DL099"},{"day":2,"utc":"00:41:00","flight":"DL807"},{"day":2,"utc":"12:32:00","flight":"DL249"},{"day":3,"utc":"08:17:00","flight":"DL384"},{"day":4,"utc":"13:07:00","flight":"DL876"},{"day":4,"utc":"20:11:00","flight":"DL922"},{"day":4,"utc":"05:42:00","flight":"DL978"},{"day":4,"utc":"14:36:00","flight":"DL429"},{"day":5,"utc":"18:04:00","flight":"DL915"},{"day":5,"utc":"02:26:00","flight":"DL192"},{"day":5,"utc":"05:30:00","flight":"DL326"},{"day":5,"utc":"23:42:00","flight":"DL042"},{"day":5,"utc":"22:12:00","flight":"DL591"},{"day":6,"utc":"15:03:00","flight":"DL244"}],"distance":1558.922994476992}