{"id":15511,"type":"route","airline":"BK","airlineid":"airline_4026","sourceairport":"TSN","destinationairport":"YNT","stops":0,"equipment":"YN7","schedule":[{"day":0,"utc":"18:15:00","flight":"BK679"},{"day":0,"utc":"21:19:00","flight":"BK430"},{"day":0,"utc":"17:31:00","flight":"BK729"},{"day":0,"utc":"02:58:00","flight":"BK990"},{"day":1,"utc":"22:01:00","flight":"BK481"},{"day":1,"utc":"23:22:00","flight":"BK548"},{"day":1,"utc":"19:15:00","flight":"BK644"},{"day":1,"utc":"13:46:00","flight":"BK737"},{"day":1,"utc":"12:58:00","flight":"BK559"},{"day":2,"utc":"04:45:00","flight":"BK422"},{"day":3,"utc":"22:13:00","flight":"BK761"},{"day":3,"utc":"02:02:00","flight":"BK527"},{"day":3,"utc":"09:00:00","flight":"BK096"},{"day":4,"utc":"07:10:00","flight":"BK457"},{"day":4,"utc":"00:54:00","flight":"BK534"},{"day":4,"utc":"14:41:00","flight":"BK904"},{"day":4,"utc":"01:24:00","flight":"BK961"},{"day":5,"utc":"05:54:00","flight":"BK456"},{"day":5,"utc":"16:43:00","flight":"BK073"},{"day":5,"utc":"09:29:00","flight":"BK165"},{"day":6,"utc":"14:43:00","flight":"BK316"},{"day":6,"utc":"16:26:00","flight":"BK722"},{"day":6,"utc":"10:46:00","flight":"BK423"},{"day":6,"utc":"00:27:00","flight":"BK687"}]}