{"id":59442,"type":"route","airline":"US","airlineid":"airline_5265","sourceairport":"JFK","destinationairport":"MAN","stops":0,"equipment":"757","schedule":[{"day":0,"utc":"00:00:00","flight":"US549"},{"day":0,"utc":"04:00:00","flight":"US345"},{"day":0,"utc":"22:51:00","flight":"US474"},{"day":0,"utc":"04:04:00","flight":"US997"},{"day":0,"utc":"00:05:00","flight":"US671"},{"day":1,"utc":"07:17:00","flight":"US866"},{"day":1,"utc":"17:51:00","flight":"US453"},{"day":1,"utc":"22:21:00","flight":"US254"},{"day":1,"utc":"00:26:00","flight":"US939"},{"day":2,"utc":"01:39:00","flight":"US723"},{"day":3,"utc":"21:06:00","flight":"US599"},{"day":3,"utc":"06:11:00","flight":"US805"},{"day":4,"utc":"19:27:00","flight":"US739"},{"day":5,"utc":"19:56:00","flight":"US762"},{"day":5,"utc":"05:28:00","flight":"US043"},{"day":5,"utc":"02:04:00","flight":"US420"},{"day":6,"utc":"09:02:00","flight":"US134"},{"day":6,"utc":"10:31:00","flight":"US944"},{"day":6,"utc":"18:58:00","flight":"US088"},{"day":6,"utc":"02:48:00","flight":"US180"}]}