{"id":61703,"type":"route","airline":"VS","airlineid":"airline_5347","sourceairport":"ATL","destinationairport":"SMF","stops":0,"equipment":"757","schedule":[{"day":0,"utc":"13:11:00","flight":"VS112"},{"day":0,"utc":"04:11:00","flight":"VS780"},{"day":0,"utc":"08:47:00","flight":"VS119"},{"day":0,"utc":"11:55:00","flight":"VS250"},{"day":1,"utc":"16:53:00","flight":"VS689"},{"day":1,"utc":"11:33:00","flight":"VS635"},{"day":2,"utc":"03:48:00","flight":"VS443"},{"day":2,"utc":"09:46:00","flight":"VS857"},{"day":2,"utc":"16:42:00","flight":"VS096"},{"day":2,"utc":"08:42:00","flight":"VS833"},{"day":2,"utc":"22:26:00","flight":"VS374"},{"day":3,"utc":"02:19:00","flight":"VS623"},{"day":3,"utc":"20:49:00","flight":"VS695"},{"day":3,"utc":"17:22:00","flight":"VS018"},{"day":3,"utc":"15:41:00","flight":"VS091"},{"day":3,"utc":"11:00:00","flight":"VS148"},{"day":4,"utc":"19:28:00","flight":"VS693"},{"day":4,"utc":"21:28:00","flight":"VS809"},{"day":4,"utc":"01:51:00","flight":"VS256"},{"day":5,"utc":"15:31:00","flight":"VS468"},{"day":5,"utc":"13:43:00","flight":"VS979"},{"day":5,"utc":"02:13:00","flight":"VS261"},{"day":6,"utc":"23:59:00","flight":"VS824"},{"day":6,"utc":"04:23:00","flight":"VS228"},{"day":6,"utc":"15:38:00","flight":"VS885"}],"distance":3359.7273882665927}