{"id":48384,"type":"route","airline":"S4","airlineid":"airline_4304","sourceairport":"LGW","destinationairport":"PDL","stops":0,"equipment":"320","schedule":[{"day":0,"utc":"07:39:00","flight":"S4863"},{"day":0,"utc":"04:12:00","flight":"S4742"},{"day":0,"utc":"04:49:00","flight":"S4812"},{"day":1,"utc":"20:17:00","flight":"S4053"},{"day":1,"utc":"01:26:00","flight":"S4212"},{"day":1,"utc":"20:02:00","flight":"S4803"},{"day":1,"utc":"15:41:00","flight":"S4040"},{"day":1,"utc":"12:46:00","flight":"S4211"},{"day":2,"utc":"12:00:00","flight":"S4503"},{"day":3,"utc":"22:09:00","flight":"S4167"},{"day":3,"utc":"11:56:00","flight":"S4776"},{"day":3,"utc":"15:47:00","flight":"S4664"},{"day":4,"utc":"16:55:00","flight":"S4293"},{"day":5,"utc":"18:23:00","flight":"S4221"},{"day":5,"utc":"05:11:00","flight":"S4306"},{"day":5,"utc":"16:48:00","flight":"S4512"},{"day":5,"utc":"22:07:00","flight":"S4142"},{"day":5,"utc":"08:11:00","flight":"S4978"},{"day":6,"utc":"04:12:00","flight":"S4986"},{"day":6,"utc":"03:38:00","flight":"S4561"}],"distance":2493.28049452218}