{"id":30458,"type":"route","airline":"GS","airlineid":"airline_690","sourceairport":"WNZ","destinationairport":"KHN","stops":0,"equipment":"E90","schedule":[{"day":0,"utc":"21:59:00","flight":"GS460"},{"day":0,"utc":"16:20:00","flight":"GS815"},{"day":0,"utc":"21:00:00","flight":"GS903"},{"day":1,"utc":"23:56:00","flight":"GS909"},{"day":2,"utc":"10:34:00","flight":"GS502"},{"day":2,"utc":"03:23:00","flight":"GS664"},{"day":2,"utc":"23:03:00","flight":"GS972"},{"day":2,"utc":"11:50:00","flight":"GS131"},{"day":3,"utc":"01:03:00","flight":"GS196"},{"day":3,"utc":"01:43:00","flight":"GS778"},{"day":4,"utc":"05:55:00","flight":"GS138"},{"day":4,"utc":"17:25:00","flight":"GS435"},{"day":4,"utc":"18:08:00","flight":"GS928"},{"day":4,"utc":"07:53:00","flight":"GS708"},{"day":4,"utc":"19:15:00","flight":"GS664"},{"day":5,"utc":"18:38:00","flight":"GS224"},{"day":5,"utc":"12:35:00","flight":"GS618"},{"day":6,"utc":"15:58:00","flight":"GS775"},{"day":6,"utc":"18:11:00","flight":"GS831"},{"day":6,"utc":"03:38:00","flight":"GS355"}]}