{"id":28151,"type":"route","airline":"FR","airlineid":"airline_4296","sourceairport":"TSF","destinationairport":"EMA","stops":0,"equipment":"738","schedule":[{"day":0,"utc":"17:38:00","flight":"FR926"},{"day":0,"utc":"13:52:00","flight":"FR596"},{"day":0,"utc":"14:35:00","flight":"FR264"},{"day":0,"utc":"22:56:00","flight":"FR132"},{"day":1,"utc":"15:24:00","flight":"FR852"},{"day":1,"utc":"02:47:00","flight":"FR966"},{"day":1,"utc":"16:49:00","flight":"FR208"},{"day":2,"utc":"16:13:00","flight":"FR432"},{"day":3,"utc":"13:57:00","flight":"FR540"},{"day":4,"utc":"10:40:00","flight":"FR523"},{"day":4,"utc":"10:16:00","flight":"FR392"},{"day":4,"utc":"08:21:00","flight":"FR258"},{"day":4,"utc":"13:50:00","flight":"FR459"},{"day":4,"utc":"11:28:00","flight":"FR083"},{"day":5,"utc":"12:40:00","flight":"FR369"},{"day":5,"utc":"05:17:00","flight":"FR643"},{"day":5,"utc":"18:39:00","flight":"FR516"},{"day":6,"utc":"18:15:00","flight":"FR123"},{"day":6,"utc":"19:04:00","flight":"FR184"},{"day":6,"utc":"23:01:00","flight":"FR153"}],"distance":1262.0315222015956}