{"id":10967,"type":"route","airline":"AM","airlineid":"airline_321","sourceairport":"FCO","destinationairport":"ATL","stops":0,"equipment":"333","schedule":[{"day":0,"utc":"11:29:00","flight":"AM285"},{"day":0,"utc":"04:08:00","flight":"AM514"},{"day":0,"utc":"10:50:00","flight":"AM473"},{"day":0,"utc":"07:36:00","flight":"AM344"},{"day":1,"utc":"14:06:00","flight":"AM202"},{"day":1,"utc":"01:34:00","flight":"AM594"},{"day":2,"utc":"18:45:00","flight":"AM547"},{"day":2,"utc":"20:41:00","flight":"AM314"},{"day":2,"utc":"19:15:00","flight":"AM869"},{"day":2,"utc":"13:01:00","flight":"AM732"},{"day":3,"utc":"13:24:00","flight":"AM473"},{"day":3,"utc":"09:52:00","flight":"AM134"},{"day":3,"utc":"23:22:00","flight":"AM294"},{"day":4,"utc":"09:37:00","flight":"AM096"},{"day":4,"utc":"05:36:00","flight":"AM073"},{"day":4,"utc":"21:19:00","flight":"AM972"},{"day":4,"utc":"18:22:00","flight":"AM710"},{"day":5,"utc":"02:51:00","flight":"AM839"},{"day":5,"utc":"00:44:00","flight":"AM299"},{"day":5,"utc":"05:34:00","flight":"AM223"},{"day":5,"utc":"07:23:00","flight":"AM095"},{"day":5,"utc":"03:54:00","flight":"AM189"},{"day":6,"utc":"20:53:00","flight":"AM259"},{"day":6,"utc":"03:33:00","flight":"AM819"},{"day":6,"utc":"20:25:00","flight":"AM517"},{"day":6,"utc":"05:34:00","flight":"AM373"},{"day":6,"utc":"20:16:00","flight":"AM759"}]}