{"id":59873,"type":"route","airline":"US","airlineid":"airline_5265","sourceairport":"ORD","destinationairport":"ART","stops":0,"equipment":"ERD","schedule":[{"day":0,"utc":"14:11:00","flight":"US016"},{"day":0,"utc":"12:49:00","flight":"US163"},{"day":0,"utc":"18:15:00","flight":"US404"},{"day":1,"utc":"23:50:00","flight":"US371"},{"day":1,"utc":"08:56:00","flight":"US051"},{"day":2,"utc":"04:54:00","flight":"US875"},{"day":2,"utc":"19:34:00","flight":"US678"},{"day":2,"utc":"13:55:00","flight":"US988"},{"day":3,"utc":"22:09:00","flight":"US335"},{"day":3,"utc":"08:08:00","flight":"US362"},{"day":4,"utc":"02:00:00","flight":"US343"},{"day":4,"utc":"23:38:00","flight":"US129"},{"day":4,"utc":"08:23:00","flight":"US597"},{"day":5,"utc":"17:13:00","flight":"US925"},{"day":6,"utc":"02:33:00","flight":"US247"},{"day":6,"utc":"13:24:00","flight":"US053"},{"day":6,"utc":"16:06:00","flight":"US799"},{"day":6,"utc":"23:36:00","flight":"US799"},{"day":6,"utc":"23:03:00","flight":"US129"}]}