{"id":9038,"type":"route","airline":"AF","airlineid":"airline_137","sourceairport":"ATL","destinationairport":"CAK","stops":0,"equipment":"M88","schedule":[{"day":0,"utc":"11:27:00","flight":"AF656"},{"day":0,"utc":"17:23:00","flight":"AF658"},{"day":0,"utc":"14:38:00","flight":"AF510"},{"day":1,"utc":"19:06:00","flight":"AF858"},{"day":2,"utc":"02:12:00","flight":"AF777"},{"day":3,"utc":"05:11:00","flight":"AF209"},{"day":4,"utc":"16:46:00","flight":"AF594"},{"day":5,"utc":"14:10:00","flight":"AF009"},{"day":6,"utc":"13:05:00","flight":"AF962"},{"day":6,"utc":"11:27:00","flight":"AF114"},{"day":6,"utc":"20:43:00","flight":"AF898"},{"day":6,"utc":"18:56:00","flight":"AF565"},{"day":6,"utc":"21:41:00","flight":"AF295"}],"distance":851.2979071008839}