{"id":25125,"type":"route","airline":"FL","airlineid":"airline_1316","sourceairport":"IAD","destinationairport":"TPA","stops":0,"equipment":"73W","schedule":[{"day":0,"utc":"07:23:00","flight":"FL688"},{"day":0,"utc":"10:36:00","flight":"FL354"},{"day":1,"utc":"06:40:00","flight":"FL858"},{"day":1,"utc":"07:00:00","flight":"FL995"},{"day":2,"utc":"11:39:00","flight":"FL452"},{"day":2,"utc":"06:07:00","flight":"FL247"},{"day":3,"utc":"20:04:00","flight":"FL177"},{"day":3,"utc":"00:39:00","flight":"FL702"},{"day":3,"utc":"12:44:00","flight":"FL648"},{"day":3,"utc":"12:07:00","flight":"FL745"},{"day":3,"utc":"23:37:00","flight":"FL787"},{"day":4,"utc":"07:12:00","flight":"FL816"},{"day":4,"utc":"23:24:00","flight":"FL121"},{"day":4,"utc":"16:14:00","flight":"FL938"},{"day":4,"utc":"07:55:00","flight":"FL054"},{"day":5,"utc":"01:07:00","flight":"FL042"},{"day":5,"utc":"14:17:00","flight":"FL079"},{"day":6,"utc":"17:20:00","flight":"FL135"},{"day":6,"utc":"13:01:00","flight":"FL898"},{"day":6,"utc":"04:57:00","flight":"FL785"},{"day":6,"utc":"19:50:00","flight":"FL836"}],"distance":1306.8748855234257}