{"id":6055,"type":"route","airline":"AA","airlineid":"airline_24","sourceairport":"MIA","destinationairport":"KIN","stops":0,"equipment":"738","schedule":[{"day":0,"utc":"12:17:00","flight":"AA867"},{"day":1,"utc":"13:03:00","flight":"AA422"},{"day":1,"utc":"14:17:00","flight":"AA466"},{"day":1,"utc":"15:11:00","flight":"AA420"},{"day":1,"utc":"02:29:00","flight":"AA479"},{"day":1,"utc":"22:19:00","flight":"AA891"},{"day":2,"utc":"12:43:00","flight":"AA796"},{"day":2,"utc":"05:00:00","flight":"AA807"},{"day":2,"utc":"05:24:00","flight":"AA839"},{"day":3,"utc":"07:48:00","flight":"AA011"},{"day":4,"utc":"13:33:00","flight":"AA216"},{"day":4,"utc":"05:20:00","flight":"AA434"},{"day":4,"utc":"16:13:00","flight":"AA347"},{"day":4,"utc":"12:37:00","flight":"AA959"},{"day":4,"utc":"02:39:00","flight":"AA684"},{"day":5,"utc":"19:28:00","flight":"AA962"},{"day":5,"utc":"07:52:00","flight":"AA259"},{"day":5,"utc":"13:01:00","flight":"AA171"},{"day":6,"utc":"12:37:00","flight":"AA367"},{"day":6,"utc":"09:58:00","flight":"AA632"},{"day":6,"utc":"12:35:00","flight":"AA233"}]}