{"id":52147,"type":"route","airline":"TG","airlineid":"airline_4940","sourceairport":"ICN","destinationairport":"LAX","stops":0,"equipment":"777","schedule":[{"day":0,"utc":"08:13:00","flight":"TG391"},{"day":0,"utc":"22:12:00","flight":"TG824"},{"day":0,"utc":"16:56:00","flight":"TG901"},{"day":0,"utc":"15:27:00","flight":"TG814"},{"day":0,"utc":"09:04:00","flight":"TG962"},{"day":1,"utc":"09:39:00","flight":"TG361"},{"day":1,"utc":"16:34:00","flight":"TG043"},{"day":1,"utc":"21:05:00","flight":"TG379"},{"day":1,"utc":"12:31:00","flight":"TG012"},{"day":1,"utc":"04:26:00","flight":"TG465"},{"day":2,"utc":"22:43:00","flight":"TG821"},{"day":2,"utc":"18:29:00","flight":"TG942"},{"day":2,"utc":"10:56:00","flight":"TG080"},{"day":2,"utc":"18:10:00","flight":"TG901"},{"day":3,"utc":"14:49:00","flight":"TG126"},{"day":3,"utc":"21:06:00","flight":"TG323"},{"day":4,"utc":"02:28:00","flight":"TG724"},{"day":4,"utc":"09:55:00","flight":"TG388"},{"day":4,"utc":"07:55:00","flight":"TG879"},{"day":4,"utc":"14:54:00","flight":"TG025"},{"day":5,"utc":"00:47:00","flight":"TG096"},{"day":6,"utc":"16:37:00","flight":"TG278"},{"day":6,"utc":"22:27:00","flight":"TG786"}]}