{"id":30147,"type":"route","airline":"GR","airlineid":"airline_508","sourceairport":"GCI","destinationairport":"ACI","stops":0,"equipment":"BNT","schedule":[{"day":0,"utc":"01:58:00","flight":"GR574"},{"day":0,"utc":"19:06:00","flight":"GR523"},{"day":0,"utc":"10:31:00","flight":"GR488"},{"day":0,"utc":"05:48:00","flight":"GR464"},{"day":1,"utc":"22:03:00","flight":"GR898"},{"day":1,"utc":"13:08:00","flight":"GR074"},{"day":1,"utc":"14:00:00","flight":"GR445"},{"day":1,"utc":"12:02:00","flight":"GR895"},{"day":2,"utc":"11:40:00","flight":"GR597"},{"day":2,"utc":"08:35:00","flight":"GR193"},{"day":2,"utc":"06:58:00","flight":"GR268"},{"day":2,"utc":"20:16:00","flight":"GR508"},{"day":2,"utc":"06:47:00","flight":"GR755"},{"day":3,"utc":"02:16:00","flight":"GR843"},{"day":3,"utc":"15:26:00","flight":"GR389"},{"day":4,"utc":"22:18:00","flight":"GR593"},{"day":5,"utc":"01:26:00","flight":"GR935"},{"day":5,"utc":"16:21:00","flight":"GR816"},{"day":5,"utc":"04:00:00","flight":"GR922"},{"day":5,"utc":"01:11:00","flight":"GR038"},{"day":5,"utc":"21:41:00","flight":"GR452"},{"day":6,"utc":"05:14:00","flight":"GR927"},{"day":6,"utc":"02:52:00","flight":"GR347"},{"day":6,"utc":"05:19:00","flight":"GR526"},{"day":6,"utc":"19:05:00","flight":"GR852"}],"distance":41.09591142080796}