{"id":64345,"type":"route","airline":"WN","airlineid":"airline_4547","sourceairport":"RDU","destinationairport":"TPA","stops":0,"equipment":"73W 73C","schedule":[{"day":0,"utc":"22:06:00","flight":"WN535"},{"day":0,"utc":"06:07:00","flight":"WN835"},{"day":0,"utc":"08:37:00","flight":"WN584"},{"day":1,"utc":"05:43:00","flight":"WN258"},{"day":1,"utc":"04:13:00","flight":"WN464"},{"day":1,"utc":"10:52:00","flight":"WN549"},{"day":2,"utc":"22:36:00","flight":"WN647"},{"day":2,"utc":"12:58:00","flight":"WN137"},{"day":3,"utc":"15:33:00","flight":"WN650"},{"day":3,"utc":"16:27:00","flight":"WN498"},{"day":3,"utc":"12:22:00","flight":"WN100"},{"day":3,"utc":"00:11:00","flight":"WN395"},{"day":4,"utc":"00:36:00","flight":"WN726"},{"day":4,"utc":"19:04:00","flight":"WN466"},{"day":4,"utc":"21:31:00","flight":"WN861"},{"day":4,"utc":"05:46:00","flight":"WN585"},{"day":4,"utc":"13:55:00","flight":"WN864"},{"day":5,"utc":"22:40:00","flight":"WN423"},{"day":5,"utc":"09:15:00","flight":"WN069"},{"day":5,"utc":"09:34:00","flight":"WN454"},{"day":6,"utc":"00:39:00","flight":"WN674"},{"day":6,"utc":"13:30:00","flight":"WN573"},{"day":6,"utc":"12:14:00","flight":"WN811"}],"distance":946.891631296483}