{"id":63653,"type":"route","airline":"WN","airlineid":"airline_4547","sourceairport":"CLT","destinationairport":"HOU","stops":0,"equipment":"733 73W","schedule":[{"day":0,"utc":"12:58:00","flight":"WN534"},{"day":0,"utc":"10:42:00","flight":"WN779"},{"day":0,"utc":"19:07:00","flight":"WN256"},{"day":0,"utc":"04:37:00","flight":"WN673"},{"day":1,"utc":"18:34:00","flight":"WN238"},{"day":1,"utc":"23:21:00","flight":"WN698"},{"day":1,"utc":"14:51:00","flight":"WN979"},{"day":1,"utc":"16:20:00","flight":"WN016"},{"day":1,"utc":"11:51:00","flight":"WN055"},{"day":2,"utc":"09:57:00","flight":"WN112"},{"day":3,"utc":"13:20:00","flight":"WN125"},{"day":3,"utc":"23:18:00","flight":"WN477"},{"day":3,"utc":"04:56:00","flight":"WN128"},{"day":4,"utc":"08:05:00","flight":"WN705"},{"day":4,"utc":"01:37:00","flight":"WN952"},{"day":4,"utc":"05:17:00","flight":"WN326"},{"day":4,"utc":"00:39:00","flight":"WN175"},{"day":4,"utc":"08:43:00","flight":"WN938"},{"day":5,"utc":"13:29:00","flight":"WN578"},{"day":5,"utc":"17:37:00","flight":"WN304"},{"day":5,"utc":"12:13:00","flight":"WN560"},{"day":6,"utc":"15:30:00","flight":"WN107"},{"day":6,"utc":"17:11:00","flight":"WN651"}],"distance":1479.124852130924}