{"id":11714,"type":"route","airline":"AS","airlineid":"airline_439","sourceairport":"LAX","destinationairport":"LIH","stops":0,"equipment":"757","schedule":[{"day":0,"utc":"14:48:00","flight":"AS713"},{"day":1,"utc":"07:35:00","flight":"AS728"},{"day":1,"utc":"02:36:00","flight":"AS335"},{"day":1,"utc":"17:48:00","flight":"AS532"},{"day":1,"utc":"15:01:00","flight":"AS262"},{"day":2,"utc":"10:36:00","flight":"AS756"},{"day":3,"utc":"04:00:00","flight":"AS275"},{"day":4,"utc":"19:18:00","flight":"AS282"},{"day":4,"utc":"22:01:00","flight":"AS228"},{"day":4,"utc":"11:19:00","flight":"AS214"},{"day":4,"utc":"05:24:00","flight":"AS237"},{"day":5,"utc":"22:25:00","flight":"AS180"},{"day":5,"utc":"09:11:00","flight":"AS530"},{"day":6,"utc":"05:51:00","flight":"AS074"}]}