{"id":21608,"type":"route","airline":"DL","airlineid":"airline_2009","sourceairport":"PNS","destinationairport":"ATL","stops":0,"equipment":"M90 717","schedule":[{"day":0,"utc":"10:19:00","flight":"DL093"},{"day":1,"utc":"14:53:00","flight":"DL015"},{"day":1,"utc":"03:49:00","flight":"DL266"},{"day":1,"utc":"15:03:00","flight":"DL152"},{"day":1,"utc":"04:50:00","flight":"DL123"},{"day":2,"utc":"15:16:00","flight":"DL052"},{"day":2,"utc":"07:02:00","flight":"DL563"},{"day":2,"utc":"00:41:00","flight":"DL085"},{"day":2,"utc":"09:52:00","flight":"DL350"},{"day":3,"utc":"01:26:00","flight":"DL373"},{"day":4,"utc":"00:34:00","flight":"DL974"},{"day":4,"utc":"04:59:00","flight":"DL102"},{"day":4,"utc":"23:43:00","flight":"DL013"},{"day":4,"utc":"07:56:00","flight":"DL571"},{"day":4,"utc":"09:26:00","flight":"DL910"},{"day":5,"utc":"05:04:00","flight":"DL955"},{"day":6,"utc":"06:42:00","flight":"DL432"},{"day":6,"utc":"07:00:00","flight":"DL860"}],"distance":437.3399991361703}