{"id":5902,"type":"route","airline":"AA","airlineid":"airline_24","sourceairport":"LIM","destinationairport":"JFK","stops":0,"equipment":"763","schedule":[{"day":0,"utc":"23:59:00","flight":"AA243"},{"day":1,"utc":"04:18:00","flight":"AA707"},{"day":2,"utc":"15:55:00","flight":"AA963"},{"day":2,"utc":"02:43:00","flight":"AA751"},{"day":2,"utc":"21:58:00","flight":"AA357"},{"day":3,"utc":"12:46:00","flight":"AA611"},{"day":3,"utc":"20:01:00","flight":"AA974"},{"day":3,"utc":"15:53:00","flight":"AA194"},{"day":3,"utc":"04:28:00","flight":"AA989"},{"day":4,"utc":"07:15:00","flight":"AA343"},{"day":4,"utc":"13:24:00","flight":"AA272"},{"day":5,"utc":"05:18:00","flight":"AA958"},{"day":5,"utc":"17:23:00","flight":"AA262"},{"day":5,"utc":"07:02:00","flight":"AA586"},{"day":6,"utc":"09:45:00","flight":"AA734"}],"distance":5865.775262992451}