{"id":58712,"type":"route","airline":"US","airlineid":"airline_5265","sourceairport":"CAE","destinationairport":"DCA","stops":0,"equipment":"CRJ","schedule":[{"day":0,"utc":"07:53:00","flight":"US059"},{"day":0,"utc":"23:02:00","flight":"US598"},{"day":0,"utc":"04:40:00","flight":"US621"},{"day":0,"utc":"08:12:00","flight":"US313"},{"day":1,"utc":"23:35:00","flight":"US690"},{"day":1,"utc":"08:31:00","flight":"US289"},{"day":1,"utc":"14:57:00","flight":"US663"},{"day":1,"utc":"13:10:00","flight":"US342"},{"day":1,"utc":"21:41:00","flight":"US405"},{"day":2,"utc":"22:49:00","flight":"US500"},{"day":2,"utc":"10:29:00","flight":"US304"},{"day":2,"utc":"19:49:00","flight":"US113"},{"day":3,"utc":"19:21:00","flight":"US420"},{"day":4,"utc":"03:27:00","flight":"US984"},{"day":5,"utc":"08:37:00","flight":"US901"},{"day":6,"utc":"19:14:00","flight":"US525"},{"day":6,"utc":"18:48:00","flight":"US139"},{"day":6,"utc":"03:26:00","flight":"US092"}]}