{"id":52147,"type":"route","airline":"TG","airlineid":"airline_4940","sourceairport":"ICN","destinationairport":"LAX","stops":0,"equipment":"777","schedule":[{"day":0,"utc":"18:12:00","flight":"TG700"},{"day":0,"utc":"03:04:00","flight":"TG231"},{"day":0,"utc":"00:50:00","flight":"TG222"},{"day":0,"utc":"13:42:00","flight":"TG566"},{"day":0,"utc":"12:07:00","flight":"TG637"},{"day":1,"utc":"13:11:00","flight":"TG277"},{"day":1,"utc":"15:30:00","flight":"TG821"},{"day":1,"utc":"07:24:00","flight":"TG488"},{"day":1,"utc":"02:35:00","flight":"TG542"},{"day":2,"utc":"17:56:00","flight":"TG965"},{"day":2,"utc":"04:25:00","flight":"TG269"},{"day":2,"utc":"21:24:00","flight":"TG899"},{"day":2,"utc":"18:53:00","flight":"TG009"},{"day":2,"utc":"04:24:00","flight":"TG930"},{"day":3,"utc":"14:05:00","flight":"TG788"},{"day":4,"utc":"21:09:00","flight":"TG690"},{"day":4,"utc":"03:56:00","flight":"TG814"},{"day":4,"utc":"04:22:00","flight":"TG157"},{"day":5,"utc":"15:16:00","flight":"TG322"},{"day":5,"utc":"22:09:00","flight":"TG800"},{"day":5,"utc":"05:51:00","flight":"TG981"},{"day":5,"utc":"15:40:00","flight":"TG642"},{"day":6,"utc":"10:44:00","flight":"TG432"},{"day":6,"utc":"04:48:00","flight":"TG030"},{"day":6,"utc":"01:04:00","flight":"TG118"},{"day":6,"utc":"19:49:00","flight":"TG635"}],"distance":9625.499042911277}