{"id":12193,"type":"route","airline":"AT","airlineid":"airline_4248","sourceairport":"LHR","destinationairport":"TNG","stops":0,"equipment":"73G","schedule":[{"day":0,"utc":"20:36:00","flight":"AT367"},{"day":0,"utc":"20:30:00","flight":"AT723"},{"day":0,"utc":"18:54:00","flight":"AT456"},{"day":1,"utc":"00:28:00","flight":"AT036"},{"day":1,"utc":"10:06:00","flight":"AT797"},{"day":2,"utc":"12:46:00","flight":"AT508"},{"day":2,"utc":"14:16:00","flight":"AT275"},{"day":2,"utc":"16:47:00","flight":"AT420"},{"day":2,"utc":"11:21:00","flight":"AT710"},{"day":2,"utc":"11:37:00","flight":"AT359"},{"day":3,"utc":"01:58:00","flight":"AT599"},{"day":3,"utc":"23:02:00","flight":"AT615"},{"day":3,"utc":"20:07:00","flight":"AT648"},{"day":4,"utc":"14:23:00","flight":"AT585"},{"day":5,"utc":"08:44:00","flight":"AT051"},{"day":5,"utc":"15:00:00","flight":"AT538"},{"day":5,"utc":"12:54:00","flight":"AT985"},{"day":6,"utc":"11:29:00","flight":"AT713"},{"day":6,"utc":"19:18:00","flight":"AT047"},{"day":6,"utc":"00:28:00","flight":"AT263"},{"day":6,"utc":"18:00:00","flight":"AT451"}],"distance":1804.3574994739174}