{"id":20490,"type":"route","airline":"DL","airlineid":"airline_2009","sourceairport":"CVG","destinationairport":"DTW","stops":0,"equipment":"ERJ CR9 CRJ","schedule":[{"day":0,"utc":"09:15:00","flight":"DL108"},{"day":0,"utc":"05:40:00","flight":"DL609"},{"day":0,"utc":"16:54:00","flight":"DL192"},{"day":0,"utc":"18:43:00","flight":"DL190"},{"day":0,"utc":"17:19:00","flight":"DL416"},{"day":1,"utc":"17:17:00","flight":"DL125"},{"day":2,"utc":"00:49:00","flight":"DL731"},{"day":2,"utc":"20:59:00","flight":"DL782"},{"day":2,"utc":"20:04:00","flight":"DL209"},{"day":2,"utc":"09:22:00","flight":"DL117"},{"day":2,"utc":"00:54:00","flight":"DL258"},{"day":3,"utc":"17:57:00","flight":"DL571"},{"day":4,"utc":"10:32:00","flight":"DL189"},{"day":5,"utc":"06:38:00","flight":"DL727"},{"day":5,"utc":"02:28:00","flight":"DL548"},{"day":5,"utc":"23:05:00","flight":"DL293"},{"day":5,"utc":"00:42:00","flight":"DL591"},{"day":6,"utc":"10:47:00","flight":"DL511"},{"day":6,"utc":"08:17:00","flight":"DL853"}]}