{"id":30458,"type":"route","airline":"GS","airlineid":"airline_690","sourceairport":"WNZ","destinationairport":"KHN","stops":0,"equipment":"E90","schedule":[{"day":0,"utc":"23:21:00","flight":"GS472"},{"day":0,"utc":"03:39:00","flight":"GS152"},{"day":1,"utc":"18:37:00","flight":"GS652"},{"day":1,"utc":"23:46:00","flight":"GS712"},{"day":1,"utc":"02:30:00","flight":"GS309"},{"day":2,"utc":"17:04:00","flight":"GS036"},{"day":2,"utc":"16:52:00","flight":"GS039"},{"day":3,"utc":"21:03:00","flight":"GS678"},{"day":3,"utc":"06:01:00","flight":"GS516"},{"day":3,"utc":"12:01:00","flight":"GS594"},{"day":3,"utc":"00:34:00","flight":"GS580"},{"day":4,"utc":"06:05:00","flight":"GS759"},{"day":4,"utc":"03:17:00","flight":"GS717"},{"day":4,"utc":"03:42:00","flight":"GS754"},{"day":5,"utc":"15:55:00","flight":"GS761"},{"day":6,"utc":"03:16:00","flight":"GS516"},{"day":6,"utc":"08:57:00","flight":"GS401"},{"day":6,"utc":"05:05:00","flight":"GS968"},{"day":6,"utc":"03:24:00","flight":"GS603"}],"distance":495.8262094162538}