{"id":30333,"type":"route","airline":"GS","airlineid":"airline_690","sourceairport":"LHW","destinationairport":"TYN","stops":0,"equipment":"ERJ","schedule":[{"day":0,"utc":"01:40:00","flight":"GS125"},{"day":0,"utc":"16:42:00","flight":"GS490"},{"day":0,"utc":"03:30:00","flight":"GS403"},{"day":0,"utc":"20:26:00","flight":"GS418"},{"day":1,"utc":"20:44:00","flight":"GS310"},{"day":1,"utc":"01:18:00","flight":"GS032"},{"day":2,"utc":"18:03:00","flight":"GS446"},{"day":2,"utc":"01:33:00","flight":"GS758"},{"day":2,"utc":"17:14:00","flight":"GS842"},{"day":3,"utc":"22:23:00","flight":"GS042"},{"day":3,"utc":"14:45:00","flight":"GS109"},{"day":4,"utc":"06:18:00","flight":"GS703"},{"day":4,"utc":"21:01:00","flight":"GS027"},{"day":5,"utc":"19:44:00","flight":"GS985"},{"day":5,"utc":"10:12:00","flight":"GS201"},{"day":6,"utc":"16:37:00","flight":"GS266"},{"day":6,"utc":"22:56:00","flight":"GS953"},{"day":6,"utc":"03:52:00","flight":"GS652"}]}