{"id":5958,"type":"route","airline":"AA","airlineid":"airline_24","sourceairport":"MCO","destinationairport":"JFK","stops":0,"equipment":"763 757","schedule":[{"day":0,"utc":"07:45:00","flight":"AA790"},{"day":0,"utc":"03:45:00","flight":"AA460"},{"day":0,"utc":"05:12:00","flight":"AA631"},{"day":0,"utc":"20:17:00","flight":"AA730"},{"day":1,"utc":"07:07:00","flight":"AA071"},{"day":2,"utc":"09:33:00","flight":"AA471"},{"day":2,"utc":"20:45:00","flight":"AA113"},{"day":2,"utc":"02:43:00","flight":"AA732"},{"day":2,"utc":"09:13:00","flight":"AA328"},{"day":2,"utc":"00:12:00","flight":"AA243"},{"day":3,"utc":"06:52:00","flight":"AA578"},{"day":4,"utc":"06:21:00","flight":"AA711"},{"day":4,"utc":"20:51:00","flight":"AA842"},{"day":4,"utc":"11:36:00","flight":"AA368"},{"day":4,"utc":"09:21:00","flight":"AA413"},{"day":5,"utc":"07:04:00","flight":"AA167"},{"day":5,"utc":"11:57:00","flight":"AA653"},{"day":5,"utc":"06:08:00","flight":"AA846"},{"day":6,"utc":"12:10:00","flight":"AA632"},{"day":6,"utc":"01:07:00","flight":"AA975"},{"day":6,"utc":"09:13:00","flight":"AA631"}],"distance":1521.3831194901231}