{"id":53121,"type":"route","airline":"TO","airlineid":"airline_8745","sourceairport":"FAO","destinationairport":"NCL","stops":0,"equipment":"73H","schedule":[{"day":0,"utc":"06:20:00","flight":"TO615"},{"day":0,"utc":"11:57:00","flight":"TO102"},{"day":1,"utc":"05:40:00","flight":"TO567"},{"day":2,"utc":"22:53:00","flight":"TO321"},{"day":2,"utc":"15:32:00","flight":"TO901"},{"day":2,"utc":"17:35:00","flight":"TO900"},{"day":2,"utc":"12:06:00","flight":"TO836"},{"day":2,"utc":"13:04:00","flight":"TO093"},{"day":3,"utc":"18:30:00","flight":"TO031"},{"day":3,"utc":"01:10:00","flight":"TO452"},{"day":3,"utc":"12:58:00","flight":"TO775"},{"day":3,"utc":"12:35:00","flight":"TO183"},{"day":3,"utc":"10:15:00","flight":"TO298"},{"day":4,"utc":"11:02:00","flight":"TO766"},{"day":4,"utc":"18:33:00","flight":"TO598"},{"day":4,"utc":"20:15:00","flight":"TO632"},{"day":4,"utc":"19:53:00","flight":"TO267"},{"day":4,"utc":"13:23:00","flight":"TO318"},{"day":5,"utc":"23:39:00","flight":"TO763"},{"day":5,"utc":"18:46:00","flight":"TO646"},{"day":5,"utc":"06:38:00","flight":"TO662"},{"day":5,"utc":"22:00:00","flight":"TO671"},{"day":6,"utc":"00:58:00","flight":"TO063"},{"day":6,"utc":"22:06:00","flight":"TO914"}],"distance":2059.7626530040884}