{"id":21788,"type":"route","airline":"DL","airlineid":"airline_2009","sourceairport":"SLC","destinationairport":"BTM","stops":0,"equipment":"CRJ","schedule":[{"day":0,"utc":"20:58:00","flight":"DL443"},{"day":0,"utc":"18:38:00","flight":"DL021"},{"day":0,"utc":"16:53:00","flight":"DL482"},{"day":0,"utc":"22:13:00","flight":"DL626"},{"day":1,"utc":"08:06:00","flight":"DL106"},{"day":2,"utc":"18:18:00","flight":"DL802"},{"day":3,"utc":"12:00:00","flight":"DL196"},{"day":4,"utc":"20:36:00","flight":"DL969"},{"day":4,"utc":"16:17:00","flight":"DL045"},{"day":4,"utc":"17:36:00","flight":"DL592"},{"day":4,"utc":"01:12:00","flight":"DL991"},{"day":5,"utc":"03:49:00","flight":"DL956"},{"day":6,"utc":"22:52:00","flight":"DL091"},{"day":6,"utc":"01:36:00","flight":"DL432"},{"day":6,"utc":"13:27:00","flight":"DL187"},{"day":6,"utc":"12:26:00","flight":"DL190"},{"day":6,"utc":"04:32:00","flight":"DL013"}]}