{"id":20738,"type":"route","airline":"DL","airlineid":"airline_2009","sourceairport":"FCA","destinationairport":"MSP","stops":0,"equipment":"E75 CR9","schedule":[{"day":0,"utc":"11:02:00","flight":"DL403"},{"day":0,"utc":"04:08:00","flight":"DL899"},{"day":0,"utc":"07:23:00","flight":"DL348"},{"day":1,"utc":"00:57:00","flight":"DL196"},{"day":1,"utc":"17:25:00","flight":"DL860"},{"day":1,"utc":"15:40:00","flight":"DL687"},{"day":1,"utc":"20:04:00","flight":"DL595"},{"day":1,"utc":"10:01:00","flight":"DL887"},{"day":2,"utc":"07:52:00","flight":"DL383"},{"day":2,"utc":"17:25:00","flight":"DL615"},{"day":2,"utc":"15:04:00","flight":"DL430"},{"day":2,"utc":"22:44:00","flight":"DL611"},{"day":3,"utc":"13:43:00","flight":"DL904"},{"day":4,"utc":"22:57:00","flight":"DL139"},{"day":4,"utc":"13:57:00","flight":"DL208"},{"day":4,"utc":"01:50:00","flight":"DL990"},{"day":4,"utc":"00:38:00","flight":"DL151"},{"day":4,"utc":"06:58:00","flight":"DL037"},{"day":5,"utc":"17:58:00","flight":"DL241"},{"day":5,"utc":"20:49:00","flight":"DL130"},{"day":5,"utc":"10:21:00","flight":"DL557"},{"day":5,"utc":"17:52:00","flight":"DL140"},{"day":5,"utc":"23:29:00","flight":"DL265"},{"day":6,"utc":"00:55:00","flight":"DL617"},{"day":6,"utc":"08:39:00","flight":"DL075"},{"day":6,"utc":"03:51:00","flight":"DL284"},{"day":6,"utc":"15:41:00","flight":"DL011"},{"day":6,"utc":"05:08:00","flight":"DL771"}],"distance":1646.0613192389046}