{"id":29139,"type":"route","airline":"G4","airlineid":"airline_35","sourceairport":"PSP","destinationairport":"BLI","stops":0,"equipment":"M80","schedule":[{"day":0,"utc":"15:20:00","flight":"G4935"},{"day":0,"utc":"00:06:00","flight":"G4676"},{"day":0,"utc":"14:37:00","flight":"G4701"},{"day":0,"utc":"14:28:00","flight":"G4354"},{"day":1,"utc":"18:47:00","flight":"G4183"},{"day":1,"utc":"03:41:00","flight":"G4202"},{"day":1,"utc":"11:14:00","flight":"G4247"},{"day":1,"utc":"12:53:00","flight":"G4812"},{"day":2,"utc":"17:55:00","flight":"G4525"},{"day":2,"utc":"10:19:00","flight":"G4901"},{"day":3,"utc":"16:40:00","flight":"G4979"},{"day":3,"utc":"19:09:00","flight":"G4182"},{"day":3,"utc":"02:56:00","flight":"G4019"},{"day":3,"utc":"03:02:00","flight":"G4403"},{"day":4,"utc":"17:59:00","flight":"G4399"},{"day":4,"utc":"04:26:00","flight":"G4434"},{"day":4,"utc":"13:12:00","flight":"G4881"},{"day":5,"utc":"23:10:00","flight":"G4913"},{"day":5,"utc":"14:08:00","flight":"G4224"},{"day":5,"utc":"09:14:00","flight":"G4213"},{"day":6,"utc":"15:17:00","flight":"G4741"},{"day":6,"utc":"16:05:00","flight":"G4444"},{"day":6,"utc":"23:33:00","flight":"G4757"},{"day":6,"utc":"19:08:00","flight":"G4641"},{"day":6,"utc":"21:58:00","flight":"G4694"}]}