{"id":28171,"type":"route","airline":"FR","airlineid":"airline_4296","sourceairport":"VLC","destinationairport":"BRS","stops":0,"equipment":"738","schedule":[{"day":0,"utc":"01:59:00","flight":"FR240"},{"day":0,"utc":"23:24:00","flight":"FR744"},{"day":0,"utc":"10:23:00","flight":"FR007"},{"day":0,"utc":"05:01:00","flight":"FR086"},{"day":1,"utc":"00:50:00","flight":"FR179"},{"day":1,"utc":"19:32:00","flight":"FR572"},{"day":1,"utc":"23:19:00","flight":"FR909"},{"day":1,"utc":"04:15:00","flight":"FR067"},{"day":2,"utc":"10:17:00","flight":"FR173"},{"day":2,"utc":"16:32:00","flight":"FR471"},{"day":2,"utc":"15:25:00","flight":"FR953"},{"day":2,"utc":"14:42:00","flight":"FR246"},{"day":3,"utc":"22:32:00","flight":"FR588"},{"day":3,"utc":"23:48:00","flight":"FR474"},{"day":4,"utc":"20:25:00","flight":"FR717"},{"day":4,"utc":"01:15:00","flight":"FR068"},{"day":5,"utc":"08:52:00","flight":"FR450"},{"day":5,"utc":"04:51:00","flight":"FR059"},{"day":5,"utc":"04:10:00","flight":"FR626"},{"day":6,"utc":"15:06:00","flight":"FR803"},{"day":6,"utc":"22:44:00","flight":"FR672"},{"day":6,"utc":"01:24:00","flight":"FR446"},{"day":6,"utc":"22:59:00","flight":"FR463"},{"day":6,"utc":"14:59:00","flight":"FR853"}],"distance":1333.785036202318}