{"id":9284,"type":"route","airline":"AF","airlineid":"airline_137","sourceairport":"CDG","destinationairport":"BOM","stops":0,"equipment":"332","schedule":[{"day":0,"utc":"12:42:00","flight":"AF566"},{"day":0,"utc":"22:33:00","flight":"AF708"},{"day":0,"utc":"00:52:00","flight":"AF535"},{"day":1,"utc":"03:17:00","flight":"AF620"},{"day":1,"utc":"15:03:00","flight":"AF936"},{"day":1,"utc":"17:30:00","flight":"AF778"},{"day":2,"utc":"15:58:00","flight":"AF134"},{"day":2,"utc":"09:37:00","flight":"AF232"},{"day":2,"utc":"08:39:00","flight":"AF374"},{"day":3,"utc":"22:46:00","flight":"AF026"},{"day":3,"utc":"18:24:00","flight":"AF766"},{"day":4,"utc":"04:02:00","flight":"AF461"},{"day":4,"utc":"20:13:00","flight":"AF800"},{"day":4,"utc":"04:32:00","flight":"AF756"},{"day":4,"utc":"08:01:00","flight":"AF827"},{"day":5,"utc":"20:30:00","flight":"AF055"},{"day":5,"utc":"08:37:00","flight":"AF035"},{"day":5,"utc":"11:57:00","flight":"AF667"},{"day":5,"utc":"00:05:00","flight":"AF420"},{"day":5,"utc":"20:04:00","flight":"AF700"},{"day":6,"utc":"19:52:00","flight":"AF537"},{"day":6,"utc":"11:36:00","flight":"AF401"}],"distance":6993.6288690203655}