{"id":28888,"type":"route","airline":"G4","airlineid":"airline_35","sourceairport":"AZA","destinationairport":"MOT","stops":0,"equipment":"M80","schedule":[{"day":0,"utc":"00:43:00","flight":"G4168"},{"day":0,"utc":"08:59:00","flight":"G4696"},{"day":0,"utc":"22:50:00","flight":"G4715"},{"day":0,"utc":"15:59:00","flight":"G4249"},{"day":0,"utc":"15:58:00","flight":"G4622"},{"day":1,"utc":"16:33:00","flight":"G4566"},{"day":1,"utc":"17:24:00","flight":"G4728"},{"day":1,"utc":"08:28:00","flight":"G4145"},{"day":1,"utc":"21:36:00","flight":"G4597"},{"day":2,"utc":"00:57:00","flight":"G4010"},{"day":3,"utc":"05:57:00","flight":"G4680"},{"day":3,"utc":"13:29:00","flight":"G4892"},{"day":3,"utc":"14:23:00","flight":"G4716"},{"day":4,"utc":"07:03:00","flight":"G4026"},{"day":4,"utc":"21:58:00","flight":"G4741"},{"day":4,"utc":"23:36:00","flight":"G4323"},{"day":4,"utc":"00:31:00","flight":"G4303"},{"day":5,"utc":"13:54:00","flight":"G4532"},{"day":5,"utc":"08:54:00","flight":"G4241"},{"day":5,"utc":"11:14:00","flight":"G4101"},{"day":6,"utc":"02:42:00","flight":"G4891"},{"day":6,"utc":"21:38:00","flight":"G4329"},{"day":6,"utc":"17:46:00","flight":"G4914"},{"day":6,"utc":"04:59:00","flight":"G4597"},{"day":6,"utc":"01:33:00","flight":"G4450"}],"distance":1874.0513231294242}