{"id":26614,"type":"route","airline":"FR","airlineid":"airline_4296","sourceairport":"DUB","destinationairport":"LPL","stops":0,"equipment":"738","schedule":[{"day":0,"utc":"13:04:00","flight":"FR969"},{"day":0,"utc":"19:04:00","flight":"FR110"},{"day":0,"utc":"17:06:00","flight":"FR743"},{"day":0,"utc":"11:47:00","flight":"FR634"},{"day":1,"utc":"14:08:00","flight":"FR287"},{"day":1,"utc":"22:52:00","flight":"FR977"},{"day":1,"utc":"13:07:00","flight":"FR143"},{"day":2,"utc":"00:33:00","flight":"FR089"},{"day":2,"utc":"08:10:00","flight":"FR647"},{"day":3,"utc":"08:31:00","flight":"FR723"},{"day":4,"utc":"22:27:00","flight":"FR597"},{"day":4,"utc":"07:11:00","flight":"FR288"},{"day":4,"utc":"17:05:00","flight":"FR174"},{"day":5,"utc":"20:17:00","flight":"FR208"},{"day":6,"utc":"04:54:00","flight":"FR837"}],"distance":227.06755880082036}