{"id":25121,"type":"route","airline":"FL","airlineid":"airline_1316","sourceairport":"HRL","destinationairport":"HOU","stops":0,"equipment":"735 733","schedule":[{"day":0,"utc":"05:12:00","flight":"FL118"},{"day":0,"utc":"16:17:00","flight":"FL928"},{"day":1,"utc":"10:06:00","flight":"FL283"},{"day":1,"utc":"01:08:00","flight":"FL379"},{"day":2,"utc":"19:48:00","flight":"FL806"},{"day":3,"utc":"03:51:00","flight":"FL418"},{"day":4,"utc":"01:15:00","flight":"FL073"},{"day":5,"utc":"20:46:00","flight":"FL157"},{"day":5,"utc":"01:28:00","flight":"FL545"},{"day":5,"utc":"01:33:00","flight":"FL905"},{"day":5,"utc":"13:37:00","flight":"FL313"},{"day":6,"utc":"22:59:00","flight":"FL524"},{"day":6,"utc":"11:02:00","flight":"FL382"},{"day":6,"utc":"15:42:00","flight":"FL463"},{"day":6,"utc":"05:16:00","flight":"FL469"},{"day":6,"utc":"10:18:00","flight":"FL690"}],"distance":445.851395307158}