{"id":64345,"type":"route","airline":"WN","airlineid":"airline_4547","sourceairport":"RDU","destinationairport":"TPA","stops":0,"equipment":"73W 73C","schedule":[{"day":0,"utc":"00:51:00","flight":"WN049"},{"day":0,"utc":"05:22:00","flight":"WN367"},{"day":0,"utc":"23:34:00","flight":"WN011"},{"day":0,"utc":"06:48:00","flight":"WN553"},{"day":0,"utc":"11:08:00","flight":"WN176"},{"day":1,"utc":"14:05:00","flight":"WN327"},{"day":1,"utc":"23:30:00","flight":"WN820"},{"day":1,"utc":"17:38:00","flight":"WN940"},{"day":1,"utc":"19:58:00","flight":"WN064"},{"day":1,"utc":"01:54:00","flight":"WN265"},{"day":2,"utc":"11:21:00","flight":"WN364"},{"day":2,"utc":"01:43:00","flight":"WN222"},{"day":2,"utc":"19:30:00","flight":"WN335"},{"day":3,"utc":"23:34:00","flight":"WN880"},{"day":3,"utc":"21:57:00","flight":"WN198"},{"day":3,"utc":"01:17:00","flight":"WN314"},{"day":3,"utc":"01:37:00","flight":"WN784"},{"day":3,"utc":"09:45:00","flight":"WN471"},{"day":4,"utc":"02:28:00","flight":"WN502"},{"day":4,"utc":"10:56:00","flight":"WN914"},{"day":5,"utc":"08:41:00","flight":"WN728"},{"day":6,"utc":"18:55:00","flight":"WN998"},{"day":6,"utc":"04:39:00","flight":"WN164"},{"day":6,"utc":"02:18:00","flight":"WN354"},{"day":6,"utc":"08:08:00","flight":"WN342"}]}