{"id":14805,"type":"route","airline":"BA","airlineid":"airline_1355","sourceairport":"MAH","destinationairport":"LCY","stops":0,"equipment":"E90","schedule":[{"day":0,"utc":"12:52:00","flight":"BA188"},{"day":0,"utc":"01:51:00","flight":"BA309"},{"day":0,"utc":"10:00:00","flight":"BA216"},{"day":0,"utc":"03:19:00","flight":"BA949"},{"day":1,"utc":"17:32:00","flight":"BA774"},{"day":1,"utc":"07:35:00","flight":"BA482"},{"day":1,"utc":"05:05:00","flight":"BA455"},{"day":2,"utc":"16:42:00","flight":"BA129"},{"day":2,"utc":"19:01:00","flight":"BA975"},{"day":3,"utc":"07:43:00","flight":"BA447"},{"day":3,"utc":"03:33:00","flight":"BA058"},{"day":3,"utc":"02:57:00","flight":"BA111"},{"day":3,"utc":"09:20:00","flight":"BA146"},{"day":3,"utc":"00:39:00","flight":"BA249"},{"day":4,"utc":"13:00:00","flight":"BA731"},{"day":4,"utc":"02:03:00","flight":"BA086"},{"day":4,"utc":"14:04:00","flight":"BA438"},{"day":4,"utc":"13:55:00","flight":"BA805"},{"day":4,"utc":"22:32:00","flight":"BA352"},{"day":5,"utc":"03:46:00","flight":"BA314"},{"day":5,"utc":"10:18:00","flight":"BA030"},{"day":6,"utc":"19:26:00","flight":"BA998"},{"day":6,"utc":"19:41:00","flight":"BA920"},{"day":6,"utc":"05:35:00","flight":"BA795"},{"day":6,"utc":"01:00:00","flight":"BA450"},{"day":6,"utc":"13:31:00","flight":"BA537"}],"distance":1333.8247520160803}