{"id":30458,"type":"route","airline":"GS","airlineid":"airline_690","sourceairport":"WNZ","destinationairport":"KHN","stops":0,"equipment":"E90","schedule":[{"day":0,"utc":"06:41:00","flight":"GS897"},{"day":0,"utc":"10:48:00","flight":"GS395"},{"day":0,"utc":"17:36:00","flight":"GS080"},{"day":1,"utc":"15:48:00","flight":"GS721"},{"day":2,"utc":"15:21:00","flight":"GS622"},{"day":2,"utc":"17:19:00","flight":"GS047"},{"day":2,"utc":"22:50:00","flight":"GS093"},{"day":3,"utc":"15:12:00","flight":"GS024"},{"day":3,"utc":"05:57:00","flight":"GS808"},{"day":3,"utc":"18:26:00","flight":"GS599"},{"day":4,"utc":"15:59:00","flight":"GS366"},{"day":4,"utc":"18:41:00","flight":"GS186"},{"day":4,"utc":"01:12:00","flight":"GS290"},{"day":5,"utc":"19:56:00","flight":"GS437"},{"day":5,"utc":"11:41:00","flight":"GS013"},{"day":5,"utc":"06:27:00","flight":"GS520"},{"day":5,"utc":"07:24:00","flight":"GS382"},{"day":6,"utc":"03:48:00","flight":"GS568"},{"day":6,"utc":"11:57:00","flight":"GS623"},{"day":6,"utc":"14:42:00","flight":"GS768"},{"day":6,"utc":"10:57:00","flight":"GS492"}],"distance":495.8262094162538}