{"id":36150,"type":"route","airline":"KK","airlineid":"airline_995","sourceairport":"IST","destinationairport":"LTN","stops":0,"equipment":"320","schedule":[{"day":0,"utc":"15:52:00","flight":"KK219"},{"day":0,"utc":"01:35:00","flight":"KK788"},{"day":0,"utc":"02:05:00","flight":"KK168"},{"day":1,"utc":"03:46:00","flight":"KK893"},{"day":1,"utc":"22:12:00","flight":"KK393"},{"day":2,"utc":"04:46:00","flight":"KK674"},{"day":2,"utc":"11:16:00","flight":"KK035"},{"day":2,"utc":"01:53:00","flight":"KK725"},{"day":2,"utc":"13:37:00","flight":"KK407"},{"day":2,"utc":"07:11:00","flight":"KK623"},{"day":3,"utc":"06:06:00","flight":"KK338"},{"day":3,"utc":"22:06:00","flight":"KK202"},{"day":4,"utc":"19:33:00","flight":"KK125"},{"day":4,"utc":"21:51:00","flight":"KK406"},{"day":4,"utc":"02:55:00","flight":"KK237"},{"day":4,"utc":"15:10:00","flight":"KK117"},{"day":5,"utc":"13:17:00","flight":"KK058"},{"day":5,"utc":"02:21:00","flight":"KK184"},{"day":5,"utc":"22:39:00","flight":"KK249"},{"day":6,"utc":"08:22:00","flight":"KK555"},{"day":6,"utc":"15:07:00","flight":"KK928"},{"day":6,"utc":"03:09:00","flight":"KK005"},{"day":6,"utc":"00:56:00","flight":"KK988"},{"day":6,"utc":"08:43:00","flight":"KK812"}]}