{"id":32542,"type":"route","airline":"IB","airlineid":"airline_2822","sourceairport":"JFK","destinationairport":"MAD","stops":0,"equipment":"333 346","schedule":[{"day":0,"utc":"04:35:00","flight":"IB935"},{"day":0,"utc":"06:36:00","flight":"IB631"},{"day":0,"utc":"17:19:00","flight":"IB506"},{"day":0,"utc":"05:05:00","flight":"IB147"},{"day":0,"utc":"01:40:00","flight":"IB868"},{"day":1,"utc":"19:44:00","flight":"IB882"},{"day":2,"utc":"14:22:00","flight":"IB364"},{"day":2,"utc":"07:38:00","flight":"IB118"},{"day":3,"utc":"20:29:00","flight":"IB812"},{"day":3,"utc":"23:37:00","flight":"IB261"},{"day":4,"utc":"01:57:00","flight":"IB362"},{"day":4,"utc":"06:03:00","flight":"IB647"},{"day":4,"utc":"05:49:00","flight":"IB960"},{"day":4,"utc":"05:39:00","flight":"IB012"},{"day":4,"utc":"23:21:00","flight":"IB633"},{"day":5,"utc":"02:24:00","flight":"IB837"},{"day":5,"utc":"22:24:00","flight":"IB964"},{"day":5,"utc":"03:36:00","flight":"IB323"},{"day":5,"utc":"13:07:00","flight":"IB334"},{"day":6,"utc":"01:41:00","flight":"IB195"},{"day":6,"utc":"16:29:00","flight":"IB323"},{"day":6,"utc":"22:18:00","flight":"IB109"}],"distance":5760.862043791369}