{"id":58835,"type":"route","airline":"US","airlineid":"airline_5265","sourceairport":"CLT","destinationairport":"OAJ","stops":0,"equipment":"CRJ CR7","schedule":[{"day":0,"utc":"03:04:00","flight":"US659"},{"day":0,"utc":"17:29:00","flight":"US260"},{"day":0,"utc":"09:38:00","flight":"US048"},{"day":0,"utc":"07:19:00","flight":"US379"},{"day":0,"utc":"07:45:00","flight":"US641"},{"day":1,"utc":"15:02:00","flight":"US596"},{"day":1,"utc":"08:19:00","flight":"US519"},{"day":2,"utc":"15:55:00","flight":"US321"},{"day":2,"utc":"05:46:00","flight":"US114"},{"day":2,"utc":"02:29:00","flight":"US868"},{"day":3,"utc":"10:20:00","flight":"US846"},{"day":3,"utc":"08:35:00","flight":"US358"},{"day":3,"utc":"17:32:00","flight":"US046"},{"day":3,"utc":"00:34:00","flight":"US578"},{"day":3,"utc":"13:56:00","flight":"US845"},{"day":4,"utc":"13:53:00","flight":"US447"},{"day":4,"utc":"04:27:00","flight":"US521"},{"day":5,"utc":"06:13:00","flight":"US224"},{"day":5,"utc":"01:23:00","flight":"US687"},{"day":5,"utc":"11:56:00","flight":"US185"},{"day":6,"utc":"22:23:00","flight":"US191"}]}