{"id":20535,"type":"route","airline":"DL","airlineid":"airline_2009","sourceairport":"DCA","destinationairport":"LEX","stops":0,"equipment":"CRJ","schedule":[{"day":0,"utc":"08:46:00","flight":"DL061"},{"day":0,"utc":"05:32:00","flight":"DL473"},{"day":0,"utc":"16:53:00","flight":"DL857"},{"day":1,"utc":"12:14:00","flight":"DL996"},{"day":2,"utc":"12:53:00","flight":"DL216"},{"day":2,"utc":"11:53:00","flight":"DL267"},{"day":2,"utc":"00:19:00","flight":"DL503"},{"day":3,"utc":"21:59:00","flight":"DL712"},{"day":3,"utc":"18:43:00","flight":"DL037"},{"day":3,"utc":"02:39:00","flight":"DL042"},{"day":4,"utc":"05:22:00","flight":"DL403"},{"day":4,"utc":"11:57:00","flight":"DL378"},{"day":4,"utc":"23:30:00","flight":"DL117"},{"day":4,"utc":"02:07:00","flight":"DL924"},{"day":4,"utc":"02:29:00","flight":"DL421"},{"day":5,"utc":"02:54:00","flight":"DL981"},{"day":5,"utc":"12:28:00","flight":"DL348"},{"day":5,"utc":"13:16:00","flight":"DL155"},{"day":5,"utc":"21:21:00","flight":"DL700"},{"day":6,"utc":"23:32:00","flight":"DL555"},{"day":6,"utc":"06:38:00","flight":"DL364"}]}