{"id":53987,"type":"route","airline":"TS","airlineid":"airline_1317","sourceairport":"YHZ","destinationairport":"MCO","stops":0,"equipment":"738","schedule":[{"day":0,"utc":"08:18:00","flight":"TS165"},{"day":1,"utc":"19:25:00","flight":"TS627"},{"day":1,"utc":"10:03:00","flight":"TS334"},{"day":2,"utc":"12:58:00","flight":"TS022"},{"day":2,"utc":"08:56:00","flight":"TS203"},{"day":2,"utc":"12:56:00","flight":"TS238"},{"day":2,"utc":"16:10:00","flight":"TS397"},{"day":3,"utc":"04:06:00","flight":"TS246"},{"day":3,"utc":"19:48:00","flight":"TS970"},{"day":3,"utc":"18:09:00","flight":"TS221"},{"day":3,"utc":"19:55:00","flight":"TS281"},{"day":4,"utc":"20:04:00","flight":"TS043"},{"day":5,"utc":"08:18:00","flight":"TS436"},{"day":6,"utc":"03:53:00","flight":"TS361"},{"day":6,"utc":"22:44:00","flight":"TS908"},{"day":6,"utc":"02:31:00","flight":"TS319"},{"day":6,"utc":"10:29:00","flight":"TS793"}],"distance":2411.259782086779}