{"id":53121,"type":"route","airline":"TO","airlineid":"airline_8745","sourceairport":"FAO","destinationairport":"NCL","stops":0,"equipment":"73H","schedule":[{"day":0,"utc":"17:05:00","flight":"TO473"},{"day":0,"utc":"06:08:00","flight":"TO016"},{"day":0,"utc":"21:07:00","flight":"TO011"},{"day":0,"utc":"17:51:00","flight":"TO187"},{"day":0,"utc":"22:38:00","flight":"TO852"},{"day":1,"utc":"10:19:00","flight":"TO584"},{"day":1,"utc":"07:35:00","flight":"TO457"},{"day":1,"utc":"17:09:00","flight":"TO181"},{"day":1,"utc":"06:57:00","flight":"TO854"},{"day":2,"utc":"22:18:00","flight":"TO684"},{"day":2,"utc":"22:15:00","flight":"TO095"},{"day":2,"utc":"08:23:00","flight":"TO299"},{"day":3,"utc":"08:01:00","flight":"TO958"},{"day":4,"utc":"14:21:00","flight":"TO390"},{"day":4,"utc":"00:51:00","flight":"TO807"},{"day":4,"utc":"11:04:00","flight":"TO637"},{"day":5,"utc":"20:06:00","flight":"TO892"},{"day":5,"utc":"01:19:00","flight":"TO561"},{"day":6,"utc":"14:57:00","flight":"TO651"}]}