{"id":63716,"type":"route","airline":"WN","airlineid":"airline_4547","sourceairport":"DEN","destinationairport":"GEG","stops":0,"equipment":"73W","schedule":[{"day":0,"utc":"10:29:00","flight":"WN462"},{"day":0,"utc":"17:22:00","flight":"WN231"},{"day":0,"utc":"04:02:00","flight":"WN791"},{"day":0,"utc":"11:03:00","flight":"WN477"},{"day":1,"utc":"18:47:00","flight":"WN369"},{"day":1,"utc":"00:30:00","flight":"WN162"},{"day":1,"utc":"15:16:00","flight":"WN372"},{"day":1,"utc":"00:14:00","flight":"WN901"},{"day":1,"utc":"18:06:00","flight":"WN366"},{"day":2,"utc":"04:35:00","flight":"WN898"},{"day":3,"utc":"10:50:00","flight":"WN591"},{"day":3,"utc":"14:02:00","flight":"WN963"},{"day":4,"utc":"12:35:00","flight":"WN208"},{"day":4,"utc":"14:05:00","flight":"WN797"},{"day":4,"utc":"04:21:00","flight":"WN390"},{"day":5,"utc":"18:50:00","flight":"WN422"},{"day":6,"utc":"03:14:00","flight":"WN587"}],"distance":1342.8992234008392}