{"id":14791,"type":"route","airline":"BA","airlineid":"airline_1355","sourceairport":"LIS","destinationairport":"LHR","stops":0,"equipment":"320","schedule":[{"day":0,"utc":"16:33:00","flight":"BA674"},{"day":0,"utc":"02:12:00","flight":"BA418"},{"day":0,"utc":"18:48:00","flight":"BA764"},{"day":0,"utc":"18:38:00","flight":"BA393"},{"day":0,"utc":"07:18:00","flight":"BA470"},{"day":1,"utc":"12:40:00","flight":"BA204"},{"day":1,"utc":"11:56:00","flight":"BA947"},{"day":2,"utc":"11:46:00","flight":"BA066"},{"day":3,"utc":"19:22:00","flight":"BA941"},{"day":3,"utc":"02:49:00","flight":"BA737"},{"day":3,"utc":"18:45:00","flight":"BA417"},{"day":4,"utc":"11:09:00","flight":"BA673"},{"day":4,"utc":"00:01:00","flight":"BA690"},{"day":5,"utc":"21:04:00","flight":"BA967"},{"day":6,"utc":"18:01:00","flight":"BA049"},{"day":6,"utc":"00:16:00","flight":"BA094"},{"day":6,"utc":"17:02:00","flight":"BA499"},{"day":6,"utc":"14:28:00","flight":"BA893"},{"day":6,"utc":"16:59:00","flight":"BA550"}]}