{"id":9762,"type":"route","airline":"AF","airlineid":"airline_137","sourceairport":"MSN","destinationairport":"ATL","stops":0,"equipment":"CR7 320 CR9","schedule":[{"day":0,"utc":"00:38:00","flight":"AF456"},{"day":0,"utc":"13:51:00","flight":"AF732"},{"day":0,"utc":"03:49:00","flight":"AF241"},{"day":0,"utc":"12:59:00","flight":"AF482"},{"day":0,"utc":"00:14:00","flight":"AF039"},{"day":1,"utc":"08:16:00","flight":"AF819"},{"day":2,"utc":"06:25:00","flight":"AF314"},{"day":2,"utc":"18:11:00","flight":"AF087"},{"day":3,"utc":"22:22:00","flight":"AF099"},{"day":3,"utc":"13:59:00","flight":"AF602"},{"day":3,"utc":"05:54:00","flight":"AF776"},{"day":3,"utc":"03:39:00","flight":"AF703"},{"day":4,"utc":"07:18:00","flight":"AF315"},{"day":4,"utc":"18:49:00","flight":"AF560"},{"day":4,"utc":"23:53:00","flight":"AF065"},{"day":4,"utc":"22:23:00","flight":"AF100"},{"day":5,"utc":"04:01:00","flight":"AF967"},{"day":5,"utc":"19:49:00","flight":"AF731"},{"day":6,"utc":"14:56:00","flight":"AF974"}],"distance":1139.4967412059755}