{"id":43931,"type":"route","airline":"NZ","airlineid":"airline_345","sourceairport":"GDL","destinationairport":"LAX","stops":0,"equipment":"319","schedule":[{"day":0,"utc":"17:17:00","flight":"NZ449"},{"day":0,"utc":"16:15:00","flight":"NZ341"},{"day":0,"utc":"08:46:00","flight":"NZ864"},{"day":0,"utc":"10:02:00","flight":"NZ223"},{"day":1,"utc":"20:49:00","flight":"NZ200"},{"day":1,"utc":"08:55:00","flight":"NZ848"},{"day":1,"utc":"07:27:00","flight":"NZ213"},{"day":1,"utc":"09:54:00","flight":"NZ444"},{"day":2,"utc":"19:31:00","flight":"NZ280"},{"day":3,"utc":"15:37:00","flight":"NZ734"},{"day":3,"utc":"23:58:00","flight":"NZ913"},{"day":3,"utc":"22:23:00","flight":"NZ981"},{"day":3,"utc":"16:12:00","flight":"NZ155"},{"day":4,"utc":"09:28:00","flight":"NZ154"},{"day":4,"utc":"08:37:00","flight":"NZ665"},{"day":5,"utc":"09:57:00","flight":"NZ851"},{"day":5,"utc":"22:12:00","flight":"NZ724"},{"day":6,"utc":"11:16:00","flight":"NZ518"},{"day":6,"utc":"09:20:00","flight":"NZ783"},{"day":6,"utc":"14:26:00","flight":"NZ277"},{"day":6,"utc":"01:42:00","flight":"NZ477"}]}