{"id":55448,"type":"route","airline":"U2","airlineid":"airline_2297","sourceairport":"SXF","destinationairport":"PMI","stops":0,"equipment":"319 320","schedule":[{"day":0,"utc":"18:01:00","flight":"U2043"},{"day":0,"utc":"16:09:00","flight":"U2551"},{"day":0,"utc":"13:32:00","flight":"U2650"},{"day":0,"utc":"21:56:00","flight":"U2446"},{"day":1,"utc":"05:48:00","flight":"U2389"},{"day":1,"utc":"23:23:00","flight":"U2619"},{"day":1,"utc":"11:24:00","flight":"U2395"},{"day":1,"utc":"22:36:00","flight":"U2684"},{"day":1,"utc":"02:19:00","flight":"U2371"},{"day":2,"utc":"09:34:00","flight":"U2397"},{"day":2,"utc":"00:45:00","flight":"U2478"},{"day":2,"utc":"02:46:00","flight":"U2692"},{"day":2,"utc":"22:02:00","flight":"U2814"},{"day":2,"utc":"04:42:00","flight":"U2202"},{"day":3,"utc":"02:43:00","flight":"U2628"},{"day":4,"utc":"15:05:00","flight":"U2406"},{"day":4,"utc":"16:20:00","flight":"U2951"},{"day":4,"utc":"18:51:00","flight":"U2640"},{"day":4,"utc":"00:41:00","flight":"U2058"},{"day":5,"utc":"22:39:00","flight":"U2633"},{"day":5,"utc":"22:18:00","flight":"U2936"},{"day":5,"utc":"09:22:00","flight":"U2823"},{"day":6,"utc":"23:14:00","flight":"U2268"},{"day":6,"utc":"11:40:00","flight":"U2543"},{"day":6,"utc":"10:34:00","flight":"U2150"}],"distance":1648.2921740783154}