{"id":57201,"type":"route","airline":"UA","airlineid":"airline_5209","sourceairport":"MUC","destinationairport":"LAX","stops":0,"equipment":"346","schedule":[{"day":0,"utc":"01:08:00","flight":"UA715"},{"day":0,"utc":"19:39:00","flight":"UA700"},{"day":0,"utc":"06:27:00","flight":"UA333"},{"day":0,"utc":"07:02:00","flight":"UA739"},{"day":0,"utc":"07:26:00","flight":"UA086"},{"day":1,"utc":"22:13:00","flight":"UA264"},{"day":1,"utc":"11:00:00","flight":"UA854"},{"day":1,"utc":"01:41:00","flight":"UA360"},{"day":2,"utc":"14:49:00","flight":"UA219"},{"day":2,"utc":"16:50:00","flight":"UA265"},{"day":3,"utc":"21:10:00","flight":"UA569"},{"day":3,"utc":"06:54:00","flight":"UA060"},{"day":3,"utc":"11:37:00","flight":"UA656"},{"day":3,"utc":"16:29:00","flight":"UA810"},{"day":4,"utc":"05:07:00","flight":"UA615"},{"day":4,"utc":"01:05:00","flight":"UA125"},{"day":4,"utc":"23:54:00","flight":"UA167"},{"day":4,"utc":"11:05:00","flight":"UA272"},{"day":4,"utc":"02:34:00","flight":"UA853"},{"day":5,"utc":"02:12:00","flight":"UA025"},{"day":6,"utc":"11:37:00","flight":"UA537"},{"day":6,"utc":"19:33:00","flight":"UA232"},{"day":6,"utc":"21:14:00","flight":"UA298"}]}