{"id":21743,"type":"route","airline":"DL","airlineid":"airline_2009","sourceairport":"SEA","destinationairport":"SAN","stops":0,"equipment":"73H 73J 734 739 73G","schedule":[{"day":0,"utc":"00:24:00","flight":"DL879"},{"day":1,"utc":"10:03:00","flight":"DL112"},{"day":1,"utc":"18:35:00","flight":"DL330"},{"day":1,"utc":"10:25:00","flight":"DL891"},{"day":2,"utc":"17:57:00","flight":"DL085"},{"day":2,"utc":"13:20:00","flight":"DL231"},{"day":2,"utc":"08:12:00","flight":"DL822"},{"day":2,"utc":"08:23:00","flight":"DL002"},{"day":3,"utc":"22:25:00","flight":"DL617"},{"day":3,"utc":"09:52:00","flight":"DL781"},{"day":3,"utc":"22:30:00","flight":"DL373"},{"day":4,"utc":"03:15:00","flight":"DL580"},{"day":5,"utc":"02:42:00","flight":"DL045"},{"day":5,"utc":"18:40:00","flight":"DL597"},{"day":6,"utc":"02:06:00","flight":"DL170"},{"day":6,"utc":"08:38:00","flight":"DL987"},{"day":6,"utc":"01:24:00","flight":"DL235"},{"day":6,"utc":"23:01:00","flight":"DL783"},{"day":6,"utc":"00:47:00","flight":"DL908"}]}