{"id":64628,"type":"route","airline":"WS","airlineid":"airline_5416","sourceairport":"MIA","destinationairport":"YYZ","stops":0,"equipment":"738","schedule":[{"day":0,"utc":"17:19:00","flight":"WS631"},{"day":0,"utc":"12:29:00","flight":"WS512"},{"day":0,"utc":"02:16:00","flight":"WS214"},{"day":0,"utc":"05:57:00","flight":"WS673"},{"day":1,"utc":"23:46:00","flight":"WS018"},{"day":1,"utc":"15:34:00","flight":"WS952"},{"day":2,"utc":"16:39:00","flight":"WS267"},{"day":3,"utc":"04:59:00","flight":"WS724"},{"day":3,"utc":"02:44:00","flight":"WS340"},{"day":3,"utc":"06:09:00","flight":"WS212"},{"day":4,"utc":"11:04:00","flight":"WS871"},{"day":4,"utc":"22:23:00","flight":"WS265"},{"day":5,"utc":"19:40:00","flight":"WS763"},{"day":6,"utc":"11:06:00","flight":"WS981"},{"day":6,"utc":"15:44:00","flight":"WS326"},{"day":6,"utc":"23:19:00","flight":"WS254"},{"day":6,"utc":"00:36:00","flight":"WS861"},{"day":6,"utc":"16:21:00","flight":"WS118"}]}