{"id":30336,"type":"route","airline":"GS","airlineid":"airline_690","sourceairport":"LYA","destinationairport":"BHY","stops":0,"equipment":"E90","schedule":[{"day":0,"utc":"03:49:00","flight":"GS887"},{"day":1,"utc":"18:07:00","flight":"GS992"},{"day":1,"utc":"04:36:00","flight":"GS190"},{"day":1,"utc":"05:55:00","flight":"GS269"},{"day":2,"utc":"19:22:00","flight":"GS167"},{"day":2,"utc":"10:52:00","flight":"GS855"},{"day":3,"utc":"23:18:00","flight":"GS351"},{"day":3,"utc":"19:29:00","flight":"GS972"},{"day":3,"utc":"16:51:00","flight":"GS204"},{"day":3,"utc":"16:45:00","flight":"GS983"},{"day":4,"utc":"01:25:00","flight":"GS533"},{"day":5,"utc":"05:11:00","flight":"GS898"},{"day":5,"utc":"16:28:00","flight":"GS586"},{"day":5,"utc":"09:45:00","flight":"GS963"},{"day":6,"utc":"11:33:00","flight":"GS461"},{"day":6,"utc":"20:03:00","flight":"GS981"},{"day":6,"utc":"11:54:00","flight":"GS194"},{"day":6,"utc":"07:45:00","flight":"GS282"}],"distance":1460.646716067885}