{"id":56837,"type":"route","airline":"UA","airlineid":"airline_5209","sourceairport":"IAH","destinationairport":"SJC","stops":0,"equipment":"319 320 739 738","schedule":[{"day":0,"utc":"07:53:00","flight":"UA406"},{"day":0,"utc":"07:31:00","flight":"UA272"},{"day":0,"utc":"08:00:00","flight":"UA937"},{"day":0,"utc":"06:25:00","flight":"UA823"},{"day":1,"utc":"09:33:00","flight":"UA245"},{"day":1,"utc":"14:43:00","flight":"UA241"},{"day":1,"utc":"21:47:00","flight":"UA279"},{"day":1,"utc":"14:52:00","flight":"UA935"},{"day":1,"utc":"11:58:00","flight":"UA327"},{"day":2,"utc":"20:38:00","flight":"UA627"},{"day":2,"utc":"21:51:00","flight":"UA843"},{"day":2,"utc":"06:00:00","flight":"UA597"},{"day":3,"utc":"14:58:00","flight":"UA788"},{"day":3,"utc":"20:10:00","flight":"UA011"},{"day":3,"utc":"06:16:00","flight":"UA430"},{"day":3,"utc":"08:05:00","flight":"UA505"},{"day":4,"utc":"03:49:00","flight":"UA420"},{"day":4,"utc":"02:55:00","flight":"UA971"},{"day":4,"utc":"16:52:00","flight":"UA551"},{"day":4,"utc":"10:24:00","flight":"UA522"},{"day":4,"utc":"02:19:00","flight":"UA769"},{"day":5,"utc":"19:03:00","flight":"UA084"},{"day":5,"utc":"04:57:00","flight":"UA624"},{"day":5,"utc":"07:20:00","flight":"UA135"},{"day":6,"utc":"07:50:00","flight":"UA739"},{"day":6,"utc":"01:24:00","flight":"UA437"},{"day":6,"utc":"03:08:00","flight":"UA128"},{"day":6,"utc":"19:20:00","flight":"UA159"}],"distance":2583.217005965782}