{"id":21877,"type":"route","airline":"DL","airlineid":"airline_2009","sourceairport":"SNA","destinationairport":"YVR","stops":0,"equipment":"73W","schedule":[{"day":0,"utc":"19:37:00","flight":"DL832"},{"day":0,"utc":"23:11:00","flight":"DL558"},{"day":0,"utc":"16:15:00","flight":"DL356"},{"day":0,"utc":"22:50:00","flight":"DL662"},{"day":0,"utc":"15:32:00","flight":"DL989"},{"day":1,"utc":"19:51:00","flight":"DL008"},{"day":2,"utc":"19:06:00","flight":"DL516"},{"day":2,"utc":"15:02:00","flight":"DL394"},{"day":2,"utc":"17:53:00","flight":"DL134"},{"day":2,"utc":"10:42:00","flight":"DL806"},{"day":3,"utc":"07:09:00","flight":"DL509"},{"day":4,"utc":"11:45:00","flight":"DL272"},{"day":4,"utc":"07:41:00","flight":"DL670"},{"day":5,"utc":"15:39:00","flight":"DL579"},{"day":6,"utc":"09:08:00","flight":"DL313"},{"day":6,"utc":"14:15:00","flight":"DL435"},{"day":6,"utc":"01:25:00","flight":"DL940"}]}