{"id":55443,"type":"route","airline":"U2","airlineid":"airline_2297","sourceairport":"SXF","destinationairport":"MXP","stops":0,"equipment":"320 319","schedule":[{"day":0,"utc":"18:54:00","flight":"U2861"},{"day":0,"utc":"13:12:00","flight":"U2615"},{"day":0,"utc":"12:30:00","flight":"U2144"},{"day":1,"utc":"11:35:00","flight":"U2520"},{"day":1,"utc":"05:07:00","flight":"U2661"},{"day":1,"utc":"02:31:00","flight":"U2323"},{"day":1,"utc":"08:49:00","flight":"U2710"},{"day":2,"utc":"10:32:00","flight":"U2615"},{"day":2,"utc":"14:24:00","flight":"U2517"},{"day":3,"utc":"23:39:00","flight":"U2938"},{"day":3,"utc":"21:59:00","flight":"U2441"},{"day":3,"utc":"09:35:00","flight":"U2480"},{"day":3,"utc":"11:30:00","flight":"U2545"},{"day":4,"utc":"22:52:00","flight":"U2728"},{"day":4,"utc":"07:39:00","flight":"U2015"},{"day":4,"utc":"06:37:00","flight":"U2075"},{"day":4,"utc":"03:59:00","flight":"U2546"},{"day":5,"utc":"18:41:00","flight":"U2256"},{"day":5,"utc":"13:39:00","flight":"U2311"},{"day":6,"utc":"00:35:00","flight":"U2577"},{"day":6,"utc":"11:20:00","flight":"U2405"},{"day":6,"utc":"16:43:00","flight":"U2909"},{"day":6,"utc":"13:23:00","flight":"U2667"},{"day":6,"utc":"08:03:00","flight":"U2991"}],"distance":827.5291845786494}