{"id":51854,"type":"route","airline":"TCX","airlineid":"airline_4897","sourceairport":"BFS","destinationairport":"PMI","stops":0,"equipment":"321","schedule":[{"day":0,"utc":"18:45:00","flight":"TCX878"},{"day":1,"utc":"04:58:00","flight":"TCX010"},{"day":1,"utc":"02:13:00","flight":"TCX215"},{"day":2,"utc":"13:12:00","flight":"TCX903"},{"day":2,"utc":"11:55:00","flight":"TCX175"},{"day":2,"utc":"06:48:00","flight":"TCX455"},{"day":3,"utc":"21:20:00","flight":"TCX845"},{"day":4,"utc":"10:08:00","flight":"TCX131"},{"day":4,"utc":"08:31:00","flight":"TCX587"},{"day":4,"utc":"10:50:00","flight":"TCX578"},{"day":5,"utc":"12:34:00","flight":"TCX480"},{"day":5,"utc":"12:37:00","flight":"TCX728"},{"day":6,"utc":"18:31:00","flight":"TCX276"},{"day":6,"utc":"20:12:00","flight":"TCX891"},{"day":6,"utc":"03:10:00","flight":"TCX090"},{"day":6,"utc":"14:14:00","flight":"TCX144"},{"day":6,"utc":"20:03:00","flight":"TCX021"}]}