{"id":50797,"type":"route","airline":"SU","airlineid":"airline_130","sourceairport":"CDG","destinationairport":"TLS","stops":0,"equipment":"319 320","schedule":[{"day":0,"utc":"05:48:00","flight":"SU949"},{"day":0,"utc":"11:47:00","flight":"SU635"},{"day":0,"utc":"23:01:00","flight":"SU295"},{"day":1,"utc":"05:08:00","flight":"SU755"},{"day":2,"utc":"05:50:00","flight":"SU309"},{"day":2,"utc":"03:19:00","flight":"SU438"},{"day":2,"utc":"12:08:00","flight":"SU360"},{"day":3,"utc":"14:47:00","flight":"SU539"},{"day":3,"utc":"01:43:00","flight":"SU663"},{"day":4,"utc":"07:42:00","flight":"SU136"},{"day":4,"utc":"03:31:00","flight":"SU350"},{"day":4,"utc":"06:33:00","flight":"SU585"},{"day":4,"utc":"06:17:00","flight":"SU024"},{"day":5,"utc":"15:34:00","flight":"SU335"},{"day":5,"utc":"08:01:00","flight":"SU301"},{"day":6,"utc":"12:20:00","flight":"SU121"},{"day":6,"utc":"18:23:00","flight":"SU567"},{"day":6,"utc":"22:21:00","flight":"SU437"}]}