{"id":6155,"type":"route","airline":"AA","airlineid":"airline_24","sourceairport":"MTY","destinationairport":"DFW","stops":0,"equipment":"M80 M83","schedule":[{"day":0,"utc":"13:11:00","flight":"AA930"},{"day":0,"utc":"19:42:00","flight":"AA901"},{"day":0,"utc":"21:06:00","flight":"AA423"},{"day":1,"utc":"04:02:00","flight":"AA027"},{"day":1,"utc":"05:32:00","flight":"AA592"},{"day":1,"utc":"04:35:00","flight":"AA998"},{"day":2,"utc":"05:31:00","flight":"AA008"},{"day":2,"utc":"03:12:00","flight":"AA362"},{"day":2,"utc":"18:09:00","flight":"AA201"},{"day":2,"utc":"19:39:00","flight":"AA397"},{"day":2,"utc":"19:14:00","flight":"AA195"},{"day":3,"utc":"02:13:00","flight":"AA617"},{"day":3,"utc":"09:46:00","flight":"AA715"},{"day":4,"utc":"02:13:00","flight":"AA203"},{"day":4,"utc":"00:20:00","flight":"AA112"},{"day":4,"utc":"09:07:00","flight":"AA158"},{"day":5,"utc":"04:20:00","flight":"AA876"},{"day":6,"utc":"02:59:00","flight":"AA366"}]}