{"id":39241,"type":"route","airline":"LS","airlineid":"airline_3026","sourceairport":"BFS","destinationairport":"DBV","stops":0,"equipment":"733","schedule":[{"day":0,"utc":"17:09:00","flight":"LS000"},{"day":0,"utc":"08:44:00","flight":"LS859"},{"day":0,"utc":"21:38:00","flight":"LS611"},{"day":1,"utc":"04:43:00","flight":"LS117"},{"day":1,"utc":"13:34:00","flight":"LS116"},{"day":1,"utc":"11:06:00","flight":"LS721"},{"day":1,"utc":"02:39:00","flight":"LS406"},{"day":1,"utc":"16:30:00","flight":"LS318"},{"day":2,"utc":"14:19:00","flight":"LS495"},{"day":2,"utc":"09:52:00","flight":"LS151"},{"day":2,"utc":"11:02:00","flight":"LS818"},{"day":3,"utc":"03:13:00","flight":"LS293"},{"day":3,"utc":"02:43:00","flight":"LS417"},{"day":4,"utc":"16:17:00","flight":"LS042"},{"day":4,"utc":"14:09:00","flight":"LS649"},{"day":4,"utc":"04:05:00","flight":"LS031"},{"day":4,"utc":"00:18:00","flight":"LS625"},{"day":4,"utc":"18:25:00","flight":"LS952"},{"day":5,"utc":"16:43:00","flight":"LS716"},{"day":5,"utc":"04:13:00","flight":"LS000"},{"day":5,"utc":"13:22:00","flight":"LS776"},{"day":5,"utc":"09:01:00","flight":"LS107"},{"day":5,"utc":"10:52:00","flight":"LS519"},{"day":6,"utc":"10:08:00","flight":"LS121"}],"distance":2227.78652159723}