{"id":59442,"type":"route","airline":"US","airlineid":"airline_5265","sourceairport":"JFK","destinationairport":"MAN","stops":0,"equipment":"757","schedule":[{"day":0,"utc":"00:28:00","flight":"US715"},{"day":0,"utc":"02:01:00","flight":"US837"},{"day":0,"utc":"16:44:00","flight":"US996"},{"day":1,"utc":"07:51:00","flight":"US263"},{"day":1,"utc":"19:38:00","flight":"US525"},{"day":1,"utc":"00:15:00","flight":"US662"},{"day":1,"utc":"17:20:00","flight":"US418"},{"day":2,"utc":"16:57:00","flight":"US615"},{"day":2,"utc":"06:09:00","flight":"US828"},{"day":2,"utc":"13:21:00","flight":"US809"},{"day":2,"utc":"06:18:00","flight":"US436"},{"day":3,"utc":"03:39:00","flight":"US944"},{"day":3,"utc":"01:36:00","flight":"US968"},{"day":3,"utc":"13:18:00","flight":"US581"},{"day":4,"utc":"19:25:00","flight":"US680"},{"day":4,"utc":"02:26:00","flight":"US951"},{"day":4,"utc":"11:54:00","flight":"US590"},{"day":4,"utc":"19:05:00","flight":"US866"},{"day":4,"utc":"13:20:00","flight":"US393"},{"day":5,"utc":"16:37:00","flight":"US591"},{"day":6,"utc":"03:28:00","flight":"US450"},{"day":6,"utc":"04:01:00","flight":"US105"},{"day":6,"utc":"03:56:00","flight":"US582"}],"distance":5362.047840087538}