{"id":61720,"type":"route","airline":"VS","airlineid":"airline_5347","sourceairport":"CUN","destinationairport":"LGW","stops":0,"equipment":"744","schedule":[{"day":0,"utc":"10:26:00","flight":"VS855"},{"day":1,"utc":"06:17:00","flight":"VS948"},{"day":2,"utc":"08:22:00","flight":"VS830"},{"day":2,"utc":"13:30:00","flight":"VS592"},{"day":3,"utc":"07:56:00","flight":"VS827"},{"day":3,"utc":"13:55:00","flight":"VS185"},{"day":3,"utc":"08:27:00","flight":"VS600"},{"day":4,"utc":"14:37:00","flight":"VS053"},{"day":4,"utc":"05:44:00","flight":"VS827"},{"day":5,"utc":"03:11:00","flight":"VS721"},{"day":6,"utc":"20:04:00","flight":"VS830"},{"day":6,"utc":"16:22:00","flight":"VS734"},{"day":6,"utc":"10:00:00","flight":"VS822"},{"day":6,"utc":"17:01:00","flight":"VS908"},{"day":6,"utc":"21:45:00","flight":"VS634"}]}