{"id":55351,"type":"route","airline":"U2","airlineid":"airline_2297","sourceairport":"RAK","destinationairport":"MAN","stops":0,"equipment":"320 319","schedule":[{"day":0,"utc":"10:42:00","flight":"U2592"},{"day":1,"utc":"02:21:00","flight":"U2391"},{"day":1,"utc":"19:49:00","flight":"U2456"},{"day":1,"utc":"11:02:00","flight":"U2502"},{"day":2,"utc":"11:15:00","flight":"U2317"},{"day":2,"utc":"17:03:00","flight":"U2879"},{"day":2,"utc":"18:05:00","flight":"U2766"},{"day":3,"utc":"06:47:00","flight":"U2240"},{"day":3,"utc":"07:13:00","flight":"U2667"},{"day":4,"utc":"00:41:00","flight":"U2483"},{"day":4,"utc":"14:51:00","flight":"U2347"},{"day":4,"utc":"15:40:00","flight":"U2567"},{"day":4,"utc":"07:43:00","flight":"U2319"},{"day":5,"utc":"20:54:00","flight":"U2730"},{"day":5,"utc":"12:37:00","flight":"U2216"},{"day":5,"utc":"15:51:00","flight":"U2255"},{"day":5,"utc":"11:58:00","flight":"U2194"},{"day":5,"utc":"07:46:00","flight":"U2576"},{"day":6,"utc":"21:55:00","flight":"U2291"},{"day":6,"utc":"21:45:00","flight":"U2787"},{"day":6,"utc":"08:55:00","flight":"U2768"},{"day":6,"utc":"08:06:00","flight":"U2657"},{"day":6,"utc":"16:18:00","flight":"U2918"}],"distance":2461.917481637003}