{"id":13926,"type":"route","airline":"B6","airlineid":"airline_3029","sourceairport":"BOS","destinationairport":"EWR","stops":0,"equipment":"E90","schedule":[{"day":0,"utc":"18:51:00","flight":"B6517"},{"day":0,"utc":"22:25:00","flight":"B6360"},{"day":0,"utc":"14:30:00","flight":"B6683"},{"day":1,"utc":"17:41:00","flight":"B6926"},{"day":2,"utc":"12:28:00","flight":"B6313"},{"day":3,"utc":"09:42:00","flight":"B6849"},{"day":4,"utc":"13:11:00","flight":"B6675"},{"day":5,"utc":"22:09:00","flight":"B6773"},{"day":5,"utc":"14:24:00","flight":"B6607"},{"day":5,"utc":"04:59:00","flight":"B6669"},{"day":5,"utc":"14:17:00","flight":"B6254"},{"day":6,"utc":"18:36:00","flight":"B6148"},{"day":6,"utc":"00:08:00","flight":"B6361"},{"day":6,"utc":"14:19:00","flight":"B6450"}],"distance":322.3083883902462}