{"id":63735,"type":"route","airline":"WN","airlineid":"airline_4547","sourceairport":"DEN","destinationairport":"PDX","stops":0,"equipment":"73W","schedule":[{"day":0,"utc":"14:32:00","flight":"WN563"},{"day":0,"utc":"05:32:00","flight":"WN026"},{"day":0,"utc":"02:23:00","flight":"WN368"},{"day":1,"utc":"16:22:00","flight":"WN702"},{"day":1,"utc":"03:30:00","flight":"WN905"},{"day":2,"utc":"23:11:00","flight":"WN953"},{"day":2,"utc":"10:42:00","flight":"WN564"},{"day":2,"utc":"06:28:00","flight":"WN624"},{"day":2,"utc":"19:47:00","flight":"WN539"},{"day":3,"utc":"13:02:00","flight":"WN549"},{"day":4,"utc":"00:26:00","flight":"WN433"},{"day":4,"utc":"05:05:00","flight":"WN052"},{"day":4,"utc":"19:02:00","flight":"WN961"},{"day":5,"utc":"17:33:00","flight":"WN278"},{"day":5,"utc":"04:18:00","flight":"WN378"},{"day":6,"utc":"12:18:00","flight":"WN222"}]}