{"id":61133,"type":"route","airline":"VA","airlineid":"airline_5360","sourceairport":"MUC","destinationairport":"MAN","stops":0,"equipment":"77W","schedule":[{"day":0,"utc":"21:09:00","flight":"VA330"},{"day":0,"utc":"11:11:00","flight":"VA417"},{"day":0,"utc":"00:49:00","flight":"VA118"},{"day":1,"utc":"18:52:00","flight":"VA439"},{"day":1,"utc":"19:40:00","flight":"VA202"},{"day":2,"utc":"04:23:00","flight":"VA374"},{"day":2,"utc":"22:04:00","flight":"VA898"},{"day":3,"utc":"10:43:00","flight":"VA266"},{"day":3,"utc":"23:16:00","flight":"VA297"},{"day":3,"utc":"15:37:00","flight":"VA071"},{"day":3,"utc":"03:59:00","flight":"VA802"},{"day":3,"utc":"19:46:00","flight":"VA074"},{"day":4,"utc":"06:53:00","flight":"VA439"},{"day":4,"utc":"13:34:00","flight":"VA600"},{"day":4,"utc":"13:34:00","flight":"VA956"},{"day":4,"utc":"04:50:00","flight":"VA815"},{"day":5,"utc":"19:34:00","flight":"VA587"},{"day":6,"utc":"13:08:00","flight":"VA637"},{"day":6,"utc":"05:57:00","flight":"VA608"},{"day":6,"utc":"23:50:00","flight":"VA919"}],"distance":1130.0496790136208}