{"id":14262,"type":"route","airline":"B6","airlineid":"airline_3029","sourceairport":"SJU","destinationairport":"STT","stops":0,"equipment":"E90","schedule":[{"day":0,"utc":"04:01:00","flight":"B6999"},{"day":0,"utc":"01:15:00","flight":"B6234"},{"day":0,"utc":"16:20:00","flight":"B6656"},{"day":0,"utc":"07:42:00","flight":"B6906"},{"day":0,"utc":"11:04:00","flight":"B6363"},{"day":1,"utc":"03:59:00","flight":"B6048"},{"day":1,"utc":"21:26:00","flight":"B6011"},{"day":1,"utc":"17:06:00","flight":"B6138"},{"day":2,"utc":"11:02:00","flight":"B6041"},{"day":2,"utc":"10:04:00","flight":"B6322"},{"day":2,"utc":"23:43:00","flight":"B6443"},{"day":2,"utc":"04:55:00","flight":"B6921"},{"day":3,"utc":"00:48:00","flight":"B6846"},{"day":3,"utc":"03:23:00","flight":"B6757"},{"day":3,"utc":"19:22:00","flight":"B6571"},{"day":3,"utc":"03:50:00","flight":"B6195"},{"day":3,"utc":"22:26:00","flight":"B6592"},{"day":4,"utc":"02:47:00","flight":"B6714"},{"day":4,"utc":"20:10:00","flight":"B6997"},{"day":4,"utc":"01:35:00","flight":"B6520"},{"day":4,"utc":"05:43:00","flight":"B6689"},{"day":5,"utc":"23:15:00","flight":"B6405"},{"day":6,"utc":"23:07:00","flight":"B6934"}]}