{"id":29124,"type":"route","airline":"G4","airlineid":"airline_35","sourceairport":"PIE","destinationairport":"PBG","stops":0,"equipment":"320","schedule":[{"day":0,"utc":"14:21:00","flight":"G4822"},{"day":0,"utc":"04:12:00","flight":"G4237"},{"day":0,"utc":"21:55:00","flight":"G4091"},{"day":0,"utc":"08:43:00","flight":"G4832"},{"day":0,"utc":"19:42:00","flight":"G4235"},{"day":1,"utc":"18:31:00","flight":"G4458"},{"day":1,"utc":"22:19:00","flight":"G4353"},{"day":2,"utc":"02:27:00","flight":"G4544"},{"day":2,"utc":"16:30:00","flight":"G4071"},{"day":2,"utc":"09:03:00","flight":"G4031"},{"day":2,"utc":"00:29:00","flight":"G4212"},{"day":2,"utc":"02:10:00","flight":"G4347"},{"day":3,"utc":"19:36:00","flight":"G4526"},{"day":3,"utc":"04:38:00","flight":"G4249"},{"day":3,"utc":"21:31:00","flight":"G4384"},{"day":3,"utc":"04:57:00","flight":"G4781"},{"day":4,"utc":"01:35:00","flight":"G4223"},{"day":4,"utc":"01:14:00","flight":"G4944"},{"day":4,"utc":"16:17:00","flight":"G4124"},{"day":5,"utc":"07:59:00","flight":"G4052"},{"day":5,"utc":"23:35:00","flight":"G4084"},{"day":5,"utc":"21:20:00","flight":"G4454"},{"day":5,"utc":"06:34:00","flight":"G4913"},{"day":6,"utc":"09:34:00","flight":"G4578"},{"day":6,"utc":"19:02:00","flight":"G4650"},{"day":6,"utc":"15:25:00","flight":"G4022"},{"day":6,"utc":"12:10:00","flight":"G4216"}],"distance":2033.413224994424}