{"id":58712,"type":"route","airline":"US","airlineid":"airline_5265","sourceairport":"CAE","destinationairport":"DCA","stops":0,"equipment":"CRJ","schedule":[{"day":0,"utc":"04:46:00","flight":"US229"},{"day":0,"utc":"09:37:00","flight":"US218"},{"day":0,"utc":"02:43:00","flight":"US603"},{"day":0,"utc":"23:02:00","flight":"US466"},{"day":0,"utc":"13:31:00","flight":"US687"},{"day":1,"utc":"05:05:00","flight":"US595"},{"day":1,"utc":"04:41:00","flight":"US411"},{"day":1,"utc":"10:30:00","flight":"US561"},{"day":1,"utc":"08:29:00","flight":"US536"},{"day":2,"utc":"05:30:00","flight":"US727"},{"day":3,"utc":"18:10:00","flight":"US793"},{"day":3,"utc":"08:22:00","flight":"US225"},{"day":3,"utc":"18:45:00","flight":"US157"},{"day":3,"utc":"07:41:00","flight":"US091"},{"day":4,"utc":"15:57:00","flight":"US932"},{"day":4,"utc":"12:59:00","flight":"US181"},{"day":4,"utc":"20:59:00","flight":"US320"},{"day":4,"utc":"05:05:00","flight":"US963"},{"day":4,"utc":"08:11:00","flight":"US964"},{"day":5,"utc":"00:43:00","flight":"US523"},{"day":5,"utc":"04:01:00","flight":"US946"},{"day":5,"utc":"22:47:00","flight":"US743"},{"day":6,"utc":"17:29:00","flight":"US280"}],"distance":657.0506152324723}