{"id":59625,"type":"route","airline":"US","airlineid":"airline_5265","sourceairport":"MAN","destinationairport":"ORD","stops":0,"equipment":"763","schedule":[{"day":0,"utc":"05:31:00","flight":"US313"},{"day":0,"utc":"09:47:00","flight":"US328"},{"day":0,"utc":"19:03:00","flight":"US487"},{"day":0,"utc":"21:50:00","flight":"US891"},{"day":0,"utc":"05:45:00","flight":"US022"},{"day":1,"utc":"05:50:00","flight":"US437"},{"day":1,"utc":"07:32:00","flight":"US312"},{"day":1,"utc":"03:02:00","flight":"US017"},{"day":2,"utc":"11:08:00","flight":"US332"},{"day":2,"utc":"23:02:00","flight":"US317"},{"day":2,"utc":"13:38:00","flight":"US918"},{"day":2,"utc":"23:08:00","flight":"US652"},{"day":3,"utc":"20:43:00","flight":"US895"},{"day":3,"utc":"22:39:00","flight":"US098"},{"day":3,"utc":"13:53:00","flight":"US590"},{"day":3,"utc":"04:06:00","flight":"US367"},{"day":3,"utc":"07:26:00","flight":"US902"},{"day":4,"utc":"06:24:00","flight":"US515"},{"day":4,"utc":"09:57:00","flight":"US562"},{"day":4,"utc":"19:00:00","flight":"US534"},{"day":4,"utc":"04:01:00","flight":"US042"},{"day":5,"utc":"12:13:00","flight":"US825"},{"day":5,"utc":"16:17:00","flight":"US403"},{"day":5,"utc":"03:58:00","flight":"US915"},{"day":5,"utc":"06:24:00","flight":"US786"},{"day":6,"utc":"18:28:00","flight":"US110"},{"day":6,"utc":"23:21:00","flight":"US619"},{"day":6,"utc":"06:45:00","flight":"US314"},{"day":6,"utc":"08:55:00","flight":"US762"},{"day":6,"utc":"13:25:00","flight":"US864"}]}