{"id":4491,"type":"route","airline":"A5","airlineid":"airline_1203","sourceairport":"AUR","destinationairport":"ORY","stops":0,"equipment":"AT5","schedule":[{"day":0,"utc":"19:45:00","flight":"A5668"},{"day":0,"utc":"23:02:00","flight":"A5583"},{"day":0,"utc":"04:19:00","flight":"A5162"},{"day":0,"utc":"19:44:00","flight":"A5034"},{"day":0,"utc":"01:51:00","flight":"A5795"},{"day":1,"utc":"03:26:00","flight":"A5266"},{"day":1,"utc":"12:43:00","flight":"A5312"},{"day":1,"utc":"08:01:00","flight":"A5050"},{"day":1,"utc":"11:28:00","flight":"A5935"},{"day":1,"utc":"21:46:00","flight":"A5210"},{"day":2,"utc":"16:13:00","flight":"A5196"},{"day":3,"utc":"21:18:00","flight":"A5276"},{"day":3,"utc":"22:20:00","flight":"A5162"},{"day":4,"utc":"13:43:00","flight":"A5623"},{"day":4,"utc":"03:00:00","flight":"A5626"},{"day":4,"utc":"00:31:00","flight":"A5866"},{"day":4,"utc":"13:07:00","flight":"A5194"},{"day":5,"utc":"12:16:00","flight":"A5435"},{"day":6,"utc":"00:06:00","flight":"A5589"},{"day":6,"utc":"21:21:00","flight":"A5658"},{"day":6,"utc":"21:07:00","flight":"A5443"}],"distance":426.33560960524005}