{"id":57613,"type":"route","airline":"UA","airlineid":"airline_5209","sourceairport":"SEA","destinationairport":"ANC","stops":0,"equipment":"739 738","schedule":[{"day":0,"utc":"08:48:00","flight":"UA951"},{"day":1,"utc":"17:24:00","flight":"UA335"},{"day":1,"utc":"06:54:00","flight":"UA587"},{"day":1,"utc":"23:55:00","flight":"UA999"},{"day":2,"utc":"18:18:00","flight":"UA509"},{"day":2,"utc":"20:52:00","flight":"UA112"},{"day":2,"utc":"19:43:00","flight":"UA378"},{"day":3,"utc":"10:52:00","flight":"UA118"},{"day":4,"utc":"02:51:00","flight":"UA469"},{"day":4,"utc":"03:57:00","flight":"UA357"},{"day":4,"utc":"07:45:00","flight":"UA871"},{"day":5,"utc":"21:06:00","flight":"UA600"},{"day":5,"utc":"00:58:00","flight":"UA670"},{"day":5,"utc":"12:36:00","flight":"UA519"},{"day":6,"utc":"22:23:00","flight":"UA587"},{"day":6,"utc":"20:01:00","flight":"UA177"},{"day":6,"utc":"05:01:00","flight":"UA157"},{"day":6,"utc":"18:42:00","flight":"UA005"}],"distance":2325.640854227504}