{"id":22984,"type":"route","airline":"EI","airlineid":"airline_837","sourceairport":"LGW","destinationairport":"BHD","stops":0,"equipment":"320 319","schedule":[{"day":0,"utc":"06:03:00","flight":"EI974"},{"day":0,"utc":"11:22:00","flight":"EI155"},{"day":0,"utc":"07:19:00","flight":"EI790"},{"day":0,"utc":"01:00:00","flight":"EI035"},{"day":0,"utc":"06:31:00","flight":"EI259"},{"day":1,"utc":"12:35:00","flight":"EI236"},{"day":2,"utc":"22:02:00","flight":"EI328"},{"day":3,"utc":"19:18:00","flight":"EI237"},{"day":3,"utc":"06:10:00","flight":"EI860"},{"day":3,"utc":"23:21:00","flight":"EI793"},{"day":3,"utc":"12:24:00","flight":"EI970"},{"day":4,"utc":"04:43:00","flight":"EI174"},{"day":4,"utc":"17:51:00","flight":"EI699"},{"day":4,"utc":"19:23:00","flight":"EI373"},{"day":4,"utc":"10:06:00","flight":"EI448"},{"day":5,"utc":"14:06:00","flight":"EI079"},{"day":5,"utc":"04:08:00","flight":"EI221"},{"day":5,"utc":"20:00:00","flight":"EI745"},{"day":5,"utc":"18:14:00","flight":"EI535"},{"day":5,"utc":"08:24:00","flight":"EI070"},{"day":6,"utc":"00:47:00","flight":"EI890"}]}