{"id":9797,"type":"route","airline":"AF","airlineid":"airline_137","sourceairport":"NCE","destinationairport":"FCO","stops":0,"equipment":"319 32S E75 321 E90","schedule":[{"day":0,"utc":"06:00:00","flight":"AF145"},{"day":0,"utc":"21:14:00","flight":"AF181"},{"day":0,"utc":"06:31:00","flight":"AF340"},{"day":0,"utc":"17:42:00","flight":"AF701"},{"day":1,"utc":"13:43:00","flight":"AF390"},{"day":1,"utc":"18:44:00","flight":"AF892"},{"day":1,"utc":"04:08:00","flight":"AF984"},{"day":1,"utc":"02:22:00","flight":"AF520"},{"day":1,"utc":"16:38:00","flight":"AF041"},{"day":2,"utc":"23:11:00","flight":"AF361"},{"day":3,"utc":"07:57:00","flight":"AF055"},{"day":3,"utc":"08:08:00","flight":"AF707"},{"day":3,"utc":"00:17:00","flight":"AF172"},{"day":3,"utc":"18:54:00","flight":"AF151"},{"day":3,"utc":"08:27:00","flight":"AF928"},{"day":4,"utc":"08:33:00","flight":"AF711"},{"day":4,"utc":"02:21:00","flight":"AF966"},{"day":4,"utc":"14:50:00","flight":"AF596"},{"day":4,"utc":"13:45:00","flight":"AF173"},{"day":5,"utc":"22:14:00","flight":"AF154"},{"day":5,"utc":"19:57:00","flight":"AF189"},{"day":5,"utc":"00:17:00","flight":"AF584"},{"day":5,"utc":"01:50:00","flight":"AF450"},{"day":6,"utc":"01:34:00","flight":"AF208"},{"day":6,"utc":"05:17:00","flight":"AF159"},{"day":6,"utc":"01:50:00","flight":"AF261"}],"distance":459.9047324743149}