{"id":59442,"type":"route","airline":"US","airlineid":"airline_5265","sourceairport":"JFK","destinationairport":"MAN","stops":0,"equipment":"757","schedule":[{"day":0,"utc":"21:27:00","flight":"US336"},{"day":0,"utc":"02:59:00","flight":"US722"},{"day":0,"utc":"00:57:00","flight":"US267"},{"day":1,"utc":"17:13:00","flight":"US392"},{"day":2,"utc":"17:56:00","flight":"US626"},{"day":2,"utc":"12:54:00","flight":"US978"},{"day":2,"utc":"19:25:00","flight":"US451"},{"day":2,"utc":"06:07:00","flight":"US015"},{"day":3,"utc":"05:01:00","flight":"US511"},{"day":3,"utc":"00:52:00","flight":"US887"},{"day":3,"utc":"11:42:00","flight":"US730"},{"day":4,"utc":"03:47:00","flight":"US291"},{"day":4,"utc":"08:14:00","flight":"US129"},{"day":4,"utc":"03:48:00","flight":"US279"},{"day":4,"utc":"18:29:00","flight":"US317"},{"day":5,"utc":"22:20:00","flight":"US204"},{"day":5,"utc":"17:41:00","flight":"US467"},{"day":5,"utc":"23:37:00","flight":"US573"},{"day":5,"utc":"09:23:00","flight":"US110"},{"day":6,"utc":"18:20:00","flight":"US914"},{"day":6,"utc":"18:48:00","flight":"US636"}],"distance":5362.047840087538}