{"id":43516,"type":"route","airline":"NK","airlineid":"airline_4687","sourceairport":"OAK","destinationairport":"LAS","stops":0,"equipment":"320 319","schedule":[{"day":0,"utc":"08:20:00","flight":"NK079"},{"day":0,"utc":"09:40:00","flight":"NK983"},{"day":0,"utc":"02:37:00","flight":"NK377"},{"day":1,"utc":"00:24:00","flight":"NK025"},{"day":1,"utc":"10:46:00","flight":"NK386"},{"day":2,"utc":"11:42:00","flight":"NK605"},{"day":2,"utc":"03:32:00","flight":"NK743"},{"day":2,"utc":"12:11:00","flight":"NK402"},{"day":2,"utc":"02:05:00","flight":"NK794"},{"day":2,"utc":"01:45:00","flight":"NK093"},{"day":3,"utc":"21:02:00","flight":"NK748"},{"day":3,"utc":"04:17:00","flight":"NK191"},{"day":3,"utc":"10:21:00","flight":"NK709"},{"day":4,"utc":"21:24:00","flight":"NK948"},{"day":4,"utc":"10:22:00","flight":"NK334"},{"day":4,"utc":"22:33:00","flight":"NK016"},{"day":4,"utc":"06:01:00","flight":"NK766"},{"day":5,"utc":"01:46:00","flight":"NK626"},{"day":5,"utc":"18:44:00","flight":"NK112"},{"day":5,"utc":"08:33:00","flight":"NK609"},{"day":5,"utc":"14:48:00","flight":"NK632"},{"day":6,"utc":"20:28:00","flight":"NK202"}],"distance":654.2936213344848}