{"id":9284,"type":"route","airline":"AF","airlineid":"airline_137","sourceairport":"CDG","destinationairport":"BOM","stops":0,"equipment":"332","schedule":[{"day":0,"utc":"09:37:00","flight":"AF978"},{"day":0,"utc":"11:26:00","flight":"AF565"},{"day":0,"utc":"09:17:00","flight":"AF552"},{"day":0,"utc":"11:12:00","flight":"AF234"},{"day":0,"utc":"01:48:00","flight":"AF103"},{"day":1,"utc":"17:00:00","flight":"AF037"},{"day":1,"utc":"09:04:00","flight":"AF207"},{"day":1,"utc":"15:52:00","flight":"AF246"},{"day":1,"utc":"19:44:00","flight":"AF666"},{"day":2,"utc":"00:03:00","flight":"AF247"},{"day":2,"utc":"09:26:00","flight":"AF456"},{"day":2,"utc":"05:47:00","flight":"AF815"},{"day":3,"utc":"22:06:00","flight":"AF862"},{"day":3,"utc":"19:08:00","flight":"AF402"},{"day":3,"utc":"11:35:00","flight":"AF424"},{"day":3,"utc":"03:03:00","flight":"AF944"},{"day":3,"utc":"00:53:00","flight":"AF026"},{"day":4,"utc":"14:31:00","flight":"AF398"},{"day":4,"utc":"07:56:00","flight":"AF019"},{"day":4,"utc":"22:38:00","flight":"AF847"},{"day":4,"utc":"16:41:00","flight":"AF828"},{"day":4,"utc":"18:31:00","flight":"AF908"},{"day":5,"utc":"22:18:00","flight":"AF559"},{"day":5,"utc":"20:33:00","flight":"AF403"},{"day":5,"utc":"00:07:00","flight":"AF010"},{"day":5,"utc":"17:50:00","flight":"AF142"},{"day":6,"utc":"07:11:00","flight":"AF319"},{"day":6,"utc":"03:55:00","flight":"AF286"},{"day":6,"utc":"14:20:00","flight":"AF112"},{"day":6,"utc":"19:15:00","flight":"AF576"}],"distance":6993.6288690203655}