{"id":13173,"type":"route","airline":"AZ","airlineid":"airline_596","sourceairport":"CDG","destinationairport":"MPL","stops":0,"equipment":"318 319 320 32A","schedule":[{"day":0,"utc":"16:20:00","flight":"AZ119"},{"day":0,"utc":"12:38:00","flight":"AZ372"},{"day":0,"utc":"04:39:00","flight":"AZ197"},{"day":1,"utc":"03:31:00","flight":"AZ358"},{"day":1,"utc":"05:44:00","flight":"AZ111"},{"day":1,"utc":"03:04:00","flight":"AZ477"},{"day":2,"utc":"11:27:00","flight":"AZ369"},{"day":3,"utc":"13:19:00","flight":"AZ835"},{"day":4,"utc":"12:25:00","flight":"AZ197"},{"day":4,"utc":"14:13:00","flight":"AZ982"},{"day":4,"utc":"06:48:00","flight":"AZ873"},{"day":5,"utc":"03:12:00","flight":"AZ234"},{"day":5,"utc":"12:44:00","flight":"AZ335"},{"day":6,"utc":"07:13:00","flight":"AZ243"}]}