{"id":63653,"type":"route","airline":"WN","airlineid":"airline_4547","sourceairport":"CLT","destinationairport":"HOU","stops":0,"equipment":"733 73W","schedule":[{"day":0,"utc":"03:24:00","flight":"WN537"},{"day":1,"utc":"00:49:00","flight":"WN745"},{"day":1,"utc":"14:32:00","flight":"WN128"},{"day":1,"utc":"15:03:00","flight":"WN278"},{"day":1,"utc":"13:10:00","flight":"WN828"},{"day":2,"utc":"23:26:00","flight":"WN066"},{"day":3,"utc":"01:31:00","flight":"WN514"},{"day":3,"utc":"04:29:00","flight":"WN460"},{"day":3,"utc":"14:30:00","flight":"WN034"},{"day":3,"utc":"00:42:00","flight":"WN857"},{"day":3,"utc":"04:48:00","flight":"WN193"},{"day":4,"utc":"12:34:00","flight":"WN642"},{"day":4,"utc":"21:52:00","flight":"WN822"},{"day":4,"utc":"04:51:00","flight":"WN691"},{"day":4,"utc":"01:31:00","flight":"WN395"},{"day":4,"utc":"04:53:00","flight":"WN181"},{"day":5,"utc":"00:42:00","flight":"WN010"},{"day":5,"utc":"07:21:00","flight":"WN950"},{"day":5,"utc":"11:29:00","flight":"WN205"},{"day":5,"utc":"10:20:00","flight":"WN227"},{"day":5,"utc":"04:24:00","flight":"WN140"},{"day":6,"utc":"20:16:00","flight":"WN153"},{"day":6,"utc":"13:43:00","flight":"WN408"},{"day":6,"utc":"10:01:00","flight":"WN808"},{"day":6,"utc":"15:32:00","flight":"WN582"},{"day":6,"utc":"15:00:00","flight":"WN921"}]}