{"id":54763,"type":"route","airline":"U2","airlineid":"airline_2297","sourceairport":"FCO","destinationairport":"NTE","stops":0,"equipment":"319","schedule":[{"day":0,"utc":"07:35:00","flight":"U2573"},{"day":0,"utc":"15:18:00","flight":"U2018"},{"day":0,"utc":"03:28:00","flight":"U2937"},{"day":0,"utc":"09:35:00","flight":"U2743"},{"day":0,"utc":"00:02:00","flight":"U2706"},{"day":1,"utc":"13:36:00","flight":"U2025"},{"day":2,"utc":"01:47:00","flight":"U2218"},{"day":2,"utc":"03:20:00","flight":"U2208"},{"day":2,"utc":"06:43:00","flight":"U2258"},{"day":2,"utc":"19:36:00","flight":"U2901"},{"day":2,"utc":"09:06:00","flight":"U2826"},{"day":3,"utc":"16:46:00","flight":"U2551"},{"day":3,"utc":"22:50:00","flight":"U2526"},{"day":4,"utc":"23:14:00","flight":"U2242"},{"day":5,"utc":"09:23:00","flight":"U2743"},{"day":6,"utc":"13:08:00","flight":"U2221"}]}