{"id":27138,"type":"route","airline":"FR","airlineid":"airline_4296","sourceairport":"LPA","destinationairport":"BHX","stops":0,"equipment":"738","schedule":[{"day":0,"utc":"13:57:00","flight":"FR459"},{"day":0,"utc":"22:42:00","flight":"FR663"},{"day":0,"utc":"12:28:00","flight":"FR481"},{"day":0,"utc":"02:31:00","flight":"FR556"},{"day":1,"utc":"22:13:00","flight":"FR770"},{"day":1,"utc":"08:00:00","flight":"FR761"},{"day":2,"utc":"15:44:00","flight":"FR624"},{"day":2,"utc":"21:15:00","flight":"FR154"},{"day":3,"utc":"03:48:00","flight":"FR429"},{"day":3,"utc":"14:20:00","flight":"FR792"},{"day":3,"utc":"10:16:00","flight":"FR998"},{"day":3,"utc":"21:57:00","flight":"FR873"},{"day":3,"utc":"20:29:00","flight":"FR378"},{"day":4,"utc":"22:51:00","flight":"FR424"},{"day":4,"utc":"08:29:00","flight":"FR733"},{"day":4,"utc":"06:13:00","flight":"FR330"},{"day":4,"utc":"10:34:00","flight":"FR613"},{"day":4,"utc":"03:21:00","flight":"FR609"},{"day":5,"utc":"20:56:00","flight":"FR675"},{"day":6,"utc":"19:00:00","flight":"FR500"},{"day":6,"utc":"14:23:00","flight":"FR442"},{"day":6,"utc":"14:20:00","flight":"FR779"}],"distance":2951.144600192742}