{"id":54845,"type":"route","airline":"U2","airlineid":"airline_2297","sourceairport":"HAM","destinationairport":"BSL","stops":0,"equipment":"320 319","schedule":[{"day":0,"utc":"10:50:00","flight":"U2227"},{"day":0,"utc":"17:44:00","flight":"U2849"},{"day":0,"utc":"11:48:00","flight":"U2894"},{"day":0,"utc":"16:46:00","flight":"U2526"},{"day":0,"utc":"07:42:00","flight":"U2796"},{"day":1,"utc":"23:59:00","flight":"U2679"},{"day":1,"utc":"09:26:00","flight":"U2343"},{"day":1,"utc":"04:23:00","flight":"U2368"},{"day":1,"utc":"09:27:00","flight":"U2573"},{"day":1,"utc":"05:18:00","flight":"U2144"},{"day":2,"utc":"02:46:00","flight":"U2865"},{"day":3,"utc":"17:14:00","flight":"U2475"},{"day":3,"utc":"15:24:00","flight":"U2040"},{"day":3,"utc":"14:45:00","flight":"U2937"},{"day":4,"utc":"05:02:00","flight":"U2429"},{"day":5,"utc":"12:53:00","flight":"U2607"},{"day":5,"utc":"10:20:00","flight":"U2170"},{"day":5,"utc":"10:30:00","flight":"U2310"},{"day":5,"utc":"17:36:00","flight":"U2238"},{"day":5,"utc":"18:25:00","flight":"U2681"},{"day":6,"utc":"02:57:00","flight":"U2720"},{"day":6,"utc":"03:16:00","flight":"U2467"},{"day":6,"utc":"10:48:00","flight":"U2657"},{"day":6,"utc":"05:32:00","flight":"U2147"},{"day":6,"utc":"22:11:00","flight":"U2370"}],"distance":693.6009830705491}