{"id":57613,"type":"route","airline":"UA","airlineid":"airline_5209","sourceairport":"SEA","destinationairport":"ANC","stops":0,"equipment":"739 738","schedule":[{"day":0,"utc":"10:19:00","flight":"UA516"},{"day":0,"utc":"09:33:00","flight":"UA597"},{"day":0,"utc":"23:08:00","flight":"UA045"},{"day":0,"utc":"05:45:00","flight":"UA041"},{"day":0,"utc":"14:16:00","flight":"UA614"},{"day":1,"utc":"11:34:00","flight":"UA876"},{"day":1,"utc":"20:42:00","flight":"UA824"},{"day":1,"utc":"15:43:00","flight":"UA620"},{"day":1,"utc":"14:09:00","flight":"UA656"},{"day":1,"utc":"07:46:00","flight":"UA487"},{"day":2,"utc":"12:55:00","flight":"UA640"},{"day":2,"utc":"13:22:00","flight":"UA017"},{"day":2,"utc":"02:29:00","flight":"UA992"},{"day":3,"utc":"13:33:00","flight":"UA592"},{"day":3,"utc":"10:31:00","flight":"UA767"},{"day":3,"utc":"12:32:00","flight":"UA517"},{"day":4,"utc":"05:54:00","flight":"UA051"},{"day":4,"utc":"15:52:00","flight":"UA972"},{"day":4,"utc":"01:23:00","flight":"UA196"},{"day":4,"utc":"07:07:00","flight":"UA645"},{"day":4,"utc":"14:37:00","flight":"UA905"},{"day":5,"utc":"01:53:00","flight":"UA309"},{"day":5,"utc":"18:20:00","flight":"UA136"},{"day":5,"utc":"17:23:00","flight":"UA199"},{"day":5,"utc":"20:53:00","flight":"UA672"},{"day":6,"utc":"18:02:00","flight":"UA646"}]}