{"id":1452,"type":"route","airline":"4U","airlineid":"airline_2548","sourceairport":"HAM","destinationairport":"MAN","stops":0,"equipment":"CRJ","schedule":[{"day":0,"utc":"03:49:00","flight":"4U910"},{"day":0,"utc":"18:19:00","flight":"4U771"},{"day":1,"utc":"21:08:00","flight":"4U001"},{"day":1,"utc":"06:42:00","flight":"4U037"},{"day":1,"utc":"04:31:00","flight":"4U246"},{"day":2,"utc":"08:45:00","flight":"4U067"},{"day":3,"utc":"07:50:00","flight":"4U954"},{"day":3,"utc":"18:58:00","flight":"4U679"},{"day":3,"utc":"22:22:00","flight":"4U857"},{"day":3,"utc":"00:17:00","flight":"4U797"},{"day":3,"utc":"12:29:00","flight":"4U417"},{"day":4,"utc":"15:01:00","flight":"4U485"},{"day":4,"utc":"20:57:00","flight":"4U566"},{"day":4,"utc":"21:39:00","flight":"4U586"},{"day":4,"utc":"10:29:00","flight":"4U402"},{"day":4,"utc":"01:29:00","flight":"4U958"},{"day":5,"utc":"00:38:00","flight":"4U458"},{"day":5,"utc":"20:30:00","flight":"4U798"},{"day":5,"utc":"12:57:00","flight":"4U706"},{"day":5,"utc":"04:52:00","flight":"4U731"},{"day":6,"utc":"17:19:00","flight":"4U569"},{"day":6,"utc":"16:09:00","flight":"4U591"}],"distance":810.8309849483985}