{"id":60399,"type":"route","airline":"US","airlineid":"airline_5265","sourceairport":"SLC","destinationairport":"LAX","stops":0,"equipment":"CR7","schedule":[{"day":0,"utc":"19:56:00","flight":"US713"},{"day":1,"utc":"08:19:00","flight":"US728"},{"day":1,"utc":"14:26:00","flight":"US351"},{"day":1,"utc":"10:41:00","flight":"US912"},{"day":1,"utc":"03:53:00","flight":"US986"},{"day":1,"utc":"19:26:00","flight":"US739"},{"day":2,"utc":"22:58:00","flight":"US936"},{"day":2,"utc":"19:37:00","flight":"US562"},{"day":3,"utc":"10:06:00","flight":"US186"},{"day":3,"utc":"16:49:00","flight":"US705"},{"day":3,"utc":"01:34:00","flight":"US877"},{"day":3,"utc":"08:00:00","flight":"US827"},{"day":3,"utc":"13:03:00","flight":"US221"},{"day":4,"utc":"11:09:00","flight":"US931"},{"day":4,"utc":"11:26:00","flight":"US926"},{"day":4,"utc":"18:34:00","flight":"US690"},{"day":4,"utc":"21:07:00","flight":"US590"},{"day":5,"utc":"16:10:00","flight":"US446"},{"day":5,"utc":"19:51:00","flight":"US614"},{"day":5,"utc":"12:06:00","flight":"US370"},{"day":5,"utc":"05:27:00","flight":"US194"},{"day":6,"utc":"01:11:00","flight":"US668"},{"day":6,"utc":"18:22:00","flight":"US617"},{"day":6,"utc":"05:15:00","flight":"US713"},{"day":6,"utc":"03:04:00","flight":"US103"},{"day":6,"utc":"05:11:00","flight":"US687"}],"distance":949.3282218155823}