{"id":62323,"type":"route","airline":"VY","airlineid":"airline_2439","sourceairport":"MAD","destinationairport":"CDG","stops":0,"equipment":"320","schedule":[{"day":0,"utc":"16:31:00","flight":"VY152"},{"day":0,"utc":"15:12:00","flight":"VY261"},{"day":0,"utc":"19:25:00","flight":"VY648"},{"day":1,"utc":"04:56:00","flight":"VY202"},{"day":1,"utc":"01:35:00","flight":"VY257"},{"day":1,"utc":"21:45:00","flight":"VY867"},{"day":1,"utc":"21:15:00","flight":"VY043"},{"day":1,"utc":"07:50:00","flight":"VY274"},{"day":2,"utc":"16:45:00","flight":"VY052"},{"day":3,"utc":"09:15:00","flight":"VY705"},{"day":3,"utc":"19:11:00","flight":"VY509"},{"day":3,"utc":"20:57:00","flight":"VY031"},{"day":3,"utc":"12:31:00","flight":"VY799"},{"day":4,"utc":"08:55:00","flight":"VY789"},{"day":4,"utc":"14:39:00","flight":"VY868"},{"day":4,"utc":"19:51:00","flight":"VY701"},{"day":4,"utc":"05:07:00","flight":"VY016"},{"day":5,"utc":"18:17:00","flight":"VY926"},{"day":5,"utc":"21:41:00","flight":"VY471"},{"day":5,"utc":"23:43:00","flight":"VY855"},{"day":5,"utc":"07:49:00","flight":"VY202"},{"day":6,"utc":"02:14:00","flight":"VY562"}],"distance":1062.4755185348997}