{"id":4876,"type":"route","airline":"AA","airlineid":"airline_24","sourceairport":"CHS","destinationairport":"DCA","stops":0,"equipment":"E70 CRJ E75","schedule":[{"day":0,"utc":"19:21:00","flight":"AA076"},{"day":0,"utc":"09:33:00","flight":"AA282"},{"day":0,"utc":"10:43:00","flight":"AA586"},{"day":0,"utc":"21:06:00","flight":"AA960"},{"day":1,"utc":"19:00:00","flight":"AA979"},{"day":1,"utc":"05:57:00","flight":"AA410"},{"day":1,"utc":"21:51:00","flight":"AA004"},{"day":1,"utc":"10:24:00","flight":"AA611"},{"day":1,"utc":"15:12:00","flight":"AA163"},{"day":2,"utc":"05:35:00","flight":"AA179"},{"day":2,"utc":"10:21:00","flight":"AA413"},{"day":2,"utc":"23:16:00","flight":"AA146"},{"day":3,"utc":"02:42:00","flight":"AA430"},{"day":3,"utc":"10:45:00","flight":"AA963"},{"day":4,"utc":"22:55:00","flight":"AA659"},{"day":4,"utc":"15:54:00","flight":"AA616"},{"day":4,"utc":"15:50:00","flight":"AA467"},{"day":4,"utc":"08:22:00","flight":"AA834"},{"day":5,"utc":"11:25:00","flight":"AA949"},{"day":5,"utc":"07:49:00","flight":"AA212"},{"day":5,"utc":"07:56:00","flight":"AA696"},{"day":5,"utc":"20:34:00","flight":"AA528"},{"day":6,"utc":"01:18:00","flight":"AA630"}]}