{"id":12193,"type":"route","airline":"AT","airlineid":"airline_4248","sourceairport":"LHR","destinationairport":"TNG","stops":0,"equipment":"73G","schedule":[{"day":0,"utc":"01:39:00","flight":"AT456"},{"day":0,"utc":"01:52:00","flight":"AT630"},{"day":1,"utc":"11:23:00","flight":"AT167"},{"day":1,"utc":"17:04:00","flight":"AT614"},{"day":1,"utc":"11:35:00","flight":"AT164"},{"day":2,"utc":"13:02:00","flight":"AT201"},{"day":2,"utc":"20:03:00","flight":"AT828"},{"day":3,"utc":"06:54:00","flight":"AT383"},{"day":3,"utc":"10:21:00","flight":"AT131"},{"day":3,"utc":"07:01:00","flight":"AT485"},{"day":3,"utc":"16:04:00","flight":"AT531"},{"day":3,"utc":"20:28:00","flight":"AT362"},{"day":4,"utc":"14:21:00","flight":"AT201"},{"day":4,"utc":"22:52:00","flight":"AT134"},{"day":4,"utc":"12:14:00","flight":"AT374"},{"day":4,"utc":"21:26:00","flight":"AT102"},{"day":5,"utc":"09:22:00","flight":"AT286"},{"day":5,"utc":"01:32:00","flight":"AT294"},{"day":5,"utc":"21:13:00","flight":"AT094"},{"day":5,"utc":"10:30:00","flight":"AT530"},{"day":5,"utc":"22:26:00","flight":"AT742"},{"day":6,"utc":"19:11:00","flight":"AT203"},{"day":6,"utc":"17:24:00","flight":"AT650"},{"day":6,"utc":"04:42:00","flight":"AT092"},{"day":6,"utc":"20:12:00","flight":"AT623"},{"day":6,"utc":"01:04:00","flight":"AT242"}]}