{"id":20548,"type":"route","airline":"DL","airlineid":"airline_2009","sourceairport":"DEN","destinationairport":"MSP","stops":0,"equipment":"M90 320 738 757","schedule":[{"day":0,"utc":"06:22:00","flight":"DL716"},{"day":0,"utc":"23:25:00","flight":"DL457"},{"day":0,"utc":"05:52:00","flight":"DL645"},{"day":1,"utc":"09:51:00","flight":"DL969"},{"day":2,"utc":"19:41:00","flight":"DL691"},{"day":2,"utc":"08:48:00","flight":"DL176"},{"day":2,"utc":"06:41:00","flight":"DL041"},{"day":2,"utc":"22:30:00","flight":"DL744"},{"day":2,"utc":"20:43:00","flight":"DL196"},{"day":3,"utc":"05:46:00","flight":"DL097"},{"day":4,"utc":"01:10:00","flight":"DL418"},{"day":4,"utc":"19:48:00","flight":"DL095"},{"day":4,"utc":"05:35:00","flight":"DL913"},{"day":4,"utc":"12:10:00","flight":"DL766"},{"day":4,"utc":"12:46:00","flight":"DL493"},{"day":5,"utc":"08:54:00","flight":"DL408"},{"day":5,"utc":"22:08:00","flight":"DL697"},{"day":5,"utc":"20:15:00","flight":"DL012"},{"day":5,"utc":"10:27:00","flight":"DL049"},{"day":6,"utc":"15:14:00","flight":"DL339"},{"day":6,"utc":"00:15:00","flight":"DL068"},{"day":6,"utc":"17:12:00","flight":"DL832"}]}