{"id":20956,"type":"route","airline":"DL","airlineid":"airline_2009","sourceairport":"JFK","destinationairport":"LHR","stops":0,"equipment":"764 76W","schedule":[{"day":0,"utc":"03:32:00","flight":"DL733"},{"day":0,"utc":"05:05:00","flight":"DL363"},{"day":0,"utc":"22:44:00","flight":"DL368"},{"day":1,"utc":"05:28:00","flight":"DL596"},{"day":1,"utc":"11:29:00","flight":"DL302"},{"day":2,"utc":"19:27:00","flight":"DL714"},{"day":2,"utc":"20:50:00","flight":"DL556"},{"day":2,"utc":"08:30:00","flight":"DL522"},{"day":2,"utc":"08:40:00","flight":"DL672"},{"day":2,"utc":"09:30:00","flight":"DL504"},{"day":3,"utc":"20:57:00","flight":"DL392"},{"day":3,"utc":"13:25:00","flight":"DL441"},{"day":3,"utc":"02:59:00","flight":"DL823"},{"day":4,"utc":"23:31:00","flight":"DL239"},{"day":5,"utc":"17:00:00","flight":"DL725"},{"day":5,"utc":"03:23:00","flight":"DL383"},{"day":5,"utc":"13:36:00","flight":"DL980"},{"day":5,"utc":"14:11:00","flight":"DL809"},{"day":6,"utc":"00:03:00","flight":"DL741"},{"day":6,"utc":"04:39:00","flight":"DL481"}],"distance":5539.449296280836}