{"id":62024,"type":"route","airline":"VX","airlineid":"airline_5331","sourceairport":"PDX","destinationairport":"SFO","stops":0,"equipment":"320","schedule":[{"day":0,"utc":"20:48:00","flight":"VX961"},{"day":0,"utc":"18:33:00","flight":"VX374"},{"day":1,"utc":"17:36:00","flight":"VX372"},{"day":1,"utc":"08:16:00","flight":"VX983"},{"day":1,"utc":"22:02:00","flight":"VX970"},{"day":2,"utc":"23:24:00","flight":"VX083"},{"day":2,"utc":"12:43:00","flight":"VX715"},{"day":3,"utc":"10:03:00","flight":"VX264"},{"day":3,"utc":"12:30:00","flight":"VX057"},{"day":3,"utc":"19:09:00","flight":"VX595"},{"day":3,"utc":"09:44:00","flight":"VX871"},{"day":3,"utc":"04:34:00","flight":"VX708"},{"day":4,"utc":"16:26:00","flight":"VX266"},{"day":4,"utc":"09:55:00","flight":"VX421"},{"day":4,"utc":"10:45:00","flight":"VX638"},{"day":4,"utc":"10:11:00","flight":"VX571"},{"day":4,"utc":"03:27:00","flight":"VX544"},{"day":5,"utc":"13:01:00","flight":"VX499"},{"day":5,"utc":"12:48:00","flight":"VX982"},{"day":5,"utc":"17:33:00","flight":"VX998"},{"day":6,"utc":"04:44:00","flight":"VX611"},{"day":6,"utc":"03:46:00","flight":"VX680"}],"distance":886.3879904250963}