{"id":20152,"type":"route","airline":"DL","airlineid":"airline_2009","sourceairport":"ATL","destinationairport":"IAH","stops":0,"equipment":"M88 717 320 319","schedule":[{"day":0,"utc":"01:03:00","flight":"DL566"},{"day":0,"utc":"23:27:00","flight":"DL303"},{"day":0,"utc":"05:41:00","flight":"DL179"},{"day":0,"utc":"07:11:00","flight":"DL355"},{"day":1,"utc":"09:50:00","flight":"DL645"},{"day":1,"utc":"03:56:00","flight":"DL983"},{"day":1,"utc":"02:22:00","flight":"DL636"},{"day":1,"utc":"23:03:00","flight":"DL944"},{"day":1,"utc":"01:36:00","flight":"DL826"},{"day":2,"utc":"15:01:00","flight":"DL669"},{"day":2,"utc":"21:50:00","flight":"DL389"},{"day":3,"utc":"02:08:00","flight":"DL309"},{"day":3,"utc":"03:24:00","flight":"DL568"},{"day":3,"utc":"05:44:00","flight":"DL325"},{"day":3,"utc":"15:36:00","flight":"DL440"},{"day":3,"utc":"08:19:00","flight":"DL648"},{"day":4,"utc":"16:59:00","flight":"DL097"},{"day":5,"utc":"18:21:00","flight":"DL284"},{"day":6,"utc":"13:27:00","flight":"DL275"},{"day":6,"utc":"07:25:00","flight":"DL761"},{"day":6,"utc":"13:27:00","flight":"DL536"}],"distance":1107.5683839502317}