{"id":5461,"type":"route","airline":"AA","airlineid":"airline_24","sourceairport":"GIB","destinationairport":"LHR","stops":0,"equipment":"320","schedule":[{"day":0,"utc":"09:49:00","flight":"AA765"},{"day":0,"utc":"13:42:00","flight":"AA989"},{"day":1,"utc":"09:54:00","flight":"AA059"},{"day":1,"utc":"09:51:00","flight":"AA735"},{"day":1,"utc":"14:48:00","flight":"AA899"},{"day":2,"utc":"07:24:00","flight":"AA069"},{"day":3,"utc":"20:47:00","flight":"AA073"},{"day":3,"utc":"22:45:00","flight":"AA549"},{"day":3,"utc":"16:00:00","flight":"AA363"},{"day":3,"utc":"22:31:00","flight":"AA775"},{"day":4,"utc":"22:19:00","flight":"AA567"},{"day":4,"utc":"00:28:00","flight":"AA778"},{"day":4,"utc":"23:34:00","flight":"AA132"},{"day":4,"utc":"08:03:00","flight":"AA419"},{"day":5,"utc":"03:25:00","flight":"AA387"},{"day":5,"utc":"08:15:00","flight":"AA847"},{"day":5,"utc":"18:50:00","flight":"AA251"},{"day":5,"utc":"08:07:00","flight":"AA031"},{"day":6,"utc":"15:01:00","flight":"AA301"}],"distance":1747.7523780926551}