{"id":5015,"type":"route","airline":"AA","airlineid":"airline_24","sourceairport":"CLT","destinationairport":"TPA","stops":0,"equipment":"320 321 319 737","schedule":[{"day":0,"utc":"06:19:00","flight":"AA956"},{"day":0,"utc":"12:26:00","flight":"AA810"},{"day":0,"utc":"14:37:00","flight":"AA231"},{"day":0,"utc":"05:24:00","flight":"AA668"},{"day":0,"utc":"16:49:00","flight":"AA413"},{"day":1,"utc":"16:51:00","flight":"AA907"},{"day":1,"utc":"15:22:00","flight":"AA514"},{"day":2,"utc":"15:40:00","flight":"AA727"},{"day":2,"utc":"12:34:00","flight":"AA633"},{"day":2,"utc":"13:36:00","flight":"AA262"},{"day":2,"utc":"17:16:00","flight":"AA324"},{"day":3,"utc":"01:21:00","flight":"AA127"},{"day":3,"utc":"04:25:00","flight":"AA627"},{"day":3,"utc":"22:18:00","flight":"AA993"},{"day":3,"utc":"17:26:00","flight":"AA959"},{"day":3,"utc":"10:44:00","flight":"AA846"},{"day":4,"utc":"20:43:00","flight":"AA680"},{"day":5,"utc":"06:44:00","flight":"AA808"},{"day":5,"utc":"21:28:00","flight":"AA317"},{"day":6,"utc":"09:56:00","flight":"AA993"},{"day":6,"utc":"13:27:00","flight":"AA197"}],"distance":818.816720976496}