{"id":21790,"type":"route","airline":"DL","airlineid":"airline_2009","sourceairport":"SLC","destinationairport":"BWI","stops":0,"equipment":"320","schedule":[{"day":0,"utc":"08:50:00","flight":"DL044"},{"day":0,"utc":"05:00:00","flight":"DL756"},{"day":0,"utc":"12:59:00","flight":"DL079"},{"day":0,"utc":"19:03:00","flight":"DL603"},{"day":1,"utc":"16:34:00","flight":"DL457"},{"day":1,"utc":"23:57:00","flight":"DL953"},{"day":1,"utc":"11:47:00","flight":"DL429"},{"day":1,"utc":"20:25:00","flight":"DL967"},{"day":1,"utc":"06:27:00","flight":"DL748"},{"day":2,"utc":"02:53:00","flight":"DL817"},{"day":2,"utc":"08:58:00","flight":"DL039"},{"day":2,"utc":"18:39:00","flight":"DL974"},{"day":2,"utc":"00:57:00","flight":"DL151"},{"day":3,"utc":"20:21:00","flight":"DL912"},{"day":3,"utc":"17:43:00","flight":"DL941"},{"day":4,"utc":"22:57:00","flight":"DL133"},{"day":4,"utc":"19:59:00","flight":"DL972"},{"day":4,"utc":"12:28:00","flight":"DL376"},{"day":4,"utc":"15:06:00","flight":"DL729"},{"day":4,"utc":"06:45:00","flight":"DL462"},{"day":5,"utc":"03:26:00","flight":"DL814"},{"day":5,"utc":"19:37:00","flight":"DL099"},{"day":5,"utc":"11:59:00","flight":"DL913"},{"day":5,"utc":"07:00:00","flight":"DL400"},{"day":5,"utc":"03:28:00","flight":"DL120"},{"day":6,"utc":"14:00:00","flight":"DL878"},{"day":6,"utc":"06:45:00","flight":"DL336"},{"day":6,"utc":"15:40:00","flight":"DL503"}],"distance":2993.471916833885}