{"id":63538,"type":"route","airline":"WN","airlineid":"airline_4547","sourceairport":"BNA","destinationairport":"HOU","stops":0,"equipment":"735 73C 73W","schedule":[{"day":0,"utc":"14:59:00","flight":"WN454"},{"day":1,"utc":"02:30:00","flight":"WN898"},{"day":1,"utc":"16:52:00","flight":"WN411"},{"day":2,"utc":"17:50:00","flight":"WN195"},{"day":2,"utc":"15:27:00","flight":"WN715"},{"day":3,"utc":"23:38:00","flight":"WN478"},{"day":3,"utc":"05:53:00","flight":"WN691"},{"day":3,"utc":"16:25:00","flight":"WN305"},{"day":4,"utc":"01:53:00","flight":"WN651"},{"day":4,"utc":"05:32:00","flight":"WN058"},{"day":4,"utc":"04:18:00","flight":"WN330"},{"day":4,"utc":"20:31:00","flight":"WN890"},{"day":4,"utc":"03:15:00","flight":"WN577"},{"day":5,"utc":"07:45:00","flight":"WN500"},{"day":5,"utc":"04:29:00","flight":"WN479"},{"day":5,"utc":"13:29:00","flight":"WN798"},{"day":5,"utc":"10:36:00","flight":"WN821"},{"day":6,"utc":"21:17:00","flight":"WN837"},{"day":6,"utc":"09:22:00","flight":"WN568"},{"day":6,"utc":"02:21:00","flight":"WN883"}],"distance":1078.0111307206585}