{"id":53348,"type":"route","airline":"TO","airlineid":"airline_8745","sourceairport":"ORY","destinationairport":"ATH","stops":0,"equipment":"73H","schedule":[{"day":0,"utc":"16:32:00","flight":"TO185"},{"day":0,"utc":"07:13:00","flight":"TO515"},{"day":0,"utc":"04:57:00","flight":"TO162"},{"day":1,"utc":"19:17:00","flight":"TO332"},{"day":1,"utc":"21:33:00","flight":"TO826"},{"day":1,"utc":"19:44:00","flight":"TO967"},{"day":1,"utc":"09:26:00","flight":"TO699"},{"day":1,"utc":"23:07:00","flight":"TO915"},{"day":2,"utc":"11:28:00","flight":"TO278"},{"day":3,"utc":"23:26:00","flight":"TO927"},{"day":3,"utc":"09:57:00","flight":"TO264"},{"day":4,"utc":"02:20:00","flight":"TO376"},{"day":4,"utc":"16:47:00","flight":"TO590"},{"day":5,"utc":"17:37:00","flight":"TO671"},{"day":5,"utc":"01:12:00","flight":"TO722"},{"day":5,"utc":"08:56:00","flight":"TO540"},{"day":5,"utc":"02:07:00","flight":"TO742"},{"day":6,"utc":"04:09:00","flight":"TO585"},{"day":6,"utc":"05:41:00","flight":"TO661"}],"distance":2106.4484308849446}