{"id":32590,"type":"route","airline":"IB","airlineid":"airline_2822","sourceairport":"LHR","destinationairport":"AUS","stops":0,"equipment":"788","schedule":[{"day":0,"utc":"10:25:00","flight":"IB231"},{"day":1,"utc":"14:45:00","flight":"IB573"},{"day":1,"utc":"05:41:00","flight":"IB168"},{"day":2,"utc":"11:24:00","flight":"IB877"},{"day":3,"utc":"13:55:00","flight":"IB062"},{"day":3,"utc":"06:34:00","flight":"IB992"},{"day":3,"utc":"14:33:00","flight":"IB486"},{"day":4,"utc":"16:03:00","flight":"IB454"},{"day":5,"utc":"11:16:00","flight":"IB080"},{"day":5,"utc":"00:45:00","flight":"IB324"},{"day":6,"utc":"15:50:00","flight":"IB168"},{"day":6,"utc":"21:42:00","flight":"IB448"},{"day":6,"utc":"23:58:00","flight":"IB389"},{"day":6,"utc":"18:14:00","flight":"IB596"},{"day":6,"utc":"13:56:00","flight":"IB131"}],"distance":7892.3919321797275}