{"id":2769,"type":"route","airline":"7H","airlineid":"airline_16726","sourceairport":"WTK","destinationairport":"KVL","stops":0,"equipment":"CNC","schedule":[{"day":0,"utc":"22:28:00","flight":"7H113"},{"day":1,"utc":"05:50:00","flight":"7H755"},{"day":1,"utc":"16:33:00","flight":"7H134"},{"day":1,"utc":"18:38:00","flight":"7H917"},{"day":1,"utc":"16:10:00","flight":"7H782"},{"day":1,"utc":"00:12:00","flight":"7H321"},{"day":2,"utc":"18:01:00","flight":"7H215"},{"day":2,"utc":"06:39:00","flight":"7H453"},{"day":2,"utc":"16:27:00","flight":"7H353"},{"day":3,"utc":"09:47:00","flight":"7H909"},{"day":4,"utc":"02:37:00","flight":"7H726"},{"day":5,"utc":"23:32:00","flight":"7H128"},{"day":5,"utc":"18:24:00","flight":"7H391"},{"day":5,"utc":"23:25:00","flight":"7H535"},{"day":6,"utc":"22:44:00","flight":"7H945"}],"distance":69.75372775717916}