{"id":24388,"type":"route","airline":"F9","airlineid":"airline_2468","sourceairport":"DEN","destinationairport":"MDT","stops":0,"equipment":"319","schedule":[{"day":0,"utc":"03:52:00","flight":"F9910"},{"day":0,"utc":"21:36:00","flight":"F9305"},{"day":0,"utc":"06:15:00","flight":"F9974"},{"day":0,"utc":"11:20:00","flight":"F9752"},{"day":1,"utc":"19:25:00","flight":"F9138"},{"day":1,"utc":"15:18:00","flight":"F9157"},{"day":2,"utc":"07:46:00","flight":"F9193"},{"day":2,"utc":"23:28:00","flight":"F9357"},{"day":2,"utc":"05:13:00","flight":"F9223"},{"day":3,"utc":"11:33:00","flight":"F9215"},{"day":3,"utc":"14:23:00","flight":"F9233"},{"day":3,"utc":"00:27:00","flight":"F9657"},{"day":3,"utc":"08:29:00","flight":"F9944"},{"day":3,"utc":"14:22:00","flight":"F9083"},{"day":4,"utc":"01:39:00","flight":"F9735"},{"day":4,"utc":"11:22:00","flight":"F9300"},{"day":5,"utc":"22:11:00","flight":"F9006"},{"day":6,"utc":"23:53:00","flight":"F9444"},{"day":6,"utc":"01:04:00","flight":"F9327"}]}