{"id":42607,"type":"route","airline":"MW","airlineid":"airline_3437","sourceairport":"KOA","destinationairport":"JHM","stops":0,"equipment":"CNA","schedule":[{"day":0,"utc":"09:45:00","flight":"MW467"},{"day":0,"utc":"16:53:00","flight":"MW107"},{"day":0,"utc":"22:38:00","flight":"MW514"},{"day":0,"utc":"02:54:00","flight":"MW184"},{"day":0,"utc":"06:13:00","flight":"MW225"},{"day":1,"utc":"15:22:00","flight":"MW572"},{"day":1,"utc":"08:51:00","flight":"MW552"},{"day":1,"utc":"14:25:00","flight":"MW333"},{"day":2,"utc":"06:52:00","flight":"MW311"},{"day":2,"utc":"16:43:00","flight":"MW084"},{"day":3,"utc":"13:39:00","flight":"MW809"},{"day":3,"utc":"19:24:00","flight":"MW482"},{"day":3,"utc":"13:03:00","flight":"MW245"},{"day":3,"utc":"07:58:00","flight":"MW871"},{"day":3,"utc":"03:55:00","flight":"MW160"},{"day":4,"utc":"04:26:00","flight":"MW731"},{"day":4,"utc":"02:48:00","flight":"MW694"},{"day":5,"utc":"23:24:00","flight":"MW157"},{"day":5,"utc":"00:32:00","flight":"MW932"},{"day":5,"utc":"14:47:00","flight":"MW072"},{"day":5,"utc":"01:30:00","flight":"MW949"},{"day":5,"utc":"20:49:00","flight":"MW276"},{"day":6,"utc":"11:31:00","flight":"MW508"}],"distance":151.02034612986492}