{"id":49882,"type":"route","airline":"SK","airlineid":"airline_4319","sourceairport":"CPH","destinationairport":"LHR","stops":0,"equipment":"321 320 CR9","schedule":[{"day":0,"utc":"09:54:00","flight":"SK288"},{"day":1,"utc":"17:24:00","flight":"SK614"},{"day":1,"utc":"14:14:00","flight":"SK780"},{"day":2,"utc":"06:33:00","flight":"SK134"},{"day":2,"utc":"03:22:00","flight":"SK060"},{"day":3,"utc":"05:03:00","flight":"SK609"},{"day":3,"utc":"12:11:00","flight":"SK061"},{"day":3,"utc":"21:16:00","flight":"SK715"},{"day":3,"utc":"20:04:00","flight":"SK573"},{"day":4,"utc":"08:52:00","flight":"SK721"},{"day":4,"utc":"03:40:00","flight":"SK093"},{"day":4,"utc":"06:51:00","flight":"SK616"},{"day":4,"utc":"18:40:00","flight":"SK236"},{"day":5,"utc":"15:02:00","flight":"SK019"},{"day":5,"utc":"23:57:00","flight":"SK370"},{"day":5,"utc":"04:02:00","flight":"SK625"},{"day":6,"utc":"08:13:00","flight":"SK564"},{"day":6,"utc":"19:01:00","flight":"SK612"},{"day":6,"utc":"05:08:00","flight":"SK530"}],"distance":979.1583642061473}