{"id":32541,"type":"route","airline":"IB","airlineid":"airline_2822","sourceairport":"JFK","destinationairport":"LHR","stops":0,"equipment":"744 77W 777","schedule":[{"day":0,"utc":"17:16:00","flight":"IB802"},{"day":0,"utc":"20:55:00","flight":"IB506"},{"day":0,"utc":"13:40:00","flight":"IB953"},{"day":1,"utc":"18:04:00","flight":"IB510"},{"day":1,"utc":"11:07:00","flight":"IB627"},{"day":1,"utc":"05:45:00","flight":"IB296"},{"day":1,"utc":"18:46:00","flight":"IB699"},{"day":2,"utc":"07:54:00","flight":"IB021"},{"day":2,"utc":"23:21:00","flight":"IB859"},{"day":2,"utc":"11:02:00","flight":"IB003"},{"day":3,"utc":"05:21:00","flight":"IB112"},{"day":3,"utc":"13:21:00","flight":"IB100"},{"day":4,"utc":"19:43:00","flight":"IB148"},{"day":5,"utc":"18:46:00","flight":"IB913"},{"day":6,"utc":"02:28:00","flight":"IB869"},{"day":6,"utc":"11:14:00","flight":"IB107"},{"day":6,"utc":"04:53:00","flight":"IB774"},{"day":6,"utc":"22:34:00","flight":"IB065"}]}