{"id":59817,"type":"route","airline":"US","airlineid":"airline_5265","sourceairport":"MSY","destinationairport":"DFW","stops":0,"equipment":"M80 M83","schedule":[{"day":0,"utc":"06:48:00","flight":"US247"},{"day":0,"utc":"01:14:00","flight":"US288"},{"day":0,"utc":"23:47:00","flight":"US221"},{"day":0,"utc":"00:50:00","flight":"US714"},{"day":1,"utc":"03:57:00","flight":"US227"},{"day":1,"utc":"15:54:00","flight":"US841"},{"day":1,"utc":"14:08:00","flight":"US201"},{"day":2,"utc":"11:58:00","flight":"US373"},{"day":2,"utc":"08:15:00","flight":"US830"},{"day":2,"utc":"19:16:00","flight":"US077"},{"day":3,"utc":"20:53:00","flight":"US326"},{"day":3,"utc":"19:54:00","flight":"US528"},{"day":3,"utc":"10:36:00","flight":"US775"},{"day":3,"utc":"10:31:00","flight":"US699"},{"day":4,"utc":"21:51:00","flight":"US535"},{"day":5,"utc":"19:24:00","flight":"US630"},{"day":5,"utc":"09:54:00","flight":"US036"},{"day":6,"utc":"22:00:00","flight":"US561"},{"day":6,"utc":"22:59:00","flight":"US010"},{"day":6,"utc":"13:42:00","flight":"US632"}]}