{"id":17393,"type":"route","airline":"CI","airlineid":"airline_1756","sourceairport":"AMS","destinationairport":"LHR","stops":0,"equipment":"F70","schedule":[{"day":0,"utc":"19:56:00","flight":"CI521"},{"day":0,"utc":"12:20:00","flight":"CI317"},{"day":1,"utc":"21:42:00","flight":"CI715"},{"day":1,"utc":"12:36:00","flight":"CI034"},{"day":1,"utc":"18:18:00","flight":"CI894"},{"day":1,"utc":"09:17:00","flight":"CI371"},{"day":2,"utc":"11:18:00","flight":"CI670"},{"day":2,"utc":"03:56:00","flight":"CI371"},{"day":2,"utc":"22:39:00","flight":"CI551"},{"day":2,"utc":"14:24:00","flight":"CI822"},{"day":3,"utc":"16:05:00","flight":"CI580"},{"day":4,"utc":"21:14:00","flight":"CI940"},{"day":4,"utc":"11:18:00","flight":"CI251"},{"day":4,"utc":"00:45:00","flight":"CI365"},{"day":4,"utc":"07:30:00","flight":"CI206"},{"day":4,"utc":"06:02:00","flight":"CI606"},{"day":5,"utc":"16:32:00","flight":"CI092"},{"day":5,"utc":"03:58:00","flight":"CI565"},{"day":5,"utc":"05:56:00","flight":"CI041"},{"day":5,"utc":"23:30:00","flight":"CI032"},{"day":6,"utc":"22:29:00","flight":"CI570"},{"day":6,"utc":"15:23:00","flight":"CI627"},{"day":6,"utc":"14:06:00","flight":"CI428"}],"distance":370.1937834280328}