{"id":6077,"type":"route","airline":"AA","airlineid":"airline_24","sourceairport":"MIA","destinationairport":"MXP","stops":0,"equipment":"763","schedule":[{"day":0,"utc":"04:16:00","flight":"AA649"},{"day":0,"utc":"09:57:00","flight":"AA924"},{"day":1,"utc":"04:48:00","flight":"AA640"},{"day":1,"utc":"04:12:00","flight":"AA585"},{"day":1,"utc":"16:04:00","flight":"AA305"},{"day":2,"utc":"10:20:00","flight":"AA927"},{"day":2,"utc":"23:35:00","flight":"AA533"},{"day":2,"utc":"12:45:00","flight":"AA621"},{"day":2,"utc":"02:42:00","flight":"AA361"},{"day":2,"utc":"07:51:00","flight":"AA909"},{"day":3,"utc":"19:04:00","flight":"AA166"},{"day":3,"utc":"17:18:00","flight":"AA377"},{"day":4,"utc":"09:27:00","flight":"AA393"},{"day":5,"utc":"14:40:00","flight":"AA278"},{"day":6,"utc":"05:47:00","flight":"AA675"}],"distance":7920.006242587803}