{"id":56473,"type":"route","airline":"UA","airlineid":"airline_5209","sourceairport":"FRA","destinationairport":"GYD","stops":0,"equipment":"333","schedule":[{"day":0,"utc":"06:25:00","flight":"UA141"},{"day":0,"utc":"18:10:00","flight":"UA228"},{"day":1,"utc":"22:23:00","flight":"UA370"},{"day":2,"utc":"06:20:00","flight":"UA933"},{"day":2,"utc":"18:20:00","flight":"UA011"},{"day":2,"utc":"06:03:00","flight":"UA873"},{"day":2,"utc":"00:25:00","flight":"UA728"},{"day":3,"utc":"01:06:00","flight":"UA212"},{"day":3,"utc":"21:48:00","flight":"UA327"},{"day":4,"utc":"10:46:00","flight":"UA467"},{"day":4,"utc":"09:46:00","flight":"UA990"},{"day":4,"utc":"16:37:00","flight":"UA502"},{"day":4,"utc":"20:12:00","flight":"UA618"},{"day":4,"utc":"01:52:00","flight":"UA662"},{"day":5,"utc":"15:55:00","flight":"UA020"},{"day":5,"utc":"19:34:00","flight":"UA769"},{"day":5,"utc":"22:17:00","flight":"UA301"},{"day":5,"utc":"22:37:00","flight":"UA164"},{"day":5,"utc":"03:40:00","flight":"UA914"},{"day":6,"utc":"11:54:00","flight":"UA973"},{"day":6,"utc":"09:40:00","flight":"UA171"},{"day":6,"utc":"18:36:00","flight":"UA917"},{"day":6,"utc":"11:43:00","flight":"UA955"},{"day":6,"utc":"22:07:00","flight":"UA418"}],"distance":3369.174374119129}