{"id":42607,"type":"route","airline":"MW","airlineid":"airline_3437","sourceairport":"KOA","destinationairport":"JHM","stops":0,"equipment":"CNA","schedule":[{"day":0,"utc":"01:35:00","flight":"MW266"},{"day":0,"utc":"07:18:00","flight":"MW972"},{"day":0,"utc":"17:54:00","flight":"MW665"},{"day":1,"utc":"14:18:00","flight":"MW319"},{"day":1,"utc":"21:08:00","flight":"MW403"},{"day":1,"utc":"15:11:00","flight":"MW062"},{"day":2,"utc":"14:58:00","flight":"MW286"},{"day":2,"utc":"23:10:00","flight":"MW288"},{"day":2,"utc":"17:44:00","flight":"MW157"},{"day":2,"utc":"22:14:00","flight":"MW516"},{"day":2,"utc":"10:41:00","flight":"MW900"},{"day":3,"utc":"17:22:00","flight":"MW194"},{"day":3,"utc":"08:02:00","flight":"MW011"},{"day":3,"utc":"21:39:00","flight":"MW337"},{"day":3,"utc":"18:32:00","flight":"MW864"},{"day":3,"utc":"07:29:00","flight":"MW736"},{"day":4,"utc":"13:49:00","flight":"MW828"},{"day":4,"utc":"13:21:00","flight":"MW368"},{"day":4,"utc":"16:06:00","flight":"MW140"},{"day":5,"utc":"07:18:00","flight":"MW757"},{"day":6,"utc":"03:52:00","flight":"MW417"},{"day":6,"utc":"11:10:00","flight":"MW584"},{"day":6,"utc":"05:04:00","flight":"MW701"}],"distance":151.02034612986492}