{"id":43516,"type":"route","airline":"NK","airlineid":"airline_4687","sourceairport":"OAK","destinationairport":"LAS","stops":0,"equipment":"320 319","schedule":[{"day":0,"utc":"04:16:00","flight":"NK612"},{"day":0,"utc":"19:59:00","flight":"NK775"},{"day":0,"utc":"18:03:00","flight":"NK965"},{"day":1,"utc":"13:08:00","flight":"NK134"},{"day":1,"utc":"01:39:00","flight":"NK542"},{"day":1,"utc":"18:15:00","flight":"NK268"},{"day":2,"utc":"03:25:00","flight":"NK439"},{"day":2,"utc":"05:54:00","flight":"NK463"},{"day":3,"utc":"15:21:00","flight":"NK708"},{"day":4,"utc":"13:15:00","flight":"NK835"},{"day":4,"utc":"23:00:00","flight":"NK005"},{"day":4,"utc":"10:47:00","flight":"NK563"},{"day":5,"utc":"10:40:00","flight":"NK131"},{"day":5,"utc":"14:16:00","flight":"NK334"},{"day":5,"utc":"06:48:00","flight":"NK716"},{"day":5,"utc":"04:36:00","flight":"NK632"},{"day":5,"utc":"11:36:00","flight":"NK353"},{"day":6,"utc":"08:18:00","flight":"NK439"}],"distance":654.2936213344848}