{"id":10967,"type":"route","airline":"AM","airlineid":"airline_321","sourceairport":"FCO","destinationairport":"ATL","stops":0,"equipment":"333","schedule":[{"day":0,"utc":"20:55:00","flight":"AM705"},{"day":0,"utc":"14:38:00","flight":"AM618"},{"day":0,"utc":"06:13:00","flight":"AM791"},{"day":0,"utc":"18:35:00","flight":"AM437"},{"day":0,"utc":"19:56:00","flight":"AM582"},{"day":1,"utc":"14:21:00","flight":"AM220"},{"day":1,"utc":"13:50:00","flight":"AM872"},{"day":1,"utc":"11:16:00","flight":"AM390"},{"day":2,"utc":"12:51:00","flight":"AM419"},{"day":2,"utc":"06:46:00","flight":"AM493"},{"day":2,"utc":"02:54:00","flight":"AM825"},{"day":2,"utc":"02:43:00","flight":"AM721"},{"day":2,"utc":"00:08:00","flight":"AM764"},{"day":3,"utc":"01:58:00","flight":"AM753"},{"day":4,"utc":"21:42:00","flight":"AM683"},{"day":4,"utc":"03:07:00","flight":"AM950"},{"day":4,"utc":"17:50:00","flight":"AM300"},{"day":4,"utc":"06:44:00","flight":"AM858"},{"day":4,"utc":"07:29:00","flight":"AM624"},{"day":5,"utc":"07:36:00","flight":"AM740"},{"day":6,"utc":"22:24:00","flight":"AM329"},{"day":6,"utc":"05:40:00","flight":"AM322"},{"day":6,"utc":"01:41:00","flight":"AM242"}],"distance":8085.964298597014}