{"id":30147,"type":"route","airline":"GR","airlineid":"airline_508","sourceairport":"GCI","destinationairport":"ACI","stops":0,"equipment":"BNT","schedule":[{"day":0,"utc":"03:19:00","flight":"GR452"},{"day":1,"utc":"21:12:00","flight":"GR570"},{"day":2,"utc":"16:43:00","flight":"GR616"},{"day":3,"utc":"13:59:00","flight":"GR359"},{"day":3,"utc":"05:35:00","flight":"GR364"},{"day":3,"utc":"04:49:00","flight":"GR565"},{"day":4,"utc":"12:35:00","flight":"GR339"},{"day":4,"utc":"10:12:00","flight":"GR662"},{"day":5,"utc":"23:10:00","flight":"GR856"},{"day":5,"utc":"14:30:00","flight":"GR201"},{"day":5,"utc":"13:12:00","flight":"GR324"},{"day":5,"utc":"12:15:00","flight":"GR618"},{"day":6,"utc":"08:38:00","flight":"GR757"},{"day":6,"utc":"03:46:00","flight":"GR306"},{"day":6,"utc":"19:47:00","flight":"GR295"},{"day":6,"utc":"22:39:00","flight":"GR911"},{"day":6,"utc":"01:43:00","flight":"GR821"}]}