{"id":27361,"type":"route","airline":"FR","airlineid":"airline_4296","sourceairport":"MRS","destinationairport":"STN","stops":0,"equipment":"738","schedule":[{"day":0,"utc":"12:49:00","flight":"FR243"},{"day":0,"utc":"16:14:00","flight":"FR732"},{"day":1,"utc":"11:41:00","flight":"FR565"},{"day":1,"utc":"07:43:00","flight":"FR377"},{"day":1,"utc":"15:35:00","flight":"FR217"},{"day":2,"utc":"12:14:00","flight":"FR900"},{"day":3,"utc":"19:51:00","flight":"FR543"},{"day":3,"utc":"17:42:00","flight":"FR474"},{"day":3,"utc":"20:37:00","flight":"FR560"},{"day":4,"utc":"15:23:00","flight":"FR894"},{"day":4,"utc":"09:48:00","flight":"FR978"},{"day":5,"utc":"03:46:00","flight":"FR576"},{"day":5,"utc":"23:19:00","flight":"FR428"},{"day":6,"utc":"11:53:00","flight":"FR971"},{"day":6,"utc":"01:21:00","flight":"FR841"},{"day":6,"utc":"10:14:00","flight":"FR460"},{"day":6,"utc":"08:18:00","flight":"FR191"},{"day":6,"utc":"08:54:00","flight":"FR151"}]}