{"id":13926,"type":"route","airline":"B6","airlineid":"airline_3029","sourceairport":"BOS","destinationairport":"EWR","stops":0,"equipment":"E90","schedule":[{"day":0,"utc":"22:46:00","flight":"B6020"},{"day":0,"utc":"17:04:00","flight":"B6557"},{"day":0,"utc":"16:34:00","flight":"B6034"},{"day":0,"utc":"17:43:00","flight":"B6737"},{"day":0,"utc":"12:49:00","flight":"B6947"},{"day":1,"utc":"04:58:00","flight":"B6025"},{"day":1,"utc":"16:55:00","flight":"B6658"},{"day":1,"utc":"11:40:00","flight":"B6001"},{"day":1,"utc":"20:20:00","flight":"B6655"},{"day":2,"utc":"14:36:00","flight":"B6547"},{"day":2,"utc":"04:56:00","flight":"B6991"},{"day":3,"utc":"02:37:00","flight":"B6167"},{"day":4,"utc":"20:20:00","flight":"B6355"},{"day":4,"utc":"13:47:00","flight":"B6297"},{"day":4,"utc":"10:54:00","flight":"B6528"},{"day":5,"utc":"05:01:00","flight":"B6840"},{"day":5,"utc":"18:27:00","flight":"B6021"},{"day":5,"utc":"13:10:00","flight":"B6263"},{"day":5,"utc":"09:14:00","flight":"B6968"},{"day":5,"utc":"21:39:00","flight":"B6379"},{"day":6,"utc":"08:42:00","flight":"B6374"},{"day":6,"utc":"12:05:00","flight":"B6176"},{"day":6,"utc":"00:50:00","flight":"B6239"},{"day":6,"utc":"09:43:00","flight":"B6392"},{"day":6,"utc":"18:09:00","flight":"B6976"}]}