{"id":22857,"type":"route","airline":"EI","airlineid":"airline_837","sourceairport":"BHD","destinationairport":"LGW","stops":0,"equipment":"320 319","schedule":[{"day":0,"utc":"06:55:00","flight":"EI793"},{"day":0,"utc":"01:20:00","flight":"EI873"},{"day":0,"utc":"13:42:00","flight":"EI242"},{"day":0,"utc":"08:44:00","flight":"EI017"},{"day":0,"utc":"21:36:00","flight":"EI701"},{"day":1,"utc":"05:21:00","flight":"EI674"},{"day":1,"utc":"20:47:00","flight":"EI122"},{"day":2,"utc":"05:51:00","flight":"EI647"},{"day":3,"utc":"12:53:00","flight":"EI479"},{"day":4,"utc":"00:43:00","flight":"EI662"},{"day":5,"utc":"06:24:00","flight":"EI783"},{"day":5,"utc":"21:41:00","flight":"EI703"},{"day":5,"utc":"18:27:00","flight":"EI180"},{"day":5,"utc":"04:55:00","flight":"EI119"},{"day":6,"utc":"18:31:00","flight":"EI417"},{"day":6,"utc":"04:30:00","flight":"EI973"},{"day":6,"utc":"07:32:00","flight":"EI810"},{"day":6,"utc":"04:57:00","flight":"EI053"}],"distance":542.1219654121161}