{"id":9712,"type":"route","airline":"AF","airlineid":"airline_137","sourceairport":"MDW","destinationairport":"ATL","stops":0,"equipment":"320 319 717","schedule":[{"day":0,"utc":"08:45:00","flight":"AF543"},{"day":0,"utc":"04:15:00","flight":"AF898"},{"day":1,"utc":"21:51:00","flight":"AF754"},{"day":1,"utc":"19:57:00","flight":"AF194"},{"day":1,"utc":"18:32:00","flight":"AF542"},{"day":2,"utc":"20:05:00","flight":"AF114"},{"day":3,"utc":"09:14:00","flight":"AF956"},{"day":3,"utc":"00:24:00","flight":"AF901"},{"day":3,"utc":"18:49:00","flight":"AF049"},{"day":4,"utc":"19:27:00","flight":"AF692"},{"day":5,"utc":"21:00:00","flight":"AF954"},{"day":5,"utc":"16:55:00","flight":"AF810"},{"day":6,"utc":"17:05:00","flight":"AF896"}]}