{"id":53233,"type":"route","airline":"TO","airlineid":"airline_8745","sourceairport":"LPA","destinationairport":"MAN","stops":0,"equipment":"73H","schedule":[{"day":0,"utc":"01:15:00","flight":"TO191"},{"day":0,"utc":"20:49:00","flight":"TO487"},{"day":0,"utc":"03:03:00","flight":"TO030"},{"day":0,"utc":"03:00:00","flight":"TO387"},{"day":1,"utc":"17:37:00","flight":"TO244"},{"day":1,"utc":"07:35:00","flight":"TO468"},{"day":2,"utc":"19:21:00","flight":"TO295"},{"day":2,"utc":"20:09:00","flight":"TO410"},{"day":2,"utc":"08:49:00","flight":"TO121"},{"day":2,"utc":"18:03:00","flight":"TO487"},{"day":2,"utc":"02:43:00","flight":"TO823"},{"day":3,"utc":"09:25:00","flight":"TO752"},{"day":3,"utc":"16:03:00","flight":"TO012"},{"day":3,"utc":"00:52:00","flight":"TO079"},{"day":4,"utc":"05:31:00","flight":"TO597"},{"day":4,"utc":"14:51:00","flight":"TO383"},{"day":4,"utc":"12:08:00","flight":"TO801"},{"day":4,"utc":"05:22:00","flight":"TO079"},{"day":5,"utc":"17:31:00","flight":"TO479"},{"day":5,"utc":"07:19:00","flight":"TO597"},{"day":5,"utc":"09:31:00","flight":"TO169"},{"day":5,"utc":"21:30:00","flight":"TO527"},{"day":5,"utc":"18:52:00","flight":"TO842"},{"day":6,"utc":"19:41:00","flight":"TO199"},{"day":6,"utc":"12:19:00","flight":"TO586"},{"day":6,"utc":"04:04:00","flight":"TO914"},{"day":6,"utc":"15:32:00","flight":"TO522"}]}