{"id":485,"type":"route","airline":"3M","airlineid":"airline_N","sourceairport":"MEI","destinationairport":"ATL","stops":0,"equipment":"SF3","schedule":[{"day":0,"utc":"10:24:00","flight":"3M853"},{"day":0,"utc":"10:17:00","flight":"3M901"},{"day":0,"utc":"13:36:00","flight":"3M122"},{"day":1,"utc":"00:09:00","flight":"3M510"},{"day":1,"utc":"08:43:00","flight":"3M859"},{"day":1,"utc":"11:53:00","flight":"3M304"},{"day":2,"utc":"15:53:00","flight":"3M105"},{"day":3,"utc":"14:00:00","flight":"3M174"},{"day":3,"utc":"11:02:00","flight":"3M174"},{"day":4,"utc":"12:22:00","flight":"3M584"},{"day":4,"utc":"04:11:00","flight":"3M662"},{"day":4,"utc":"10:09:00","flight":"3M353"},{"day":4,"utc":"20:42:00","flight":"3M969"},{"day":4,"utc":"20:18:00","flight":"3M741"},{"day":5,"utc":"01:29:00","flight":"3M154"},{"day":6,"utc":"12:10:00","flight":"3M464"},{"day":6,"utc":"08:09:00","flight":"3M998"}],"distance":428.5225989707744}