{"id":6125,"type":"route","airline":"AA","airlineid":"airline_24","sourceairport":"MKE","destinationairport":"PHL","stops":0,"equipment":"CRJ","schedule":[{"day":0,"utc":"00:06:00","flight":"AA403"},{"day":0,"utc":"10:45:00","flight":"AA017"},{"day":1,"utc":"16:11:00","flight":"AA788"},{"day":1,"utc":"15:37:00","flight":"AA575"},{"day":1,"utc":"00:49:00","flight":"AA144"},{"day":2,"utc":"17:02:00","flight":"AA248"},{"day":3,"utc":"23:33:00","flight":"AA088"},{"day":3,"utc":"04:44:00","flight":"AA486"},{"day":4,"utc":"23:34:00","flight":"AA872"},{"day":4,"utc":"08:48:00","flight":"AA320"},{"day":5,"utc":"16:59:00","flight":"AA630"},{"day":5,"utc":"22:14:00","flight":"AA559"},{"day":5,"utc":"11:34:00","flight":"AA281"},{"day":5,"utc":"17:24:00","flight":"AA908"},{"day":5,"utc":"18:43:00","flight":"AA465"},{"day":6,"utc":"19:18:00","flight":"AA325"},{"day":6,"utc":"23:59:00","flight":"AA676"},{"day":6,"utc":"23:18:00","flight":"AA253"},{"day":6,"utc":"06:03:00","flight":"AA112"},{"day":6,"utc":"05:15:00","flight":"AA872"}],"distance":1108.1338321181331}