{"id":8196,"type":"route","airline":"AC","airlineid":"airline_330","sourceairport":"YUL","destinationairport":"CDG","stops":0,"equipment":"77W","schedule":[{"day":0,"utc":"10:05:00","flight":"AC212"},{"day":1,"utc":"03:50:00","flight":"AC429"},{"day":1,"utc":"10:17:00","flight":"AC405"},{"day":1,"utc":"13:38:00","flight":"AC730"},{"day":1,"utc":"17:20:00","flight":"AC908"},{"day":1,"utc":"08:14:00","flight":"AC370"},{"day":2,"utc":"06:44:00","flight":"AC725"},{"day":3,"utc":"01:55:00","flight":"AC592"},{"day":3,"utc":"08:48:00","flight":"AC399"},{"day":3,"utc":"05:01:00","flight":"AC431"},{"day":4,"utc":"14:36:00","flight":"AC152"},{"day":5,"utc":"03:18:00","flight":"AC017"},{"day":6,"utc":"23:23:00","flight":"AC745"},{"day":6,"utc":"11:35:00","flight":"AC162"}],"distance":5523.487162663376}