{"id":27543,"type":"route","airline":"FR","airlineid":"airline_4296","sourceairport":"PIK","destinationairport":"ALC","stops":0,"equipment":"738","schedule":[{"day":0,"utc":"21:17:00","flight":"FR162"},{"day":0,"utc":"15:11:00","flight":"FR062"},{"day":0,"utc":"12:34:00","flight":"FR044"},{"day":1,"utc":"00:09:00","flight":"FR319"},{"day":1,"utc":"03:31:00","flight":"FR075"},{"day":2,"utc":"18:22:00","flight":"FR651"},{"day":2,"utc":"06:43:00","flight":"FR502"},{"day":2,"utc":"21:20:00","flight":"FR436"},{"day":3,"utc":"03:33:00","flight":"FR444"},{"day":3,"utc":"09:14:00","flight":"FR435"},{"day":3,"utc":"03:32:00","flight":"FR412"},{"day":3,"utc":"23:15:00","flight":"FR280"},{"day":3,"utc":"08:29:00","flight":"FR635"},{"day":4,"utc":"23:24:00","flight":"FR688"},{"day":4,"utc":"03:42:00","flight":"FR013"},{"day":4,"utc":"04:51:00","flight":"FR305"},{"day":5,"utc":"05:36:00","flight":"FR526"},{"day":6,"utc":"13:46:00","flight":"FR562"},{"day":6,"utc":"22:19:00","flight":"FR837"},{"day":6,"utc":"16:57:00","flight":"FR617"}],"distance":1939.0719295258268}