{"id":22534,"type":"route","airline":"DY","airlineid":"airline_3737","sourceairport":"LGW","destinationairport":"TRF","stops":0,"equipment":"73H","schedule":[{"day":0,"utc":"19:29:00","flight":"DY779"},{"day":0,"utc":"14:17:00","flight":"DY794"},{"day":0,"utc":"01:55:00","flight":"DY488"},{"day":0,"utc":"23:29:00","flight":"DY710"},{"day":0,"utc":"03:01:00","flight":"DY608"},{"day":1,"utc":"11:24:00","flight":"DY677"},{"day":1,"utc":"05:32:00","flight":"DY115"},{"day":1,"utc":"05:16:00","flight":"DY983"},{"day":2,"utc":"19:45:00","flight":"DY119"},{"day":2,"utc":"20:54:00","flight":"DY971"},{"day":2,"utc":"05:56:00","flight":"DY841"},{"day":2,"utc":"05:03:00","flight":"DY697"},{"day":3,"utc":"19:55:00","flight":"DY026"},{"day":3,"utc":"19:39:00","flight":"DY487"},{"day":3,"utc":"06:44:00","flight":"DY033"},{"day":4,"utc":"14:16:00","flight":"DY919"},{"day":4,"utc":"22:15:00","flight":"DY444"},{"day":4,"utc":"09:24:00","flight":"DY332"},{"day":5,"utc":"11:15:00","flight":"DY467"},{"day":5,"utc":"22:13:00","flight":"DY670"},{"day":5,"utc":"18:13:00","flight":"DY500"},{"day":5,"utc":"22:07:00","flight":"DY456"},{"day":5,"utc":"13:35:00","flight":"DY276"},{"day":6,"utc":"08:11:00","flight":"DY026"},{"day":6,"utc":"13:20:00","flight":"DY222"},{"day":6,"utc":"01:27:00","flight":"DY673"}],"distance":1110.5714416604294}