{"id":37335,"type":"route","airline":"KS","airlineid":"airline_3935","sourceairport":"AKN","destinationairport":"ANC","stops":0,"equipment":"SF3","schedule":[{"day":0,"utc":"02:31:00","flight":"KS866"},{"day":0,"utc":"12:39:00","flight":"KS475"},{"day":0,"utc":"03:43:00","flight":"KS342"},{"day":1,"utc":"16:09:00","flight":"KS037"},{"day":1,"utc":"20:53:00","flight":"KS739"},{"day":2,"utc":"12:57:00","flight":"KS710"},{"day":2,"utc":"13:03:00","flight":"KS074"},{"day":3,"utc":"09:58:00","flight":"KS133"},{"day":3,"utc":"12:52:00","flight":"KS887"},{"day":3,"utc":"18:56:00","flight":"KS241"},{"day":4,"utc":"01:43:00","flight":"KS251"},{"day":5,"utc":"15:29:00","flight":"KS078"},{"day":5,"utc":"14:42:00","flight":"KS672"},{"day":5,"utc":"00:31:00","flight":"KS646"},{"day":6,"utc":"20:03:00","flight":"KS268"},{"day":6,"utc":"04:08:00","flight":"KS623"}]}