{"id":64054,"type":"route","airline":"WN","airlineid":"airline_4547","sourceairport":"MCO","destinationairport":"HOU","stops":0,"equipment":"73W 733 73H","schedule":[{"day":0,"utc":"09:46:00","flight":"WN297"},{"day":0,"utc":"17:07:00","flight":"WN521"},{"day":0,"utc":"03:30:00","flight":"WN522"},{"day":0,"utc":"04:34:00","flight":"WN016"},{"day":1,"utc":"23:33:00","flight":"WN628"},{"day":1,"utc":"22:06:00","flight":"WN963"},{"day":1,"utc":"03:25:00","flight":"WN173"},{"day":1,"utc":"01:49:00","flight":"WN620"},{"day":1,"utc":"12:12:00","flight":"WN828"},{"day":2,"utc":"15:25:00","flight":"WN234"},{"day":2,"utc":"06:30:00","flight":"WN507"},{"day":2,"utc":"00:23:00","flight":"WN234"},{"day":3,"utc":"05:54:00","flight":"WN201"},{"day":4,"utc":"11:20:00","flight":"WN738"},{"day":5,"utc":"19:18:00","flight":"WN108"},{"day":6,"utc":"06:23:00","flight":"WN000"},{"day":6,"utc":"15:10:00","flight":"WN886"}],"distance":1363.9995325216428}