{"id":62004,"type":"route","airline":"VX","airlineid":"airline_5331","sourceairport":"LAS","destinationairport":"LAX","stops":0,"equipment":"320","schedule":[{"day":0,"utc":"15:05:00","flight":"VX319"},{"day":0,"utc":"19:36:00","flight":"VX842"},{"day":0,"utc":"17:07:00","flight":"VX728"},{"day":1,"utc":"01:30:00","flight":"VX718"},{"day":1,"utc":"16:27:00","flight":"VX299"},{"day":2,"utc":"09:21:00","flight":"VX584"},{"day":2,"utc":"03:46:00","flight":"VX891"},{"day":2,"utc":"09:29:00","flight":"VX610"},{"day":3,"utc":"14:30:00","flight":"VX471"},{"day":3,"utc":"13:06:00","flight":"VX051"},{"day":3,"utc":"13:59:00","flight":"VX977"},{"day":4,"utc":"01:18:00","flight":"VX265"},{"day":5,"utc":"10:26:00","flight":"VX570"},{"day":5,"utc":"04:54:00","flight":"VX314"},{"day":5,"utc":"23:53:00","flight":"VX378"},{"day":5,"utc":"01:02:00","flight":"VX895"},{"day":5,"utc":"08:38:00","flight":"VX932"},{"day":6,"utc":"17:25:00","flight":"VX458"},{"day":6,"utc":"00:40:00","flight":"VX036"},{"day":6,"utc":"21:28:00","flight":"VX741"},{"day":6,"utc":"13:11:00","flight":"VX855"},{"day":6,"utc":"00:14:00","flight":"VX835"}],"distance":379.97653302227496}