{"id":20490,"type":"route","airline":"DL","airlineid":"airline_2009","sourceairport":"CVG","destinationairport":"DTW","stops":0,"equipment":"ERJ CR9 CRJ","schedule":[{"day":0,"utc":"03:27:00","flight":"DL127"},{"day":0,"utc":"02:03:00","flight":"DL671"},{"day":0,"utc":"17:44:00","flight":"DL731"},{"day":0,"utc":"06:11:00","flight":"DL895"},{"day":0,"utc":"11:23:00","flight":"DL233"},{"day":1,"utc":"12:39:00","flight":"DL862"},{"day":1,"utc":"23:48:00","flight":"DL075"},{"day":2,"utc":"21:59:00","flight":"DL732"},{"day":2,"utc":"01:55:00","flight":"DL917"},{"day":2,"utc":"16:39:00","flight":"DL928"},{"day":3,"utc":"02:02:00","flight":"DL748"},{"day":3,"utc":"05:33:00","flight":"DL098"},{"day":4,"utc":"20:12:00","flight":"DL703"},{"day":4,"utc":"06:26:00","flight":"DL704"},{"day":4,"utc":"17:59:00","flight":"DL328"},{"day":4,"utc":"05:08:00","flight":"DL086"},{"day":5,"utc":"18:05:00","flight":"DL164"},{"day":5,"utc":"07:02:00","flight":"DL752"},{"day":5,"utc":"19:01:00","flight":"DL597"},{"day":6,"utc":"20:20:00","flight":"DL125"},{"day":6,"utc":"02:04:00","flight":"DL169"},{"day":6,"utc":"00:17:00","flight":"DL518"},{"day":6,"utc":"09:28:00","flight":"DL161"},{"day":6,"utc":"17:03:00","flight":"DL255"}],"distance":368.8370923159172}