{"id":59340,"type":"route","airline":"US","airlineid":"airline_5265","sourceairport":"HNL","destinationairport":"KOA","stops":0,"equipment":"717","schedule":[{"day":0,"utc":"21:38:00","flight":"US360"},{"day":0,"utc":"09:29:00","flight":"US106"},{"day":0,"utc":"07:56:00","flight":"US426"},{"day":0,"utc":"01:42:00","flight":"US398"},{"day":0,"utc":"19:30:00","flight":"US195"},{"day":1,"utc":"12:41:00","flight":"US258"},{"day":1,"utc":"11:20:00","flight":"US219"},{"day":1,"utc":"20:17:00","flight":"US089"},{"day":1,"utc":"16:06:00","flight":"US110"},{"day":2,"utc":"02:05:00","flight":"US643"},{"day":2,"utc":"11:54:00","flight":"US323"},{"day":3,"utc":"00:16:00","flight":"US059"},{"day":3,"utc":"02:17:00","flight":"US263"},{"day":3,"utc":"07:49:00","flight":"US117"},{"day":4,"utc":"15:58:00","flight":"US639"},{"day":4,"utc":"15:26:00","flight":"US537"},{"day":5,"utc":"20:58:00","flight":"US135"},{"day":5,"utc":"23:46:00","flight":"US154"},{"day":5,"utc":"13:19:00","flight":"US381"},{"day":5,"utc":"04:31:00","flight":"US544"},{"day":6,"utc":"02:56:00","flight":"US028"},{"day":6,"utc":"10:24:00","flight":"US341"},{"day":6,"utc":"06:23:00","flight":"US900"}],"distance":262.7831037793321}