{"id":56857,"type":"route","airline":"UA","airlineid":"airline_5209","sourceairport":"IAH","destinationairport":"VPS","stops":0,"equipment":"ERJ","schedule":[{"day":0,"utc":"07:40:00","flight":"UA283"},{"day":0,"utc":"19:10:00","flight":"UA967"},{"day":0,"utc":"06:53:00","flight":"UA427"},{"day":0,"utc":"13:42:00","flight":"UA925"},{"day":1,"utc":"05:08:00","flight":"UA048"},{"day":1,"utc":"16:47:00","flight":"UA960"},{"day":2,"utc":"11:50:00","flight":"UA004"},{"day":2,"utc":"01:22:00","flight":"UA742"},{"day":3,"utc":"11:21:00","flight":"UA813"},{"day":3,"utc":"08:24:00","flight":"UA396"},{"day":3,"utc":"20:42:00","flight":"UA484"},{"day":3,"utc":"15:46:00","flight":"UA536"},{"day":4,"utc":"20:39:00","flight":"UA989"},{"day":4,"utc":"12:45:00","flight":"UA650"},{"day":4,"utc":"14:21:00","flight":"UA244"},{"day":5,"utc":"04:25:00","flight":"UA225"},{"day":5,"utc":"05:41:00","flight":"UA931"},{"day":5,"utc":"07:18:00","flight":"UA690"},{"day":5,"utc":"16:57:00","flight":"UA207"},{"day":5,"utc":"22:27:00","flight":"UA864"},{"day":6,"utc":"21:38:00","flight":"UA611"},{"day":6,"utc":"05:32:00","flight":"UA964"}]}