{"id":3396,"type":"route","airline":"8V","airlineid":"airline_55","sourceairport":"NUL","destinationairport":"KYU","stops":0,"equipment":"CNC","schedule":[{"day":0,"utc":"20:52:00","flight":"8V227"},{"day":0,"utc":"02:29:00","flight":"8V930"},{"day":0,"utc":"19:07:00","flight":"8V333"},{"day":0,"utc":"07:16:00","flight":"8V385"},{"day":0,"utc":"02:44:00","flight":"8V536"},{"day":1,"utc":"10:34:00","flight":"8V128"},{"day":1,"utc":"14:12:00","flight":"8V743"},{"day":1,"utc":"13:31:00","flight":"8V905"},{"day":1,"utc":"08:30:00","flight":"8V548"},{"day":1,"utc":"22:08:00","flight":"8V547"},{"day":2,"utc":"06:38:00","flight":"8V507"},{"day":2,"utc":"16:14:00","flight":"8V008"},{"day":2,"utc":"14:26:00","flight":"8V312"},{"day":2,"utc":"10:36:00","flight":"8V165"},{"day":3,"utc":"00:46:00","flight":"8V246"},{"day":3,"utc":"06:40:00","flight":"8V375"},{"day":4,"utc":"10:30:00","flight":"8V806"},{"day":4,"utc":"05:39:00","flight":"8V629"},{"day":4,"utc":"20:07:00","flight":"8V255"},{"day":4,"utc":"00:51:00","flight":"8V023"},{"day":5,"utc":"23:28:00","flight":"8V603"},{"day":5,"utc":"21:26:00","flight":"8V022"},{"day":5,"utc":"06:15:00","flight":"8V461"},{"day":6,"utc":"08:57:00","flight":"8V800"},{"day":6,"utc":"11:46:00","flight":"8V766"}],"distance":23.012174783620935}