{"id":26298,"type":"route","airline":"FR","airlineid":"airline_4296","sourceairport":"BVA","destinationairport":"BUD","stops":0,"equipment":"738","schedule":[{"day":0,"utc":"06:26:00","flight":"FR654"},{"day":0,"utc":"13:37:00","flight":"FR110"},{"day":0,"utc":"03:21:00","flight":"FR229"},{"day":1,"utc":"05:29:00","flight":"FR286"},{"day":1,"utc":"23:35:00","flight":"FR010"},{"day":2,"utc":"05:48:00","flight":"FR872"},{"day":2,"utc":"00:50:00","flight":"FR800"},{"day":2,"utc":"04:13:00","flight":"FR240"},{"day":3,"utc":"06:06:00","flight":"FR051"},{"day":4,"utc":"09:00:00","flight":"FR301"},{"day":4,"utc":"13:37:00","flight":"FR010"},{"day":4,"utc":"12:59:00","flight":"FR885"},{"day":5,"utc":"17:21:00","flight":"FR914"},{"day":5,"utc":"02:27:00","flight":"FR419"},{"day":5,"utc":"23:42:00","flight":"FR774"},{"day":5,"utc":"00:25:00","flight":"FR170"},{"day":6,"utc":"01:53:00","flight":"FR862"}],"distance":1281.2626949454198}