{"id":55443,"type":"route","airline":"U2","airlineid":"airline_2297","sourceairport":"SXF","destinationairport":"MXP","stops":0,"equipment":"320 319","schedule":[{"day":0,"utc":"05:30:00","flight":"U2564"},{"day":0,"utc":"09:45:00","flight":"U2827"},{"day":0,"utc":"12:28:00","flight":"U2225"},{"day":0,"utc":"00:07:00","flight":"U2696"},{"day":1,"utc":"05:33:00","flight":"U2423"},{"day":1,"utc":"15:27:00","flight":"U2462"},{"day":1,"utc":"23:48:00","flight":"U2085"},{"day":1,"utc":"05:58:00","flight":"U2616"},{"day":1,"utc":"00:30:00","flight":"U2237"},{"day":2,"utc":"13:09:00","flight":"U2611"},{"day":2,"utc":"23:26:00","flight":"U2762"},{"day":2,"utc":"19:53:00","flight":"U2287"},{"day":3,"utc":"13:43:00","flight":"U2849"},{"day":3,"utc":"20:25:00","flight":"U2039"},{"day":3,"utc":"05:25:00","flight":"U2744"},{"day":4,"utc":"00:38:00","flight":"U2661"},{"day":4,"utc":"22:00:00","flight":"U2201"},{"day":5,"utc":"20:21:00","flight":"U2556"},{"day":5,"utc":"10:05:00","flight":"U2081"},{"day":5,"utc":"02:30:00","flight":"U2802"},{"day":5,"utc":"09:54:00","flight":"U2328"},{"day":5,"utc":"08:09:00","flight":"U2111"},{"day":6,"utc":"09:23:00","flight":"U2726"},{"day":6,"utc":"21:02:00","flight":"U2801"},{"day":6,"utc":"19:50:00","flight":"U2403"}]}