{"id":24767,"type":"route","airline":"FI","airlineid":"airline_2835","sourceairport":"LGW","destinationairport":"KEF","stops":0,"equipment":"75W","schedule":[{"day":0,"utc":"00:56:00","flight":"FI441"},{"day":0,"utc":"17:11:00","flight":"FI227"},{"day":0,"utc":"15:14:00","flight":"FI411"},{"day":0,"utc":"16:26:00","flight":"FI497"},{"day":0,"utc":"19:33:00","flight":"FI033"},{"day":1,"utc":"02:14:00","flight":"FI946"},{"day":1,"utc":"02:00:00","flight":"FI011"},{"day":1,"utc":"23:46:00","flight":"FI170"},{"day":1,"utc":"18:08:00","flight":"FI920"},{"day":2,"utc":"02:04:00","flight":"FI862"},{"day":2,"utc":"05:27:00","flight":"FI452"},{"day":3,"utc":"22:35:00","flight":"FI425"},{"day":3,"utc":"09:46:00","flight":"FI974"},{"day":3,"utc":"11:35:00","flight":"FI273"},{"day":3,"utc":"09:12:00","flight":"FI310"},{"day":3,"utc":"08:30:00","flight":"FI563"},{"day":4,"utc":"13:20:00","flight":"FI383"},{"day":4,"utc":"09:43:00","flight":"FI521"},{"day":5,"utc":"15:16:00","flight":"FI121"},{"day":5,"utc":"19:33:00","flight":"FI995"},{"day":5,"utc":"10:10:00","flight":"FI036"},{"day":5,"utc":"11:36:00","flight":"FI433"},{"day":5,"utc":"21:09:00","flight":"FI004"},{"day":6,"utc":"06:54:00","flight":"FI896"},{"day":6,"utc":"22:13:00","flight":"FI009"},{"day":6,"utc":"06:06:00","flight":"FI992"}],"distance":1935.272535087953}