{"id":6063,"type":"route","airline":"AA","airlineid":"airline_24","sourceairport":"MIA","destinationairport":"LRM","stops":0,"equipment":"ER4","schedule":[{"day":0,"utc":"16:26:00","flight":"AA279"},{"day":0,"utc":"05:36:00","flight":"AA807"},{"day":1,"utc":"02:17:00","flight":"AA409"},{"day":1,"utc":"10:15:00","flight":"AA391"},{"day":2,"utc":"23:05:00","flight":"AA547"},{"day":3,"utc":"01:37:00","flight":"AA742"},{"day":3,"utc":"14:32:00","flight":"AA694"},{"day":4,"utc":"10:26:00","flight":"AA872"},{"day":4,"utc":"00:10:00","flight":"AA851"},{"day":4,"utc":"11:27:00","flight":"AA996"},{"day":4,"utc":"20:45:00","flight":"AA013"},{"day":4,"utc":"02:38:00","flight":"AA397"},{"day":5,"utc":"08:04:00","flight":"AA903"},{"day":5,"utc":"09:07:00","flight":"AA150"},{"day":5,"utc":"08:12:00","flight":"AA551"},{"day":6,"utc":"01:39:00","flight":"AA252"},{"day":6,"utc":"22:10:00","flight":"AA421"},{"day":6,"utc":"22:46:00","flight":"AA475"},{"day":6,"utc":"23:00:00","flight":"AA042"}]}