{"id":25078,"type":"route","airline":"FL","airlineid":"airline_1316","sourceairport":"EYW","destinationairport":"TPA","stops":0,"equipment":"73W","schedule":[{"day":0,"utc":"03:49:00","flight":"FL059"},{"day":0,"utc":"16:31:00","flight":"FL498"},{"day":1,"utc":"08:04:00","flight":"FL483"},{"day":1,"utc":"07:18:00","flight":"FL826"},{"day":1,"utc":"23:26:00","flight":"FL602"},{"day":2,"utc":"13:28:00","flight":"FL402"},{"day":2,"utc":"02:30:00","flight":"FL308"},{"day":3,"utc":"06:05:00","flight":"FL659"},{"day":4,"utc":"09:46:00","flight":"FL574"},{"day":4,"utc":"10:18:00","flight":"FL645"},{"day":4,"utc":"07:08:00","flight":"FL347"},{"day":4,"utc":"06:03:00","flight":"FL234"},{"day":4,"utc":"18:41:00","flight":"FL961"},{"day":5,"utc":"14:42:00","flight":"FL451"},{"day":5,"utc":"15:33:00","flight":"FL220"},{"day":5,"utc":"23:10:00","flight":"FL610"},{"day":5,"utc":"03:00:00","flight":"FL444"},{"day":5,"utc":"14:19:00","flight":"FL395"},{"day":6,"utc":"23:02:00","flight":"FL425"},{"day":6,"utc":"02:38:00","flight":"FL864"}],"distance":387.95962869025425}