{"id":59285,"type":"route","airline":"US","airlineid":"airline_5265","sourceairport":"FWA","destinationairport":"DFW","stops":0,"equipment":"ER4","schedule":[{"day":0,"utc":"10:38:00","flight":"US298"},{"day":0,"utc":"22:22:00","flight":"US122"},{"day":0,"utc":"05:30:00","flight":"US338"},{"day":0,"utc":"20:39:00","flight":"US966"},{"day":1,"utc":"08:51:00","flight":"US325"},{"day":1,"utc":"13:06:00","flight":"US277"},{"day":1,"utc":"10:45:00","flight":"US839"},{"day":2,"utc":"16:18:00","flight":"US642"},{"day":2,"utc":"04:15:00","flight":"US731"},{"day":2,"utc":"23:59:00","flight":"US814"},{"day":2,"utc":"20:22:00","flight":"US368"},{"day":2,"utc":"06:17:00","flight":"US166"},{"day":3,"utc":"19:19:00","flight":"US016"},{"day":3,"utc":"06:08:00","flight":"US868"},{"day":4,"utc":"13:12:00","flight":"US051"},{"day":5,"utc":"12:53:00","flight":"US220"},{"day":5,"utc":"05:36:00","flight":"US519"},{"day":6,"utc":"17:41:00","flight":"US057"},{"day":6,"utc":"19:54:00","flight":"US191"}],"distance":1381.6803586051785}