{"id":47256,"type":"route","airline":"QH","airlineid":"airline_882","sourceairport":"SVX","destinationairport":"FRU","stops":0,"equipment":"735","schedule":[{"day":0,"utc":"19:32:00","flight":"QH257"},{"day":0,"utc":"04:00:00","flight":"QH822"},{"day":1,"utc":"13:59:00","flight":"QH214"},{"day":1,"utc":"04:48:00","flight":"QH461"},{"day":1,"utc":"22:42:00","flight":"QH099"},{"day":2,"utc":"11:11:00","flight":"QH470"},{"day":3,"utc":"14:01:00","flight":"QH545"},{"day":3,"utc":"04:10:00","flight":"QH440"},{"day":3,"utc":"01:42:00","flight":"QH761"},{"day":3,"utc":"15:18:00","flight":"QH874"},{"day":4,"utc":"06:50:00","flight":"QH264"},{"day":4,"utc":"19:22:00","flight":"QH719"},{"day":4,"utc":"19:20:00","flight":"QH642"},{"day":4,"utc":"23:53:00","flight":"QH786"},{"day":5,"utc":"10:40:00","flight":"QH091"},{"day":5,"utc":"16:25:00","flight":"QH667"},{"day":5,"utc":"01:44:00","flight":"QH911"},{"day":5,"utc":"17:47:00","flight":"QH402"},{"day":6,"utc":"20:45:00","flight":"QH102"},{"day":6,"utc":"17:35:00","flight":"QH803"},{"day":6,"utc":"15:03:00","flight":"QH787"},{"day":6,"utc":"12:12:00","flight":"QH977"},{"day":6,"utc":"12:58:00","flight":"QH317"}],"distance":1801.9774038533412}