{"id":27361,"type":"route","airline":"FR","airlineid":"airline_4296","sourceairport":"MRS","destinationairport":"STN","stops":0,"equipment":"738","schedule":[{"day":0,"utc":"03:20:00","flight":"FR348"},{"day":0,"utc":"22:10:00","flight":"FR624"},{"day":0,"utc":"11:34:00","flight":"FR824"},{"day":0,"utc":"22:46:00","flight":"FR851"},{"day":1,"utc":"16:35:00","flight":"FR008"},{"day":1,"utc":"07:59:00","flight":"FR375"},{"day":1,"utc":"11:58:00","flight":"FR373"},{"day":1,"utc":"20:39:00","flight":"FR455"},{"day":2,"utc":"09:37:00","flight":"FR635"},{"day":2,"utc":"13:47:00","flight":"FR677"},{"day":2,"utc":"18:06:00","flight":"FR211"},{"day":2,"utc":"17:46:00","flight":"FR801"},{"day":3,"utc":"04:58:00","flight":"FR568"},{"day":3,"utc":"16:59:00","flight":"FR029"},{"day":3,"utc":"00:39:00","flight":"FR617"},{"day":3,"utc":"16:37:00","flight":"FR940"},{"day":4,"utc":"12:02:00","flight":"FR403"},{"day":4,"utc":"10:29:00","flight":"FR817"},{"day":4,"utc":"18:17:00","flight":"FR016"},{"day":4,"utc":"07:53:00","flight":"FR121"},{"day":4,"utc":"05:38:00","flight":"FR342"},{"day":5,"utc":"09:53:00","flight":"FR457"},{"day":5,"utc":"06:23:00","flight":"FR722"},{"day":5,"utc":"17:10:00","flight":"FR077"},{"day":5,"utc":"10:26:00","flight":"FR163"},{"day":5,"utc":"09:15:00","flight":"FR922"},{"day":6,"utc":"20:18:00","flight":"FR133"}],"distance":1010.2179879787668}