{"id":56804,"type":"route","airline":"UA","airlineid":"airline_5209","sourceairport":"IAH","destinationairport":"NRT","stops":0,"equipment":"777","schedule":[{"day":0,"utc":"05:01:00","flight":"UA432"},{"day":1,"utc":"02:58:00","flight":"UA165"},{"day":1,"utc":"04:12:00","flight":"UA908"},{"day":1,"utc":"21:34:00","flight":"UA940"},{"day":2,"utc":"15:28:00","flight":"UA319"},{"day":2,"utc":"21:44:00","flight":"UA595"},{"day":3,"utc":"19:22:00","flight":"UA255"},{"day":3,"utc":"17:13:00","flight":"UA708"},{"day":3,"utc":"14:58:00","flight":"UA167"},{"day":4,"utc":"20:24:00","flight":"UA610"},{"day":5,"utc":"18:28:00","flight":"UA125"},{"day":5,"utc":"15:58:00","flight":"UA581"},{"day":6,"utc":"08:11:00","flight":"UA568"},{"day":6,"utc":"20:44:00","flight":"UA463"},{"day":6,"utc":"13:40:00","flight":"UA453"},{"day":6,"utc":"05:04:00","flight":"UA577"}],"distance":10669.315810445203}