{"id":64054,"type":"route","airline":"WN","airlineid":"airline_4547","sourceairport":"MCO","destinationairport":"HOU","stops":0,"equipment":"73W 733 73H","schedule":[{"day":0,"utc":"21:18:00","flight":"WN677"},{"day":0,"utc":"22:26:00","flight":"WN912"},{"day":0,"utc":"03:14:00","flight":"WN123"},{"day":0,"utc":"20:25:00","flight":"WN109"},{"day":0,"utc":"09:01:00","flight":"WN388"},{"day":1,"utc":"08:29:00","flight":"WN202"},{"day":1,"utc":"16:23:00","flight":"WN242"},{"day":2,"utc":"21:29:00","flight":"WN539"},{"day":2,"utc":"06:07:00","flight":"WN704"},{"day":2,"utc":"14:45:00","flight":"WN501"},{"day":2,"utc":"05:29:00","flight":"WN746"},{"day":2,"utc":"12:44:00","flight":"WN667"},{"day":3,"utc":"04:10:00","flight":"WN908"},{"day":3,"utc":"06:48:00","flight":"WN833"},{"day":3,"utc":"20:23:00","flight":"WN607"},{"day":4,"utc":"13:39:00","flight":"WN370"},{"day":4,"utc":"00:17:00","flight":"WN406"},{"day":4,"utc":"20:05:00","flight":"WN965"},{"day":5,"utc":"07:24:00","flight":"WN751"},{"day":6,"utc":"08:16:00","flight":"WN983"},{"day":6,"utc":"12:38:00","flight":"WN695"}],"distance":1363.9995325216428}