{"id":43460,"type":"route","airline":"NK","airlineid":"airline_4687","sourceairport":"LAS","destinationairport":"LAX","stops":0,"equipment":"319","schedule":[{"day":0,"utc":"12:04:00","flight":"NK298"},{"day":0,"utc":"23:55:00","flight":"NK792"},{"day":1,"utc":"21:48:00","flight":"NK245"},{"day":1,"utc":"19:28:00","flight":"NK257"},{"day":2,"utc":"04:13:00","flight":"NK611"},{"day":2,"utc":"04:28:00","flight":"NK174"},{"day":2,"utc":"21:05:00","flight":"NK796"},{"day":3,"utc":"16:47:00","flight":"NK466"},{"day":3,"utc":"05:12:00","flight":"NK906"},{"day":3,"utc":"16:09:00","flight":"NK555"},{"day":4,"utc":"13:34:00","flight":"NK375"},{"day":4,"utc":"12:00:00","flight":"NK964"},{"day":4,"utc":"18:14:00","flight":"NK113"},{"day":5,"utc":"20:11:00","flight":"NK345"},{"day":6,"utc":"19:29:00","flight":"NK919"}],"distance":379.97653302227496}