{"id":53389,"type":"route","airline":"TO","airlineid":"airline_8745","sourceairport":"PMI","destinationairport":"DSA","stops":0,"equipment":"73H","schedule":[{"day":0,"utc":"07:56:00","flight":"TO510"},{"day":1,"utc":"14:49:00","flight":"TO990"},{"day":1,"utc":"23:37:00","flight":"TO245"},{"day":1,"utc":"08:59:00","flight":"TO298"},{"day":1,"utc":"16:57:00","flight":"TO275"},{"day":1,"utc":"17:08:00","flight":"TO071"},{"day":2,"utc":"18:37:00","flight":"TO803"},{"day":2,"utc":"19:34:00","flight":"TO003"},{"day":2,"utc":"20:08:00","flight":"TO984"},{"day":2,"utc":"21:10:00","flight":"TO497"},{"day":3,"utc":"10:10:00","flight":"TO186"},{"day":3,"utc":"16:16:00","flight":"TO415"},{"day":3,"utc":"02:20:00","flight":"TO991"},{"day":3,"utc":"01:34:00","flight":"TO477"},{"day":3,"utc":"01:47:00","flight":"TO808"},{"day":4,"utc":"16:52:00","flight":"TO630"},{"day":5,"utc":"17:08:00","flight":"TO038"},{"day":5,"utc":"18:33:00","flight":"TO623"},{"day":5,"utc":"10:51:00","flight":"TO545"},{"day":5,"utc":"04:10:00","flight":"TO755"},{"day":5,"utc":"01:54:00","flight":"TO750"},{"day":6,"utc":"22:15:00","flight":"TO025"},{"day":6,"utc":"09:14:00","flight":"TO062"},{"day":6,"utc":"02:47:00","flight":"TO189"},{"day":6,"utc":"19:22:00","flight":"TO215"}],"distance":1573.5229135412849}