{"id":57613,"type":"route","airline":"UA","airlineid":"airline_5209","sourceairport":"SEA","destinationairport":"ANC","stops":0,"equipment":"739 738","schedule":[{"day":0,"utc":"18:18:00","flight":"UA576"},{"day":1,"utc":"23:12:00","flight":"UA440"},{"day":1,"utc":"13:44:00","flight":"UA297"},{"day":1,"utc":"22:27:00","flight":"UA587"},{"day":1,"utc":"02:07:00","flight":"UA841"},{"day":1,"utc":"05:04:00","flight":"UA521"},{"day":2,"utc":"08:53:00","flight":"UA125"},{"day":3,"utc":"21:16:00","flight":"UA426"},{"day":4,"utc":"06:02:00","flight":"UA958"},{"day":4,"utc":"15:25:00","flight":"UA551"},{"day":4,"utc":"16:37:00","flight":"UA352"},{"day":5,"utc":"21:45:00","flight":"UA922"},{"day":5,"utc":"03:25:00","flight":"UA456"},{"day":5,"utc":"14:41:00","flight":"UA599"},{"day":5,"utc":"15:54:00","flight":"UA426"},{"day":5,"utc":"01:58:00","flight":"UA031"},{"day":6,"utc":"09:53:00","flight":"UA779"},{"day":6,"utc":"05:50:00","flight":"UA542"},{"day":6,"utc":"11:37:00","flight":"UA349"},{"day":6,"utc":"19:16:00","flight":"UA435"}],"distance":2325.640854227504}