{"id":54845,"type":"route","airline":"U2","airlineid":"airline_2297","sourceairport":"HAM","destinationairport":"BSL","stops":0,"equipment":"320 319","schedule":[{"day":0,"utc":"03:57:00","flight":"U2955"},{"day":0,"utc":"10:46:00","flight":"U2702"},{"day":0,"utc":"20:54:00","flight":"U2627"},{"day":0,"utc":"18:21:00","flight":"U2512"},{"day":1,"utc":"14:05:00","flight":"U2115"},{"day":1,"utc":"08:23:00","flight":"U2431"},{"day":1,"utc":"07:07:00","flight":"U2951"},{"day":2,"utc":"20:52:00","flight":"U2927"},{"day":2,"utc":"08:22:00","flight":"U2123"},{"day":2,"utc":"00:37:00","flight":"U2302"},{"day":2,"utc":"20:04:00","flight":"U2465"},{"day":3,"utc":"06:32:00","flight":"U2904"},{"day":4,"utc":"13:03:00","flight":"U2177"},{"day":4,"utc":"03:35:00","flight":"U2672"},{"day":4,"utc":"22:40:00","flight":"U2678"},{"day":4,"utc":"03:53:00","flight":"U2224"},{"day":4,"utc":"05:23:00","flight":"U2270"},{"day":5,"utc":"18:28:00","flight":"U2573"},{"day":5,"utc":"15:16:00","flight":"U2472"},{"day":6,"utc":"12:04:00","flight":"U2532"},{"day":6,"utc":"09:45:00","flight":"U2489"},{"day":6,"utc":"22:05:00","flight":"U2806"}]}