{"id":38015,"type":"route","airline":"LH","airlineid":"airline_3320","sourceairport":"BHX","destinationairport":"DUS","stops":0,"equipment":"CR9","schedule":[{"day":0,"utc":"19:48:00","flight":"LH641"},{"day":0,"utc":"11:00:00","flight":"LH952"},{"day":0,"utc":"01:29:00","flight":"LH914"},{"day":1,"utc":"06:04:00","flight":"LH126"},{"day":1,"utc":"22:32:00","flight":"LH883"},{"day":1,"utc":"13:12:00","flight":"LH433"},{"day":1,"utc":"23:32:00","flight":"LH171"},{"day":1,"utc":"19:37:00","flight":"LH010"},{"day":2,"utc":"04:11:00","flight":"LH928"},{"day":3,"utc":"15:47:00","flight":"LH879"},{"day":3,"utc":"03:47:00","flight":"LH975"},{"day":3,"utc":"01:20:00","flight":"LH490"},{"day":3,"utc":"17:29:00","flight":"LH794"},{"day":3,"utc":"00:10:00","flight":"LH022"},{"day":4,"utc":"20:24:00","flight":"LH983"},{"day":4,"utc":"03:20:00","flight":"LH166"},{"day":4,"utc":"12:00:00","flight":"LH539"},{"day":4,"utc":"20:25:00","flight":"LH647"},{"day":4,"utc":"14:02:00","flight":"LH975"},{"day":5,"utc":"19:39:00","flight":"LH783"},{"day":6,"utc":"23:17:00","flight":"LH813"}],"distance":598.3638264237674}