{"id":20985,"type":"route","airline":"DL","airlineid":"airline_2009","sourceairport":"JFK","destinationairport":"SDF","stops":0,"equipment":"CRJ ERJ","schedule":[{"day":0,"utc":"16:15:00","flight":"DL229"},{"day":1,"utc":"10:39:00","flight":"DL755"},{"day":1,"utc":"04:47:00","flight":"DL146"},{"day":1,"utc":"16:36:00","flight":"DL976"},{"day":1,"utc":"13:57:00","flight":"DL662"},{"day":2,"utc":"10:07:00","flight":"DL142"},{"day":2,"utc":"00:36:00","flight":"DL221"},{"day":2,"utc":"20:12:00","flight":"DL679"},{"day":2,"utc":"05:23:00","flight":"DL161"},{"day":2,"utc":"13:06:00","flight":"DL043"},{"day":3,"utc":"01:04:00","flight":"DL328"},{"day":3,"utc":"16:41:00","flight":"DL574"},{"day":3,"utc":"15:11:00","flight":"DL197"},{"day":3,"utc":"13:31:00","flight":"DL670"},{"day":3,"utc":"02:49:00","flight":"DL969"},{"day":4,"utc":"22:16:00","flight":"DL949"},{"day":4,"utc":"02:30:00","flight":"DL462"},{"day":4,"utc":"09:59:00","flight":"DL425"},{"day":4,"utc":"00:31:00","flight":"DL114"},{"day":4,"utc":"19:45:00","flight":"DL161"},{"day":5,"utc":"22:30:00","flight":"DL239"},{"day":5,"utc":"21:36:00","flight":"DL358"},{"day":6,"utc":"10:57:00","flight":"DL752"},{"day":6,"utc":"17:32:00","flight":"DL876"},{"day":6,"utc":"23:50:00","flight":"DL949"}],"distance":1062.3366949343842}