{"id":27192,"type":"route","airline":"FR","airlineid":"airline_4296","sourceairport":"LPL","destinationairport":"VNO","stops":0,"equipment":"738","schedule":[{"day":0,"utc":"11:17:00","flight":"FR745"},{"day":0,"utc":"13:26:00","flight":"FR520"},{"day":0,"utc":"14:25:00","flight":"FR015"},{"day":0,"utc":"13:43:00","flight":"FR265"},{"day":1,"utc":"04:59:00","flight":"FR260"},{"day":2,"utc":"21:21:00","flight":"FR348"},{"day":3,"utc":"21:34:00","flight":"FR793"},{"day":3,"utc":"01:18:00","flight":"FR834"},{"day":3,"utc":"05:41:00","flight":"FR062"},{"day":3,"utc":"15:24:00","flight":"FR592"},{"day":3,"utc":"17:37:00","flight":"FR847"},{"day":4,"utc":"07:57:00","flight":"FR884"},{"day":4,"utc":"05:08:00","flight":"FR000"},{"day":5,"utc":"05:53:00","flight":"FR139"},{"day":5,"utc":"09:22:00","flight":"FR548"},{"day":5,"utc":"02:25:00","flight":"FR792"},{"day":6,"utc":"12:15:00","flight":"FR204"},{"day":6,"utc":"13:49:00","flight":"FR801"},{"day":6,"utc":"09:17:00","flight":"FR346"},{"day":6,"utc":"14:03:00","flight":"FR185"}],"distance":1832.8932575453111}