{"id":59285,"type":"route","airline":"US","airlineid":"airline_5265","sourceairport":"FWA","destinationairport":"DFW","stops":0,"equipment":"ER4","schedule":[{"day":0,"utc":"21:56:00","flight":"US174"},{"day":1,"utc":"00:13:00","flight":"US525"},{"day":1,"utc":"04:34:00","flight":"US791"},{"day":1,"utc":"13:02:00","flight":"US019"},{"day":1,"utc":"20:57:00","flight":"US148"},{"day":1,"utc":"09:52:00","flight":"US565"},{"day":2,"utc":"11:23:00","flight":"US084"},{"day":2,"utc":"11:44:00","flight":"US297"},{"day":2,"utc":"13:33:00","flight":"US998"},{"day":2,"utc":"15:40:00","flight":"US509"},{"day":3,"utc":"05:12:00","flight":"US963"},{"day":4,"utc":"17:33:00","flight":"US549"},{"day":4,"utc":"21:13:00","flight":"US649"},{"day":5,"utc":"18:03:00","flight":"US418"},{"day":5,"utc":"16:18:00","flight":"US605"},{"day":5,"utc":"18:59:00","flight":"US122"},{"day":5,"utc":"17:25:00","flight":"US968"},{"day":6,"utc":"06:49:00","flight":"US358"},{"day":6,"utc":"08:34:00","flight":"US429"},{"day":6,"utc":"05:06:00","flight":"US538"},{"day":6,"utc":"03:53:00","flight":"US480"},{"day":6,"utc":"05:59:00","flight":"US896"}]}