{"id":55120,"type":"route","airline":"U2","airlineid":"airline_2297","sourceairport":"LYS","destinationairport":"VCE","stops":0,"equipment":"319","schedule":[{"day":0,"utc":"20:55:00","flight":"U2551"},{"day":0,"utc":"02:17:00","flight":"U2855"},{"day":1,"utc":"05:14:00","flight":"U2217"},{"day":1,"utc":"22:00:00","flight":"U2340"},{"day":1,"utc":"12:36:00","flight":"U2047"},{"day":1,"utc":"23:34:00","flight":"U2596"},{"day":1,"utc":"17:42:00","flight":"U2709"},{"day":2,"utc":"07:48:00","flight":"U2996"},{"day":3,"utc":"23:17:00","flight":"U2495"},{"day":3,"utc":"02:00:00","flight":"U2085"},{"day":3,"utc":"16:01:00","flight":"U2553"},{"day":3,"utc":"10:54:00","flight":"U2778"},{"day":3,"utc":"17:45:00","flight":"U2181"},{"day":4,"utc":"05:45:00","flight":"U2539"},{"day":4,"utc":"12:19:00","flight":"U2595"},{"day":4,"utc":"00:36:00","flight":"U2329"},{"day":4,"utc":"12:36:00","flight":"U2505"},{"day":5,"utc":"06:06:00","flight":"U2949"},{"day":5,"utc":"15:07:00","flight":"U2189"},{"day":5,"utc":"10:56:00","flight":"U2723"},{"day":6,"utc":"02:15:00","flight":"U2695"},{"day":6,"utc":"10:18:00","flight":"U2697"},{"day":6,"utc":"21:01:00","flight":"U2962"},{"day":6,"utc":"15:17:00","flight":"U2250"},{"day":6,"utc":"04:51:00","flight":"U2748"}]}