{"id":25320,"type":"route","airline":"FL","airlineid":"airline_1316","sourceairport":"MKE","destinationairport":"FLL","stops":0,"equipment":"73W","schedule":[{"day":0,"utc":"15:11:00","flight":"FL664"},{"day":0,"utc":"05:08:00","flight":"FL950"},{"day":0,"utc":"21:22:00","flight":"FL273"},{"day":0,"utc":"15:07:00","flight":"FL000"},{"day":1,"utc":"02:32:00","flight":"FL725"},{"day":1,"utc":"16:03:00","flight":"FL794"},{"day":1,"utc":"16:28:00","flight":"FL760"},{"day":1,"utc":"16:51:00","flight":"FL230"},{"day":2,"utc":"09:05:00","flight":"FL699"},{"day":2,"utc":"16:18:00","flight":"FL134"},{"day":3,"utc":"11:18:00","flight":"FL238"},{"day":3,"utc":"15:59:00","flight":"FL679"},{"day":3,"utc":"05:47:00","flight":"FL640"},{"day":3,"utc":"07:54:00","flight":"FL208"},{"day":3,"utc":"21:15:00","flight":"FL708"},{"day":4,"utc":"07:42:00","flight":"FL615"},{"day":4,"utc":"05:34:00","flight":"FL992"},{"day":5,"utc":"02:52:00","flight":"FL987"},{"day":5,"utc":"10:28:00","flight":"FL849"},{"day":5,"utc":"17:40:00","flight":"FL902"},{"day":6,"utc":"06:47:00","flight":"FL841"},{"day":6,"utc":"20:27:00","flight":"FL608"},{"day":6,"utc":"12:52:00","flight":"FL141"},{"day":6,"utc":"09:10:00","flight":"FL275"}],"distance":2003.784101088423}