{"id":25510,"type":"route","airline":"FL","airlineid":"airline_1316","sourceairport":"SNA","destinationairport":"DEN","stops":0,"equipment":"73W","schedule":[{"day":0,"utc":"06:20:00","flight":"FL137"},{"day":1,"utc":"04:08:00","flight":"FL683"},{"day":1,"utc":"17:03:00","flight":"FL155"},{"day":2,"utc":"21:16:00","flight":"FL160"},{"day":2,"utc":"21:29:00","flight":"FL438"},{"day":2,"utc":"08:52:00","flight":"FL849"},{"day":3,"utc":"00:30:00","flight":"FL414"},{"day":4,"utc":"01:52:00","flight":"FL375"},{"day":4,"utc":"06:23:00","flight":"FL709"},{"day":4,"utc":"00:10:00","flight":"FL625"},{"day":5,"utc":"05:58:00","flight":"FL896"},{"day":5,"utc":"14:34:00","flight":"FL848"},{"day":5,"utc":"05:27:00","flight":"FL544"},{"day":6,"utc":"00:48:00","flight":"FL767"},{"day":6,"utc":"02:39:00","flight":"FL474"}]}