{"id":61720,"type":"route","airline":"VS","airlineid":"airline_5347","sourceairport":"CUN","destinationairport":"LGW","stops":0,"equipment":"744","schedule":[{"day":0,"utc":"02:49:00","flight":"VS811"},{"day":0,"utc":"19:42:00","flight":"VS652"},{"day":1,"utc":"03:23:00","flight":"VS512"},{"day":1,"utc":"14:49:00","flight":"VS760"},{"day":1,"utc":"09:08:00","flight":"VS723"},{"day":2,"utc":"06:03:00","flight":"VS260"},{"day":2,"utc":"18:00:00","flight":"VS763"},{"day":2,"utc":"19:39:00","flight":"VS659"},{"day":2,"utc":"19:18:00","flight":"VS594"},{"day":3,"utc":"23:09:00","flight":"VS093"},{"day":3,"utc":"18:28:00","flight":"VS880"},{"day":4,"utc":"21:55:00","flight":"VS719"},{"day":4,"utc":"02:19:00","flight":"VS173"},{"day":4,"utc":"10:25:00","flight":"VS109"},{"day":4,"utc":"17:58:00","flight":"VS431"},{"day":4,"utc":"12:46:00","flight":"VS180"},{"day":5,"utc":"03:38:00","flight":"VS858"},{"day":5,"utc":"09:47:00","flight":"VS593"},{"day":5,"utc":"22:44:00","flight":"VS423"},{"day":5,"utc":"11:28:00","flight":"VS926"},{"day":6,"utc":"16:04:00","flight":"VS122"},{"day":6,"utc":"04:40:00","flight":"VS149"},{"day":6,"utc":"00:07:00","flight":"VS735"},{"day":6,"utc":"03:04:00","flight":"VS595"}]}