{"id":30188,"type":"route","airline":"GS","airlineid":"airline_690","sourceairport":"CIF","destinationairport":"HET","stops":0,"equipment":"E90 ERJ","schedule":[{"day":0,"utc":"15:12:00","flight":"GS550"},{"day":0,"utc":"12:06:00","flight":"GS596"},{"day":0,"utc":"08:05:00","flight":"GS334"},{"day":0,"utc":"05:49:00","flight":"GS727"},{"day":1,"utc":"03:49:00","flight":"GS740"},{"day":2,"utc":"07:49:00","flight":"GS833"},{"day":2,"utc":"02:41:00","flight":"GS613"},{"day":2,"utc":"10:44:00","flight":"GS742"},{"day":2,"utc":"23:50:00","flight":"GS868"},{"day":2,"utc":"22:33:00","flight":"GS195"},{"day":3,"utc":"12:35:00","flight":"GS367"},{"day":3,"utc":"01:38:00","flight":"GS564"},{"day":3,"utc":"13:05:00","flight":"GS230"},{"day":4,"utc":"22:50:00","flight":"GS851"},{"day":4,"utc":"14:04:00","flight":"GS369"},{"day":4,"utc":"15:14:00","flight":"GS971"},{"day":5,"utc":"03:44:00","flight":"GS808"},{"day":5,"utc":"16:41:00","flight":"GS727"},{"day":5,"utc":"01:44:00","flight":"GS266"},{"day":5,"utc":"19:49:00","flight":"GS632"},{"day":5,"utc":"16:03:00","flight":"GS281"},{"day":6,"utc":"04:07:00","flight":"GS595"}],"distance":609.090199401097}