{"id":36415,"type":"route","airline":"KL","airlineid":"airline_3090","sourceairport":"ATL","destinationairport":"MLI","stops":0,"equipment":"CR7 CR9","schedule":[{"day":0,"utc":"02:20:00","flight":"KL696"},{"day":1,"utc":"19:15:00","flight":"KL319"},{"day":1,"utc":"06:59:00","flight":"KL896"},{"day":1,"utc":"23:00:00","flight":"KL688"},{"day":1,"utc":"02:07:00","flight":"KL221"},{"day":2,"utc":"11:53:00","flight":"KL481"},{"day":3,"utc":"11:13:00","flight":"KL593"},{"day":4,"utc":"15:02:00","flight":"KL878"},{"day":4,"utc":"18:13:00","flight":"KL915"},{"day":5,"utc":"05:12:00","flight":"KL959"},{"day":5,"utc":"16:32:00","flight":"KL996"},{"day":5,"utc":"12:37:00","flight":"KL187"},{"day":5,"utc":"09:40:00","flight":"KL263"},{"day":5,"utc":"22:02:00","flight":"KL253"},{"day":6,"utc":"09:56:00","flight":"KL121"},{"day":6,"utc":"17:08:00","flight":"KL627"}]}