{"id":55229,"type":"route","airline":"U2","airlineid":"airline_2297","sourceairport":"NAP","destinationairport":"STN","stops":0,"equipment":"319 320","schedule":[{"day":0,"utc":"08:40:00","flight":"U2612"},{"day":0,"utc":"18:32:00","flight":"U2557"},{"day":0,"utc":"05:49:00","flight":"U2187"},{"day":0,"utc":"18:37:00","flight":"U2042"},{"day":0,"utc":"18:44:00","flight":"U2545"},{"day":1,"utc":"19:05:00","flight":"U2719"},{"day":1,"utc":"00:46:00","flight":"U2116"},{"day":1,"utc":"04:49:00","flight":"U2408"},{"day":1,"utc":"13:20:00","flight":"U2393"},{"day":2,"utc":"13:04:00","flight":"U2758"},{"day":2,"utc":"21:41:00","flight":"U2571"},{"day":2,"utc":"00:29:00","flight":"U2659"},{"day":2,"utc":"04:25:00","flight":"U2356"},{"day":3,"utc":"16:20:00","flight":"U2394"},{"day":4,"utc":"08:07:00","flight":"U2155"},{"day":4,"utc":"22:47:00","flight":"U2647"},{"day":5,"utc":"18:49:00","flight":"U2927"},{"day":5,"utc":"09:03:00","flight":"U2144"},{"day":6,"utc":"20:30:00","flight":"U2934"},{"day":6,"utc":"21:03:00","flight":"U2338"}],"distance":1624.7081007517074}