{"id":28217,"type":"route","airline":"FR","airlineid":"airline_4296","sourceairport":"WMI","destinationairport":"BRS","stops":0,"equipment":"738","schedule":[{"day":0,"utc":"02:27:00","flight":"FR340"},{"day":0,"utc":"21:42:00","flight":"FR024"},{"day":0,"utc":"14:33:00","flight":"FR808"},{"day":0,"utc":"12:01:00","flight":"FR687"},{"day":0,"utc":"17:26:00","flight":"FR801"},{"day":1,"utc":"19:40:00","flight":"FR950"},{"day":1,"utc":"20:39:00","flight":"FR670"},{"day":1,"utc":"18:41:00","flight":"FR996"},{"day":1,"utc":"05:57:00","flight":"FR370"},{"day":1,"utc":"08:48:00","flight":"FR693"},{"day":2,"utc":"13:04:00","flight":"FR923"},{"day":2,"utc":"22:18:00","flight":"FR896"},{"day":3,"utc":"17:04:00","flight":"FR792"},{"day":3,"utc":"21:44:00","flight":"FR557"},{"day":3,"utc":"10:04:00","flight":"FR551"},{"day":3,"utc":"21:31:00","flight":"FR678"},{"day":4,"utc":"06:16:00","flight":"FR749"},{"day":4,"utc":"18:43:00","flight":"FR112"},{"day":5,"utc":"08:05:00","flight":"FR323"},{"day":5,"utc":"03:04:00","flight":"FR677"},{"day":5,"utc":"06:22:00","flight":"FR288"},{"day":5,"utc":"04:00:00","flight":"FR991"},{"day":6,"utc":"10:04:00","flight":"FR483"},{"day":6,"utc":"01:29:00","flight":"FR483"},{"day":6,"utc":"14:56:00","flight":"FR829"},{"day":6,"utc":"01:14:00","flight":"FR258"}]}