{"id":7968,"type":"route","airline":"AC","airlineid":"airline_330","sourceairport":"LHR","destinationairport":"YYZ","stops":0,"equipment":"77L 763 77W 333","schedule":[{"day":0,"utc":"15:26:00","flight":"AC661"},{"day":0,"utc":"11:04:00","flight":"AC709"},{"day":0,"utc":"15:11:00","flight":"AC275"},{"day":1,"utc":"09:15:00","flight":"AC689"},{"day":2,"utc":"08:25:00","flight":"AC417"},{"day":2,"utc":"10:07:00","flight":"AC931"},{"day":2,"utc":"06:52:00","flight":"AC472"},{"day":2,"utc":"09:48:00","flight":"AC969"},{"day":3,"utc":"23:59:00","flight":"AC699"},{"day":3,"utc":"14:03:00","flight":"AC015"},{"day":3,"utc":"07:09:00","flight":"AC536"},{"day":3,"utc":"03:46:00","flight":"AC652"},{"day":4,"utc":"02:36:00","flight":"AC715"},{"day":5,"utc":"00:43:00","flight":"AC007"},{"day":6,"utc":"20:39:00","flight":"AC674"},{"day":6,"utc":"08:48:00","flight":"AC968"},{"day":6,"utc":"00:52:00","flight":"AC881"},{"day":6,"utc":"17:26:00","flight":"AC452"}],"distance":5706.765658495038}