{"id":9481,"type":"route","airline":"AF","airlineid":"airline_137","sourceairport":"DTW","destinationairport":"MSY","stops":0,"equipment":"319","schedule":[{"day":0,"utc":"07:16:00","flight":"AF427"},{"day":1,"utc":"23:15:00","flight":"AF922"},{"day":1,"utc":"22:15:00","flight":"AF877"},{"day":2,"utc":"06:45:00","flight":"AF729"},{"day":3,"utc":"07:21:00","flight":"AF748"},{"day":3,"utc":"14:16:00","flight":"AF698"},{"day":3,"utc":"23:08:00","flight":"AF273"},{"day":3,"utc":"21:07:00","flight":"AF597"},{"day":4,"utc":"16:58:00","flight":"AF163"},{"day":5,"utc":"02:28:00","flight":"AF621"},{"day":5,"utc":"22:33:00","flight":"AF364"},{"day":6,"utc":"03:21:00","flight":"AF862"},{"day":6,"utc":"19:07:00","flight":"AF090"},{"day":6,"utc":"11:42:00","flight":"AF345"},{"day":6,"utc":"16:20:00","flight":"AF090"}],"distance":1492.2789586334573}