{"id":14768,"type":"route","airline":"BA","airlineid":"airline_1355","sourceairport":"LHR","destinationairport":"RTM","stops":0,"equipment":"319","schedule":[{"day":0,"utc":"10:43:00","flight":"BA810"},{"day":0,"utc":"21:41:00","flight":"BA328"},{"day":0,"utc":"15:29:00","flight":"BA960"},{"day":0,"utc":"05:08:00","flight":"BA083"},{"day":1,"utc":"19:08:00","flight":"BA450"},{"day":1,"utc":"02:04:00","flight":"BA785"},{"day":1,"utc":"00:31:00","flight":"BA237"},{"day":2,"utc":"11:27:00","flight":"BA667"},{"day":2,"utc":"10:10:00","flight":"BA214"},{"day":2,"utc":"09:46:00","flight":"BA064"},{"day":2,"utc":"04:25:00","flight":"BA299"},{"day":2,"utc":"19:04:00","flight":"BA815"},{"day":3,"utc":"02:14:00","flight":"BA729"},{"day":3,"utc":"15:53:00","flight":"BA137"},{"day":3,"utc":"10:46:00","flight":"BA568"},{"day":3,"utc":"09:25:00","flight":"BA272"},{"day":3,"utc":"18:05:00","flight":"BA871"},{"day":4,"utc":"19:37:00","flight":"BA734"},{"day":5,"utc":"23:43:00","flight":"BA879"},{"day":5,"utc":"18:38:00","flight":"BA690"},{"day":5,"utc":"20:42:00","flight":"BA421"},{"day":5,"utc":"07:59:00","flight":"BA690"},{"day":6,"utc":"17:39:00","flight":"BA085"},{"day":6,"utc":"09:34:00","flight":"BA224"},{"day":6,"utc":"04:00:00","flight":"BA474"}]}