{"id":20827,"type":"route","airline":"DL","airlineid":"airline_2009","sourceairport":"HMO","destinationairport":"LAX","stops":0,"equipment":"ER4","schedule":[{"day":0,"utc":"14:31:00","flight":"DL850"},{"day":0,"utc":"12:05:00","flight":"DL384"},{"day":0,"utc":"19:46:00","flight":"DL203"},{"day":1,"utc":"09:29:00","flight":"DL188"},{"day":2,"utc":"10:59:00","flight":"DL245"},{"day":2,"utc":"07:51:00","flight":"DL203"},{"day":2,"utc":"00:13:00","flight":"DL294"},{"day":3,"utc":"06:12:00","flight":"DL489"},{"day":3,"utc":"00:17:00","flight":"DL734"},{"day":3,"utc":"07:58:00","flight":"DL045"},{"day":3,"utc":"01:51:00","flight":"DL323"},{"day":3,"utc":"03:50:00","flight":"DL988"},{"day":4,"utc":"19:22:00","flight":"DL751"},{"day":4,"utc":"17:55:00","flight":"DL644"},{"day":4,"utc":"20:30:00","flight":"DL195"},{"day":4,"utc":"16:36:00","flight":"DL740"},{"day":5,"utc":"15:44:00","flight":"DL736"},{"day":6,"utc":"01:20:00","flight":"DL979"},{"day":6,"utc":"05:39:00","flight":"DL612"},{"day":6,"utc":"13:51:00","flight":"DL357"}]}