{"id":27519,"type":"route","airline":"FR","airlineid":"airline_4296","sourceairport":"OUD","destinationairport":"BVA","stops":0,"equipment":"738","schedule":[{"day":0,"utc":"13:53:00","flight":"FR776"},{"day":1,"utc":"21:44:00","flight":"FR591"},{"day":1,"utc":"00:13:00","flight":"FR347"},{"day":1,"utc":"16:59:00","flight":"FR423"},{"day":2,"utc":"14:38:00","flight":"FR994"},{"day":2,"utc":"17:02:00","flight":"FR515"},{"day":3,"utc":"10:55:00","flight":"FR081"},{"day":3,"utc":"13:34:00","flight":"FR492"},{"day":3,"utc":"16:37:00","flight":"FR465"},{"day":3,"utc":"18:03:00","flight":"FR119"},{"day":4,"utc":"18:50:00","flight":"FR330"},{"day":4,"utc":"12:12:00","flight":"FR517"},{"day":4,"utc":"23:37:00","flight":"FR888"},{"day":4,"utc":"17:58:00","flight":"FR335"},{"day":4,"utc":"16:51:00","flight":"FR664"},{"day":5,"utc":"15:50:00","flight":"FR147"},{"day":5,"utc":"23:35:00","flight":"FR189"},{"day":6,"utc":"13:59:00","flight":"FR353"},{"day":6,"utc":"01:43:00","flight":"FR502"},{"day":6,"utc":"18:58:00","flight":"FR760"}]}