{"id":43475,"type":"route","airline":"NK","airlineid":"airline_4687","sourceairport":"LBE","destinationairport":"MCO","stops":0,"equipment":"320","schedule":[{"day":0,"utc":"06:37:00","flight":"NK970"},{"day":1,"utc":"01:24:00","flight":"NK461"},{"day":1,"utc":"18:22:00","flight":"NK166"},{"day":1,"utc":"13:20:00","flight":"NK114"},{"day":1,"utc":"18:02:00","flight":"NK612"},{"day":2,"utc":"04:09:00","flight":"NK227"},{"day":2,"utc":"16:31:00","flight":"NK494"},{"day":2,"utc":"11:07:00","flight":"NK475"},{"day":2,"utc":"22:50:00","flight":"NK914"},{"day":2,"utc":"13:24:00","flight":"NK754"},{"day":3,"utc":"11:30:00","flight":"NK575"},{"day":3,"utc":"19:50:00","flight":"NK103"},{"day":3,"utc":"06:03:00","flight":"NK586"},{"day":3,"utc":"00:00:00","flight":"NK939"},{"day":4,"utc":"18:52:00","flight":"NK173"},{"day":5,"utc":"15:55:00","flight":"NK582"},{"day":5,"utc":"14:19:00","flight":"NK220"},{"day":6,"utc":"06:43:00","flight":"NK116"},{"day":6,"utc":"10:14:00","flight":"NK473"}],"distance":1328.7204022930193}