{"id":27006,"type":"route","airline":"FR","airlineid":"airline_4296","sourceairport":"IBZ","destinationairport":"PIK","stops":0,"equipment":"738","schedule":[{"day":0,"utc":"03:49:00","flight":"FR539"},{"day":1,"utc":"21:10:00","flight":"FR059"},{"day":1,"utc":"05:13:00","flight":"FR800"},{"day":1,"utc":"21:00:00","flight":"FR282"},{"day":1,"utc":"10:34:00","flight":"FR392"},{"day":2,"utc":"20:00:00","flight":"FR702"},{"day":2,"utc":"06:29:00","flight":"FR260"},{"day":3,"utc":"08:26:00","flight":"FR103"},{"day":3,"utc":"08:37:00","flight":"FR752"},{"day":3,"utc":"09:33:00","flight":"FR568"},{"day":4,"utc":"08:40:00","flight":"FR189"},{"day":4,"utc":"01:24:00","flight":"FR390"},{"day":4,"utc":"01:51:00","flight":"FR086"},{"day":4,"utc":"09:50:00","flight":"FR138"},{"day":4,"utc":"00:13:00","flight":"FR728"},{"day":5,"utc":"20:38:00","flight":"FR583"},{"day":5,"utc":"08:27:00","flight":"FR786"},{"day":5,"utc":"17:04:00","flight":"FR495"},{"day":5,"utc":"15:46:00","flight":"FR569"},{"day":6,"utc":"12:23:00","flight":"FR400"},{"day":6,"utc":"18:19:00","flight":"FR980"},{"day":6,"utc":"13:55:00","flight":"FR581"},{"day":6,"utc":"10:23:00","flight":"FR454"},{"day":6,"utc":"00:20:00","flight":"FR776"}],"distance":1902.2114786708205}