{"id":64522,"type":"route","airline":"WN","airlineid":"airline_4547","sourceairport":"TPA","destinationairport":"BWI","stops":0,"equipment":"73W 73H 738 73C","schedule":[{"day":0,"utc":"21:10:00","flight":"WN806"},{"day":1,"utc":"18:48:00","flight":"WN252"},{"day":1,"utc":"16:26:00","flight":"WN081"},{"day":1,"utc":"22:31:00","flight":"WN471"},{"day":1,"utc":"15:27:00","flight":"WN586"},{"day":1,"utc":"15:09:00","flight":"WN544"},{"day":2,"utc":"14:15:00","flight":"WN517"},{"day":2,"utc":"04:22:00","flight":"WN591"},{"day":2,"utc":"02:00:00","flight":"WN434"},{"day":2,"utc":"02:15:00","flight":"WN663"},{"day":2,"utc":"01:27:00","flight":"WN182"},{"day":3,"utc":"16:22:00","flight":"WN708"},{"day":3,"utc":"04:32:00","flight":"WN543"},{"day":3,"utc":"14:11:00","flight":"WN608"},{"day":3,"utc":"05:44:00","flight":"WN407"},{"day":3,"utc":"21:13:00","flight":"WN272"},{"day":4,"utc":"01:06:00","flight":"WN619"},{"day":4,"utc":"18:42:00","flight":"WN292"},{"day":4,"utc":"18:34:00","flight":"WN388"},{"day":5,"utc":"14:54:00","flight":"WN348"},{"day":5,"utc":"00:02:00","flight":"WN065"},{"day":5,"utc":"02:48:00","flight":"WN623"},{"day":5,"utc":"04:48:00","flight":"WN891"},{"day":6,"utc":"05:15:00","flight":"WN587"},{"day":6,"utc":"04:05:00","flight":"WN233"},{"day":6,"utc":"11:30:00","flight":"WN135"},{"day":6,"utc":"02:19:00","flight":"WN638"}],"distance":1357.9044114027165}