{"id":21877,"type":"route","airline":"DL","airlineid":"airline_2009","sourceairport":"SNA","destinationairport":"YVR","stops":0,"equipment":"73W","schedule":[{"day":0,"utc":"01:09:00","flight":"DL132"},{"day":1,"utc":"01:36:00","flight":"DL813"},{"day":2,"utc":"08:01:00","flight":"DL686"},{"day":2,"utc":"06:29:00","flight":"DL767"},{"day":2,"utc":"19:19:00","flight":"DL940"},{"day":2,"utc":"08:28:00","flight":"DL601"},{"day":3,"utc":"21:01:00","flight":"DL105"},{"day":4,"utc":"04:28:00","flight":"DL863"},{"day":4,"utc":"08:08:00","flight":"DL893"},{"day":5,"utc":"08:59:00","flight":"DL454"},{"day":5,"utc":"08:13:00","flight":"DL327"},{"day":5,"utc":"01:50:00","flight":"DL325"},{"day":6,"utc":"09:35:00","flight":"DL168"}],"distance":1780.4033677974096}