{"id":6038,"type":"route","airline":"AA","airlineid":"airline_24","sourceairport":"MIA","destinationairport":"EZE","stops":0,"equipment":"777","schedule":[{"day":0,"utc":"11:13:00","flight":"AA505"},{"day":0,"utc":"02:40:00","flight":"AA039"},{"day":0,"utc":"11:21:00","flight":"AA623"},{"day":0,"utc":"16:02:00","flight":"AA377"},{"day":0,"utc":"20:56:00","flight":"AA359"},{"day":1,"utc":"14:40:00","flight":"AA289"},{"day":1,"utc":"04:45:00","flight":"AA966"},{"day":1,"utc":"13:19:00","flight":"AA008"},{"day":1,"utc":"15:48:00","flight":"AA365"},{"day":1,"utc":"17:15:00","flight":"AA824"},{"day":2,"utc":"02:14:00","flight":"AA181"},{"day":2,"utc":"20:29:00","flight":"AA347"},{"day":3,"utc":"12:49:00","flight":"AA125"},{"day":3,"utc":"01:48:00","flight":"AA137"},{"day":3,"utc":"09:33:00","flight":"AA084"},{"day":3,"utc":"07:43:00","flight":"AA125"},{"day":3,"utc":"05:35:00","flight":"AA879"},{"day":4,"utc":"23:23:00","flight":"AA855"},{"day":4,"utc":"16:23:00","flight":"AA723"},{"day":4,"utc":"06:05:00","flight":"AA950"},{"day":4,"utc":"07:23:00","flight":"AA043"},{"day":5,"utc":"15:45:00","flight":"AA341"},{"day":5,"utc":"16:12:00","flight":"AA130"},{"day":5,"utc":"01:12:00","flight":"AA371"},{"day":5,"utc":"16:20:00","flight":"AA489"},{"day":5,"utc":"13:16:00","flight":"AA012"},{"day":6,"utc":"01:12:00","flight":"AA441"},{"day":6,"utc":"13:51:00","flight":"AA201"}]}