{"id":7870,"type":"route","airline":"AC","airlineid":"airline_330","sourceairport":"DEN","destinationairport":"MSY","stops":0,"equipment":"738 739","schedule":[{"day":0,"utc":"01:16:00","flight":"AC352"},{"day":0,"utc":"00:24:00","flight":"AC470"},{"day":0,"utc":"12:13:00","flight":"AC434"},{"day":0,"utc":"12:33:00","flight":"AC687"},{"day":1,"utc":"11:15:00","flight":"AC400"},{"day":1,"utc":"05:05:00","flight":"AC347"},{"day":1,"utc":"21:20:00","flight":"AC876"},{"day":2,"utc":"20:47:00","flight":"AC904"},{"day":2,"utc":"19:30:00","flight":"AC840"},{"day":2,"utc":"01:08:00","flight":"AC924"},{"day":2,"utc":"23:44:00","flight":"AC159"},{"day":2,"utc":"13:57:00","flight":"AC911"},{"day":3,"utc":"08:50:00","flight":"AC494"},{"day":3,"utc":"20:23:00","flight":"AC511"},{"day":3,"utc":"15:56:00","flight":"AC145"},{"day":4,"utc":"00:58:00","flight":"AC965"},{"day":4,"utc":"00:11:00","flight":"AC838"},{"day":4,"utc":"06:49:00","flight":"AC163"},{"day":4,"utc":"13:13:00","flight":"AC135"},{"day":5,"utc":"10:59:00","flight":"AC761"},{"day":5,"utc":"14:14:00","flight":"AC018"},{"day":5,"utc":"10:27:00","flight":"AC723"},{"day":5,"utc":"17:28:00","flight":"AC093"},{"day":5,"utc":"11:05:00","flight":"AC708"},{"day":6,"utc":"05:10:00","flight":"AC426"},{"day":6,"utc":"22:52:00","flight":"AC542"}]}