{"id":62350,"type":"route","airline":"VY","airlineid":"airline_2439","sourceairport":"ORY","destinationairport":"BIO","stops":0,"equipment":"320","schedule":[{"day":0,"utc":"04:26:00","flight":"VY305"},{"day":0,"utc":"02:53:00","flight":"VY740"},{"day":1,"utc":"20:35:00","flight":"VY430"},{"day":1,"utc":"20:41:00","flight":"VY956"},{"day":1,"utc":"12:29:00","flight":"VY829"},{"day":2,"utc":"10:17:00","flight":"VY085"},{"day":2,"utc":"04:47:00","flight":"VY273"},{"day":3,"utc":"23:40:00","flight":"VY979"},{"day":3,"utc":"20:50:00","flight":"VY078"},{"day":3,"utc":"12:05:00","flight":"VY271"},{"day":3,"utc":"06:06:00","flight":"VY619"},{"day":3,"utc":"08:52:00","flight":"VY535"},{"day":4,"utc":"22:53:00","flight":"VY724"},{"day":4,"utc":"14:34:00","flight":"VY751"},{"day":4,"utc":"06:01:00","flight":"VY984"},{"day":4,"utc":"12:12:00","flight":"VY945"},{"day":4,"utc":"12:21:00","flight":"VY662"},{"day":5,"utc":"20:24:00","flight":"VY492"},{"day":5,"utc":"22:57:00","flight":"VY246"},{"day":5,"utc":"19:33:00","flight":"VY769"},{"day":5,"utc":"23:06:00","flight":"VY352"},{"day":6,"utc":"05:55:00","flight":"VY693"},{"day":6,"utc":"15:59:00","flight":"VY314"},{"day":6,"utc":"22:37:00","flight":"VY013"},{"day":6,"utc":"02:04:00","flight":"VY930"},{"day":6,"utc":"22:12:00","flight":"VY795"}]}