{"id":22697,"type":"route","airline":"DY","airlineid":"airline_3737","sourceairport":"SVG","destinationairport":"MAN","stops":0,"equipment":"73H","schedule":[{"day":0,"utc":"08:16:00","flight":"DY967"},{"day":0,"utc":"20:06:00","flight":"DY708"},{"day":1,"utc":"08:44:00","flight":"DY380"},{"day":1,"utc":"06:59:00","flight":"DY440"},{"day":1,"utc":"09:18:00","flight":"DY350"},{"day":2,"utc":"13:54:00","flight":"DY052"},{"day":2,"utc":"07:27:00","flight":"DY131"},{"day":2,"utc":"08:27:00","flight":"DY565"},{"day":3,"utc":"02:36:00","flight":"DY154"},{"day":3,"utc":"15:02:00","flight":"DY942"},{"day":4,"utc":"14:10:00","flight":"DY360"},{"day":4,"utc":"16:50:00","flight":"DY928"},{"day":4,"utc":"22:30:00","flight":"DY376"},{"day":5,"utc":"13:07:00","flight":"DY911"},{"day":5,"utc":"21:46:00","flight":"DY859"},{"day":5,"utc":"04:18:00","flight":"DY044"},{"day":5,"utc":"09:34:00","flight":"DY990"},{"day":6,"utc":"04:09:00","flight":"DY810"},{"day":6,"utc":"23:52:00","flight":"DY718"}]}