{"id":20535,"type":"route","airline":"DL","airlineid":"airline_2009","sourceairport":"DCA","destinationairport":"LEX","stops":0,"equipment":"CRJ","schedule":[{"day":0,"utc":"10:10:00","flight":"DL686"},{"day":0,"utc":"10:05:00","flight":"DL729"},{"day":0,"utc":"21:56:00","flight":"DL944"},{"day":1,"utc":"07:52:00","flight":"DL537"},{"day":2,"utc":"22:52:00","flight":"DL800"},{"day":2,"utc":"06:08:00","flight":"DL263"},{"day":3,"utc":"22:37:00","flight":"DL728"},{"day":3,"utc":"02:35:00","flight":"DL321"},{"day":3,"utc":"03:45:00","flight":"DL835"},{"day":4,"utc":"20:28:00","flight":"DL144"},{"day":4,"utc":"10:16:00","flight":"DL313"},{"day":4,"utc":"14:11:00","flight":"DL408"},{"day":4,"utc":"13:00:00","flight":"DL148"},{"day":5,"utc":"07:06:00","flight":"DL469"},{"day":5,"utc":"14:20:00","flight":"DL004"},{"day":6,"utc":"14:10:00","flight":"DL630"},{"day":6,"utc":"19:44:00","flight":"DL275"},{"day":6,"utc":"01:17:00","flight":"DL633"},{"day":6,"utc":"00:21:00","flight":"DL163"},{"day":6,"utc":"13:08:00","flight":"DL635"}],"distance":665.1167082591938}