{"id":59036,"type":"route","airline":"US","airlineid":"airline_5265","sourceairport":"DFW","destinationairport":"CHS","stops":0,"equipment":"ER4 ERD","schedule":[{"day":0,"utc":"17:00:00","flight":"US500"},{"day":0,"utc":"07:50:00","flight":"US061"},{"day":0,"utc":"06:37:00","flight":"US974"},{"day":0,"utc":"17:41:00","flight":"US909"},{"day":1,"utc":"17:33:00","flight":"US454"},{"day":1,"utc":"04:03:00","flight":"US099"},{"day":1,"utc":"00:37:00","flight":"US978"},{"day":1,"utc":"14:50:00","flight":"US261"},{"day":1,"utc":"10:39:00","flight":"US347"},{"day":2,"utc":"03:11:00","flight":"US784"},{"day":2,"utc":"22:52:00","flight":"US910"},{"day":2,"utc":"05:26:00","flight":"US339"},{"day":2,"utc":"00:12:00","flight":"US054"},{"day":3,"utc":"22:08:00","flight":"US599"},{"day":3,"utc":"07:30:00","flight":"US887"},{"day":3,"utc":"13:20:00","flight":"US408"},{"day":3,"utc":"15:27:00","flight":"US227"},{"day":3,"utc":"22:04:00","flight":"US187"},{"day":4,"utc":"11:23:00","flight":"US372"},{"day":4,"utc":"09:05:00","flight":"US953"},{"day":5,"utc":"21:00:00","flight":"US454"},{"day":6,"utc":"03:39:00","flight":"US334"},{"day":6,"utc":"04:00:00","flight":"US027"}],"distance":1585.222361750139}