{"id":30333,"type":"route","airline":"GS","airlineid":"airline_690","sourceairport":"LHW","destinationairport":"TYN","stops":0,"equipment":"ERJ","schedule":[{"day":0,"utc":"10:34:00","flight":"GS825"},{"day":0,"utc":"21:26:00","flight":"GS694"},{"day":0,"utc":"11:55:00","flight":"GS839"},{"day":1,"utc":"01:29:00","flight":"GS093"},{"day":1,"utc":"21:29:00","flight":"GS016"},{"day":1,"utc":"08:06:00","flight":"GS016"},{"day":1,"utc":"17:06:00","flight":"GS689"},{"day":1,"utc":"21:51:00","flight":"GS572"},{"day":2,"utc":"14:25:00","flight":"GS472"},{"day":2,"utc":"02:08:00","flight":"GS006"},{"day":2,"utc":"23:37:00","flight":"GS097"},{"day":2,"utc":"20:24:00","flight":"GS466"},{"day":3,"utc":"12:51:00","flight":"GS327"},{"day":3,"utc":"20:13:00","flight":"GS634"},{"day":3,"utc":"21:13:00","flight":"GS004"},{"day":4,"utc":"20:59:00","flight":"GS568"},{"day":5,"utc":"16:59:00","flight":"GS424"},{"day":5,"utc":"11:03:00","flight":"GS714"},{"day":5,"utc":"03:49:00","flight":"GS432"},{"day":5,"utc":"01:42:00","flight":"GS588"},{"day":6,"utc":"12:12:00","flight":"GS989"},{"day":6,"utc":"05:07:00","flight":"GS099"},{"day":6,"utc":"13:03:00","flight":"GS131"},{"day":6,"utc":"02:41:00","flight":"GS540"},{"day":6,"utc":"12:23:00","flight":"GS527"}],"distance":820.8546651029499}