{"id":50657,"type":"route","airline":"ST","airlineid":"airline_2547","sourceairport":"AGB","destinationairport":"MRS","stops":0,"equipment":"FRJ","schedule":[{"day":0,"utc":"02:25:00","flight":"ST928"},{"day":1,"utc":"03:42:00","flight":"ST418"},{"day":1,"utc":"00:27:00","flight":"ST754"},{"day":2,"utc":"21:37:00","flight":"ST713"},{"day":2,"utc":"07:15:00","flight":"ST063"},{"day":2,"utc":"16:35:00","flight":"ST989"},{"day":2,"utc":"09:38:00","flight":"ST614"},{"day":3,"utc":"18:23:00","flight":"ST614"},{"day":3,"utc":"22:01:00","flight":"ST703"},{"day":3,"utc":"20:33:00","flight":"ST798"},{"day":4,"utc":"13:32:00","flight":"ST406"},{"day":4,"utc":"09:39:00","flight":"ST589"},{"day":4,"utc":"20:26:00","flight":"ST290"},{"day":4,"utc":"09:03:00","flight":"ST101"},{"day":4,"utc":"06:26:00","flight":"ST306"},{"day":5,"utc":"11:17:00","flight":"ST837"},{"day":6,"utc":"08:02:00","flight":"ST214"},{"day":6,"utc":"02:10:00","flight":"ST537"}],"distance":709.0814327975573}