{"id":56857,"type":"route","airline":"UA","airlineid":"airline_5209","sourceairport":"IAH","destinationairport":"VPS","stops":0,"equipment":"ERJ","schedule":[{"day":0,"utc":"09:03:00","flight":"UA050"},{"day":0,"utc":"04:35:00","flight":"UA341"},{"day":0,"utc":"00:14:00","flight":"UA514"},{"day":0,"utc":"10:32:00","flight":"UA099"},{"day":1,"utc":"02:13:00","flight":"UA037"},{"day":1,"utc":"03:42:00","flight":"UA901"},{"day":1,"utc":"16:49:00","flight":"UA166"},{"day":1,"utc":"21:01:00","flight":"UA219"},{"day":2,"utc":"08:27:00","flight":"UA537"},{"day":2,"utc":"00:07:00","flight":"UA255"},{"day":3,"utc":"13:06:00","flight":"UA282"},{"day":3,"utc":"18:50:00","flight":"UA501"},{"day":3,"utc":"17:10:00","flight":"UA859"},{"day":4,"utc":"04:42:00","flight":"UA027"},{"day":4,"utc":"16:13:00","flight":"UA133"},{"day":5,"utc":"09:19:00","flight":"UA897"},{"day":5,"utc":"19:55:00","flight":"UA259"},{"day":5,"utc":"00:55:00","flight":"UA520"},{"day":5,"utc":"21:36:00","flight":"UA714"},{"day":5,"utc":"05:23:00","flight":"UA611"},{"day":6,"utc":"23:22:00","flight":"UA460"},{"day":6,"utc":"13:40:00","flight":"UA921"},{"day":6,"utc":"01:57:00","flight":"UA536"}]}