{"id":28888,"type":"route","airline":"G4","airlineid":"airline_35","sourceairport":"AZA","destinationairport":"MOT","stops":0,"equipment":"M80","schedule":[{"day":0,"utc":"15:31:00","flight":"G4067"},{"day":0,"utc":"02:59:00","flight":"G4248"},{"day":0,"utc":"16:05:00","flight":"G4802"},{"day":1,"utc":"00:14:00","flight":"G4357"},{"day":1,"utc":"20:49:00","flight":"G4451"},{"day":1,"utc":"03:24:00","flight":"G4316"},{"day":1,"utc":"12:40:00","flight":"G4707"},{"day":1,"utc":"14:40:00","flight":"G4772"},{"day":2,"utc":"13:14:00","flight":"G4513"},{"day":2,"utc":"15:59:00","flight":"G4531"},{"day":3,"utc":"01:41:00","flight":"G4218"},{"day":4,"utc":"23:07:00","flight":"G4761"},{"day":4,"utc":"04:19:00","flight":"G4043"},{"day":4,"utc":"19:12:00","flight":"G4185"},{"day":5,"utc":"18:28:00","flight":"G4919"},{"day":5,"utc":"07:46:00","flight":"G4306"},{"day":6,"utc":"00:23:00","flight":"G4731"},{"day":6,"utc":"00:53:00","flight":"G4168"},{"day":6,"utc":"23:58:00","flight":"G4696"}],"distance":1874.0513231294242}