{"id":14769,"type":"route","airline":"BA","airlineid":"airline_1355","sourceairport":"LHR","destinationairport":"RUH","stops":0,"equipment":"744 777","schedule":[{"day":0,"utc":"19:36:00","flight":"BA336"},{"day":1,"utc":"00:10:00","flight":"BA600"},{"day":1,"utc":"08:10:00","flight":"BA575"},{"day":1,"utc":"03:22:00","flight":"BA709"},{"day":1,"utc":"06:09:00","flight":"BA120"},{"day":1,"utc":"02:58:00","flight":"BA329"},{"day":2,"utc":"18:32:00","flight":"BA450"},{"day":2,"utc":"12:06:00","flight":"BA946"},{"day":3,"utc":"12:24:00","flight":"BA292"},{"day":4,"utc":"10:27:00","flight":"BA220"},{"day":5,"utc":"10:40:00","flight":"BA708"},{"day":6,"utc":"16:02:00","flight":"BA871"},{"day":6,"utc":"13:46:00","flight":"BA617"},{"day":6,"utc":"22:17:00","flight":"BA915"},{"day":6,"utc":"17:34:00","flight":"BA192"},{"day":6,"utc":"11:59:00","flight":"BA131"}]}