{"id":55813,"type":"route","airline":"UA","airlineid":"airline_5209","sourceairport":"AUA","destinationairport":"EWR","stops":0,"equipment":"753 739","schedule":[{"day":0,"utc":"23:44:00","flight":"UA303"},{"day":0,"utc":"10:47:00","flight":"UA584"},{"day":0,"utc":"02:38:00","flight":"UA854"},{"day":0,"utc":"16:55:00","flight":"UA201"},{"day":1,"utc":"21:08:00","flight":"UA172"},{"day":2,"utc":"11:36:00","flight":"UA990"},{"day":2,"utc":"18:55:00","flight":"UA145"},{"day":2,"utc":"08:35:00","flight":"UA424"},{"day":2,"utc":"13:14:00","flight":"UA045"},{"day":3,"utc":"19:09:00","flight":"UA705"},{"day":3,"utc":"14:19:00","flight":"UA720"},{"day":3,"utc":"20:05:00","flight":"UA617"},{"day":4,"utc":"06:39:00","flight":"UA003"},{"day":4,"utc":"08:36:00","flight":"UA307"},{"day":4,"utc":"10:55:00","flight":"UA380"},{"day":5,"utc":"06:27:00","flight":"UA653"},{"day":6,"utc":"03:00:00","flight":"UA106"}]}