{"id":20985,"type":"route","airline":"DL","airlineid":"airline_2009","sourceairport":"JFK","destinationairport":"SDF","stops":0,"equipment":"CRJ ERJ","schedule":[{"day":0,"utc":"06:12:00","flight":"DL879"},{"day":0,"utc":"13:27:00","flight":"DL764"},{"day":0,"utc":"02:42:00","flight":"DL000"},{"day":0,"utc":"14:34:00","flight":"DL782"},{"day":1,"utc":"13:04:00","flight":"DL647"},{"day":1,"utc":"18:20:00","flight":"DL512"},{"day":1,"utc":"16:11:00","flight":"DL552"},{"day":1,"utc":"12:52:00","flight":"DL498"},{"day":1,"utc":"12:10:00","flight":"DL776"},{"day":2,"utc":"09:44:00","flight":"DL116"},{"day":2,"utc":"06:08:00","flight":"DL387"},{"day":2,"utc":"08:19:00","flight":"DL099"},{"day":3,"utc":"10:09:00","flight":"DL736"},{"day":3,"utc":"19:20:00","flight":"DL832"},{"day":4,"utc":"04:51:00","flight":"DL890"},{"day":4,"utc":"04:38:00","flight":"DL481"},{"day":5,"utc":"16:14:00","flight":"DL738"},{"day":6,"utc":"12:26:00","flight":"DL041"},{"day":6,"utc":"16:58:00","flight":"DL819"},{"day":6,"utc":"08:06:00","flight":"DL638"},{"day":6,"utc":"23:37:00","flight":"DL110"}]}