{"id":64537,"type":"route","airline":"WN","airlineid":"airline_4547","sourceairport":"TPA","destinationairport":"MEM","stops":0,"equipment":"73C 73W","schedule":[{"day":0,"utc":"09:13:00","flight":"WN455"},{"day":0,"utc":"07:44:00","flight":"WN017"},{"day":0,"utc":"06:10:00","flight":"WN990"},{"day":0,"utc":"03:42:00","flight":"WN170"},{"day":1,"utc":"06:37:00","flight":"WN262"},{"day":1,"utc":"23:33:00","flight":"WN811"},{"day":1,"utc":"21:28:00","flight":"WN716"},{"day":1,"utc":"10:17:00","flight":"WN631"},{"day":1,"utc":"14:45:00","flight":"WN512"},{"day":2,"utc":"09:46:00","flight":"WN187"},{"day":2,"utc":"19:18:00","flight":"WN113"},{"day":2,"utc":"04:48:00","flight":"WN861"},{"day":3,"utc":"11:53:00","flight":"WN905"},{"day":4,"utc":"10:22:00","flight":"WN363"},{"day":4,"utc":"20:41:00","flight":"WN205"},{"day":4,"utc":"16:59:00","flight":"WN323"},{"day":4,"utc":"11:39:00","flight":"WN448"},{"day":5,"utc":"15:52:00","flight":"WN594"},{"day":5,"utc":"23:50:00","flight":"WN718"},{"day":5,"utc":"01:54:00","flight":"WN465"},{"day":5,"utc":"14:28:00","flight":"WN552"},{"day":6,"utc":"21:02:00","flight":"WN104"},{"day":6,"utc":"20:44:00","flight":"WN903"}],"distance":1055.4066343526174}