{"id":13173,"type":"route","airline":"AZ","airlineid":"airline_596","sourceairport":"CDG","destinationairport":"MPL","stops":0,"equipment":"318 319 320 32A","schedule":[{"day":0,"utc":"20:38:00","flight":"AZ773"},{"day":0,"utc":"19:48:00","flight":"AZ254"},{"day":0,"utc":"15:07:00","flight":"AZ051"},{"day":0,"utc":"02:01:00","flight":"AZ679"},{"day":1,"utc":"09:52:00","flight":"AZ900"},{"day":1,"utc":"12:21:00","flight":"AZ660"},{"day":1,"utc":"16:43:00","flight":"AZ191"},{"day":1,"utc":"07:34:00","flight":"AZ353"},{"day":1,"utc":"13:59:00","flight":"AZ481"},{"day":2,"utc":"01:26:00","flight":"AZ281"},{"day":2,"utc":"13:29:00","flight":"AZ126"},{"day":3,"utc":"00:38:00","flight":"AZ940"},{"day":4,"utc":"13:34:00","flight":"AZ067"},{"day":4,"utc":"07:35:00","flight":"AZ005"},{"day":4,"utc":"01:17:00","flight":"AZ249"},{"day":4,"utc":"18:46:00","flight":"AZ191"},{"day":5,"utc":"23:12:00","flight":"AZ946"},{"day":5,"utc":"23:29:00","flight":"AZ509"},{"day":5,"utc":"08:49:00","flight":"AZ083"},{"day":6,"utc":"11:17:00","flight":"AZ769"},{"day":6,"utc":"02:26:00","flight":"AZ401"},{"day":6,"utc":"18:00:00","flight":"AZ740"},{"day":6,"utc":"15:00:00","flight":"AZ080"},{"day":6,"utc":"05:14:00","flight":"AZ530"}],"distance":614.1602498124356}