{"id":6393,"type":"route","airline":"AA","airlineid":"airline_24","sourceairport":"PER","destinationairport":"BNE","stops":0,"equipment":"330 737","schedule":[{"day":0,"utc":"12:35:00","flight":"AA114"},{"day":1,"utc":"22:47:00","flight":"AA025"},{"day":1,"utc":"03:25:00","flight":"AA549"},{"day":1,"utc":"02:59:00","flight":"AA892"},{"day":1,"utc":"01:22:00","flight":"AA106"},{"day":2,"utc":"06:16:00","flight":"AA225"},{"day":2,"utc":"16:16:00","flight":"AA329"},{"day":2,"utc":"04:15:00","flight":"AA396"},{"day":3,"utc":"02:12:00","flight":"AA892"},{"day":4,"utc":"12:57:00","flight":"AA076"},{"day":4,"utc":"12:13:00","flight":"AA087"},{"day":5,"utc":"07:11:00","flight":"AA257"},{"day":5,"utc":"01:54:00","flight":"AA048"},{"day":6,"utc":"00:16:00","flight":"AA790"},{"day":6,"utc":"11:15:00","flight":"AA770"},{"day":6,"utc":"09:18:00","flight":"AA407"},{"day":6,"utc":"00:17:00","flight":"AA347"}]}