{"id":14062,"type":"route","airline":"B6","airlineid":"airline_3029","sourceairport":"JFK","destinationairport":"CUN","stops":0,"equipment":"320","schedule":[{"day":0,"utc":"06:43:00","flight":"B6260"},{"day":1,"utc":"20:43:00","flight":"B6923"},{"day":1,"utc":"08:47:00","flight":"B6851"},{"day":1,"utc":"19:41:00","flight":"B6860"},{"day":2,"utc":"00:41:00","flight":"B6945"},{"day":2,"utc":"03:22:00","flight":"B6280"},{"day":2,"utc":"00:58:00","flight":"B6560"},{"day":3,"utc":"17:37:00","flight":"B6436"},{"day":3,"utc":"08:31:00","flight":"B6565"},{"day":3,"utc":"19:55:00","flight":"B6591"},{"day":4,"utc":"02:07:00","flight":"B6577"},{"day":4,"utc":"22:02:00","flight":"B6257"},{"day":4,"utc":"06:21:00","flight":"B6275"},{"day":5,"utc":"18:35:00","flight":"B6723"},{"day":6,"utc":"11:22:00","flight":"B6857"},{"day":6,"utc":"02:29:00","flight":"B6454"},{"day":6,"utc":"11:17:00","flight":"B6261"}]}