{"id":62323,"type":"route","airline":"VY","airlineid":"airline_2439","sourceairport":"MAD","destinationairport":"CDG","stops":0,"equipment":"320","schedule":[{"day":0,"utc":"07:44:00","flight":"VY012"},{"day":0,"utc":"02:45:00","flight":"VY571"},{"day":0,"utc":"11:05:00","flight":"VY979"},{"day":0,"utc":"00:23:00","flight":"VY709"},{"day":0,"utc":"03:34:00","flight":"VY760"},{"day":1,"utc":"21:28:00","flight":"VY707"},{"day":1,"utc":"09:49:00","flight":"VY363"},{"day":1,"utc":"18:26:00","flight":"VY604"},{"day":2,"utc":"03:17:00","flight":"VY405"},{"day":2,"utc":"16:52:00","flight":"VY744"},{"day":2,"utc":"16:50:00","flight":"VY962"},{"day":3,"utc":"02:00:00","flight":"VY535"},{"day":3,"utc":"12:50:00","flight":"VY166"},{"day":3,"utc":"05:19:00","flight":"VY038"},{"day":4,"utc":"11:07:00","flight":"VY131"},{"day":4,"utc":"21:50:00","flight":"VY298"},{"day":4,"utc":"22:36:00","flight":"VY484"},{"day":5,"utc":"04:51:00","flight":"VY867"},{"day":5,"utc":"08:15:00","flight":"VY080"},{"day":5,"utc":"06:11:00","flight":"VY317"},{"day":5,"utc":"17:19:00","flight":"VY185"},{"day":6,"utc":"07:01:00","flight":"VY394"},{"day":6,"utc":"16:58:00","flight":"VY057"}]}