{"id":27727,"type":"route","airline":"FR","airlineid":"airline_4296","sourceairport":"REU","destinationairport":"LPL","stops":0,"equipment":"738","schedule":[{"day":0,"utc":"10:35:00","flight":"FR600"},{"day":0,"utc":"12:29:00","flight":"FR174"},{"day":0,"utc":"06:19:00","flight":"FR182"},{"day":0,"utc":"22:48:00","flight":"FR335"},{"day":0,"utc":"07:29:00","flight":"FR794"},{"day":1,"utc":"22:05:00","flight":"FR106"},{"day":2,"utc":"01:23:00","flight":"FR777"},{"day":2,"utc":"21:20:00","flight":"FR382"},{"day":3,"utc":"08:37:00","flight":"FR039"},{"day":4,"utc":"22:47:00","flight":"FR290"},{"day":4,"utc":"12:42:00","flight":"FR853"},{"day":5,"utc":"21:23:00","flight":"FR397"},{"day":6,"utc":"05:08:00","flight":"FR916"},{"day":6,"utc":"21:56:00","flight":"FR442"},{"day":6,"utc":"15:57:00","flight":"FR125"},{"day":6,"utc":"19:13:00","flight":"FR016"},{"day":6,"utc":"20:42:00","flight":"FR770"}],"distance":1387.991091429796}