{"id":54845,"type":"route","airline":"U2","airlineid":"airline_2297","sourceairport":"HAM","destinationairport":"BSL","stops":0,"equipment":"320 319","schedule":[{"day":0,"utc":"03:44:00","flight":"U2041"},{"day":0,"utc":"07:28:00","flight":"U2965"},{"day":0,"utc":"14:55:00","flight":"U2721"},{"day":0,"utc":"05:43:00","flight":"U2982"},{"day":1,"utc":"17:57:00","flight":"U2290"},{"day":1,"utc":"16:06:00","flight":"U2979"},{"day":1,"utc":"23:18:00","flight":"U2218"},{"day":1,"utc":"04:45:00","flight":"U2506"},{"day":2,"utc":"11:59:00","flight":"U2036"},{"day":2,"utc":"12:17:00","flight":"U2738"},{"day":2,"utc":"05:59:00","flight":"U2452"},{"day":2,"utc":"19:49:00","flight":"U2439"},{"day":2,"utc":"10:59:00","flight":"U2821"},{"day":3,"utc":"21:15:00","flight":"U2531"},{"day":3,"utc":"18:48:00","flight":"U2506"},{"day":3,"utc":"19:52:00","flight":"U2941"},{"day":3,"utc":"00:05:00","flight":"U2794"},{"day":3,"utc":"18:30:00","flight":"U2051"},{"day":4,"utc":"01:38:00","flight":"U2704"},{"day":5,"utc":"06:57:00","flight":"U2250"},{"day":5,"utc":"10:04:00","flight":"U2817"},{"day":5,"utc":"20:48:00","flight":"U2107"},{"day":6,"utc":"00:19:00","flight":"U2529"},{"day":6,"utc":"05:57:00","flight":"U2479"},{"day":6,"utc":"18:57:00","flight":"U2214"},{"day":6,"utc":"09:07:00","flight":"U2825"},{"day":6,"utc":"17:53:00","flight":"U2560"}]}