{"id":24388,"type":"route","airline":"F9","airlineid":"airline_2468","sourceairport":"DEN","destinationairport":"MDT","stops":0,"equipment":"319","schedule":[{"day":0,"utc":"17:19:00","flight":"F9779"},{"day":0,"utc":"14:13:00","flight":"F9724"},{"day":0,"utc":"16:46:00","flight":"F9791"},{"day":0,"utc":"14:43:00","flight":"F9515"},{"day":1,"utc":"02:39:00","flight":"F9892"},{"day":1,"utc":"14:04:00","flight":"F9984"},{"day":1,"utc":"13:51:00","flight":"F9339"},{"day":1,"utc":"17:04:00","flight":"F9642"},{"day":1,"utc":"09:02:00","flight":"F9651"},{"day":2,"utc":"23:17:00","flight":"F9079"},{"day":2,"utc":"10:56:00","flight":"F9334"},{"day":2,"utc":"14:40:00","flight":"F9763"},{"day":3,"utc":"18:09:00","flight":"F9316"},{"day":3,"utc":"02:06:00","flight":"F9196"},{"day":3,"utc":"00:28:00","flight":"F9410"},{"day":4,"utc":"07:00:00","flight":"F9268"},{"day":4,"utc":"16:41:00","flight":"F9551"},{"day":4,"utc":"13:39:00","flight":"F9991"},{"day":4,"utc":"08:34:00","flight":"F9284"},{"day":5,"utc":"21:31:00","flight":"F9207"},{"day":6,"utc":"01:44:00","flight":"F9395"}],"distance":2366.835619633235}