{"id":2769,"type":"route","airline":"7H","airlineid":"airline_16726","sourceairport":"WTK","destinationairport":"KVL","stops":0,"equipment":"CNC","schedule":[{"day":0,"utc":"07:18:00","flight":"7H313"},{"day":0,"utc":"13:57:00","flight":"7H732"},{"day":0,"utc":"18:28:00","flight":"7H230"},{"day":0,"utc":"04:55:00","flight":"7H325"},{"day":0,"utc":"21:47:00","flight":"7H758"},{"day":1,"utc":"01:11:00","flight":"7H164"},{"day":1,"utc":"21:22:00","flight":"7H283"},{"day":1,"utc":"01:28:00","flight":"7H592"},{"day":1,"utc":"16:31:00","flight":"7H932"},{"day":2,"utc":"19:30:00","flight":"7H073"},{"day":2,"utc":"02:48:00","flight":"7H388"},{"day":2,"utc":"19:52:00","flight":"7H722"},{"day":2,"utc":"05:27:00","flight":"7H667"},{"day":2,"utc":"12:50:00","flight":"7H245"},{"day":3,"utc":"14:06:00","flight":"7H832"},{"day":3,"utc":"03:02:00","flight":"7H267"},{"day":3,"utc":"08:08:00","flight":"7H697"},{"day":3,"utc":"08:35:00","flight":"7H870"},{"day":3,"utc":"01:41:00","flight":"7H353"},{"day":4,"utc":"18:15:00","flight":"7H998"},{"day":5,"utc":"20:04:00","flight":"7H687"},{"day":5,"utc":"11:19:00","flight":"7H266"},{"day":5,"utc":"03:06:00","flight":"7H457"},{"day":5,"utc":"07:38:00","flight":"7H606"},{"day":6,"utc":"16:02:00","flight":"7H334"},{"day":6,"utc":"18:14:00","flight":"7H077"}],"distance":69.75372775717916}