{"id":9658,"type":"route","airline":"AF","airlineid":"airline_137","sourceairport":"LIM","destinationairport":"CDG","stops":0,"equipment":"77W","schedule":[{"day":0,"utc":"07:43:00","flight":"AF685"},{"day":0,"utc":"17:55:00","flight":"AF969"},{"day":0,"utc":"10:36:00","flight":"AF943"},{"day":1,"utc":"16:10:00","flight":"AF722"},{"day":1,"utc":"04:20:00","flight":"AF395"},{"day":2,"utc":"09:29:00","flight":"AF733"},{"day":3,"utc":"22:20:00","flight":"AF699"},{"day":3,"utc":"21:58:00","flight":"AF391"},{"day":3,"utc":"04:41:00","flight":"AF870"},{"day":3,"utc":"11:02:00","flight":"AF026"},{"day":3,"utc":"12:51:00","flight":"AF715"},{"day":4,"utc":"00:37:00","flight":"AF375"},{"day":5,"utc":"21:49:00","flight":"AF131"},{"day":5,"utc":"07:22:00","flight":"AF931"},{"day":5,"utc":"13:49:00","flight":"AF218"},{"day":6,"utc":"14:15:00","flight":"AF351"},{"day":6,"utc":"23:05:00","flight":"AF734"},{"day":6,"utc":"02:39:00","flight":"AF637"},{"day":6,"utc":"21:11:00","flight":"AF280"},{"day":6,"utc":"16:49:00","flight":"AF579"}]}