{"id":63513,"type":"route","airline":"WN","airlineid":"airline_4547","sourceairport":"BDL","destinationairport":"MDW","stops":0,"equipment":"73W","schedule":[{"day":0,"utc":"22:45:00","flight":"WN296"},{"day":0,"utc":"11:58:00","flight":"WN130"},{"day":1,"utc":"16:28:00","flight":"WN667"},{"day":1,"utc":"14:45:00","flight":"WN599"},{"day":1,"utc":"05:08:00","flight":"WN209"},{"day":1,"utc":"20:04:00","flight":"WN588"},{"day":1,"utc":"15:26:00","flight":"WN919"},{"day":2,"utc":"08:16:00","flight":"WN954"},{"day":2,"utc":"21:45:00","flight":"WN787"},{"day":2,"utc":"14:44:00","flight":"WN156"},{"day":2,"utc":"20:44:00","flight":"WN938"},{"day":2,"utc":"14:10:00","flight":"WN733"},{"day":3,"utc":"22:38:00","flight":"WN923"},{"day":3,"utc":"04:56:00","flight":"WN242"},{"day":3,"utc":"07:02:00","flight":"WN067"},{"day":3,"utc":"16:09:00","flight":"WN216"},{"day":3,"utc":"20:21:00","flight":"WN092"},{"day":4,"utc":"01:19:00","flight":"WN467"},{"day":4,"utc":"07:35:00","flight":"WN578"},{"day":4,"utc":"10:08:00","flight":"WN005"},{"day":4,"utc":"20:34:00","flight":"WN135"},{"day":5,"utc":"19:49:00","flight":"WN336"},{"day":5,"utc":"02:27:00","flight":"WN645"},{"day":5,"utc":"01:31:00","flight":"WN110"},{"day":5,"utc":"15:30:00","flight":"WN380"},{"day":6,"utc":"09:27:00","flight":"WN066"}],"distance":1246.4227231957668}