{"id":485,"type":"route","airline":"3M","airlineid":"airline_N","sourceairport":"MEI","destinationairport":"ATL","stops":0,"equipment":"SF3","schedule":[{"day":0,"utc":"00:24:00","flight":"3M623"},{"day":0,"utc":"18:45:00","flight":"3M256"},{"day":0,"utc":"20:12:00","flight":"3M999"},{"day":1,"utc":"19:36:00","flight":"3M998"},{"day":1,"utc":"18:03:00","flight":"3M322"},{"day":1,"utc":"16:41:00","flight":"3M004"},{"day":1,"utc":"21:19:00","flight":"3M383"},{"day":2,"utc":"01:50:00","flight":"3M940"},{"day":2,"utc":"03:19:00","flight":"3M685"},{"day":2,"utc":"23:54:00","flight":"3M841"},{"day":2,"utc":"17:23:00","flight":"3M645"},{"day":3,"utc":"03:06:00","flight":"3M362"},{"day":3,"utc":"13:46:00","flight":"3M971"},{"day":3,"utc":"21:54:00","flight":"3M167"},{"day":3,"utc":"04:42:00","flight":"3M719"},{"day":4,"utc":"16:06:00","flight":"3M153"},{"day":5,"utc":"19:49:00","flight":"3M339"},{"day":6,"utc":"12:16:00","flight":"3M742"},{"day":6,"utc":"05:51:00","flight":"3M922"},{"day":6,"utc":"01:09:00","flight":"3M921"},{"day":6,"utc":"20:41:00","flight":"3M625"},{"day":6,"utc":"12:23:00","flight":"3M907"}]}