{"id":53608,"type":"route","airline":"TOM","airlineid":"airline_5013","sourceairport":"TFS","destinationairport":"MAN","stops":0,"equipment":"75W 73H","schedule":[{"day":0,"utc":"22:49:00","flight":"TOM581"},{"day":1,"utc":"16:19:00","flight":"TOM950"},{"day":2,"utc":"03:25:00","flight":"TOM160"},{"day":2,"utc":"04:37:00","flight":"TOM505"},{"day":2,"utc":"14:09:00","flight":"TOM074"},{"day":2,"utc":"05:54:00","flight":"TOM884"},{"day":3,"utc":"02:01:00","flight":"TOM598"},{"day":3,"utc":"18:01:00","flight":"TOM191"},{"day":3,"utc":"23:24:00","flight":"TOM654"},{"day":4,"utc":"05:27:00","flight":"TOM887"},{"day":5,"utc":"04:03:00","flight":"TOM380"},{"day":5,"utc":"00:58:00","flight":"TOM217"},{"day":5,"utc":"06:19:00","flight":"TOM490"},{"day":5,"utc":"03:50:00","flight":"TOM210"},{"day":5,"utc":"19:52:00","flight":"TOM032"},{"day":6,"utc":"03:34:00","flight":"TOM321"},{"day":6,"utc":"04:09:00","flight":"TOM059"},{"day":6,"utc":"18:35:00","flight":"TOM331"},{"day":6,"utc":"01:24:00","flight":"TOM771"},{"day":6,"utc":"19:43:00","flight":"TOM976"}]}