{"id":43460,"type":"route","airline":"NK","airlineid":"airline_4687","sourceairport":"LAS","destinationairport":"LAX","stops":0,"equipment":"319","schedule":[{"day":0,"utc":"05:18:00","flight":"NK312"},{"day":0,"utc":"16:46:00","flight":"NK452"},{"day":0,"utc":"05:41:00","flight":"NK098"},{"day":0,"utc":"12:04:00","flight":"NK097"},{"day":1,"utc":"16:18:00","flight":"NK590"},{"day":1,"utc":"02:09:00","flight":"NK588"},{"day":2,"utc":"04:32:00","flight":"NK122"},{"day":2,"utc":"21:10:00","flight":"NK460"},{"day":2,"utc":"22:32:00","flight":"NK690"},{"day":3,"utc":"10:39:00","flight":"NK442"},{"day":3,"utc":"11:49:00","flight":"NK849"},{"day":3,"utc":"13:19:00","flight":"NK956"},{"day":3,"utc":"15:25:00","flight":"NK229"},{"day":4,"utc":"01:33:00","flight":"NK689"},{"day":4,"utc":"13:28:00","flight":"NK023"},{"day":4,"utc":"06:19:00","flight":"NK737"},{"day":5,"utc":"16:11:00","flight":"NK838"},{"day":6,"utc":"01:49:00","flight":"NK768"},{"day":6,"utc":"11:26:00","flight":"NK105"}],"distance":379.97653302227496}