{"id":14506,"type":"route","airline":"BA","airlineid":"airline_1355","sourceairport":"EDI","destinationairport":"LCY","stops":0,"equipment":"E90 E70","schedule":[{"day":0,"utc":"12:21:00","flight":"BA897"},{"day":0,"utc":"12:45:00","flight":"BA929"},{"day":0,"utc":"01:15:00","flight":"BA184"},{"day":0,"utc":"00:05:00","flight":"BA595"},{"day":0,"utc":"12:02:00","flight":"BA379"},{"day":1,"utc":"13:13:00","flight":"BA636"},{"day":2,"utc":"18:31:00","flight":"BA405"},{"day":2,"utc":"02:48:00","flight":"BA339"},{"day":2,"utc":"13:54:00","flight":"BA210"},{"day":2,"utc":"21:11:00","flight":"BA110"},{"day":2,"utc":"10:47:00","flight":"BA004"},{"day":3,"utc":"05:37:00","flight":"BA654"},{"day":4,"utc":"08:43:00","flight":"BA292"},{"day":4,"utc":"05:35:00","flight":"BA206"},{"day":5,"utc":"02:28:00","flight":"BA351"},{"day":5,"utc":"07:21:00","flight":"BA556"},{"day":6,"utc":"08:06:00","flight":"BA358"},{"day":6,"utc":"06:20:00","flight":"BA236"},{"day":6,"utc":"13:01:00","flight":"BA993"}],"distance":543.0800368962011}