{"id":21743,"type":"route","airline":"DL","airlineid":"airline_2009","sourceairport":"SEA","destinationairport":"SAN","stops":0,"equipment":"73H 73J 734 739 73G","schedule":[{"day":0,"utc":"01:59:00","flight":"DL656"},{"day":0,"utc":"10:33:00","flight":"DL139"},{"day":1,"utc":"14:14:00","flight":"DL627"},{"day":1,"utc":"20:40:00","flight":"DL061"},{"day":1,"utc":"16:31:00","flight":"DL317"},{"day":2,"utc":"20:06:00","flight":"DL725"},{"day":2,"utc":"03:26:00","flight":"DL046"},{"day":3,"utc":"13:12:00","flight":"DL534"},{"day":3,"utc":"18:57:00","flight":"DL120"},{"day":3,"utc":"19:14:00","flight":"DL015"},{"day":3,"utc":"18:06:00","flight":"DL679"},{"day":3,"utc":"14:15:00","flight":"DL937"},{"day":4,"utc":"00:43:00","flight":"DL797"},{"day":4,"utc":"22:43:00","flight":"DL579"},{"day":4,"utc":"20:56:00","flight":"DL716"},{"day":4,"utc":"03:47:00","flight":"DL619"},{"day":5,"utc":"00:02:00","flight":"DL930"},{"day":5,"utc":"08:34:00","flight":"DL841"},{"day":5,"utc":"04:54:00","flight":"DL968"},{"day":5,"utc":"12:10:00","flight":"DL252"},{"day":5,"utc":"17:40:00","flight":"DL987"},{"day":6,"utc":"20:58:00","flight":"DL539"}],"distance":1692.265935860798}