{"id":22984,"type":"route","airline":"EI","airlineid":"airline_837","sourceairport":"LGW","destinationairport":"BHD","stops":0,"equipment":"320 319","schedule":[{"day":0,"utc":"06:57:00","flight":"EI419"},{"day":1,"utc":"06:20:00","flight":"EI809"},{"day":1,"utc":"00:32:00","flight":"EI545"},{"day":1,"utc":"12:49:00","flight":"EI449"},{"day":1,"utc":"05:58:00","flight":"EI443"},{"day":1,"utc":"10:36:00","flight":"EI731"},{"day":2,"utc":"16:39:00","flight":"EI572"},{"day":2,"utc":"07:28:00","flight":"EI985"},{"day":2,"utc":"12:03:00","flight":"EI406"},{"day":2,"utc":"16:34:00","flight":"EI554"},{"day":2,"utc":"10:17:00","flight":"EI912"},{"day":3,"utc":"13:13:00","flight":"EI203"},{"day":3,"utc":"02:16:00","flight":"EI656"},{"day":3,"utc":"09:38:00","flight":"EI629"},{"day":4,"utc":"00:24:00","flight":"EI928"},{"day":4,"utc":"03:00:00","flight":"EI359"},{"day":4,"utc":"20:03:00","flight":"EI321"},{"day":4,"utc":"04:11:00","flight":"EI495"},{"day":5,"utc":"13:15:00","flight":"EI356"},{"day":5,"utc":"08:42:00","flight":"EI235"},{"day":5,"utc":"21:46:00","flight":"EI061"},{"day":6,"utc":"21:29:00","flight":"EI488"},{"day":6,"utc":"11:56:00","flight":"EI459"},{"day":6,"utc":"13:56:00","flight":"EI533"}]}