{"id":63735,"type":"route","airline":"WN","airlineid":"airline_4547","sourceairport":"DEN","destinationairport":"PDX","stops":0,"equipment":"73W","schedule":[{"day":0,"utc":"00:15:00","flight":"WN385"},{"day":0,"utc":"20:59:00","flight":"WN661"},{"day":0,"utc":"18:39:00","flight":"WN837"},{"day":1,"utc":"15:08:00","flight":"WN304"},{"day":2,"utc":"13:03:00","flight":"WN451"},{"day":2,"utc":"02:49:00","flight":"WN001"},{"day":3,"utc":"20:14:00","flight":"WN959"},{"day":3,"utc":"22:38:00","flight":"WN752"},{"day":3,"utc":"13:37:00","flight":"WN568"},{"day":4,"utc":"20:34:00","flight":"WN897"},{"day":5,"utc":"03:35:00","flight":"WN469"},{"day":5,"utc":"03:13:00","flight":"WN874"},{"day":5,"utc":"01:13:00","flight":"WN792"},{"day":6,"utc":"16:03:00","flight":"WN315"}],"distance":1592.127425300957}