{"id":35565,"type":"route","airline":"K5","airlineid":"airline_10765","sourceairport":"SAN","destinationairport":"IPL","stops":0,"equipment":"CNC","schedule":[{"day":0,"utc":"01:15:00","flight":"K5699"},{"day":0,"utc":"17:32:00","flight":"K5163"},{"day":0,"utc":"04:24:00","flight":"K5526"},{"day":0,"utc":"02:10:00","flight":"K5528"},{"day":1,"utc":"00:21:00","flight":"K5962"},{"day":2,"utc":"11:00:00","flight":"K5972"},{"day":2,"utc":"18:00:00","flight":"K5188"},{"day":2,"utc":"01:37:00","flight":"K5751"},{"day":2,"utc":"07:38:00","flight":"K5226"},{"day":3,"utc":"19:24:00","flight":"K5229"},{"day":3,"utc":"02:47:00","flight":"K5276"},{"day":3,"utc":"07:58:00","flight":"K5492"},{"day":3,"utc":"12:49:00","flight":"K5603"},{"day":4,"utc":"06:26:00","flight":"K5486"},{"day":4,"utc":"21:50:00","flight":"K5603"},{"day":4,"utc":"04:39:00","flight":"K5915"},{"day":4,"utc":"07:52:00","flight":"K5034"},{"day":4,"utc":"09:11:00","flight":"K5802"},{"day":5,"utc":"16:37:00","flight":"K5888"},{"day":6,"utc":"00:11:00","flight":"K5009"},{"day":6,"utc":"06:33:00","flight":"K5617"},{"day":6,"utc":"22:55:00","flight":"K5366"},{"day":6,"utc":"22:42:00","flight":"K5952"},{"day":6,"utc":"07:35:00","flight":"K5764"}],"distance":151.00891592694086}