{"id":56780,"type":"route","airline":"UA","airlineid":"airline_5209","sourceairport":"IAH","destinationairport":"LIM","stops":0,"equipment":"763","schedule":[{"day":0,"utc":"02:28:00","flight":"UA200"},{"day":0,"utc":"12:41:00","flight":"UA195"},{"day":0,"utc":"23:49:00","flight":"UA388"},{"day":0,"utc":"14:03:00","flight":"UA255"},{"day":0,"utc":"14:57:00","flight":"UA709"},{"day":1,"utc":"08:31:00","flight":"UA918"},{"day":2,"utc":"12:22:00","flight":"UA725"},{"day":2,"utc":"21:06:00","flight":"UA945"},{"day":3,"utc":"04:36:00","flight":"UA489"},{"day":3,"utc":"08:59:00","flight":"UA974"},{"day":4,"utc":"00:57:00","flight":"UA339"},{"day":4,"utc":"16:43:00","flight":"UA150"},{"day":4,"utc":"12:36:00","flight":"UA543"},{"day":4,"utc":"12:32:00","flight":"UA133"},{"day":4,"utc":"20:47:00","flight":"UA424"},{"day":5,"utc":"22:47:00","flight":"UA838"},{"day":5,"utc":"15:29:00","flight":"UA964"},{"day":5,"utc":"02:39:00","flight":"UA393"},{"day":5,"utc":"15:43:00","flight":"UA467"},{"day":6,"utc":"09:47:00","flight":"UA472"},{"day":6,"utc":"15:41:00","flight":"UA589"},{"day":6,"utc":"11:30:00","flight":"UA711"},{"day":6,"utc":"20:21:00","flight":"UA990"},{"day":6,"utc":"14:15:00","flight":"UA677"}],"distance":5062.454843896422}