{"id":26839,"type":"route","airline":"FR","airlineid":"airline_4296","sourceairport":"FNI","destinationairport":"LTN","stops":0,"equipment":"738","schedule":[{"day":0,"utc":"07:50:00","flight":"FR470"},{"day":0,"utc":"05:03:00","flight":"FR148"},{"day":1,"utc":"12:11:00","flight":"FR184"},{"day":1,"utc":"02:13:00","flight":"FR711"},{"day":1,"utc":"09:08:00","flight":"FR597"},{"day":1,"utc":"02:25:00","flight":"FR497"},{"day":2,"utc":"01:13:00","flight":"FR582"},{"day":2,"utc":"01:05:00","flight":"FR690"},{"day":2,"utc":"23:23:00","flight":"FR613"},{"day":3,"utc":"20:02:00","flight":"FR069"},{"day":3,"utc":"02:22:00","flight":"FR846"},{"day":4,"utc":"17:56:00","flight":"FR517"},{"day":4,"utc":"22:20:00","flight":"FR933"},{"day":4,"utc":"07:53:00","flight":"FR617"},{"day":4,"utc":"17:37:00","flight":"FR629"},{"day":5,"utc":"09:27:00","flight":"FR028"},{"day":6,"utc":"15:16:00","flight":"FR832"},{"day":6,"utc":"20:21:00","flight":"FR146"},{"day":6,"utc":"16:16:00","flight":"FR869"},{"day":6,"utc":"13:54:00","flight":"FR835"}]}