{"id":54871,"type":"route","airline":"U2","airlineid":"airline_2297","sourceairport":"IBZ","destinationairport":"MXP","stops":0,"equipment":"319","schedule":[{"day":0,"utc":"18:32:00","flight":"U2671"},{"day":0,"utc":"23:30:00","flight":"U2224"},{"day":0,"utc":"08:57:00","flight":"U2784"},{"day":0,"utc":"02:09:00","flight":"U2325"},{"day":0,"utc":"09:17:00","flight":"U2472"},{"day":1,"utc":"20:00:00","flight":"U2452"},{"day":1,"utc":"23:33:00","flight":"U2566"},{"day":1,"utc":"10:26:00","flight":"U2731"},{"day":2,"utc":"02:47:00","flight":"U2093"},{"day":2,"utc":"04:48:00","flight":"U2014"},{"day":2,"utc":"08:49:00","flight":"U2226"},{"day":2,"utc":"15:27:00","flight":"U2473"},{"day":3,"utc":"20:43:00","flight":"U2594"},{"day":4,"utc":"22:13:00","flight":"U2023"},{"day":4,"utc":"05:23:00","flight":"U2683"},{"day":4,"utc":"22:41:00","flight":"U2106"},{"day":4,"utc":"14:07:00","flight":"U2190"},{"day":4,"utc":"13:41:00","flight":"U2463"},{"day":5,"utc":"18:08:00","flight":"U2156"},{"day":5,"utc":"01:01:00","flight":"U2150"},{"day":6,"utc":"09:21:00","flight":"U2922"}],"distance":964.0542577676207}