{"id":60049,"type":"route","airline":"US","airlineid":"airline_5265","sourceairport":"PHL","destinationairport":"DAY","stops":0,"equipment":"CRJ","schedule":[{"day":0,"utc":"07:17:00","flight":"US905"},{"day":0,"utc":"21:32:00","flight":"US805"},{"day":0,"utc":"14:41:00","flight":"US009"},{"day":1,"utc":"04:30:00","flight":"US283"},{"day":1,"utc":"22:23:00","flight":"US959"},{"day":1,"utc":"16:07:00","flight":"US866"},{"day":1,"utc":"14:24:00","flight":"US187"},{"day":2,"utc":"08:09:00","flight":"US510"},{"day":2,"utc":"12:45:00","flight":"US703"},{"day":2,"utc":"04:59:00","flight":"US466"},{"day":3,"utc":"05:58:00","flight":"US913"},{"day":4,"utc":"22:01:00","flight":"US209"},{"day":4,"utc":"19:34:00","flight":"US452"},{"day":4,"utc":"18:22:00","flight":"US609"},{"day":5,"utc":"15:21:00","flight":"US263"},{"day":5,"utc":"19:18:00","flight":"US384"},{"day":6,"utc":"12:00:00","flight":"US614"},{"day":6,"utc":"16:52:00","flight":"US674"},{"day":6,"utc":"23:13:00","flight":"US364"}],"distance":765.715496098384}