{"id":6125,"type":"route","airline":"AA","airlineid":"airline_24","sourceairport":"MKE","destinationairport":"PHL","stops":0,"equipment":"CRJ","schedule":[{"day":0,"utc":"14:31:00","flight":"AA870"},{"day":0,"utc":"12:43:00","flight":"AA986"},{"day":1,"utc":"10:22:00","flight":"AA619"},{"day":1,"utc":"21:37:00","flight":"AA364"},{"day":1,"utc":"01:02:00","flight":"AA755"},{"day":1,"utc":"01:01:00","flight":"AA101"},{"day":2,"utc":"19:28:00","flight":"AA452"},{"day":2,"utc":"00:41:00","flight":"AA734"},{"day":3,"utc":"07:01:00","flight":"AA365"},{"day":4,"utc":"12:35:00","flight":"AA758"},{"day":4,"utc":"00:59:00","flight":"AA073"},{"day":4,"utc":"08:12:00","flight":"AA268"},{"day":5,"utc":"23:50:00","flight":"AA485"},{"day":5,"utc":"06:35:00","flight":"AA927"},{"day":5,"utc":"10:29:00","flight":"AA232"},{"day":5,"utc":"10:02:00","flight":"AA136"},{"day":6,"utc":"18:30:00","flight":"AA191"},{"day":6,"utc":"07:11:00","flight":"AA597"}],"distance":1108.1338321181331}