{"id":28171,"type":"route","airline":"FR","airlineid":"airline_4296","sourceairport":"VLC","destinationairport":"BRS","stops":0,"equipment":"738","schedule":[{"day":0,"utc":"07:26:00","flight":"FR356"},{"day":1,"utc":"02:38:00","flight":"FR512"},{"day":1,"utc":"22:31:00","flight":"FR459"},{"day":1,"utc":"21:12:00","flight":"FR548"},{"day":1,"utc":"13:59:00","flight":"FR295"},{"day":2,"utc":"16:10:00","flight":"FR186"},{"day":2,"utc":"07:19:00","flight":"FR333"},{"day":2,"utc":"11:40:00","flight":"FR806"},{"day":3,"utc":"22:20:00","flight":"FR555"},{"day":4,"utc":"18:38:00","flight":"FR908"},{"day":4,"utc":"10:31:00","flight":"FR901"},{"day":4,"utc":"11:36:00","flight":"FR086"},{"day":4,"utc":"15:23:00","flight":"FR816"},{"day":5,"utc":"14:21:00","flight":"FR897"},{"day":5,"utc":"15:25:00","flight":"FR782"},{"day":5,"utc":"03:40:00","flight":"FR098"},{"day":6,"utc":"11:30:00","flight":"FR246"},{"day":6,"utc":"23:00:00","flight":"FR559"},{"day":6,"utc":"12:53:00","flight":"FR374"},{"day":6,"utc":"18:44:00","flight":"FR445"},{"day":6,"utc":"05:12:00","flight":"FR045"}],"distance":1333.785036202318}