{"id":36645,"type":"route","airline":"KL","airlineid":"airline_3090","sourceairport":"GPT","destinationairport":"ATL","stops":0,"equipment":"M88 CRJ CR7","schedule":[{"day":0,"utc":"05:35:00","flight":"KL614"},{"day":0,"utc":"20:29:00","flight":"KL515"},{"day":0,"utc":"02:25:00","flight":"KL343"},{"day":1,"utc":"04:11:00","flight":"KL798"},{"day":1,"utc":"15:26:00","flight":"KL592"},{"day":1,"utc":"13:53:00","flight":"KL517"},{"day":1,"utc":"02:25:00","flight":"KL310"},{"day":2,"utc":"04:26:00","flight":"KL939"},{"day":2,"utc":"18:41:00","flight":"KL364"},{"day":3,"utc":"00:18:00","flight":"KL071"},{"day":3,"utc":"01:09:00","flight":"KL624"},{"day":3,"utc":"21:37:00","flight":"KL636"},{"day":4,"utc":"12:56:00","flight":"KL178"},{"day":4,"utc":"21:42:00","flight":"KL497"},{"day":4,"utc":"07:17:00","flight":"KL069"},{"day":5,"utc":"06:26:00","flight":"KL160"},{"day":5,"utc":"20:10:00","flight":"KL216"},{"day":5,"utc":"04:03:00","flight":"KL515"},{"day":6,"utc":"14:45:00","flight":"KL640"},{"day":6,"utc":"02:05:00","flight":"KL726"},{"day":6,"utc":"02:28:00","flight":"KL466"},{"day":6,"utc":"22:58:00","flight":"KL558"},{"day":6,"utc":"10:08:00","flight":"KL646"}],"distance":565.980818087661}