{"id":60128,"type":"route","airline":"US","airlineid":"airline_5265","sourceairport":"PHL","destinationairport":"VCE","stops":0,"equipment":"332","schedule":[{"day":0,"utc":"11:52:00","flight":"US776"},{"day":0,"utc":"03:06:00","flight":"US437"},{"day":0,"utc":"08:24:00","flight":"US255"},{"day":1,"utc":"19:05:00","flight":"US376"},{"day":1,"utc":"22:28:00","flight":"US901"},{"day":1,"utc":"17:47:00","flight":"US049"},{"day":1,"utc":"01:14:00","flight":"US675"},{"day":2,"utc":"09:06:00","flight":"US492"},{"day":2,"utc":"05:50:00","flight":"US801"},{"day":2,"utc":"14:33:00","flight":"US713"},{"day":3,"utc":"14:01:00","flight":"US105"},{"day":3,"utc":"09:05:00","flight":"US390"},{"day":3,"utc":"22:34:00","flight":"US226"},{"day":4,"utc":"20:39:00","flight":"US759"},{"day":4,"utc":"13:32:00","flight":"US464"},{"day":4,"utc":"23:48:00","flight":"US382"},{"day":4,"utc":"22:26:00","flight":"US166"},{"day":5,"utc":"06:41:00","flight":"US849"},{"day":6,"utc":"08:34:00","flight":"US975"}],"distance":6818.767571971522}