{"id":63716,"type":"route","airline":"WN","airlineid":"airline_4547","sourceairport":"DEN","destinationairport":"GEG","stops":0,"equipment":"73W","schedule":[{"day":0,"utc":"06:48:00","flight":"WN828"},{"day":0,"utc":"00:43:00","flight":"WN791"},{"day":0,"utc":"23:29:00","flight":"WN083"},{"day":0,"utc":"04:18:00","flight":"WN693"},{"day":0,"utc":"20:40:00","flight":"WN906"},{"day":1,"utc":"18:48:00","flight":"WN080"},{"day":1,"utc":"09:18:00","flight":"WN111"},{"day":2,"utc":"14:19:00","flight":"WN057"},{"day":2,"utc":"21:39:00","flight":"WN135"},{"day":2,"utc":"05:34:00","flight":"WN286"},{"day":3,"utc":"19:17:00","flight":"WN542"},{"day":3,"utc":"23:12:00","flight":"WN953"},{"day":4,"utc":"15:50:00","flight":"WN435"},{"day":5,"utc":"20:12:00","flight":"WN405"},{"day":5,"utc":"14:12:00","flight":"WN355"},{"day":5,"utc":"14:59:00","flight":"WN127"},{"day":5,"utc":"22:26:00","flight":"WN108"},{"day":5,"utc":"20:07:00","flight":"WN153"},{"day":6,"utc":"00:28:00","flight":"WN041"}],"distance":1342.8992234008392}