{"id":63537,"type":"route","airline":"WN","airlineid":"airline_4547","sourceairport":"BNA","destinationairport":"GSP","stops":0,"equipment":"73C","schedule":[{"day":0,"utc":"22:25:00","flight":"WN283"},{"day":1,"utc":"20:07:00","flight":"WN604"},{"day":1,"utc":"20:23:00","flight":"WN725"},{"day":1,"utc":"13:57:00","flight":"WN789"},{"day":2,"utc":"02:54:00","flight":"WN069"},{"day":2,"utc":"22:26:00","flight":"WN454"},{"day":3,"utc":"21:19:00","flight":"WN420"},{"day":3,"utc":"15:49:00","flight":"WN384"},{"day":3,"utc":"14:28:00","flight":"WN580"},{"day":3,"utc":"11:10:00","flight":"WN342"},{"day":3,"utc":"09:47:00","flight":"WN665"},{"day":4,"utc":"17:08:00","flight":"WN997"},{"day":4,"utc":"06:24:00","flight":"WN381"},{"day":4,"utc":"12:01:00","flight":"WN746"},{"day":4,"utc":"11:43:00","flight":"WN308"},{"day":4,"utc":"00:48:00","flight":"WN759"},{"day":5,"utc":"19:20:00","flight":"WN600"},{"day":5,"utc":"05:57:00","flight":"WN044"},{"day":5,"utc":"15:05:00","flight":"WN472"},{"day":5,"utc":"00:20:00","flight":"WN775"},{"day":6,"utc":"23:02:00","flight":"WN965"}],"distance":426.08343071096016}