{"id":21010,"type":"route","airline":"DL","airlineid":"airline_2009","sourceairport":"KOA","destinationairport":"LAX","stops":0,"equipment":"757","schedule":[{"day":0,"utc":"06:51:00","flight":"DL285"},{"day":1,"utc":"18:01:00","flight":"DL220"},{"day":2,"utc":"20:18:00","flight":"DL183"},{"day":2,"utc":"17:08:00","flight":"DL345"},{"day":2,"utc":"20:06:00","flight":"DL494"},{"day":3,"utc":"10:05:00","flight":"DL887"},{"day":3,"utc":"07:38:00","flight":"DL603"},{"day":3,"utc":"06:40:00","flight":"DL641"},{"day":3,"utc":"02:36:00","flight":"DL326"},{"day":4,"utc":"04:25:00","flight":"DL454"},{"day":4,"utc":"05:23:00","flight":"DL782"},{"day":5,"utc":"04:20:00","flight":"DL223"},{"day":6,"utc":"11:45:00","flight":"DL319"}],"distance":4025.6307801957932}