{"id":6038,"type":"route","airline":"AA","airlineid":"airline_24","sourceairport":"MIA","destinationairport":"EZE","stops":0,"equipment":"777","schedule":[{"day":0,"utc":"02:42:00","flight":"AA675"},{"day":0,"utc":"07:38:00","flight":"AA124"},{"day":0,"utc":"17:25:00","flight":"AA594"},{"day":0,"utc":"15:13:00","flight":"AA179"},{"day":0,"utc":"09:59:00","flight":"AA531"},{"day":1,"utc":"02:53:00","flight":"AA764"},{"day":2,"utc":"22:10:00","flight":"AA038"},{"day":3,"utc":"05:34:00","flight":"AA443"},{"day":4,"utc":"13:12:00","flight":"AA477"},{"day":4,"utc":"16:24:00","flight":"AA850"},{"day":4,"utc":"15:34:00","flight":"AA257"},{"day":5,"utc":"08:02:00","flight":"AA908"},{"day":5,"utc":"15:29:00","flight":"AA918"},{"day":5,"utc":"21:43:00","flight":"AA697"},{"day":6,"utc":"03:58:00","flight":"AA993"},{"day":6,"utc":"17:14:00","flight":"AA873"}],"distance":7118.919665892961}