{"id":50657,"type":"route","airline":"ST","airlineid":"airline_2547","sourceairport":"AGB","destinationairport":"MRS","stops":0,"equipment":"FRJ","schedule":[{"day":0,"utc":"08:39:00","flight":"ST357"},{"day":0,"utc":"17:30:00","flight":"ST398"},{"day":0,"utc":"20:24:00","flight":"ST529"},{"day":0,"utc":"14:58:00","flight":"ST499"},{"day":1,"utc":"20:01:00","flight":"ST151"},{"day":1,"utc":"04:28:00","flight":"ST007"},{"day":1,"utc":"20:50:00","flight":"ST723"},{"day":1,"utc":"04:44:00","flight":"ST007"},{"day":1,"utc":"06:21:00","flight":"ST954"},{"day":2,"utc":"08:44:00","flight":"ST641"},{"day":2,"utc":"17:11:00","flight":"ST817"},{"day":2,"utc":"22:56:00","flight":"ST776"},{"day":3,"utc":"07:25:00","flight":"ST558"},{"day":3,"utc":"01:57:00","flight":"ST545"},{"day":3,"utc":"04:17:00","flight":"ST136"},{"day":4,"utc":"09:35:00","flight":"ST209"},{"day":4,"utc":"08:38:00","flight":"ST256"},{"day":4,"utc":"14:40:00","flight":"ST969"},{"day":5,"utc":"03:40:00","flight":"ST758"},{"day":5,"utc":"03:53:00","flight":"ST190"},{"day":6,"utc":"19:10:00","flight":"ST030"},{"day":6,"utc":"02:10:00","flight":"ST669"},{"day":6,"utc":"08:24:00","flight":"ST516"},{"day":6,"utc":"04:39:00","flight":"ST858"}]}