{"id":54316,"type":"route","airline":"TX","airlineid":"airline_567","sourceairport":"ORY","destinationairport":"SXM","stops":0,"equipment":"332","schedule":[{"day":0,"utc":"12:09:00","flight":"TX120"},{"day":0,"utc":"19:13:00","flight":"TX948"},{"day":0,"utc":"00:04:00","flight":"TX516"},{"day":0,"utc":"19:23:00","flight":"TX369"},{"day":1,"utc":"00:13:00","flight":"TX381"},{"day":1,"utc":"01:29:00","flight":"TX298"},{"day":1,"utc":"10:19:00","flight":"TX838"},{"day":1,"utc":"18:51:00","flight":"TX417"},{"day":2,"utc":"09:52:00","flight":"TX274"},{"day":2,"utc":"19:29:00","flight":"TX248"},{"day":2,"utc":"05:05:00","flight":"TX579"},{"day":2,"utc":"17:14:00","flight":"TX274"},{"day":2,"utc":"08:25:00","flight":"TX095"},{"day":3,"utc":"07:29:00","flight":"TX396"},{"day":3,"utc":"04:40:00","flight":"TX381"},{"day":3,"utc":"06:26:00","flight":"TX230"},{"day":3,"utc":"00:47:00","flight":"TX564"},{"day":4,"utc":"15:38:00","flight":"TX658"},{"day":4,"utc":"20:18:00","flight":"TX487"},{"day":4,"utc":"08:02:00","flight":"TX063"},{"day":5,"utc":"06:48:00","flight":"TX125"},{"day":5,"utc":"12:28:00","flight":"TX936"},{"day":6,"utc":"02:44:00","flight":"TX275"},{"day":6,"utc":"10:54:00","flight":"TX270"},{"day":6,"utc":"08:00:00","flight":"TX211"},{"day":6,"utc":"10:18:00","flight":"TX492"}]}