{"id":58983,"type":"route","airline":"US","airlineid":"airline_5265","sourceairport":"DCA","destinationairport":"PBI","stops":0,"equipment":"E75 E70","schedule":[{"day":0,"utc":"10:15:00","flight":"US362"},{"day":0,"utc":"10:32:00","flight":"US666"},{"day":0,"utc":"16:41:00","flight":"US152"},{"day":0,"utc":"14:00:00","flight":"US561"},{"day":1,"utc":"10:06:00","flight":"US351"},{"day":1,"utc":"08:33:00","flight":"US327"},{"day":1,"utc":"00:52:00","flight":"US418"},{"day":1,"utc":"15:26:00","flight":"US184"},{"day":1,"utc":"03:39:00","flight":"US696"},{"day":2,"utc":"09:48:00","flight":"US421"},{"day":2,"utc":"11:29:00","flight":"US790"},{"day":2,"utc":"06:40:00","flight":"US341"},{"day":2,"utc":"04:07:00","flight":"US028"},{"day":2,"utc":"21:30:00","flight":"US520"},{"day":3,"utc":"11:54:00","flight":"US914"},{"day":4,"utc":"14:19:00","flight":"US652"},{"day":5,"utc":"14:39:00","flight":"US575"},{"day":5,"utc":"17:13:00","flight":"US867"},{"day":5,"utc":"10:45:00","flight":"US932"},{"day":5,"utc":"09:52:00","flight":"US224"},{"day":5,"utc":"20:20:00","flight":"US323"},{"day":6,"utc":"23:06:00","flight":"US141"}]}