{"id":13896,"type":"route","airline":"B6","airlineid":"airline_3029","sourceairport":"AUA","destinationairport":"BOS","stops":0,"equipment":"320","schedule":[{"day":0,"utc":"15:03:00","flight":"B6717"},{"day":1,"utc":"21:45:00","flight":"B6439"},{"day":1,"utc":"06:10:00","flight":"B6507"},{"day":1,"utc":"00:58:00","flight":"B6985"},{"day":2,"utc":"07:46:00","flight":"B6246"},{"day":2,"utc":"12:37:00","flight":"B6723"},{"day":3,"utc":"10:36:00","flight":"B6377"},{"day":3,"utc":"17:49:00","flight":"B6684"},{"day":3,"utc":"19:22:00","flight":"B6098"},{"day":3,"utc":"17:32:00","flight":"B6782"},{"day":3,"utc":"04:03:00","flight":"B6020"},{"day":4,"utc":"23:30:00","flight":"B6341"},{"day":4,"utc":"15:47:00","flight":"B6803"},{"day":4,"utc":"11:37:00","flight":"B6375"},{"day":4,"utc":"16:37:00","flight":"B6076"},{"day":4,"utc":"09:38:00","flight":"B6464"},{"day":5,"utc":"11:41:00","flight":"B6870"},{"day":5,"utc":"09:35:00","flight":"B6909"},{"day":5,"utc":"06:40:00","flight":"B6036"},{"day":5,"utc":"17:21:00","flight":"B6189"},{"day":6,"utc":"11:56:00","flight":"B6064"},{"day":6,"utc":"01:25:00","flight":"B6103"}],"distance":3321.986821642865}