{"id":20571,"type":"route","airline":"DL","airlineid":"airline_2009","sourceairport":"DSM","destinationairport":"DTW","stops":0,"equipment":"CRJ","schedule":[{"day":0,"utc":"13:18:00","flight":"DL888"},{"day":0,"utc":"17:57:00","flight":"DL969"},{"day":0,"utc":"14:22:00","flight":"DL129"},{"day":1,"utc":"18:42:00","flight":"DL589"},{"day":2,"utc":"15:04:00","flight":"DL673"},{"day":2,"utc":"07:11:00","flight":"DL669"},{"day":2,"utc":"13:20:00","flight":"DL770"},{"day":2,"utc":"05:23:00","flight":"DL506"},{"day":3,"utc":"09:00:00","flight":"DL061"},{"day":3,"utc":"17:23:00","flight":"DL631"},{"day":3,"utc":"00:15:00","flight":"DL685"},{"day":3,"utc":"13:55:00","flight":"DL419"},{"day":3,"utc":"21:33:00","flight":"DL759"},{"day":4,"utc":"05:56:00","flight":"DL735"},{"day":5,"utc":"13:29:00","flight":"DL764"},{"day":6,"utc":"22:39:00","flight":"DL767"},{"day":6,"utc":"02:47:00","flight":"DL635"},{"day":6,"utc":"10:01:00","flight":"DL984"},{"day":6,"utc":"07:52:00","flight":"DL278"}],"distance":856.4244173509635}