{"id":50340,"type":"route","airline":"SN","airlineid":"airline_1531","sourceairport":"LHR","destinationairport":"BRU","stops":0,"equipment":"319 AR1","schedule":[{"day":0,"utc":"05:36:00","flight":"SN067"},{"day":0,"utc":"05:47:00","flight":"SN882"},{"day":0,"utc":"22:23:00","flight":"SN065"},{"day":1,"utc":"12:55:00","flight":"SN582"},{"day":1,"utc":"22:52:00","flight":"SN825"},{"day":1,"utc":"19:24:00","flight":"SN199"},{"day":2,"utc":"08:04:00","flight":"SN880"},{"day":3,"utc":"22:03:00","flight":"SN051"},{"day":3,"utc":"15:45:00","flight":"SN037"},{"day":3,"utc":"03:08:00","flight":"SN362"},{"day":3,"utc":"19:06:00","flight":"SN417"},{"day":4,"utc":"09:49:00","flight":"SN356"},{"day":4,"utc":"17:26:00","flight":"SN841"},{"day":5,"utc":"17:46:00","flight":"SN807"},{"day":5,"utc":"21:14:00","flight":"SN542"},{"day":6,"utc":"20:04:00","flight":"SN822"},{"day":6,"utc":"16:54:00","flight":"SN659"},{"day":6,"utc":"15:17:00","flight":"SN746"}]}