{"id":64223,"type":"route","airline":"WN","airlineid":"airline_4547","sourceairport":"OKC","destinationairport":"STL","stops":0,"equipment":"73C 73W","schedule":[{"day":0,"utc":"02:26:00","flight":"WN663"},{"day":0,"utc":"19:07:00","flight":"WN781"},{"day":1,"utc":"15:06:00","flight":"WN527"},{"day":1,"utc":"02:29:00","flight":"WN221"},{"day":1,"utc":"14:01:00","flight":"WN361"},{"day":1,"utc":"00:48:00","flight":"WN995"},{"day":2,"utc":"00:03:00","flight":"WN425"},{"day":2,"utc":"17:21:00","flight":"WN227"},{"day":2,"utc":"12:44:00","flight":"WN498"},{"day":3,"utc":"07:51:00","flight":"WN623"},{"day":3,"utc":"08:22:00","flight":"WN086"},{"day":4,"utc":"02:26:00","flight":"WN583"},{"day":4,"utc":"13:59:00","flight":"WN791"},{"day":4,"utc":"20:26:00","flight":"WN941"},{"day":5,"utc":"08:01:00","flight":"WN407"},{"day":6,"utc":"23:07:00","flight":"WN423"},{"day":6,"utc":"00:13:00","flight":"WN010"},{"day":6,"utc":"22:36:00","flight":"WN745"}]}