{"id":9943,"type":"route","airline":"AF","airlineid":"airline_137","sourceairport":"SHE","destinationairport":"CAN","stops":0,"equipment":"320","schedule":[{"day":0,"utc":"18:11:00","flight":"AF974"},{"day":0,"utc":"09:16:00","flight":"AF420"},{"day":1,"utc":"07:02:00","flight":"AF120"},{"day":1,"utc":"05:29:00","flight":"AF806"},{"day":2,"utc":"08:52:00","flight":"AF356"},{"day":2,"utc":"09:13:00","flight":"AF105"},{"day":2,"utc":"17:04:00","flight":"AF202"},{"day":3,"utc":"04:10:00","flight":"AF181"},{"day":3,"utc":"05:14:00","flight":"AF307"},{"day":3,"utc":"16:50:00","flight":"AF433"},{"day":3,"utc":"13:50:00","flight":"AF393"},{"day":4,"utc":"10:01:00","flight":"AF094"},{"day":4,"utc":"01:22:00","flight":"AF597"},{"day":5,"utc":"15:43:00","flight":"AF146"},{"day":5,"utc":"17:01:00","flight":"AF292"},{"day":6,"utc":"12:51:00","flight":"AF020"},{"day":6,"utc":"12:04:00","flight":"AF140"},{"day":6,"utc":"05:45:00","flight":"AF599"}]}