{"id":21257,"type":"route","airline":"DL","airlineid":"airline_2009","sourceairport":"MEM","destinationairport":"DEN","stops":0,"equipment":"CR9","schedule":[{"day":0,"utc":"14:39:00","flight":"DL983"},{"day":0,"utc":"13:06:00","flight":"DL632"},{"day":0,"utc":"09:45:00","flight":"DL261"},{"day":0,"utc":"22:18:00","flight":"DL908"},{"day":0,"utc":"19:24:00","flight":"DL970"},{"day":1,"utc":"02:44:00","flight":"DL587"},{"day":1,"utc":"05:03:00","flight":"DL438"},{"day":1,"utc":"08:40:00","flight":"DL019"},{"day":2,"utc":"11:10:00","flight":"DL183"},{"day":2,"utc":"12:42:00","flight":"DL017"},{"day":2,"utc":"23:43:00","flight":"DL991"},{"day":3,"utc":"18:29:00","flight":"DL375"},{"day":4,"utc":"11:14:00","flight":"DL845"},{"day":4,"utc":"02:49:00","flight":"DL850"},{"day":4,"utc":"09:34:00","flight":"DL492"},{"day":4,"utc":"14:41:00","flight":"DL862"},{"day":5,"utc":"20:28:00","flight":"DL526"},{"day":5,"utc":"13:02:00","flight":"DL653"},{"day":5,"utc":"07:50:00","flight":"DL295"},{"day":5,"utc":"14:51:00","flight":"DL949"},{"day":6,"utc":"11:44:00","flight":"DL067"},{"day":6,"utc":"20:08:00","flight":"DL277"},{"day":6,"utc":"22:14:00","flight":"DL990"},{"day":6,"utc":"19:29:00","flight":"DL322"},{"day":6,"utc":"11:22:00","flight":"DL409"}]}