{"id":61793,"type":"route","airline":"VS","airlineid":"airline_5347","sourceairport":"MAN","destinationairport":"LAS","stops":0,"equipment":"744","schedule":[{"day":0,"utc":"13:58:00","flight":"VS622"},{"day":0,"utc":"19:56:00","flight":"VS998"},{"day":1,"utc":"08:21:00","flight":"VS954"},{"day":1,"utc":"16:25:00","flight":"VS505"},{"day":1,"utc":"06:52:00","flight":"VS862"},{"day":1,"utc":"09:15:00","flight":"VS615"},{"day":1,"utc":"15:59:00","flight":"VS780"},{"day":2,"utc":"13:51:00","flight":"VS929"},{"day":2,"utc":"10:35:00","flight":"VS865"},{"day":2,"utc":"01:03:00","flight":"VS088"},{"day":3,"utc":"01:12:00","flight":"VS316"},{"day":4,"utc":"14:58:00","flight":"VS481"},{"day":4,"utc":"13:02:00","flight":"VS097"},{"day":4,"utc":"06:53:00","flight":"VS715"},{"day":5,"utc":"03:54:00","flight":"VS832"},{"day":6,"utc":"15:47:00","flight":"VS470"}],"distance":8166.4534903155}