{"id":63547,"type":"route","airline":"WN","airlineid":"airline_4547","sourceairport":"BNA","destinationairport":"PHL","stops":0,"equipment":"73W 73C 733","schedule":[{"day":0,"utc":"17:32:00","flight":"WN075"},{"day":0,"utc":"11:48:00","flight":"WN393"},{"day":1,"utc":"13:54:00","flight":"WN137"},{"day":1,"utc":"18:43:00","flight":"WN500"},{"day":1,"utc":"06:57:00","flight":"WN223"},{"day":1,"utc":"10:08:00","flight":"WN907"},{"day":2,"utc":"03:29:00","flight":"WN850"},{"day":3,"utc":"08:40:00","flight":"WN209"},{"day":4,"utc":"10:13:00","flight":"WN858"},{"day":4,"utc":"23:07:00","flight":"WN707"},{"day":4,"utc":"11:11:00","flight":"WN893"},{"day":4,"utc":"16:32:00","flight":"WN289"},{"day":5,"utc":"06:52:00","flight":"WN173"},{"day":5,"utc":"09:12:00","flight":"WN469"},{"day":5,"utc":"09:21:00","flight":"WN454"},{"day":6,"utc":"03:11:00","flight":"WN745"},{"day":6,"utc":"04:21:00","flight":"WN509"},{"day":6,"utc":"03:31:00","flight":"WN391"},{"day":6,"utc":"09:20:00","flight":"WN475"},{"day":6,"utc":"20:19:00","flight":"WN239"}],"distance":1084.299517184657}