{"id":56326,"type":"route","airline":"UA","airlineid":"airline_5209","sourceairport":"EWR","destinationairport":"GRR","stops":0,"equipment":"ERJ","schedule":[{"day":0,"utc":"14:06:00","flight":"UA474"},{"day":1,"utc":"17:58:00","flight":"UA888"},{"day":1,"utc":"20:29:00","flight":"UA171"},{"day":2,"utc":"10:43:00","flight":"UA659"},{"day":2,"utc":"00:29:00","flight":"UA186"},{"day":2,"utc":"21:43:00","flight":"UA473"},{"day":3,"utc":"03:37:00","flight":"UA936"},{"day":3,"utc":"09:34:00","flight":"UA964"},{"day":4,"utc":"19:32:00","flight":"UA098"},{"day":5,"utc":"16:11:00","flight":"UA428"},{"day":5,"utc":"03:03:00","flight":"UA811"},{"day":5,"utc":"16:37:00","flight":"UA398"},{"day":6,"utc":"01:35:00","flight":"UA444"}],"distance":971.4646808941773}