{"id":15258,"type":"route","airline":"BE","airlineid":"airline_2421","sourceairport":"NWI","destinationairport":"JER","stops":0,"equipment":"DH4","schedule":[{"day":0,"utc":"01:32:00","flight":"BE007"},{"day":0,"utc":"08:06:00","flight":"BE145"},{"day":0,"utc":"06:10:00","flight":"BE916"},{"day":1,"utc":"13:41:00","flight":"BE411"},{"day":2,"utc":"08:03:00","flight":"BE440"},{"day":2,"utc":"03:58:00","flight":"BE070"},{"day":2,"utc":"17:16:00","flight":"BE493"},{"day":3,"utc":"23:37:00","flight":"BE485"},{"day":3,"utc":"12:42:00","flight":"BE377"},{"day":3,"utc":"11:59:00","flight":"BE192"},{"day":3,"utc":"01:37:00","flight":"BE538"},{"day":4,"utc":"11:39:00","flight":"BE811"},{"day":4,"utc":"16:58:00","flight":"BE583"},{"day":4,"utc":"02:54:00","flight":"BE822"},{"day":5,"utc":"18:44:00","flight":"BE276"},{"day":5,"utc":"17:25:00","flight":"BE390"},{"day":6,"utc":"14:36:00","flight":"BE495"},{"day":6,"utc":"17:52:00","flight":"BE216"}],"distance":456.0446691368117}