{"id":20289,"type":"route","airline":"DL","airlineid":"airline_2009","sourceairport":"BAH","destinationairport":"AUH","stops":0,"equipment":"332","schedule":[{"day":0,"utc":"11:18:00","flight":"DL153"},{"day":0,"utc":"19:28:00","flight":"DL160"},{"day":0,"utc":"05:54:00","flight":"DL129"},{"day":1,"utc":"16:55:00","flight":"DL501"},{"day":1,"utc":"04:00:00","flight":"DL870"},{"day":1,"utc":"00:16:00","flight":"DL208"},{"day":1,"utc":"22:14:00","flight":"DL365"},{"day":1,"utc":"00:23:00","flight":"DL661"},{"day":2,"utc":"15:57:00","flight":"DL225"},{"day":2,"utc":"13:14:00","flight":"DL601"},{"day":2,"utc":"23:09:00","flight":"DL641"},{"day":3,"utc":"18:51:00","flight":"DL518"},{"day":3,"utc":"11:07:00","flight":"DL483"},{"day":3,"utc":"22:23:00","flight":"DL943"},{"day":3,"utc":"16:02:00","flight":"DL080"},{"day":3,"utc":"06:01:00","flight":"DL913"},{"day":4,"utc":"09:03:00","flight":"DL398"},{"day":5,"utc":"23:21:00","flight":"DL618"},{"day":6,"utc":"21:48:00","flight":"DL139"},{"day":6,"utc":"15:43:00","flight":"DL691"},{"day":6,"utc":"19:25:00","flight":"DL987"}]}