{"id":4993,"type":"route","airline":"AA","airlineid":"airline_24","sourceairport":"CLT","destinationairport":"RIC","stops":0,"equipment":"319 CR7","schedule":[{"day":0,"utc":"13:35:00","flight":"AA611"},{"day":0,"utc":"18:50:00","flight":"AA599"},{"day":0,"utc":"19:52:00","flight":"AA545"},{"day":1,"utc":"02:37:00","flight":"AA149"},{"day":1,"utc":"18:16:00","flight":"AA559"},{"day":1,"utc":"13:24:00","flight":"AA747"},{"day":2,"utc":"17:54:00","flight":"AA570"},{"day":2,"utc":"06:33:00","flight":"AA238"},{"day":3,"utc":"05:56:00","flight":"AA735"},{"day":3,"utc":"05:18:00","flight":"AA241"},{"day":3,"utc":"14:41:00","flight":"AA039"},{"day":3,"utc":"02:44:00","flight":"AA906"},{"day":3,"utc":"18:35:00","flight":"AA088"},{"day":4,"utc":"21:23:00","flight":"AA602"},{"day":5,"utc":"13:45:00","flight":"AA587"},{"day":5,"utc":"20:43:00","flight":"AA184"},{"day":5,"utc":"20:10:00","flight":"AA606"},{"day":6,"utc":"15:32:00","flight":"AA814"},{"day":6,"utc":"20:20:00","flight":"AA016"},{"day":6,"utc":"19:24:00","flight":"AA598"}],"distance":412.4769108054337}