{"id":46308,"type":"route","airline":"PS","airlineid":"airline_5282","sourceairport":"KBP","destinationairport":"JFK","stops":0,"equipment":"767","schedule":[{"day":0,"utc":"14:35:00","flight":"PS886"},{"day":0,"utc":"12:58:00","flight":"PS302"},{"day":0,"utc":"12:04:00","flight":"PS169"},{"day":0,"utc":"04:42:00","flight":"PS002"},{"day":1,"utc":"11:07:00","flight":"PS879"},{"day":1,"utc":"15:48:00","flight":"PS872"},{"day":2,"utc":"00:37:00","flight":"PS818"},{"day":2,"utc":"10:15:00","flight":"PS779"},{"day":2,"utc":"10:39:00","flight":"PS236"},{"day":3,"utc":"07:21:00","flight":"PS047"},{"day":3,"utc":"06:27:00","flight":"PS283"},{"day":3,"utc":"03:27:00","flight":"PS534"},{"day":3,"utc":"06:30:00","flight":"PS192"},{"day":3,"utc":"09:11:00","flight":"PS507"},{"day":4,"utc":"02:12:00","flight":"PS497"},{"day":4,"utc":"12:32:00","flight":"PS661"},{"day":4,"utc":"22:42:00","flight":"PS002"},{"day":5,"utc":"21:03:00","flight":"PS686"},{"day":5,"utc":"12:31:00","flight":"PS237"},{"day":6,"utc":"11:16:00","flight":"PS407"}]}