{"id":56173,"type":"route","airline":"UA","airlineid":"airline_5209","sourceairport":"DEN","destinationairport":"PHL","stops":0,"equipment":"320 738 739 319","schedule":[{"day":0,"utc":"23:46:00","flight":"UA110"},{"day":1,"utc":"03:19:00","flight":"UA297"},{"day":1,"utc":"11:34:00","flight":"UA247"},{"day":1,"utc":"04:30:00","flight":"UA014"},{"day":1,"utc":"21:18:00","flight":"UA790"},{"day":1,"utc":"06:50:00","flight":"UA487"},{"day":2,"utc":"11:05:00","flight":"UA322"},{"day":2,"utc":"03:12:00","flight":"UA725"},{"day":3,"utc":"21:53:00","flight":"UA165"},{"day":3,"utc":"17:13:00","flight":"UA418"},{"day":3,"utc":"02:09:00","flight":"UA530"},{"day":3,"utc":"17:02:00","flight":"UA214"},{"day":3,"utc":"01:06:00","flight":"UA053"},{"day":4,"utc":"12:30:00","flight":"UA153"},{"day":4,"utc":"09:13:00","flight":"UA488"},{"day":4,"utc":"17:19:00","flight":"UA752"},{"day":4,"utc":"09:24:00","flight":"UA815"},{"day":4,"utc":"11:43:00","flight":"UA169"},{"day":5,"utc":"22:34:00","flight":"UA289"},{"day":5,"utc":"00:38:00","flight":"UA727"},{"day":5,"utc":"16:14:00","flight":"UA151"},{"day":5,"utc":"07:45:00","flight":"UA709"},{"day":5,"utc":"16:55:00","flight":"UA972"},{"day":6,"utc":"04:51:00","flight":"UA106"}],"distance":2500.4022406869144}