{"id":20177,"type":"route","airline":"DL","airlineid":"airline_2009","sourceairport":"ATL","destinationairport":"MCI","stops":0,"equipment":"M88 M90 757","schedule":[{"day":0,"utc":"06:36:00","flight":"DL033"},{"day":0,"utc":"04:01:00","flight":"DL523"},{"day":0,"utc":"01:00:00","flight":"DL278"},{"day":0,"utc":"11:29:00","flight":"DL063"},{"day":0,"utc":"14:55:00","flight":"DL489"},{"day":1,"utc":"05:15:00","flight":"DL976"},{"day":2,"utc":"06:33:00","flight":"DL072"},{"day":2,"utc":"12:37:00","flight":"DL668"},{"day":3,"utc":"23:46:00","flight":"DL484"},{"day":3,"utc":"21:50:00","flight":"DL383"},{"day":3,"utc":"04:42:00","flight":"DL107"},{"day":4,"utc":"15:31:00","flight":"DL296"},{"day":4,"utc":"12:58:00","flight":"DL250"},{"day":4,"utc":"06:13:00","flight":"DL567"},{"day":4,"utc":"18:16:00","flight":"DL454"},{"day":5,"utc":"03:34:00","flight":"DL776"},{"day":5,"utc":"10:34:00","flight":"DL038"},{"day":5,"utc":"15:04:00","flight":"DL004"},{"day":6,"utc":"08:45:00","flight":"DL615"},{"day":6,"utc":"02:56:00","flight":"DL586"},{"day":6,"utc":"23:47:00","flight":"DL416"},{"day":6,"utc":"17:53:00","flight":"DL450"},{"day":6,"utc":"01:44:00","flight":"DL969"}],"distance":1113.3775780350363}