{"id":50797,"type":"route","airline":"SU","airlineid":"airline_130","sourceairport":"CDG","destinationairport":"TLS","stops":0,"equipment":"319 320","schedule":[{"day":0,"utc":"10:14:00","flight":"SU576"},{"day":0,"utc":"09:54:00","flight":"SU013"},{"day":0,"utc":"03:29:00","flight":"SU124"},{"day":1,"utc":"16:56:00","flight":"SU048"},{"day":2,"utc":"21:05:00","flight":"SU886"},{"day":3,"utc":"02:30:00","flight":"SU223"},{"day":3,"utc":"14:29:00","flight":"SU226"},{"day":3,"utc":"13:27:00","flight":"SU470"},{"day":4,"utc":"22:34:00","flight":"SU059"},{"day":5,"utc":"16:40:00","flight":"SU910"},{"day":5,"utc":"13:09:00","flight":"SU105"},{"day":5,"utc":"17:27:00","flight":"SU637"},{"day":5,"utc":"18:06:00","flight":"SU764"},{"day":6,"utc":"15:46:00","flight":"SU376"},{"day":6,"utc":"15:15:00","flight":"SU159"}]}