{"id":36436,"type":"route","airline":"KL","airlineid":"airline_3090","sourceairport":"ATL","destinationairport":"PNS","stops":0,"equipment":"M90","schedule":[{"day":0,"utc":"19:36:00","flight":"KL788"},{"day":0,"utc":"08:23:00","flight":"KL291"},{"day":0,"utc":"14:11:00","flight":"KL702"},{"day":0,"utc":"21:44:00","flight":"KL955"},{"day":0,"utc":"04:56:00","flight":"KL665"},{"day":1,"utc":"03:57:00","flight":"KL518"},{"day":1,"utc":"18:34:00","flight":"KL731"},{"day":1,"utc":"14:51:00","flight":"KL822"},{"day":2,"utc":"14:56:00","flight":"KL166"},{"day":2,"utc":"05:11:00","flight":"KL020"},{"day":3,"utc":"22:50:00","flight":"KL625"},{"day":3,"utc":"22:01:00","flight":"KL578"},{"day":3,"utc":"14:20:00","flight":"KL777"},{"day":3,"utc":"09:22:00","flight":"KL254"},{"day":4,"utc":"16:16:00","flight":"KL131"},{"day":4,"utc":"05:58:00","flight":"KL373"},{"day":5,"utc":"00:53:00","flight":"KL410"},{"day":5,"utc":"01:47:00","flight":"KL621"},{"day":5,"utc":"15:56:00","flight":"KL019"},{"day":5,"utc":"22:04:00","flight":"KL935"},{"day":6,"utc":"19:33:00","flight":"KL132"},{"day":6,"utc":"19:09:00","flight":"KL926"},{"day":6,"utc":"05:28:00","flight":"KL865"},{"day":6,"utc":"10:39:00","flight":"KL126"},{"day":6,"utc":"12:59:00","flight":"KL805"}],"distance":437.3399991361703}