{"id":64633,"type":"route","airline":"WS","airlineid":"airline_5416","sourceairport":"MYR","destinationairport":"YYZ","stops":0,"equipment":"73W","schedule":[{"day":0,"utc":"20:12:00","flight":"WS452"},{"day":0,"utc":"21:19:00","flight":"WS813"},{"day":0,"utc":"18:20:00","flight":"WS065"},{"day":1,"utc":"05:16:00","flight":"WS046"},{"day":1,"utc":"17:40:00","flight":"WS429"},{"day":1,"utc":"05:36:00","flight":"WS908"},{"day":2,"utc":"18:58:00","flight":"WS689"},{"day":3,"utc":"07:05:00","flight":"WS946"},{"day":4,"utc":"11:34:00","flight":"WS087"},{"day":4,"utc":"07:01:00","flight":"WS323"},{"day":5,"utc":"23:18:00","flight":"WS652"},{"day":5,"utc":"10:16:00","flight":"WS473"},{"day":5,"utc":"06:24:00","flight":"WS966"},{"day":6,"utc":"12:01:00","flight":"WS830"},{"day":6,"utc":"01:52:00","flight":"WS654"},{"day":6,"utc":"15:17:00","flight":"WS582"}],"distance":1113.3258787697102}