{"id":27634,"type":"route","airline":"FR","airlineid":"airline_4296","sourceairport":"POZ","destinationairport":"STN","stops":0,"equipment":"738","schedule":[{"day":0,"utc":"15:31:00","flight":"FR961"},{"day":0,"utc":"00:19:00","flight":"FR269"},{"day":0,"utc":"00:29:00","flight":"FR472"},{"day":0,"utc":"17:54:00","flight":"FR731"},{"day":0,"utc":"10:25:00","flight":"FR901"},{"day":1,"utc":"03:43:00","flight":"FR784"},{"day":2,"utc":"11:11:00","flight":"FR718"},{"day":3,"utc":"08:10:00","flight":"FR154"},{"day":3,"utc":"10:41:00","flight":"FR888"},{"day":4,"utc":"19:30:00","flight":"FR976"},{"day":5,"utc":"17:24:00","flight":"FR251"},{"day":5,"utc":"11:47:00","flight":"FR546"},{"day":6,"utc":"09:02:00","flight":"FR680"},{"day":6,"utc":"04:37:00","flight":"FR968"},{"day":6,"utc":"20:39:00","flight":"FR692"}],"distance":1131.0043827245706}