{"id":6745,"type":"route","airline":"AA","airlineid":"airline_24","sourceairport":"SEA","destinationairport":"DEN","stops":0,"equipment":"737","schedule":[{"day":0,"utc":"02:18:00","flight":"AA548"},{"day":0,"utc":"13:06:00","flight":"AA167"},{"day":0,"utc":"01:22:00","flight":"AA957"},{"day":0,"utc":"00:35:00","flight":"AA629"},{"day":0,"utc":"11:31:00","flight":"AA167"},{"day":1,"utc":"00:28:00","flight":"AA638"},{"day":1,"utc":"21:23:00","flight":"AA403"},{"day":1,"utc":"16:37:00","flight":"AA206"},{"day":1,"utc":"19:40:00","flight":"AA149"},{"day":2,"utc":"00:25:00","flight":"AA135"},{"day":2,"utc":"03:05:00","flight":"AA186"},{"day":2,"utc":"12:03:00","flight":"AA438"},{"day":3,"utc":"22:28:00","flight":"AA413"},{"day":3,"utc":"08:14:00","flight":"AA246"},{"day":4,"utc":"13:36:00","flight":"AA756"},{"day":4,"utc":"15:46:00","flight":"AA309"},{"day":4,"utc":"12:01:00","flight":"AA393"},{"day":4,"utc":"05:57:00","flight":"AA365"},{"day":4,"utc":"17:46:00","flight":"AA177"},{"day":5,"utc":"00:34:00","flight":"AA519"},{"day":6,"utc":"11:51:00","flight":"AA396"},{"day":6,"utc":"02:34:00","flight":"AA459"}]}