{"id":25562,"type":"route","airline":"FL","airlineid":"airline_1316","sourceairport":"TPA","destinationairport":"SAT","stops":0,"equipment":"73W","schedule":[{"day":0,"utc":"05:03:00","flight":"FL802"},{"day":0,"utc":"03:00:00","flight":"FL598"},{"day":0,"utc":"02:55:00","flight":"FL282"},{"day":0,"utc":"18:57:00","flight":"FL183"},{"day":1,"utc":"07:14:00","flight":"FL163"},{"day":2,"utc":"18:24:00","flight":"FL334"},{"day":3,"utc":"19:00:00","flight":"FL997"},{"day":3,"utc":"19:41:00","flight":"FL893"},{"day":3,"utc":"10:02:00","flight":"FL973"},{"day":3,"utc":"00:42:00","flight":"FL682"},{"day":3,"utc":"22:10:00","flight":"FL275"},{"day":4,"utc":"01:23:00","flight":"FL847"},{"day":4,"utc":"06:23:00","flight":"FL469"},{"day":4,"utc":"10:22:00","flight":"FL004"},{"day":4,"utc":"01:58:00","flight":"FL389"},{"day":4,"utc":"21:20:00","flight":"FL801"},{"day":5,"utc":"14:51:00","flight":"FL751"},{"day":5,"utc":"21:22:00","flight":"FL442"},{"day":5,"utc":"16:50:00","flight":"FL532"},{"day":5,"utc":"09:33:00","flight":"FL283"},{"day":6,"utc":"01:14:00","flight":"FL273"},{"day":6,"utc":"07:03:00","flight":"FL842"},{"day":6,"utc":"15:08:00","flight":"FL838"},{"day":6,"utc":"05:46:00","flight":"FL353"},{"day":6,"utc":"10:42:00","flight":"FL770"}],"distance":1561.9283214645338}