{"id":26311,"type":"route","airline":"FR","airlineid":"airline_4296","sourceairport":"BVA","destinationairport":"NDR","stops":0,"equipment":"738","schedule":[{"day":0,"utc":"17:32:00","flight":"FR626"},{"day":1,"utc":"07:12:00","flight":"FR824"},{"day":1,"utc":"23:20:00","flight":"FR230"},{"day":1,"utc":"08:10:00","flight":"FR832"},{"day":1,"utc":"15:17:00","flight":"FR281"},{"day":1,"utc":"06:21:00","flight":"FR929"},{"day":2,"utc":"06:36:00","flight":"FR886"},{"day":3,"utc":"04:21:00","flight":"FR951"},{"day":3,"utc":"18:02:00","flight":"FR667"},{"day":3,"utc":"22:31:00","flight":"FR276"},{"day":4,"utc":"21:54:00","flight":"FR419"},{"day":4,"utc":"19:22:00","flight":"FR054"},{"day":4,"utc":"23:28:00","flight":"FR845"},{"day":4,"utc":"05:54:00","flight":"FR427"},{"day":5,"utc":"06:16:00","flight":"FR862"},{"day":5,"utc":"01:50:00","flight":"FR513"},{"day":6,"utc":"14:03:00","flight":"FR911"},{"day":6,"utc":"11:18:00","flight":"FR368"},{"day":6,"utc":"22:35:00","flight":"FR015"},{"day":6,"utc":"14:49:00","flight":"FR740"},{"day":6,"utc":"07:34:00","flight":"FR001"}]}