{"id":6262,"type":"route","airline":"AA","airlineid":"airline_24","sourceairport":"ORD","destinationairport":"DUS","stops":0,"equipment":"763","schedule":[{"day":0,"utc":"23:24:00","flight":"AA843"},{"day":0,"utc":"07:24:00","flight":"AA698"},{"day":0,"utc":"06:21:00","flight":"AA161"},{"day":0,"utc":"06:29:00","flight":"AA709"},{"day":0,"utc":"17:18:00","flight":"AA775"},{"day":1,"utc":"05:31:00","flight":"AA943"},{"day":1,"utc":"07:11:00","flight":"AA111"},{"day":1,"utc":"16:11:00","flight":"AA318"},{"day":1,"utc":"19:41:00","flight":"AA339"},{"day":2,"utc":"11:36:00","flight":"AA284"},{"day":2,"utc":"20:50:00","flight":"AA455"},{"day":2,"utc":"02:40:00","flight":"AA265"},{"day":2,"utc":"10:06:00","flight":"AA449"},{"day":3,"utc":"17:09:00","flight":"AA772"},{"day":3,"utc":"14:32:00","flight":"AA887"},{"day":3,"utc":"13:53:00","flight":"AA014"},{"day":3,"utc":"07:27:00","flight":"AA484"},{"day":4,"utc":"00:26:00","flight":"AA847"},{"day":4,"utc":"06:13:00","flight":"AA864"},{"day":5,"utc":"04:20:00","flight":"AA192"},{"day":5,"utc":"12:32:00","flight":"AA632"},{"day":5,"utc":"12:13:00","flight":"AA788"},{"day":5,"utc":"05:45:00","flight":"AA854"},{"day":6,"utc":"13:32:00","flight":"AA504"},{"day":6,"utc":"02:28:00","flight":"AA144"},{"day":6,"utc":"07:23:00","flight":"AA873"},{"day":6,"utc":"11:16:00","flight":"AA333"}],"distance":6788.409007803992}