{"id":14262,"type":"route","airline":"B6","airlineid":"airline_3029","sourceairport":"SJU","destinationairport":"STT","stops":0,"equipment":"E90","schedule":[{"day":0,"utc":"17:50:00","flight":"B6541"},{"day":0,"utc":"21:24:00","flight":"B6897"},{"day":0,"utc":"21:54:00","flight":"B6635"},{"day":1,"utc":"08:03:00","flight":"B6436"},{"day":1,"utc":"05:47:00","flight":"B6542"},{"day":2,"utc":"04:20:00","flight":"B6063"},{"day":3,"utc":"19:48:00","flight":"B6629"},{"day":3,"utc":"21:55:00","flight":"B6615"},{"day":3,"utc":"02:24:00","flight":"B6083"},{"day":3,"utc":"12:19:00","flight":"B6382"},{"day":4,"utc":"10:45:00","flight":"B6749"},{"day":5,"utc":"03:38:00","flight":"B6933"},{"day":5,"utc":"06:03:00","flight":"B6060"},{"day":5,"utc":"07:36:00","flight":"B6708"},{"day":5,"utc":"09:02:00","flight":"B6003"},{"day":5,"utc":"00:17:00","flight":"B6172"},{"day":6,"utc":"10:19:00","flight":"B6960"},{"day":6,"utc":"22:36:00","flight":"B6916"},{"day":6,"utc":"09:42:00","flight":"B6065"}],"distance":109.11381112438106}