{"id":53505,"type":"route","airline":"TOM","airlineid":"airline_5013","sourceairport":"EMA","destinationairport":"ACE","stops":0,"equipment":"73H","schedule":[{"day":0,"utc":"16:48:00","flight":"TOM765"},{"day":0,"utc":"00:43:00","flight":"TOM279"},{"day":0,"utc":"02:31:00","flight":"TOM803"},{"day":0,"utc":"01:39:00","flight":"TOM057"},{"day":0,"utc":"04:19:00","flight":"TOM259"},{"day":1,"utc":"02:45:00","flight":"TOM385"},{"day":1,"utc":"10:33:00","flight":"TOM282"},{"day":2,"utc":"18:16:00","flight":"TOM617"},{"day":2,"utc":"12:27:00","flight":"TOM501"},{"day":2,"utc":"11:06:00","flight":"TOM164"},{"day":2,"utc":"17:38:00","flight":"TOM185"},{"day":3,"utc":"01:38:00","flight":"TOM525"},{"day":4,"utc":"23:42:00","flight":"TOM195"},{"day":4,"utc":"23:06:00","flight":"TOM346"},{"day":4,"utc":"22:27:00","flight":"TOM998"},{"day":4,"utc":"07:39:00","flight":"TOM007"},{"day":5,"utc":"09:08:00","flight":"TOM889"},{"day":5,"utc":"07:04:00","flight":"TOM820"},{"day":5,"utc":"13:54:00","flight":"TOM345"},{"day":5,"utc":"12:27:00","flight":"TOM478"},{"day":5,"utc":"23:22:00","flight":"TOM644"},{"day":6,"utc":"13:12:00","flight":"TOM923"},{"day":6,"utc":"13:43:00","flight":"TOM801"},{"day":6,"utc":"16:56:00","flight":"TOM510"},{"day":6,"utc":"05:18:00","flight":"TOM717"},{"day":6,"utc":"18:15:00","flight":"TOM302"}],"distance":2840.2159275274475}