{"id":8196,"type":"route","airline":"AC","airlineid":"airline_330","sourceairport":"YUL","destinationairport":"CDG","stops":0,"equipment":"77W","schedule":[{"day":0,"utc":"20:47:00","flight":"AC390"},{"day":0,"utc":"15:04:00","flight":"AC929"},{"day":0,"utc":"22:34:00","flight":"AC795"},{"day":1,"utc":"22:29:00","flight":"AC309"},{"day":1,"utc":"16:12:00","flight":"AC380"},{"day":1,"utc":"20:31:00","flight":"AC497"},{"day":2,"utc":"10:04:00","flight":"AC671"},{"day":2,"utc":"06:54:00","flight":"AC277"},{"day":2,"utc":"14:24:00","flight":"AC326"},{"day":3,"utc":"03:59:00","flight":"AC006"},{"day":3,"utc":"23:51:00","flight":"AC499"},{"day":3,"utc":"19:07:00","flight":"AC709"},{"day":3,"utc":"11:00:00","flight":"AC837"},{"day":3,"utc":"06:40:00","flight":"AC092"},{"day":4,"utc":"21:47:00","flight":"AC864"},{"day":4,"utc":"13:51:00","flight":"AC464"},{"day":5,"utc":"19:20:00","flight":"AC627"},{"day":5,"utc":"15:33:00","flight":"AC640"},{"day":5,"utc":"03:41:00","flight":"AC662"},{"day":5,"utc":"17:46:00","flight":"AC043"},{"day":6,"utc":"09:10:00","flight":"AC823"},{"day":6,"utc":"17:06:00","flight":"AC948"}],"distance":5523.487162663376}