{"id":63582,"type":"route","airline":"WN","airlineid":"airline_4547","sourceairport":"BUR","destinationairport":"PHX","stops":0,"equipment":"73W","schedule":[{"day":0,"utc":"15:20:00","flight":"WN530"},{"day":0,"utc":"04:46:00","flight":"WN194"},{"day":0,"utc":"14:23:00","flight":"WN151"},{"day":0,"utc":"08:11:00","flight":"WN839"},{"day":1,"utc":"14:23:00","flight":"WN969"},{"day":1,"utc":"10:28:00","flight":"WN706"},{"day":1,"utc":"20:09:00","flight":"WN704"},{"day":1,"utc":"08:35:00","flight":"WN219"},{"day":1,"utc":"08:18:00","flight":"WN499"},{"day":2,"utc":"03:11:00","flight":"WN908"},{"day":3,"utc":"01:59:00","flight":"WN750"},{"day":3,"utc":"17:01:00","flight":"WN288"},{"day":3,"utc":"23:10:00","flight":"WN713"},{"day":3,"utc":"22:45:00","flight":"WN428"},{"day":4,"utc":"11:21:00","flight":"WN798"},{"day":4,"utc":"05:43:00","flight":"WN542"},{"day":5,"utc":"10:31:00","flight":"WN696"},{"day":5,"utc":"00:50:00","flight":"WN160"},{"day":5,"utc":"11:13:00","flight":"WN825"},{"day":5,"utc":"15:41:00","flight":"WN259"},{"day":6,"utc":"10:33:00","flight":"WN928"},{"day":6,"utc":"21:12:00","flight":"WN905"},{"day":6,"utc":"02:15:00","flight":"WN898"}]}