{"id":63582,"type":"route","airline":"WN","airlineid":"airline_4547","sourceairport":"BUR","destinationairport":"PHX","stops":0,"equipment":"73W","schedule":[{"day":0,"utc":"15:14:00","flight":"WN480"},{"day":0,"utc":"13:15:00","flight":"WN512"},{"day":0,"utc":"10:19:00","flight":"WN371"},{"day":0,"utc":"11:17:00","flight":"WN444"},{"day":0,"utc":"09:40:00","flight":"WN258"},{"day":1,"utc":"22:06:00","flight":"WN776"},{"day":1,"utc":"11:52:00","flight":"WN886"},{"day":1,"utc":"23:13:00","flight":"WN863"},{"day":1,"utc":"22:31:00","flight":"WN149"},{"day":1,"utc":"13:57:00","flight":"WN163"},{"day":2,"utc":"21:13:00","flight":"WN479"},{"day":2,"utc":"12:09:00","flight":"WN841"},{"day":2,"utc":"05:02:00","flight":"WN926"},{"day":2,"utc":"11:14:00","flight":"WN458"},{"day":2,"utc":"15:45:00","flight":"WN561"},{"day":3,"utc":"04:41:00","flight":"WN431"},{"day":3,"utc":"13:43:00","flight":"WN457"},{"day":3,"utc":"01:32:00","flight":"WN133"},{"day":3,"utc":"15:43:00","flight":"WN602"},{"day":3,"utc":"21:00:00","flight":"WN368"},{"day":4,"utc":"10:41:00","flight":"WN647"},{"day":4,"utc":"09:08:00","flight":"WN091"},{"day":4,"utc":"18:28:00","flight":"WN864"},{"day":5,"utc":"06:39:00","flight":"WN592"},{"day":5,"utc":"05:28:00","flight":"WN595"},{"day":5,"utc":"02:31:00","flight":"WN494"},{"day":6,"utc":"05:29:00","flight":"WN290"}],"distance":592.4169260782846}