{"id":30640,"type":"route","airline":"HA","airlineid":"airline_2688","sourceairport":"HNL","destinationairport":"PDX","stops":0,"equipment":"332","schedule":[{"day":0,"utc":"22:20:00","flight":"HA632"},{"day":0,"utc":"00:56:00","flight":"HA604"},{"day":0,"utc":"05:57:00","flight":"HA267"},{"day":0,"utc":"03:39:00","flight":"HA565"},{"day":0,"utc":"00:59:00","flight":"HA402"},{"day":1,"utc":"04:32:00","flight":"HA420"},{"day":2,"utc":"16:23:00","flight":"HA613"},{"day":2,"utc":"08:19:00","flight":"HA704"},{"day":2,"utc":"00:42:00","flight":"HA884"},{"day":3,"utc":"21:49:00","flight":"HA940"},{"day":4,"utc":"05:38:00","flight":"HA824"},{"day":4,"utc":"05:33:00","flight":"HA190"},{"day":4,"utc":"11:19:00","flight":"HA558"},{"day":5,"utc":"20:12:00","flight":"HA852"},{"day":5,"utc":"21:45:00","flight":"HA748"},{"day":5,"utc":"08:13:00","flight":"HA264"},{"day":5,"utc":"14:24:00","flight":"HA664"},{"day":5,"utc":"13:40:00","flight":"HA374"},{"day":6,"utc":"04:59:00","flight":"HA439"},{"day":6,"utc":"22:13:00","flight":"HA361"},{"day":6,"utc":"06:57:00","flight":"HA546"},{"day":6,"utc":"06:22:00","flight":"HA024"}],"distance":4188.21779416131}