{"id":24914,"type":"route","airline":"FL","airlineid":"airline_1316","sourceairport":"AUS","destinationairport":"SMF","stops":0,"equipment":"73W","schedule":[{"day":0,"utc":"13:40:00","flight":"FL077"},{"day":0,"utc":"13:20:00","flight":"FL618"},{"day":0,"utc":"01:45:00","flight":"FL386"},{"day":0,"utc":"03:26:00","flight":"FL790"},{"day":0,"utc":"15:22:00","flight":"FL874"},{"day":1,"utc":"13:59:00","flight":"FL788"},{"day":1,"utc":"21:15:00","flight":"FL290"},{"day":1,"utc":"05:44:00","flight":"FL948"},{"day":2,"utc":"00:59:00","flight":"FL691"},{"day":3,"utc":"12:14:00","flight":"FL259"},{"day":3,"utc":"07:39:00","flight":"FL925"},{"day":3,"utc":"11:16:00","flight":"FL940"},{"day":3,"utc":"03:09:00","flight":"FL223"},{"day":4,"utc":"08:30:00","flight":"FL330"},{"day":4,"utc":"13:56:00","flight":"FL623"},{"day":4,"utc":"05:46:00","flight":"FL362"},{"day":4,"utc":"17:50:00","flight":"FL888"},{"day":5,"utc":"10:19:00","flight":"FL830"},{"day":5,"utc":"16:50:00","flight":"FL071"},{"day":6,"utc":"20:24:00","flight":"FL104"}]}