{"id":60086,"type":"route","airline":"US","airlineid":"airline_5265","sourceairport":"PHL","destinationairport":"MIA","stops":0,"equipment":"738 321 752 320","schedule":[{"day":0,"utc":"15:46:00","flight":"US614"},{"day":0,"utc":"10:16:00","flight":"US705"},{"day":0,"utc":"05:12:00","flight":"US313"},{"day":1,"utc":"07:35:00","flight":"US822"},{"day":2,"utc":"06:56:00","flight":"US786"},{"day":2,"utc":"11:28:00","flight":"US092"},{"day":3,"utc":"07:10:00","flight":"US685"},{"day":4,"utc":"04:56:00","flight":"US155"},{"day":4,"utc":"21:25:00","flight":"US335"},{"day":5,"utc":"20:07:00","flight":"US768"},{"day":5,"utc":"15:06:00","flight":"US225"},{"day":5,"utc":"15:14:00","flight":"US872"},{"day":5,"utc":"17:02:00","flight":"US456"},{"day":5,"utc":"14:05:00","flight":"US052"},{"day":6,"utc":"11:36:00","flight":"US235"}],"distance":1634.237391603471}