{"id":36275,"type":"route","airline":"KL","airlineid":"airline_3090","sourceairport":"AMS","destinationairport":"NWI","stops":0,"equipment":"F70","schedule":[{"day":0,"utc":"14:45:00","flight":"KL574"},{"day":1,"utc":"07:39:00","flight":"KL381"},{"day":1,"utc":"23:21:00","flight":"KL238"},{"day":1,"utc":"12:56:00","flight":"KL341"},{"day":1,"utc":"03:36:00","flight":"KL310"},{"day":2,"utc":"23:19:00","flight":"KL686"},{"day":2,"utc":"12:53:00","flight":"KL557"},{"day":2,"utc":"14:59:00","flight":"KL471"},{"day":2,"utc":"10:17:00","flight":"KL139"},{"day":3,"utc":"23:26:00","flight":"KL716"},{"day":3,"utc":"03:27:00","flight":"KL405"},{"day":3,"utc":"01:37:00","flight":"KL996"},{"day":3,"utc":"07:09:00","flight":"KL539"},{"day":3,"utc":"19:51:00","flight":"KL342"},{"day":4,"utc":"07:53:00","flight":"KL586"},{"day":4,"utc":"15:13:00","flight":"KL563"},{"day":5,"utc":"12:15:00","flight":"KL817"},{"day":5,"utc":"02:19:00","flight":"KL357"},{"day":6,"utc":"01:48:00","flight":"KL246"},{"day":6,"utc":"07:45:00","flight":"KL884"}]}