{"id":9120,"type":"route","airline":"AF","airlineid":"airline_137","sourceairport":"ATL","destinationairport":"MSP","stops":0,"equipment":"320 M90 757","schedule":[{"day":0,"utc":"14:04:00","flight":"AF555"},{"day":0,"utc":"05:18:00","flight":"AF718"},{"day":0,"utc":"18:12:00","flight":"AF953"},{"day":0,"utc":"08:04:00","flight":"AF373"},{"day":1,"utc":"08:17:00","flight":"AF423"},{"day":1,"utc":"23:48:00","flight":"AF816"},{"day":2,"utc":"01:31:00","flight":"AF483"},{"day":3,"utc":"03:54:00","flight":"AF436"},{"day":3,"utc":"08:54:00","flight":"AF315"},{"day":3,"utc":"23:32:00","flight":"AF105"},{"day":4,"utc":"02:05:00","flight":"AF124"},{"day":4,"utc":"17:43:00","flight":"AF412"},{"day":4,"utc":"19:42:00","flight":"AF369"},{"day":4,"utc":"19:59:00","flight":"AF443"},{"day":4,"utc":"19:57:00","flight":"AF548"},{"day":5,"utc":"18:09:00","flight":"AF274"},{"day":5,"utc":"10:36:00","flight":"AF049"},{"day":5,"utc":"22:27:00","flight":"AF896"},{"day":5,"utc":"09:50:00","flight":"AF590"},{"day":5,"utc":"09:48:00","flight":"AF052"},{"day":6,"utc":"13:48:00","flight":"AF423"},{"day":6,"utc":"01:08:00","flight":"AF416"}],"distance":1459.7121738368726}