{"id":25318,"type":"route","airline":"FL","airlineid":"airline_1316","sourceairport":"MKE","destinationairport":"DCA","stops":0,"equipment":"717","schedule":[{"day":0,"utc":"13:46:00","flight":"FL954"},{"day":0,"utc":"06:19:00","flight":"FL760"},{"day":0,"utc":"22:44:00","flight":"FL999"},{"day":1,"utc":"04:26:00","flight":"FL097"},{"day":2,"utc":"16:14:00","flight":"FL481"},{"day":2,"utc":"10:45:00","flight":"FL061"},{"day":2,"utc":"02:45:00","flight":"FL627"},{"day":2,"utc":"20:18:00","flight":"FL880"},{"day":3,"utc":"06:09:00","flight":"FL703"},{"day":3,"utc":"08:03:00","flight":"FL175"},{"day":3,"utc":"21:54:00","flight":"FL340"},{"day":4,"utc":"15:36:00","flight":"FL751"},{"day":4,"utc":"00:29:00","flight":"FL058"},{"day":4,"utc":"02:46:00","flight":"FL192"},{"day":5,"utc":"01:23:00","flight":"FL969"},{"day":5,"utc":"12:11:00","flight":"FL598"},{"day":5,"utc":"12:13:00","flight":"FL746"},{"day":5,"utc":"13:55:00","flight":"FL074"},{"day":5,"utc":"22:02:00","flight":"FL696"},{"day":6,"utc":"11:00:00","flight":"FL076"},{"day":6,"utc":"04:03:00","flight":"FL066"}]}