{"id":56997,"type":"route","airline":"UA","airlineid":"airline_5209","sourceairport":"LAX","destinationairport":"PHX","stops":0,"equipment":"CR7 CRJ","schedule":[{"day":0,"utc":"18:25:00","flight":"UA913"},{"day":1,"utc":"22:19:00","flight":"UA559"},{"day":1,"utc":"10:43:00","flight":"UA804"},{"day":2,"utc":"11:35:00","flight":"UA608"},{"day":2,"utc":"09:52:00","flight":"UA246"},{"day":2,"utc":"02:12:00","flight":"UA162"},{"day":2,"utc":"12:09:00","flight":"UA872"},{"day":2,"utc":"05:03:00","flight":"UA201"},{"day":3,"utc":"17:49:00","flight":"UA458"},{"day":3,"utc":"15:13:00","flight":"UA402"},{"day":4,"utc":"12:22:00","flight":"UA190"},{"day":4,"utc":"12:49:00","flight":"UA675"},{"day":4,"utc":"18:00:00","flight":"UA774"},{"day":4,"utc":"06:15:00","flight":"UA558"},{"day":4,"utc":"08:09:00","flight":"UA829"},{"day":5,"utc":"07:54:00","flight":"UA031"},{"day":6,"utc":"20:50:00","flight":"UA787"},{"day":6,"utc":"01:06:00","flight":"UA961"},{"day":6,"utc":"13:57:00","flight":"UA820"},{"day":6,"utc":"12:37:00","flight":"UA152"}],"distance":594.407081704725}