{"id":6405,"type":"route","airline":"AA","airlineid":"airline_24","sourceairport":"PHL","destinationairport":"AUA","stops":0,"equipment":"320","schedule":[{"day":0,"utc":"21:54:00","flight":"AA463"},{"day":0,"utc":"10:41:00","flight":"AA919"},{"day":0,"utc":"08:03:00","flight":"AA188"},{"day":0,"utc":"19:58:00","flight":"AA216"},{"day":1,"utc":"01:52:00","flight":"AA549"},{"day":1,"utc":"17:18:00","flight":"AA985"},{"day":1,"utc":"22:27:00","flight":"AA957"},{"day":1,"utc":"14:03:00","flight":"AA958"},{"day":2,"utc":"23:53:00","flight":"AA963"},{"day":2,"utc":"01:02:00","flight":"AA700"},{"day":3,"utc":"16:18:00","flight":"AA554"},{"day":3,"utc":"22:28:00","flight":"AA887"},{"day":3,"utc":"03:27:00","flight":"AA197"},{"day":3,"utc":"13:00:00","flight":"AA878"},{"day":3,"utc":"06:59:00","flight":"AA385"},{"day":4,"utc":"05:46:00","flight":"AA285"},{"day":4,"utc":"06:03:00","flight":"AA053"},{"day":4,"utc":"10:16:00","flight":"AA964"},{"day":5,"utc":"05:07:00","flight":"AA446"},{"day":5,"utc":"10:09:00","flight":"AA945"},{"day":6,"utc":"22:01:00","flight":"AA934"},{"day":6,"utc":"22:27:00","flight":"AA997"}],"distance":3086.3489323962963}