{"id":55497,"type":"route","airline":"U2","airlineid":"airline_2297","sourceairport":"VCE","destinationairport":"MAN","stops":0,"equipment":"319","schedule":[{"day":0,"utc":"06:52:00","flight":"U2679"},{"day":0,"utc":"20:03:00","flight":"U2137"},{"day":1,"utc":"12:04:00","flight":"U2060"},{"day":1,"utc":"08:05:00","flight":"U2245"},{"day":1,"utc":"13:02:00","flight":"U2891"},{"day":2,"utc":"04:03:00","flight":"U2361"},{"day":2,"utc":"21:27:00","flight":"U2401"},{"day":2,"utc":"19:03:00","flight":"U2755"},{"day":2,"utc":"17:20:00","flight":"U2562"},{"day":3,"utc":"17:53:00","flight":"U2081"},{"day":3,"utc":"17:17:00","flight":"U2584"},{"day":4,"utc":"11:52:00","flight":"U2402"},{"day":4,"utc":"17:03:00","flight":"U2047"},{"day":4,"utc":"05:09:00","flight":"U2117"},{"day":5,"utc":"22:17:00","flight":"U2769"},{"day":5,"utc":"18:34:00","flight":"U2688"},{"day":5,"utc":"14:28:00","flight":"U2318"},{"day":5,"utc":"19:08:00","flight":"U2109"},{"day":6,"utc":"19:13:00","flight":"U2707"},{"day":6,"utc":"09:16:00","flight":"U2725"},{"day":6,"utc":"17:20:00","flight":"U2308"},{"day":6,"utc":"04:27:00","flight":"U2529"},{"day":6,"utc":"06:15:00","flight":"U2091"}],"distance":1366.804571603969}