{"id":9343,"type":"route","airline":"AF","airlineid":"airline_137","sourceairport":"CDG","destinationairport":"LBV","stops":0,"equipment":"772 77W","schedule":[{"day":0,"utc":"03:43:00","flight":"AF334"},{"day":0,"utc":"00:34:00","flight":"AF764"},{"day":1,"utc":"11:15:00","flight":"AF607"},{"day":1,"utc":"04:25:00","flight":"AF097"},{"day":1,"utc":"12:04:00","flight":"AF758"},{"day":1,"utc":"17:50:00","flight":"AF264"},{"day":1,"utc":"17:27:00","flight":"AF099"},{"day":2,"utc":"02:14:00","flight":"AF779"},{"day":3,"utc":"19:05:00","flight":"AF355"},{"day":3,"utc":"20:07:00","flight":"AF657"},{"day":4,"utc":"22:15:00","flight":"AF100"},{"day":4,"utc":"00:59:00","flight":"AF191"},{"day":4,"utc":"00:03:00","flight":"AF245"},{"day":4,"utc":"10:32:00","flight":"AF040"},{"day":5,"utc":"21:06:00","flight":"AF917"},{"day":5,"utc":"13:43:00","flight":"AF953"},{"day":5,"utc":"13:16:00","flight":"AF274"},{"day":5,"utc":"21:27:00","flight":"AF491"},{"day":5,"utc":"15:06:00","flight":"AF086"},{"day":6,"utc":"02:23:00","flight":"AF865"}],"distance":5438.803268853821}