{"id":5019,"type":"route","airline":"AA","airlineid":"airline_24","sourceairport":"CLT","destinationairport":"VPS","stops":0,"equipment":"CRJ","schedule":[{"day":0,"utc":"04:01:00","flight":"AA077"},{"day":0,"utc":"10:13:00","flight":"AA113"},{"day":0,"utc":"11:20:00","flight":"AA707"},{"day":0,"utc":"23:41:00","flight":"AA801"},{"day":0,"utc":"18:54:00","flight":"AA917"},{"day":1,"utc":"13:10:00","flight":"AA581"},{"day":1,"utc":"01:55:00","flight":"AA102"},{"day":1,"utc":"03:29:00","flight":"AA208"},{"day":2,"utc":"16:58:00","flight":"AA889"},{"day":2,"utc":"08:26:00","flight":"AA702"},{"day":3,"utc":"04:36:00","flight":"AA981"},{"day":3,"utc":"15:14:00","flight":"AA465"},{"day":4,"utc":"11:01:00","flight":"AA111"},{"day":4,"utc":"18:58:00","flight":"AA529"},{"day":4,"utc":"02:48:00","flight":"AA091"},{"day":4,"utc":"22:09:00","flight":"AA884"},{"day":5,"utc":"21:53:00","flight":"AA246"},{"day":6,"utc":"23:52:00","flight":"AA247"},{"day":6,"utc":"16:46:00","flight":"AA475"},{"day":6,"utc":"08:48:00","flight":"AA678"},{"day":6,"utc":"20:29:00","flight":"AA755"}],"distance":740.4277266958715}