{"id":25349,"type":"route","airline":"FL","airlineid":"airline_1316","sourceairport":"MSY","destinationairport":"FLL","stops":0,"equipment":"73W 73C","schedule":[{"day":0,"utc":"11:04:00","flight":"FL206"},{"day":0,"utc":"19:51:00","flight":"FL130"},{"day":0,"utc":"01:46:00","flight":"FL134"},{"day":0,"utc":"17:18:00","flight":"FL197"},{"day":0,"utc":"23:34:00","flight":"FL280"},{"day":1,"utc":"03:24:00","flight":"FL859"},{"day":1,"utc":"12:52:00","flight":"FL168"},{"day":2,"utc":"13:22:00","flight":"FL318"},{"day":3,"utc":"16:33:00","flight":"FL729"},{"day":3,"utc":"17:45:00","flight":"FL438"},{"day":3,"utc":"13:13:00","flight":"FL704"},{"day":3,"utc":"09:42:00","flight":"FL256"},{"day":4,"utc":"23:38:00","flight":"FL916"},{"day":4,"utc":"02:30:00","flight":"FL467"},{"day":4,"utc":"23:26:00","flight":"FL636"},{"day":5,"utc":"18:51:00","flight":"FL994"},{"day":5,"utc":"18:04:00","flight":"FL396"},{"day":5,"utc":"11:38:00","flight":"FL593"},{"day":6,"utc":"15:03:00","flight":"FL435"},{"day":6,"utc":"21:13:00","flight":"FL925"},{"day":6,"utc":"18:31:00","flight":"FL207"},{"day":6,"utc":"08:15:00","flight":"FL584"},{"day":6,"utc":"16:20:00","flight":"FL199"}],"distance":1082.8272560591784}