{"id":37017,"type":"route","airline":"KM","airlineid":"airline_242","sourceairport":"MAN","destinationairport":"MLA","stops":0,"equipment":"320","schedule":[{"day":0,"utc":"17:23:00","flight":"KM105"},{"day":0,"utc":"19:52:00","flight":"KM667"},{"day":0,"utc":"21:11:00","flight":"KM621"},{"day":0,"utc":"18:25:00","flight":"KM310"},{"day":1,"utc":"17:26:00","flight":"KM554"},{"day":2,"utc":"09:27:00","flight":"KM667"},{"day":2,"utc":"00:53:00","flight":"KM831"},{"day":2,"utc":"18:07:00","flight":"KM958"},{"day":2,"utc":"23:53:00","flight":"KM573"},{"day":2,"utc":"05:04:00","flight":"KM663"},{"day":3,"utc":"10:53:00","flight":"KM883"},{"day":3,"utc":"03:58:00","flight":"KM406"},{"day":3,"utc":"09:41:00","flight":"KM400"},{"day":4,"utc":"14:12:00","flight":"KM431"},{"day":4,"utc":"07:21:00","flight":"KM902"},{"day":4,"utc":"15:07:00","flight":"KM916"},{"day":4,"utc":"00:09:00","flight":"KM690"},{"day":4,"utc":"12:38:00","flight":"KM906"},{"day":5,"utc":"14:31:00","flight":"KM798"},{"day":5,"utc":"06:07:00","flight":"KM120"},{"day":5,"utc":"00:14:00","flight":"KM209"},{"day":5,"utc":"21:06:00","flight":"KM961"},{"day":5,"utc":"17:54:00","flight":"KM861"},{"day":6,"utc":"07:00:00","flight":"KM627"},{"day":6,"utc":"05:53:00","flight":"KM218"}]}