{"id":51949,"type":"route","airline":"TCX","airlineid":"airline_4897","sourceairport":"PMI","destinationairport":"LGW","stops":0,"equipment":"321","schedule":[{"day":0,"utc":"18:42:00","flight":"TCX810"},{"day":0,"utc":"23:17:00","flight":"TCX870"},{"day":0,"utc":"22:47:00","flight":"TCX299"},{"day":0,"utc":"01:13:00","flight":"TCX996"},{"day":0,"utc":"10:41:00","flight":"TCX777"},{"day":1,"utc":"08:59:00","flight":"TCX057"},{"day":1,"utc":"23:21:00","flight":"TCX334"},{"day":2,"utc":"23:45:00","flight":"TCX778"},{"day":2,"utc":"13:58:00","flight":"TCX425"},{"day":2,"utc":"08:44:00","flight":"TCX810"},{"day":2,"utc":"03:57:00","flight":"TCX311"},{"day":2,"utc":"00:38:00","flight":"TCX921"},{"day":3,"utc":"09:22:00","flight":"TCX810"},{"day":3,"utc":"16:17:00","flight":"TCX694"},{"day":3,"utc":"03:49:00","flight":"TCX811"},{"day":3,"utc":"07:34:00","flight":"TCX705"},{"day":3,"utc":"13:27:00","flight":"TCX183"},{"day":4,"utc":"03:12:00","flight":"TCX482"},{"day":4,"utc":"13:12:00","flight":"TCX121"},{"day":4,"utc":"12:53:00","flight":"TCX042"},{"day":4,"utc":"18:26:00","flight":"TCX682"},{"day":5,"utc":"13:21:00","flight":"TCX004"},{"day":5,"utc":"04:58:00","flight":"TCX091"},{"day":6,"utc":"07:31:00","flight":"TCX792"},{"day":6,"utc":"21:39:00","flight":"TCX106"},{"day":6,"utc":"18:01:00","flight":"TCX910"}],"distance":1308.9748251064202}