{"id":30188,"type":"route","airline":"GS","airlineid":"airline_690","sourceairport":"CIF","destinationairport":"HET","stops":0,"equipment":"E90 ERJ","schedule":[{"day":0,"utc":"07:32:00","flight":"GS766"},{"day":0,"utc":"23:33:00","flight":"GS708"},{"day":0,"utc":"00:12:00","flight":"GS736"},{"day":0,"utc":"21:56:00","flight":"GS714"},{"day":0,"utc":"11:00:00","flight":"GS146"},{"day":1,"utc":"08:50:00","flight":"GS395"},{"day":2,"utc":"17:49:00","flight":"GS742"},{"day":2,"utc":"05:34:00","flight":"GS631"},{"day":2,"utc":"04:46:00","flight":"GS321"},{"day":3,"utc":"11:22:00","flight":"GS319"},{"day":3,"utc":"07:05:00","flight":"GS028"},{"day":3,"utc":"00:32:00","flight":"GS250"},{"day":3,"utc":"12:34:00","flight":"GS004"},{"day":4,"utc":"14:58:00","flight":"GS694"},{"day":4,"utc":"12:42:00","flight":"GS648"},{"day":4,"utc":"02:45:00","flight":"GS216"},{"day":4,"utc":"07:17:00","flight":"GS632"},{"day":5,"utc":"13:38:00","flight":"GS811"},{"day":5,"utc":"18:37:00","flight":"GS333"},{"day":6,"utc":"20:21:00","flight":"GS108"},{"day":6,"utc":"08:21:00","flight":"GS881"},{"day":6,"utc":"06:30:00","flight":"GS781"}]}