{"id":2769,"type":"route","airline":"7H","airlineid":"airline_16726","sourceairport":"WTK","destinationairport":"KVL","stops":0,"equipment":"CNC","schedule":[{"day":0,"utc":"11:32:00","flight":"7H445"},{"day":0,"utc":"02:26:00","flight":"7H253"},{"day":1,"utc":"11:30:00","flight":"7H271"},{"day":1,"utc":"17:57:00","flight":"7H998"},{"day":2,"utc":"07:18:00","flight":"7H156"},{"day":2,"utc":"09:38:00","flight":"7H014"},{"day":2,"utc":"22:01:00","flight":"7H793"},{"day":2,"utc":"00:11:00","flight":"7H343"},{"day":2,"utc":"06:34:00","flight":"7H284"},{"day":3,"utc":"19:44:00","flight":"7H854"},{"day":3,"utc":"18:15:00","flight":"7H015"},{"day":4,"utc":"08:19:00","flight":"7H082"},{"day":4,"utc":"14:09:00","flight":"7H126"},{"day":4,"utc":"17:07:00","flight":"7H558"},{"day":5,"utc":"21:00:00","flight":"7H709"},{"day":5,"utc":"10:39:00","flight":"7H490"},{"day":5,"utc":"07:33:00","flight":"7H718"},{"day":5,"utc":"09:36:00","flight":"7H688"},{"day":6,"utc":"05:22:00","flight":"7H351"},{"day":6,"utc":"11:07:00","flight":"7H959"}]}