{"id":60399,"type":"route","airline":"US","airlineid":"airline_5265","sourceairport":"SLC","destinationairport":"LAX","stops":0,"equipment":"CR7","schedule":[{"day":0,"utc":"02:07:00","flight":"US066"},{"day":1,"utc":"01:02:00","flight":"US867"},{"day":1,"utc":"10:57:00","flight":"US369"},{"day":1,"utc":"05:35:00","flight":"US148"},{"day":1,"utc":"20:25:00","flight":"US399"},{"day":2,"utc":"01:46:00","flight":"US102"},{"day":2,"utc":"09:18:00","flight":"US103"},{"day":2,"utc":"15:00:00","flight":"US306"},{"day":3,"utc":"14:00:00","flight":"US879"},{"day":3,"utc":"05:08:00","flight":"US104"},{"day":3,"utc":"02:10:00","flight":"US216"},{"day":4,"utc":"20:49:00","flight":"US695"},{"day":4,"utc":"10:48:00","flight":"US110"},{"day":4,"utc":"04:33:00","flight":"US840"},{"day":4,"utc":"19:35:00","flight":"US156"},{"day":4,"utc":"11:50:00","flight":"US725"},{"day":5,"utc":"01:48:00","flight":"US105"},{"day":5,"utc":"21:13:00","flight":"US060"},{"day":5,"utc":"02:21:00","flight":"US419"},{"day":5,"utc":"10:52:00","flight":"US952"},{"day":5,"utc":"09:57:00","flight":"US656"},{"day":6,"utc":"23:30:00","flight":"US860"},{"day":6,"utc":"10:09:00","flight":"US822"},{"day":6,"utc":"02:45:00","flight":"US124"}],"distance":949.3282218155823}