{"id":46308,"type":"route","airline":"PS","airlineid":"airline_5282","sourceairport":"KBP","destinationairport":"JFK","stops":0,"equipment":"767","schedule":[{"day":0,"utc":"18:54:00","flight":"PS185"},{"day":0,"utc":"20:22:00","flight":"PS336"},{"day":1,"utc":"15:59:00","flight":"PS816"},{"day":1,"utc":"16:53:00","flight":"PS398"},{"day":2,"utc":"11:01:00","flight":"PS572"},{"day":2,"utc":"11:59:00","flight":"PS011"},{"day":2,"utc":"10:34:00","flight":"PS426"},{"day":2,"utc":"19:03:00","flight":"PS520"},{"day":3,"utc":"21:30:00","flight":"PS540"},{"day":3,"utc":"10:29:00","flight":"PS853"},{"day":3,"utc":"00:19:00","flight":"PS602"},{"day":3,"utc":"05:12:00","flight":"PS578"},{"day":4,"utc":"00:00:00","flight":"PS205"},{"day":4,"utc":"20:53:00","flight":"PS425"},{"day":4,"utc":"16:42:00","flight":"PS067"},{"day":4,"utc":"13:25:00","flight":"PS335"},{"day":4,"utc":"02:59:00","flight":"PS096"},{"day":5,"utc":"17:00:00","flight":"PS214"},{"day":5,"utc":"11:17:00","flight":"PS450"},{"day":5,"utc":"16:41:00","flight":"PS314"},{"day":6,"utc":"12:43:00","flight":"PS345"},{"day":6,"utc":"20:16:00","flight":"PS008"},{"day":6,"utc":"21:51:00","flight":"PS432"}]}