{"id":14639,"type":"route","airline":"BA","airlineid":"airline_1355","sourceairport":"LGW","destinationairport":"LCA","stops":0,"equipment":"320","schedule":[{"day":0,"utc":"18:02:00","flight":"BA369"},{"day":0,"utc":"04:34:00","flight":"BA929"},{"day":1,"utc":"16:17:00","flight":"BA400"},{"day":1,"utc":"00:21:00","flight":"BA306"},{"day":2,"utc":"00:24:00","flight":"BA138"},{"day":2,"utc":"11:45:00","flight":"BA945"},{"day":2,"utc":"02:01:00","flight":"BA691"},{"day":2,"utc":"18:28:00","flight":"BA635"},{"day":2,"utc":"21:31:00","flight":"BA692"},{"day":3,"utc":"12:54:00","flight":"BA080"},{"day":3,"utc":"09:44:00","flight":"BA658"},{"day":3,"utc":"08:25:00","flight":"BA870"},{"day":4,"utc":"19:09:00","flight":"BA000"},{"day":4,"utc":"10:24:00","flight":"BA816"},{"day":4,"utc":"04:54:00","flight":"BA296"},{"day":4,"utc":"06:08:00","flight":"BA878"},{"day":4,"utc":"11:07:00","flight":"BA814"},{"day":5,"utc":"22:52:00","flight":"BA532"},{"day":5,"utc":"12:09:00","flight":"BA315"},{"day":5,"utc":"23:19:00","flight":"BA786"},{"day":5,"utc":"10:33:00","flight":"BA944"},{"day":5,"utc":"02:00:00","flight":"BA457"},{"day":6,"utc":"22:51:00","flight":"BA713"},{"day":6,"utc":"03:17:00","flight":"BA253"},{"day":6,"utc":"14:03:00","flight":"BA063"},{"day":6,"utc":"13:44:00","flight":"BA245"}],"distance":3247.4533575797736}