{"id":57251,"type":"route","airline":"UA","airlineid":"airline_5209","sourceairport":"ONT","destinationairport":"SFO","stops":0,"equipment":"CRJ","schedule":[{"day":0,"utc":"12:28:00","flight":"UA478"},{"day":0,"utc":"13:49:00","flight":"UA838"},{"day":0,"utc":"04:17:00","flight":"UA738"},{"day":0,"utc":"07:10:00","flight":"UA545"},{"day":0,"utc":"09:48:00","flight":"UA999"},{"day":1,"utc":"14:13:00","flight":"UA473"},{"day":1,"utc":"12:00:00","flight":"UA783"},{"day":2,"utc":"02:57:00","flight":"UA808"},{"day":2,"utc":"23:16:00","flight":"UA085"},{"day":2,"utc":"09:29:00","flight":"UA970"},{"day":2,"utc":"06:09:00","flight":"UA122"},{"day":2,"utc":"22:54:00","flight":"UA414"},{"day":3,"utc":"11:48:00","flight":"UA049"},{"day":3,"utc":"15:01:00","flight":"UA015"},{"day":3,"utc":"04:46:00","flight":"UA737"},{"day":3,"utc":"04:52:00","flight":"UA589"},{"day":4,"utc":"11:53:00","flight":"UA785"},{"day":4,"utc":"09:51:00","flight":"UA374"},{"day":4,"utc":"01:33:00","flight":"UA123"},{"day":5,"utc":"09:43:00","flight":"UA239"},{"day":5,"utc":"12:23:00","flight":"UA047"},{"day":5,"utc":"08:30:00","flight":"UA003"},{"day":6,"utc":"12:58:00","flight":"UA207"},{"day":6,"utc":"21:17:00","flight":"UA992"}],"distance":584.7614181722305}