{"id":59079,"type":"route","airline":"US","airlineid":"airline_5265","sourceairport":"DFW","destinationairport":"GUA","stops":0,"equipment":"738","schedule":[{"day":0,"utc":"05:12:00","flight":"US703"},{"day":0,"utc":"22:47:00","flight":"US847"},{"day":1,"utc":"04:20:00","flight":"US057"},{"day":1,"utc":"13:37:00","flight":"US103"},{"day":1,"utc":"00:20:00","flight":"US041"},{"day":2,"utc":"00:53:00","flight":"US521"},{"day":2,"utc":"08:59:00","flight":"US552"},{"day":2,"utc":"10:26:00","flight":"US688"},{"day":3,"utc":"22:40:00","flight":"US715"},{"day":4,"utc":"04:45:00","flight":"US273"},{"day":4,"utc":"07:18:00","flight":"US059"},{"day":4,"utc":"22:46:00","flight":"US429"},{"day":5,"utc":"00:56:00","flight":"US462"},{"day":5,"utc":"22:15:00","flight":"US055"},{"day":5,"utc":"04:23:00","flight":"US295"},{"day":5,"utc":"02:38:00","flight":"US395"},{"day":6,"utc":"07:42:00","flight":"US128"},{"day":6,"utc":"14:43:00","flight":"US403"},{"day":6,"utc":"21:44:00","flight":"US112"},{"day":6,"utc":"06:47:00","flight":"US581"},{"day":6,"utc":"04:06:00","flight":"US480"}]}