{"id":6056,"type":"route","airline":"AA","airlineid":"airline_24","sourceairport":"MIA","destinationairport":"LAS","stops":0,"equipment":"738 757","schedule":[{"day":0,"utc":"03:25:00","flight":"AA317"},{"day":0,"utc":"10:52:00","flight":"AA229"},{"day":0,"utc":"06:37:00","flight":"AA228"},{"day":1,"utc":"18:33:00","flight":"AA462"},{"day":1,"utc":"01:53:00","flight":"AA258"},{"day":2,"utc":"22:25:00","flight":"AA918"},{"day":2,"utc":"15:37:00","flight":"AA594"},{"day":3,"utc":"19:34:00","flight":"AA046"},{"day":4,"utc":"13:11:00","flight":"AA995"},{"day":4,"utc":"07:37:00","flight":"AA811"},{"day":4,"utc":"19:11:00","flight":"AA848"},{"day":4,"utc":"22:03:00","flight":"AA543"},{"day":4,"utc":"15:53:00","flight":"AA010"},{"day":5,"utc":"23:19:00","flight":"AA655"},{"day":6,"utc":"10:50:00","flight":"AA743"}],"distance":3494.1768518718336}