{"id":39342,"type":"route","airline":"LS","airlineid":"airline_3026","sourceairport":"GLA","destinationairport":"TFS","stops":0,"equipment":"738 73H","schedule":[{"day":0,"utc":"12:45:00","flight":"LS290"},{"day":0,"utc":"17:14:00","flight":"LS388"},{"day":0,"utc":"03:18:00","flight":"LS013"},{"day":0,"utc":"16:02:00","flight":"LS994"},{"day":0,"utc":"16:44:00","flight":"LS290"},{"day":1,"utc":"05:37:00","flight":"LS115"},{"day":1,"utc":"17:16:00","flight":"LS048"},{"day":1,"utc":"09:05:00","flight":"LS062"},{"day":1,"utc":"02:29:00","flight":"LS231"},{"day":2,"utc":"01:23:00","flight":"LS188"},{"day":2,"utc":"13:19:00","flight":"LS933"},{"day":2,"utc":"08:15:00","flight":"LS901"},{"day":2,"utc":"12:10:00","flight":"LS064"},{"day":2,"utc":"11:51:00","flight":"LS463"},{"day":3,"utc":"20:01:00","flight":"LS191"},{"day":3,"utc":"04:00:00","flight":"LS509"},{"day":3,"utc":"16:36:00","flight":"LS368"},{"day":3,"utc":"18:54:00","flight":"LS797"},{"day":3,"utc":"03:00:00","flight":"LS361"},{"day":4,"utc":"15:34:00","flight":"LS140"},{"day":4,"utc":"21:40:00","flight":"LS716"},{"day":4,"utc":"06:25:00","flight":"LS071"},{"day":4,"utc":"17:49:00","flight":"LS586"},{"day":4,"utc":"07:27:00","flight":"LS579"},{"day":5,"utc":"18:52:00","flight":"LS770"},{"day":5,"utc":"18:07:00","flight":"LS465"},{"day":6,"utc":"05:23:00","flight":"LS539"},{"day":6,"utc":"00:54:00","flight":"LS301"},{"day":6,"utc":"16:32:00","flight":"LS553"},{"day":6,"utc":"23:14:00","flight":"LS352"}]}