{"id":11852,"type":"route","airline":"AS","airlineid":"airline_439","sourceairport":"PHL","destinationairport":"SEA","stops":0,"equipment":"73J 73H","schedule":[{"day":0,"utc":"03:05:00","flight":"AS316"},{"day":0,"utc":"15:17:00","flight":"AS523"},{"day":0,"utc":"12:38:00","flight":"AS190"},{"day":1,"utc":"17:07:00","flight":"AS402"},{"day":1,"utc":"06:08:00","flight":"AS133"},{"day":1,"utc":"21:13:00","flight":"AS032"},{"day":1,"utc":"11:51:00","flight":"AS496"},{"day":2,"utc":"13:04:00","flight":"AS945"},{"day":3,"utc":"10:14:00","flight":"AS677"},{"day":3,"utc":"19:01:00","flight":"AS881"},{"day":3,"utc":"05:23:00","flight":"AS813"},{"day":3,"utc":"10:10:00","flight":"AS974"},{"day":4,"utc":"04:55:00","flight":"AS315"},{"day":4,"utc":"00:44:00","flight":"AS090"},{"day":4,"utc":"11:24:00","flight":"AS148"},{"day":5,"utc":"16:29:00","flight":"AS980"},{"day":6,"utc":"03:39:00","flight":"AS816"}],"distance":3817.671375732348}