{"id":60588,"type":"route","airline":"UX","airlineid":"airline_90","sourceairport":"CDG","destinationairport":"BIO","stops":0,"equipment":"E90","schedule":[{"day":0,"utc":"11:51:00","flight":"UX411"},{"day":0,"utc":"17:09:00","flight":"UX143"},{"day":0,"utc":"11:09:00","flight":"UX820"},{"day":1,"utc":"10:13:00","flight":"UX349"},{"day":2,"utc":"16:34:00","flight":"UX393"},{"day":2,"utc":"19:20:00","flight":"UX338"},{"day":2,"utc":"16:43:00","flight":"UX892"},{"day":2,"utc":"19:58:00","flight":"UX221"},{"day":2,"utc":"19:56:00","flight":"UX445"},{"day":3,"utc":"22:53:00","flight":"UX025"},{"day":3,"utc":"18:23:00","flight":"UX902"},{"day":3,"utc":"03:25:00","flight":"UX644"},{"day":3,"utc":"16:37:00","flight":"UX202"},{"day":3,"utc":"21:26:00","flight":"UX371"},{"day":4,"utc":"20:36:00","flight":"UX500"},{"day":5,"utc":"11:38:00","flight":"UX412"},{"day":5,"utc":"02:13:00","flight":"UX682"},{"day":6,"utc":"12:57:00","flight":"UX133"},{"day":6,"utc":"14:45:00","flight":"UX441"}],"distance":761.2951192038375}