{"id":61720,"type":"route","airline":"VS","airlineid":"airline_5347","sourceairport":"CUN","destinationairport":"LGW","stops":0,"equipment":"744","schedule":[{"day":0,"utc":"10:35:00","flight":"VS607"},{"day":0,"utc":"12:02:00","flight":"VS315"},{"day":0,"utc":"15:42:00","flight":"VS858"},{"day":0,"utc":"13:02:00","flight":"VS595"},{"day":0,"utc":"12:03:00","flight":"VS573"},{"day":1,"utc":"08:51:00","flight":"VS548"},{"day":1,"utc":"07:24:00","flight":"VS296"},{"day":1,"utc":"17:08:00","flight":"VS212"},{"day":2,"utc":"23:13:00","flight":"VS238"},{"day":2,"utc":"16:04:00","flight":"VS482"},{"day":2,"utc":"11:55:00","flight":"VS368"},{"day":2,"utc":"14:46:00","flight":"VS083"},{"day":3,"utc":"01:21:00","flight":"VS446"},{"day":3,"utc":"23:13:00","flight":"VS439"},{"day":3,"utc":"18:38:00","flight":"VS316"},{"day":3,"utc":"23:51:00","flight":"VS528"},{"day":3,"utc":"01:58:00","flight":"VS530"},{"day":4,"utc":"23:26:00","flight":"VS632"},{"day":4,"utc":"09:55:00","flight":"VS593"},{"day":4,"utc":"23:16:00","flight":"VS949"},{"day":4,"utc":"16:05:00","flight":"VS910"},{"day":5,"utc":"14:12:00","flight":"VS293"},{"day":5,"utc":"05:04:00","flight":"VS471"},{"day":5,"utc":"21:07:00","flight":"VS402"},{"day":5,"utc":"01:47:00","flight":"VS379"},{"day":5,"utc":"06:41:00","flight":"VS158"},{"day":6,"utc":"09:44:00","flight":"VS925"},{"day":6,"utc":"10:36:00","flight":"VS458"},{"day":6,"utc":"16:03:00","flight":"VS360"},{"day":6,"utc":"19:12:00","flight":"VS510"},{"day":6,"utc":"02:59:00","flight":"VS001"}],"distance":7976.732469503564}