{"id":57378,"type":"route","airline":"UA","airlineid":"airline_5209","sourceairport":"ORD","destinationairport":"SEA","stops":0,"equipment":"320 752 738 739","schedule":[{"day":0,"utc":"06:48:00","flight":"UA769"},{"day":1,"utc":"11:45:00","flight":"UA473"},{"day":1,"utc":"18:50:00","flight":"UA458"},{"day":1,"utc":"11:01:00","flight":"UA823"},{"day":2,"utc":"15:29:00","flight":"UA579"},{"day":2,"utc":"16:17:00","flight":"UA223"},{"day":2,"utc":"11:30:00","flight":"UA950"},{"day":2,"utc":"12:32:00","flight":"UA783"},{"day":3,"utc":"06:49:00","flight":"UA445"},{"day":3,"utc":"13:42:00","flight":"UA959"},{"day":4,"utc":"11:28:00","flight":"UA059"},{"day":5,"utc":"07:07:00","flight":"UA311"},{"day":5,"utc":"11:10:00","flight":"UA567"},{"day":5,"utc":"06:38:00","flight":"UA872"},{"day":5,"utc":"07:08:00","flight":"UA815"},{"day":5,"utc":"04:13:00","flight":"UA958"},{"day":6,"utc":"22:32:00","flight":"UA387"},{"day":6,"utc":"09:49:00","flight":"UA464"},{"day":6,"utc":"11:26:00","flight":"UA465"},{"day":6,"utc":"05:28:00","flight":"UA532"},{"day":6,"utc":"22:39:00","flight":"UA387"}]}