{"id":64079,"type":"route","airline":"WN","airlineid":"airline_4547","sourceairport":"MDW","destinationairport":"ALB","stops":0,"equipment":"73H 73W","schedule":[{"day":0,"utc":"17:20:00","flight":"WN748"},{"day":1,"utc":"16:15:00","flight":"WN446"},{"day":1,"utc":"01:52:00","flight":"WN313"},{"day":1,"utc":"03:13:00","flight":"WN273"},{"day":1,"utc":"15:44:00","flight":"WN829"},{"day":1,"utc":"06:28:00","flight":"WN180"},{"day":2,"utc":"11:34:00","flight":"WN899"},{"day":2,"utc":"21:15:00","flight":"WN257"},{"day":2,"utc":"09:49:00","flight":"WN527"},{"day":3,"utc":"07:32:00","flight":"WN075"},{"day":4,"utc":"01:36:00","flight":"WN563"},{"day":4,"utc":"08:57:00","flight":"WN863"},{"day":4,"utc":"19:27:00","flight":"WN267"},{"day":5,"utc":"21:35:00","flight":"WN265"},{"day":6,"utc":"11:05:00","flight":"WN722"}],"distance":1151.599946324703}