{"id":43518,"type":"route","airline":"NK","airlineid":"airline_4687","sourceairport":"ORD","destinationairport":"ACY","stops":0,"equipment":"319","schedule":[{"day":0,"utc":"19:20:00","flight":"NK996"},{"day":0,"utc":"09:11:00","flight":"NK980"},{"day":0,"utc":"12:07:00","flight":"NK086"},{"day":1,"utc":"06:56:00","flight":"NK294"},{"day":1,"utc":"04:04:00","flight":"NK149"},{"day":1,"utc":"10:41:00","flight":"NK505"},{"day":1,"utc":"07:18:00","flight":"NK568"},{"day":2,"utc":"06:41:00","flight":"NK722"},{"day":2,"utc":"08:08:00","flight":"NK699"},{"day":2,"utc":"06:38:00","flight":"NK663"},{"day":3,"utc":"14:21:00","flight":"NK143"},{"day":3,"utc":"13:59:00","flight":"NK036"},{"day":3,"utc":"20:05:00","flight":"NK069"},{"day":4,"utc":"21:01:00","flight":"NK554"},{"day":4,"utc":"08:46:00","flight":"NK638"},{"day":4,"utc":"00:08:00","flight":"NK369"},{"day":4,"utc":"19:04:00","flight":"NK824"},{"day":4,"utc":"18:39:00","flight":"NK621"},{"day":5,"utc":"21:06:00","flight":"NK283"},{"day":5,"utc":"04:11:00","flight":"NK701"},{"day":6,"utc":"12:30:00","flight":"NK208"}],"distance":1156.3469696813438}