{"id":6216,"type":"route","airline":"AA","airlineid":"airline_24","sourceairport":"OKC","destinationairport":"LAX","stops":0,"equipment":"CR7","schedule":[{"day":0,"utc":"18:06:00","flight":"AA345"},{"day":0,"utc":"10:22:00","flight":"AA032"},{"day":0,"utc":"22:06:00","flight":"AA148"},{"day":0,"utc":"12:18:00","flight":"AA531"},{"day":1,"utc":"09:09:00","flight":"AA587"},{"day":1,"utc":"07:14:00","flight":"AA462"},{"day":1,"utc":"06:45:00","flight":"AA606"},{"day":1,"utc":"22:51:00","flight":"AA831"},{"day":2,"utc":"00:49:00","flight":"AA458"},{"day":2,"utc":"02:05:00","flight":"AA925"},{"day":3,"utc":"00:49:00","flight":"AA630"},{"day":3,"utc":"13:01:00","flight":"AA627"},{"day":3,"utc":"16:16:00","flight":"AA353"},{"day":3,"utc":"00:01:00","flight":"AA414"},{"day":4,"utc":"22:48:00","flight":"AA661"},{"day":4,"utc":"14:14:00","flight":"AA281"},{"day":4,"utc":"18:56:00","flight":"AA069"},{"day":5,"utc":"05:45:00","flight":"AA534"},{"day":6,"utc":"18:30:00","flight":"AA806"},{"day":6,"utc":"06:04:00","flight":"AA421"}]}