{"id":54763,"type":"route","airline":"U2","airlineid":"airline_2297","sourceairport":"FCO","destinationairport":"NTE","stops":0,"equipment":"319","schedule":[{"day":0,"utc":"13:37:00","flight":"U2777"},{"day":1,"utc":"11:49:00","flight":"U2759"},{"day":1,"utc":"19:29:00","flight":"U2150"},{"day":1,"utc":"09:54:00","flight":"U2120"},{"day":2,"utc":"07:18:00","flight":"U2776"},{"day":2,"utc":"17:24:00","flight":"U2233"},{"day":3,"utc":"14:53:00","flight":"U2898"},{"day":3,"utc":"20:17:00","flight":"U2007"},{"day":3,"utc":"21:16:00","flight":"U2259"},{"day":3,"utc":"12:03:00","flight":"U2567"},{"day":3,"utc":"21:26:00","flight":"U2577"},{"day":4,"utc":"07:04:00","flight":"U2612"},{"day":4,"utc":"08:46:00","flight":"U2769"},{"day":4,"utc":"09:56:00","flight":"U2471"},{"day":4,"utc":"06:17:00","flight":"U2189"},{"day":4,"utc":"20:00:00","flight":"U2387"},{"day":5,"utc":"18:13:00","flight":"U2132"},{"day":5,"utc":"23:41:00","flight":"U2965"},{"day":5,"utc":"18:40:00","flight":"U2447"},{"day":6,"utc":"17:13:00","flight":"U2163"},{"day":6,"utc":"20:47:00","flight":"U2260"},{"day":6,"utc":"19:44:00","flight":"U2556"}],"distance":1247.7439104166704}