{"id":27239,"type":"route","airline":"FR","airlineid":"airline_4296","sourceairport":"MAD","destinationairport":"MRS","stops":0,"equipment":"738","schedule":[{"day":0,"utc":"23:49:00","flight":"FR227"},{"day":0,"utc":"21:45:00","flight":"FR254"},{"day":1,"utc":"19:01:00","flight":"FR379"},{"day":1,"utc":"20:31:00","flight":"FR811"},{"day":2,"utc":"15:10:00","flight":"FR626"},{"day":2,"utc":"06:16:00","flight":"FR663"},{"day":3,"utc":"23:12:00","flight":"FR273"},{"day":3,"utc":"22:48:00","flight":"FR339"},{"day":3,"utc":"20:29:00","flight":"FR529"},{"day":3,"utc":"00:22:00","flight":"FR006"},{"day":4,"utc":"05:11:00","flight":"FR482"},{"day":4,"utc":"09:45:00","flight":"FR571"},{"day":5,"utc":"22:31:00","flight":"FR309"},{"day":5,"utc":"11:12:00","flight":"FR576"},{"day":5,"utc":"12:27:00","flight":"FR503"},{"day":6,"utc":"18:55:00","flight":"FR625"},{"day":6,"utc":"21:57:00","flight":"FR969"}],"distance":795.7251132339568}