{"id":9704,"type":"route","airline":"AF","airlineid":"airline_137","sourceairport":"MAN","destinationairport":"CDG","stops":0,"equipment":"321 320","schedule":[{"day":0,"utc":"05:36:00","flight":"AF487"},{"day":0,"utc":"02:09:00","flight":"AF834"},{"day":0,"utc":"16:07:00","flight":"AF065"},{"day":1,"utc":"22:00:00","flight":"AF614"},{"day":1,"utc":"20:43:00","flight":"AF430"},{"day":2,"utc":"07:53:00","flight":"AF868"},{"day":2,"utc":"06:35:00","flight":"AF174"},{"day":3,"utc":"20:10:00","flight":"AF758"},{"day":3,"utc":"13:29:00","flight":"AF176"},{"day":4,"utc":"17:54:00","flight":"AF615"},{"day":4,"utc":"20:59:00","flight":"AF979"},{"day":4,"utc":"19:42:00","flight":"AF039"},{"day":4,"utc":"20:07:00","flight":"AF444"},{"day":5,"utc":"22:22:00","flight":"AF796"},{"day":5,"utc":"07:06:00","flight":"AF236"},{"day":5,"utc":"01:29:00","flight":"AF331"},{"day":5,"utc":"20:16:00","flight":"AF360"},{"day":6,"utc":"02:47:00","flight":"AF719"}],"distance":588.0015834233604}