{"id":60054,"type":"route","airline":"US","airlineid":"airline_5265","sourceairport":"PHL","destinationairport":"DUB","stops":0,"equipment":"332","schedule":[{"day":0,"utc":"08:59:00","flight":"US168"},{"day":0,"utc":"08:55:00","flight":"US991"},{"day":0,"utc":"20:39:00","flight":"US793"},{"day":1,"utc":"12:38:00","flight":"US242"},{"day":1,"utc":"00:26:00","flight":"US073"},{"day":2,"utc":"17:36:00","flight":"US026"},{"day":2,"utc":"08:17:00","flight":"US522"},{"day":2,"utc":"05:23:00","flight":"US239"},{"day":2,"utc":"23:27:00","flight":"US323"},{"day":2,"utc":"22:47:00","flight":"US209"},{"day":3,"utc":"16:09:00","flight":"US135"},{"day":4,"utc":"03:57:00","flight":"US426"},{"day":4,"utc":"09:28:00","flight":"US472"},{"day":4,"utc":"03:55:00","flight":"US635"},{"day":5,"utc":"22:15:00","flight":"US338"},{"day":6,"utc":"09:06:00","flight":"US259"},{"day":6,"utc":"08:10:00","flight":"US877"},{"day":6,"utc":"06:33:00","flight":"US022"},{"day":6,"utc":"15:52:00","flight":"US399"}]}