{"id":30433,"type":"route","airline":"GS","airlineid":"airline_690","sourceairport":"TXN","destinationairport":"HAK","stops":0,"equipment":"E90","schedule":[{"day":0,"utc":"00:28:00","flight":"GS208"},{"day":1,"utc":"09:31:00","flight":"GS530"},{"day":1,"utc":"06:10:00","flight":"GS914"},{"day":1,"utc":"02:23:00","flight":"GS829"},{"day":1,"utc":"11:09:00","flight":"GS632"},{"day":2,"utc":"19:01:00","flight":"GS520"},{"day":3,"utc":"13:29:00","flight":"GS494"},{"day":3,"utc":"11:18:00","flight":"GS095"},{"day":3,"utc":"07:43:00","flight":"GS121"},{"day":3,"utc":"23:00:00","flight":"GS192"},{"day":4,"utc":"14:11:00","flight":"GS024"},{"day":4,"utc":"00:05:00","flight":"GS575"},{"day":4,"utc":"22:30:00","flight":"GS388"},{"day":5,"utc":"10:55:00","flight":"GS364"},{"day":5,"utc":"17:26:00","flight":"GS068"},{"day":6,"utc":"22:18:00","flight":"GS183"},{"day":6,"utc":"15:15:00","flight":"GS993"},{"day":6,"utc":"23:01:00","flight":"GS284"},{"day":6,"utc":"12:48:00","flight":"GS547"},{"day":6,"utc":"13:03:00","flight":"GS997"}]}