{"id":9481,"type":"route","airline":"AF","airlineid":"airline_137","sourceairport":"DTW","destinationairport":"MSY","stops":0,"equipment":"319","schedule":[{"day":0,"utc":"10:43:00","flight":"AF322"},{"day":0,"utc":"05:41:00","flight":"AF726"},{"day":1,"utc":"16:43:00","flight":"AF076"},{"day":1,"utc":"12:26:00","flight":"AF474"},{"day":2,"utc":"14:56:00","flight":"AF028"},{"day":2,"utc":"19:07:00","flight":"AF758"},{"day":2,"utc":"23:30:00","flight":"AF110"},{"day":2,"utc":"05:06:00","flight":"AF822"},{"day":2,"utc":"18:09:00","flight":"AF767"},{"day":3,"utc":"03:00:00","flight":"AF085"},{"day":3,"utc":"11:36:00","flight":"AF601"},{"day":3,"utc":"11:35:00","flight":"AF887"},{"day":3,"utc":"02:37:00","flight":"AF910"},{"day":4,"utc":"05:59:00","flight":"AF593"},{"day":4,"utc":"02:45:00","flight":"AF044"},{"day":5,"utc":"16:04:00","flight":"AF753"},{"day":6,"utc":"23:23:00","flight":"AF932"},{"day":6,"utc":"11:15:00","flight":"AF709"},{"day":6,"utc":"17:12:00","flight":"AF695"},{"day":6,"utc":"05:21:00","flight":"AF167"}]}