{"id":39112,"type":"route","airline":"LO","airlineid":"airline_3210","sourceairport":"NCE","destinationairport":"WAW","stops":0,"equipment":"E75","schedule":[{"day":0,"utc":"09:34:00","flight":"LO980"},{"day":0,"utc":"08:17:00","flight":"LO735"},{"day":0,"utc":"20:14:00","flight":"LO238"},{"day":0,"utc":"03:41:00","flight":"LO744"},{"day":0,"utc":"04:04:00","flight":"LO407"},{"day":1,"utc":"04:58:00","flight":"LO418"},{"day":1,"utc":"03:19:00","flight":"LO567"},{"day":2,"utc":"13:37:00","flight":"LO517"},{"day":2,"utc":"09:41:00","flight":"LO058"},{"day":2,"utc":"23:18:00","flight":"LO981"},{"day":2,"utc":"20:07:00","flight":"LO947"},{"day":2,"utc":"03:33:00","flight":"LO704"},{"day":3,"utc":"15:12:00","flight":"LO699"},{"day":4,"utc":"18:14:00","flight":"LO049"},{"day":4,"utc":"18:49:00","flight":"LO181"},{"day":5,"utc":"07:28:00","flight":"LO392"},{"day":5,"utc":"18:05:00","flight":"LO329"},{"day":6,"utc":"15:08:00","flight":"LO663"},{"day":6,"utc":"15:05:00","flight":"LO086"},{"day":6,"utc":"07:41:00","flight":"LO659"},{"day":6,"utc":"16:02:00","flight":"LO354"},{"day":6,"utc":"21:52:00","flight":"LO656"}],"distance":1390.4852970755321}