{"id":61133,"type":"route","airline":"VA","airlineid":"airline_5360","sourceairport":"MUC","destinationairport":"MAN","stops":0,"equipment":"77W","schedule":[{"day":0,"utc":"10:37:00","flight":"VA293"},{"day":0,"utc":"04:49:00","flight":"VA486"},{"day":0,"utc":"14:25:00","flight":"VA660"},{"day":0,"utc":"13:58:00","flight":"VA480"},{"day":1,"utc":"16:08:00","flight":"VA112"},{"day":1,"utc":"12:08:00","flight":"VA562"},{"day":1,"utc":"16:26:00","flight":"VA218"},{"day":1,"utc":"04:30:00","flight":"VA877"},{"day":2,"utc":"19:30:00","flight":"VA763"},{"day":2,"utc":"19:58:00","flight":"VA684"},{"day":3,"utc":"06:07:00","flight":"VA915"},{"day":3,"utc":"18:16:00","flight":"VA448"},{"day":3,"utc":"23:22:00","flight":"VA729"},{"day":3,"utc":"20:51:00","flight":"VA129"},{"day":3,"utc":"19:41:00","flight":"VA890"},{"day":4,"utc":"02:12:00","flight":"VA293"},{"day":4,"utc":"22:34:00","flight":"VA989"},{"day":5,"utc":"14:05:00","flight":"VA130"},{"day":5,"utc":"10:17:00","flight":"VA397"},{"day":6,"utc":"04:32:00","flight":"VA038"},{"day":6,"utc":"08:21:00","flight":"VA312"},{"day":6,"utc":"04:45:00","flight":"VA406"},{"day":6,"utc":"08:28:00","flight":"VA761"},{"day":6,"utc":"23:29:00","flight":"VA984"}]}