{"id":63715,"type":"route","airline":"WN","airlineid":"airline_4547","sourceairport":"DEN","destinationairport":"FLL","stops":0,"equipment":"73W","schedule":[{"day":0,"utc":"22:53:00","flight":"WN959"},{"day":0,"utc":"18:54:00","flight":"WN315"},{"day":0,"utc":"07:56:00","flight":"WN648"},{"day":0,"utc":"20:14:00","flight":"WN439"},{"day":0,"utc":"06:41:00","flight":"WN978"},{"day":1,"utc":"08:44:00","flight":"WN458"},{"day":1,"utc":"22:36:00","flight":"WN660"},{"day":1,"utc":"21:18:00","flight":"WN900"},{"day":1,"utc":"19:05:00","flight":"WN387"},{"day":2,"utc":"04:54:00","flight":"WN250"},{"day":2,"utc":"02:04:00","flight":"WN141"},{"day":3,"utc":"21:32:00","flight":"WN637"},{"day":3,"utc":"20:35:00","flight":"WN029"},{"day":4,"utc":"18:50:00","flight":"WN423"},{"day":4,"utc":"17:09:00","flight":"WN433"},{"day":4,"utc":"19:40:00","flight":"WN801"},{"day":4,"utc":"02:44:00","flight":"WN648"},{"day":5,"utc":"15:30:00","flight":"WN026"},{"day":5,"utc":"07:17:00","flight":"WN739"},{"day":5,"utc":"14:40:00","flight":"WN633"},{"day":5,"utc":"20:04:00","flight":"WN859"},{"day":5,"utc":"10:23:00","flight":"WN653"},{"day":6,"utc":"23:07:00","flight":"WN283"},{"day":6,"utc":"03:29:00","flight":"WN354"},{"day":6,"utc":"13:24:00","flight":"WN215"}],"distance":2739.042285467841}