{"id":32895,"type":"route","airline":"IB","airlineid":"airline_2822","sourceairport":"RDU","destinationairport":"LHR","stops":0,"equipment":"763","schedule":[{"day":0,"utc":"08:48:00","flight":"IB644"},{"day":0,"utc":"01:51:00","flight":"IB919"},{"day":0,"utc":"02:00:00","flight":"IB113"},{"day":0,"utc":"07:20:00","flight":"IB729"},{"day":0,"utc":"23:55:00","flight":"IB693"},{"day":1,"utc":"05:08:00","flight":"IB668"},{"day":2,"utc":"23:01:00","flight":"IB273"},{"day":2,"utc":"21:46:00","flight":"IB357"},{"day":2,"utc":"14:00:00","flight":"IB504"},{"day":3,"utc":"18:36:00","flight":"IB061"},{"day":3,"utc":"02:31:00","flight":"IB279"},{"day":3,"utc":"15:39:00","flight":"IB261"},{"day":3,"utc":"04:55:00","flight":"IB492"},{"day":4,"utc":"03:48:00","flight":"IB848"},{"day":4,"utc":"09:56:00","flight":"IB129"},{"day":4,"utc":"09:44:00","flight":"IB290"},{"day":4,"utc":"16:19:00","flight":"IB229"},{"day":5,"utc":"23:41:00","flight":"IB249"},{"day":5,"utc":"10:40:00","flight":"IB617"},{"day":6,"utc":"21:05:00","flight":"IB088"},{"day":6,"utc":"00:19:00","flight":"IB954"},{"day":6,"utc":"21:39:00","flight":"IB562"},{"day":6,"utc":"08:58:00","flight":"IB680"},{"day":6,"utc":"08:21:00","flight":"IB649"}],"distance":6215.930826738673}