{"id":9186,"type":"route","airline":"AF","airlineid":"airline_137","sourceairport":"BEG","destinationairport":"CDG","stops":0,"equipment":"320","schedule":[{"day":0,"utc":"13:44:00","flight":"AF734"},{"day":0,"utc":"17:21:00","flight":"AF480"},{"day":0,"utc":"03:12:00","flight":"AF028"},{"day":1,"utc":"08:14:00","flight":"AF290"},{"day":1,"utc":"14:32:00","flight":"AF528"},{"day":1,"utc":"19:05:00","flight":"AF076"},{"day":1,"utc":"03:30:00","flight":"AF919"},{"day":1,"utc":"23:16:00","flight":"AF667"},{"day":2,"utc":"16:32:00","flight":"AF736"},{"day":2,"utc":"01:40:00","flight":"AF122"},{"day":2,"utc":"12:55:00","flight":"AF494"},{"day":3,"utc":"02:27:00","flight":"AF459"},{"day":3,"utc":"16:17:00","flight":"AF702"},{"day":3,"utc":"02:42:00","flight":"AF697"},{"day":4,"utc":"05:12:00","flight":"AF169"},{"day":4,"utc":"10:37:00","flight":"AF761"},{"day":4,"utc":"09:21:00","flight":"AF793"},{"day":4,"utc":"03:33:00","flight":"AF364"},{"day":5,"utc":"05:17:00","flight":"AF205"},{"day":5,"utc":"10:39:00","flight":"AF564"},{"day":6,"utc":"12:10:00","flight":"AF876"},{"day":6,"utc":"19:53:00","flight":"AF142"},{"day":6,"utc":"06:08:00","flight":"AF237"},{"day":6,"utc":"13:39:00","flight":"AF554"}],"distance":1423.243920855629}