{"id":9658,"type":"route","airline":"AF","airlineid":"airline_137","sourceairport":"LIM","destinationairport":"CDG","stops":0,"equipment":"77W","schedule":[{"day":0,"utc":"02:32:00","flight":"AF678"},{"day":0,"utc":"13:35:00","flight":"AF599"},{"day":0,"utc":"14:25:00","flight":"AF018"},{"day":0,"utc":"08:06:00","flight":"AF721"},{"day":1,"utc":"19:43:00","flight":"AF814"},{"day":1,"utc":"07:12:00","flight":"AF908"},{"day":1,"utc":"04:42:00","flight":"AF304"},{"day":1,"utc":"00:50:00","flight":"AF613"},{"day":2,"utc":"10:38:00","flight":"AF321"},{"day":2,"utc":"00:38:00","flight":"AF503"},{"day":2,"utc":"15:57:00","flight":"AF331"},{"day":2,"utc":"18:58:00","flight":"AF943"},{"day":2,"utc":"05:41:00","flight":"AF949"},{"day":3,"utc":"00:18:00","flight":"AF216"},{"day":3,"utc":"12:03:00","flight":"AF435"},{"day":3,"utc":"02:45:00","flight":"AF270"},{"day":3,"utc":"20:31:00","flight":"AF852"},{"day":3,"utc":"18:46:00","flight":"AF700"},{"day":4,"utc":"04:01:00","flight":"AF394"},{"day":4,"utc":"08:40:00","flight":"AF172"},{"day":4,"utc":"23:30:00","flight":"AF956"},{"day":5,"utc":"04:42:00","flight":"AF429"},{"day":5,"utc":"22:45:00","flight":"AF858"},{"day":6,"utc":"00:27:00","flight":"AF867"}],"distance":10276.03145675011}