{"id":55153,"type":"route","airline":"U2","airlineid":"airline_2297","sourceairport":"MAN","destinationairport":"MLA","stops":0,"equipment":"320","schedule":[{"day":0,"utc":"00:07:00","flight":"U2450"},{"day":0,"utc":"08:45:00","flight":"U2336"},{"day":0,"utc":"23:34:00","flight":"U2913"},{"day":0,"utc":"17:29:00","flight":"U2586"},{"day":1,"utc":"13:57:00","flight":"U2033"},{"day":1,"utc":"08:42:00","flight":"U2495"},{"day":2,"utc":"02:56:00","flight":"U2928"},{"day":2,"utc":"09:33:00","flight":"U2576"},{"day":2,"utc":"12:25:00","flight":"U2390"},{"day":2,"utc":"09:57:00","flight":"U2221"},{"day":2,"utc":"10:39:00","flight":"U2449"},{"day":3,"utc":"16:31:00","flight":"U2686"},{"day":3,"utc":"14:11:00","flight":"U2889"},{"day":3,"utc":"21:31:00","flight":"U2825"},{"day":3,"utc":"21:10:00","flight":"U2838"},{"day":3,"utc":"19:24:00","flight":"U2060"},{"day":4,"utc":"00:14:00","flight":"U2088"},{"day":5,"utc":"06:51:00","flight":"U2327"},{"day":5,"utc":"16:25:00","flight":"U2181"},{"day":5,"utc":"12:39:00","flight":"U2713"},{"day":5,"utc":"04:53:00","flight":"U2369"},{"day":6,"utc":"17:03:00","flight":"U2429"}]}