{"id":61776,"type":"route","airline":"VS","airlineid":"airline_5347","sourceairport":"LHR","destinationairport":"JNB","stops":0,"equipment":"346","schedule":[{"day":0,"utc":"17:22:00","flight":"VS672"},{"day":0,"utc":"08:02:00","flight":"VS171"},{"day":0,"utc":"07:12:00","flight":"VS094"},{"day":0,"utc":"23:23:00","flight":"VS622"},{"day":0,"utc":"11:02:00","flight":"VS353"},{"day":1,"utc":"22:06:00","flight":"VS182"},{"day":1,"utc":"21:29:00","flight":"VS779"},{"day":1,"utc":"09:55:00","flight":"VS088"},{"day":1,"utc":"14:16:00","flight":"VS616"},{"day":2,"utc":"16:25:00","flight":"VS879"},{"day":2,"utc":"09:31:00","flight":"VS220"},{"day":2,"utc":"16:17:00","flight":"VS849"},{"day":2,"utc":"23:40:00","flight":"VS056"},{"day":2,"utc":"08:21:00","flight":"VS412"},{"day":3,"utc":"07:32:00","flight":"VS146"},{"day":3,"utc":"14:25:00","flight":"VS983"},{"day":4,"utc":"18:24:00","flight":"VS494"},{"day":4,"utc":"12:33:00","flight":"VS634"},{"day":4,"utc":"23:29:00","flight":"VS446"},{"day":4,"utc":"13:37:00","flight":"VS466"},{"day":4,"utc":"08:55:00","flight":"VS452"},{"day":5,"utc":"20:27:00","flight":"VS073"},{"day":6,"utc":"09:36:00","flight":"VS101"},{"day":6,"utc":"06:29:00","flight":"VS517"},{"day":6,"utc":"22:23:00","flight":"VS101"},{"day":6,"utc":"15:21:00","flight":"VS990"},{"day":6,"utc":"18:46:00","flight":"VS970"}]}