{"id":55229,"type":"route","airline":"U2","airlineid":"airline_2297","sourceairport":"NAP","destinationairport":"STN","stops":0,"equipment":"319 320","schedule":[{"day":0,"utc":"19:17:00","flight":"U2495"},{"day":0,"utc":"19:08:00","flight":"U2853"},{"day":0,"utc":"00:24:00","flight":"U2296"},{"day":0,"utc":"20:29:00","flight":"U2405"},{"day":0,"utc":"08:10:00","flight":"U2069"},{"day":1,"utc":"04:31:00","flight":"U2122"},{"day":2,"utc":"20:05:00","flight":"U2277"},{"day":2,"utc":"12:24:00","flight":"U2206"},{"day":2,"utc":"15:40:00","flight":"U2830"},{"day":3,"utc":"02:30:00","flight":"U2227"},{"day":4,"utc":"14:14:00","flight":"U2940"},{"day":4,"utc":"04:36:00","flight":"U2901"},{"day":4,"utc":"06:54:00","flight":"U2569"},{"day":4,"utc":"13:09:00","flight":"U2198"},{"day":5,"utc":"18:55:00","flight":"U2401"},{"day":5,"utc":"03:26:00","flight":"U2232"},{"day":5,"utc":"00:16:00","flight":"U2491"},{"day":5,"utc":"17:29:00","flight":"U2828"},{"day":6,"utc":"09:55:00","flight":"U2558"}]}