{"id":57682,"type":"route","airline":"UA","airlineid":"airline_5209","sourceairport":"SFO","destinationairport":"PHL","stops":0,"equipment":"319 738 739 752","schedule":[{"day":0,"utc":"13:25:00","flight":"UA367"},{"day":0,"utc":"10:23:00","flight":"UA240"},{"day":1,"utc":"05:00:00","flight":"UA741"},{"day":1,"utc":"23:10:00","flight":"UA697"},{"day":1,"utc":"12:41:00","flight":"UA354"},{"day":1,"utc":"14:01:00","flight":"UA288"},{"day":1,"utc":"23:12:00","flight":"UA793"},{"day":2,"utc":"02:59:00","flight":"UA142"},{"day":2,"utc":"16:16:00","flight":"UA383"},{"day":2,"utc":"23:00:00","flight":"UA406"},{"day":3,"utc":"10:17:00","flight":"UA189"},{"day":3,"utc":"15:56:00","flight":"UA704"},{"day":3,"utc":"15:07:00","flight":"UA824"},{"day":3,"utc":"23:10:00","flight":"UA442"},{"day":3,"utc":"04:42:00","flight":"UA449"},{"day":4,"utc":"05:16:00","flight":"UA554"},{"day":5,"utc":"12:54:00","flight":"UA162"},{"day":5,"utc":"20:36:00","flight":"UA008"},{"day":5,"utc":"19:08:00","flight":"UA293"},{"day":5,"utc":"07:20:00","flight":"UA483"},{"day":6,"utc":"02:41:00","flight":"UA684"},{"day":6,"utc":"02:42:00","flight":"UA878"}]}