{"id":61703,"type":"route","airline":"VS","airlineid":"airline_5347","sourceairport":"ATL","destinationairport":"SMF","stops":0,"equipment":"757","schedule":[{"day":0,"utc":"21:40:00","flight":"VS269"},{"day":0,"utc":"01:38:00","flight":"VS865"},{"day":0,"utc":"12:44:00","flight":"VS401"},{"day":0,"utc":"08:46:00","flight":"VS312"},{"day":0,"utc":"06:40:00","flight":"VS564"},{"day":1,"utc":"07:44:00","flight":"VS440"},{"day":1,"utc":"09:17:00","flight":"VS100"},{"day":2,"utc":"03:10:00","flight":"VS570"},{"day":3,"utc":"23:37:00","flight":"VS882"},{"day":4,"utc":"01:35:00","flight":"VS349"},{"day":4,"utc":"13:01:00","flight":"VS474"},{"day":4,"utc":"10:05:00","flight":"VS260"},{"day":4,"utc":"15:32:00","flight":"VS276"},{"day":4,"utc":"05:35:00","flight":"VS858"},{"day":5,"utc":"00:51:00","flight":"VS735"},{"day":6,"utc":"07:27:00","flight":"VS904"},{"day":6,"utc":"02:02:00","flight":"VS824"},{"day":6,"utc":"00:33:00","flight":"VS334"},{"day":6,"utc":"16:16:00","flight":"VS612"},{"day":6,"utc":"21:30:00","flight":"VS543"}]}