{"id":6009,"type":"route","airline":"AA","airlineid":"airline_24","sourceairport":"MIA","destinationairport":"BGI","stops":0,"equipment":"757","schedule":[{"day":0,"utc":"07:41:00","flight":"AA168"},{"day":0,"utc":"13:52:00","flight":"AA046"},{"day":0,"utc":"20:11:00","flight":"AA594"},{"day":0,"utc":"12:55:00","flight":"AA631"},{"day":1,"utc":"18:15:00","flight":"AA540"},{"day":2,"utc":"06:25:00","flight":"AA750"},{"day":3,"utc":"18:06:00","flight":"AA661"},{"day":3,"utc":"03:41:00","flight":"AA194"},{"day":3,"utc":"16:35:00","flight":"AA176"},{"day":3,"utc":"13:38:00","flight":"AA686"},{"day":4,"utc":"01:29:00","flight":"AA424"},{"day":4,"utc":"13:09:00","flight":"AA290"},{"day":4,"utc":"08:37:00","flight":"AA161"},{"day":5,"utc":"01:10:00","flight":"AA442"},{"day":6,"utc":"08:01:00","flight":"AA599"}],"distance":2592.981442749999}