{"id":64345,"type":"route","airline":"WN","airlineid":"airline_4547","sourceairport":"RDU","destinationairport":"TPA","stops":0,"equipment":"73W 73C","schedule":[{"day":0,"utc":"09:41:00","flight":"WN080"},{"day":1,"utc":"18:02:00","flight":"WN750"},{"day":2,"utc":"16:49:00","flight":"WN401"},{"day":3,"utc":"07:59:00","flight":"WN775"},{"day":3,"utc":"14:14:00","flight":"WN942"},{"day":4,"utc":"19:02:00","flight":"WN922"},{"day":5,"utc":"09:08:00","flight":"WN384"},{"day":5,"utc":"03:56:00","flight":"WN446"},{"day":6,"utc":"02:15:00","flight":"WN005"}]}