{"id":20658,"type":"route","airline":"DL","airlineid":"airline_2009","sourceairport":"DTW","destinationairport":"MSY","stops":0,"equipment":"319 M88","schedule":[{"day":0,"utc":"15:53:00","flight":"DL521"},{"day":0,"utc":"13:22:00","flight":"DL236"},{"day":0,"utc":"04:38:00","flight":"DL176"},{"day":0,"utc":"08:18:00","flight":"DL133"},{"day":0,"utc":"13:04:00","flight":"DL618"},{"day":1,"utc":"04:20:00","flight":"DL265"},{"day":1,"utc":"04:57:00","flight":"DL759"},{"day":1,"utc":"23:33:00","flight":"DL959"},{"day":2,"utc":"16:50:00","flight":"DL891"},{"day":2,"utc":"03:43:00","flight":"DL215"},{"day":2,"utc":"01:15:00","flight":"DL205"},{"day":2,"utc":"18:33:00","flight":"DL895"},{"day":2,"utc":"12:05:00","flight":"DL137"},{"day":3,"utc":"01:06:00","flight":"DL109"},{"day":3,"utc":"02:50:00","flight":"DL862"},{"day":4,"utc":"13:04:00","flight":"DL251"},{"day":4,"utc":"17:42:00","flight":"DL286"},{"day":4,"utc":"17:07:00","flight":"DL228"},{"day":4,"utc":"16:26:00","flight":"DL034"},{"day":5,"utc":"08:12:00","flight":"DL805"},{"day":5,"utc":"13:01:00","flight":"DL522"},{"day":5,"utc":"01:08:00","flight":"DL466"},{"day":5,"utc":"16:28:00","flight":"DL651"},{"day":5,"utc":"07:03:00","flight":"DL468"},{"day":6,"utc":"05:15:00","flight":"DL033"},{"day":6,"utc":"09:10:00","flight":"DL296"},{"day":6,"utc":"22:58:00","flight":"DL815"}]}