{"id":57682,"type":"route","airline":"UA","airlineid":"airline_5209","sourceairport":"SFO","destinationairport":"PHL","stops":0,"equipment":"319 738 739 752","schedule":[{"day":0,"utc":"02:32:00","flight":"UA103"},{"day":0,"utc":"22:23:00","flight":"UA634"},{"day":0,"utc":"22:35:00","flight":"UA822"},{"day":0,"utc":"16:10:00","flight":"UA983"},{"day":0,"utc":"19:27:00","flight":"UA852"},{"day":1,"utc":"03:05:00","flight":"UA263"},{"day":1,"utc":"04:40:00","flight":"UA527"},{"day":2,"utc":"07:54:00","flight":"UA705"},{"day":3,"utc":"07:04:00","flight":"UA738"},{"day":3,"utc":"23:19:00","flight":"UA129"},{"day":4,"utc":"05:52:00","flight":"UA869"},{"day":5,"utc":"13:56:00","flight":"UA880"},{"day":5,"utc":"08:49:00","flight":"UA925"},{"day":5,"utc":"11:27:00","flight":"UA908"},{"day":5,"utc":"02:59:00","flight":"UA283"},{"day":6,"utc":"02:24:00","flight":"UA071"},{"day":6,"utc":"20:28:00","flight":"UA894"},{"day":6,"utc":"17:52:00","flight":"UA082"},{"day":6,"utc":"00:11:00","flight":"UA771"},{"day":6,"utc":"02:07:00","flight":"UA457"}],"distance":4047.7356598914967}