{"id":25349,"type":"route","airline":"FL","airlineid":"airline_1316","sourceairport":"MSY","destinationairport":"FLL","stops":0,"equipment":"73W 73C","schedule":[{"day":0,"utc":"01:58:00","flight":"FL672"},{"day":0,"utc":"11:06:00","flight":"FL739"},{"day":0,"utc":"06:11:00","flight":"FL146"},{"day":0,"utc":"12:56:00","flight":"FL754"},{"day":1,"utc":"21:12:00","flight":"FL951"},{"day":1,"utc":"09:03:00","flight":"FL863"},{"day":1,"utc":"18:26:00","flight":"FL575"},{"day":2,"utc":"05:41:00","flight":"FL350"},{"day":2,"utc":"12:29:00","flight":"FL470"},{"day":3,"utc":"22:29:00","flight":"FL555"},{"day":3,"utc":"18:21:00","flight":"FL754"},{"day":3,"utc":"03:23:00","flight":"FL209"},{"day":3,"utc":"15:21:00","flight":"FL482"},{"day":3,"utc":"04:30:00","flight":"FL374"},{"day":4,"utc":"16:35:00","flight":"FL043"},{"day":5,"utc":"03:51:00","flight":"FL829"},{"day":5,"utc":"09:48:00","flight":"FL728"},{"day":6,"utc":"01:13:00","flight":"FL129"},{"day":6,"utc":"02:36:00","flight":"FL117"},{"day":6,"utc":"18:33:00","flight":"FL870"},{"day":6,"utc":"02:39:00","flight":"FL411"}]}