{"id":53795,"type":"route","airline":"TP","airlineid":"airline_4869","sourceairport":"OPO","destinationairport":"ORY","stops":0,"equipment":"320 319","schedule":[{"day":0,"utc":"14:57:00","flight":"TP465"},{"day":1,"utc":"23:39:00","flight":"TP370"},{"day":1,"utc":"23:44:00","flight":"TP723"},{"day":1,"utc":"15:09:00","flight":"TP808"},{"day":1,"utc":"16:06:00","flight":"TP103"},{"day":2,"utc":"06:00:00","flight":"TP007"},{"day":2,"utc":"07:02:00","flight":"TP981"},{"day":2,"utc":"19:43:00","flight":"TP298"},{"day":3,"utc":"11:09:00","flight":"TP420"},{"day":3,"utc":"17:27:00","flight":"TP629"},{"day":3,"utc":"08:25:00","flight":"TP539"},{"day":3,"utc":"12:36:00","flight":"TP878"},{"day":4,"utc":"06:08:00","flight":"TP893"},{"day":4,"utc":"22:24:00","flight":"TP718"},{"day":4,"utc":"16:54:00","flight":"TP028"},{"day":5,"utc":"20:52:00","flight":"TP981"},{"day":5,"utc":"12:01:00","flight":"TP592"},{"day":5,"utc":"23:15:00","flight":"TP806"},{"day":5,"utc":"05:26:00","flight":"TP197"},{"day":6,"utc":"23:58:00","flight":"TP995"}]}