{"id":13930,"type":"route","airline":"B6","airlineid":"airline_3029","sourceairport":"BOS","destinationairport":"JAX","stops":0,"equipment":"E90","schedule":[{"day":0,"utc":"09:20:00","flight":"B6593"},{"day":0,"utc":"05:08:00","flight":"B6476"},{"day":0,"utc":"16:52:00","flight":"B6641"},{"day":0,"utc":"05:14:00","flight":"B6472"},{"day":0,"utc":"17:42:00","flight":"B6803"},{"day":1,"utc":"21:41:00","flight":"B6089"},{"day":2,"utc":"17:51:00","flight":"B6043"},{"day":2,"utc":"13:01:00","flight":"B6312"},{"day":3,"utc":"23:19:00","flight":"B6007"},{"day":3,"utc":"01:21:00","flight":"B6364"},{"day":3,"utc":"03:13:00","flight":"B6340"},{"day":3,"utc":"20:36:00","flight":"B6452"},{"day":3,"utc":"18:55:00","flight":"B6082"},{"day":4,"utc":"17:51:00","flight":"B6268"},{"day":4,"utc":"02:58:00","flight":"B6216"},{"day":4,"utc":"02:35:00","flight":"B6304"},{"day":4,"utc":"01:09:00","flight":"B6229"},{"day":4,"utc":"11:24:00","flight":"B6309"},{"day":5,"utc":"14:31:00","flight":"B6233"},{"day":5,"utc":"01:26:00","flight":"B6854"},{"day":5,"utc":"05:50:00","flight":"B6505"},{"day":5,"utc":"19:18:00","flight":"B6377"},{"day":5,"utc":"20:25:00","flight":"B6565"},{"day":6,"utc":"07:58:00","flight":"B6244"}],"distance":1626.6700872985593}