{"id":56366,"type":"route","airline":"UA","airlineid":"airline_5209","sourceairport":"EWR","destinationairport":"ORD","stops":0,"equipment":"73G 320 738 752 319 739 763","schedule":[{"day":0,"utc":"03:13:00","flight":"UA821"},{"day":0,"utc":"05:59:00","flight":"UA066"},{"day":1,"utc":"18:02:00","flight":"UA163"},{"day":1,"utc":"22:13:00","flight":"UA456"},{"day":1,"utc":"08:57:00","flight":"UA222"},{"day":2,"utc":"06:09:00","flight":"UA492"},{"day":2,"utc":"04:49:00","flight":"UA028"},{"day":3,"utc":"23:32:00","flight":"UA058"},{"day":3,"utc":"02:01:00","flight":"UA112"},{"day":3,"utc":"05:32:00","flight":"UA021"},{"day":3,"utc":"03:33:00","flight":"UA733"},{"day":4,"utc":"03:50:00","flight":"UA347"},{"day":4,"utc":"17:22:00","flight":"UA216"},{"day":4,"utc":"01:02:00","flight":"UA639"},{"day":5,"utc":"01:42:00","flight":"UA694"},{"day":6,"utc":"16:57:00","flight":"UA511"},{"day":6,"utc":"18:03:00","flight":"UA679"},{"day":6,"utc":"13:17:00","flight":"UA141"},{"day":6,"utc":"15:02:00","flight":"UA884"}],"distance":1154.459962130671}