{"id":30188,"type":"route","airline":"GS","airlineid":"airline_690","sourceairport":"CIF","destinationairport":"HET","stops":0,"equipment":"E90 ERJ","schedule":[{"day":0,"utc":"03:22:00","flight":"GS876"},{"day":1,"utc":"18:56:00","flight":"GS031"},{"day":1,"utc":"12:55:00","flight":"GS366"},{"day":1,"utc":"14:14:00","flight":"GS553"},{"day":1,"utc":"02:04:00","flight":"GS556"},{"day":1,"utc":"14:04:00","flight":"GS648"},{"day":2,"utc":"14:52:00","flight":"GS560"},{"day":3,"utc":"00:10:00","flight":"GS380"},{"day":3,"utc":"21:15:00","flight":"GS521"},{"day":3,"utc":"20:34:00","flight":"GS465"},{"day":3,"utc":"07:21:00","flight":"GS313"},{"day":3,"utc":"15:16:00","flight":"GS523"},{"day":4,"utc":"11:29:00","flight":"GS709"},{"day":4,"utc":"09:29:00","flight":"GS704"},{"day":5,"utc":"10:48:00","flight":"GS808"},{"day":5,"utc":"13:26:00","flight":"GS321"},{"day":5,"utc":"00:05:00","flight":"GS753"},{"day":5,"utc":"19:24:00","flight":"GS233"},{"day":5,"utc":"03:34:00","flight":"GS715"},{"day":6,"utc":"09:50:00","flight":"GS942"},{"day":6,"utc":"02:50:00","flight":"GS121"},{"day":6,"utc":"03:52:00","flight":"GS564"},{"day":6,"utc":"16:01:00","flight":"GS690"},{"day":6,"utc":"22:50:00","flight":"GS290"}],"distance":609.090199401097}