{"id":9038,"type":"route","airline":"AF","airlineid":"airline_137","sourceairport":"ATL","destinationairport":"CAK","stops":0,"equipment":"M88","schedule":[{"day":0,"utc":"04:27:00","flight":"AF464"},{"day":0,"utc":"09:39:00","flight":"AF619"},{"day":0,"utc":"09:33:00","flight":"AF583"},{"day":0,"utc":"12:43:00","flight":"AF519"},{"day":1,"utc":"12:41:00","flight":"AF200"},{"day":2,"utc":"17:54:00","flight":"AF117"},{"day":2,"utc":"05:34:00","flight":"AF685"},{"day":3,"utc":"04:10:00","flight":"AF198"},{"day":3,"utc":"18:42:00","flight":"AF167"},{"day":3,"utc":"01:15:00","flight":"AF309"},{"day":4,"utc":"19:52:00","flight":"AF515"},{"day":4,"utc":"20:58:00","flight":"AF791"},{"day":4,"utc":"22:51:00","flight":"AF891"},{"day":4,"utc":"10:45:00","flight":"AF944"},{"day":4,"utc":"09:51:00","flight":"AF231"},{"day":5,"utc":"19:03:00","flight":"AF145"},{"day":5,"utc":"00:38:00","flight":"AF652"},{"day":5,"utc":"04:38:00","flight":"AF298"},{"day":6,"utc":"08:29:00","flight":"AF447"},{"day":6,"utc":"17:15:00","flight":"AF037"},{"day":6,"utc":"09:38:00","flight":"AF345"},{"day":6,"utc":"22:37:00","flight":"AF767"},{"day":6,"utc":"01:05:00","flight":"AF338"}],"distance":851.2979071008839}