{"id":56927,"type":"route","airline":"UA","airlineid":"airline_5209","sourceairport":"KIX","destinationairport":"SFO","stops":0,"equipment":"777 788","schedule":[{"day":0,"utc":"16:23:00","flight":"UA383"},{"day":0,"utc":"09:31:00","flight":"UA448"},{"day":0,"utc":"23:56:00","flight":"UA490"},{"day":0,"utc":"01:27:00","flight":"UA040"},{"day":0,"utc":"13:12:00","flight":"UA435"},{"day":1,"utc":"03:01:00","flight":"UA513"},{"day":1,"utc":"00:52:00","flight":"UA518"},{"day":1,"utc":"11:05:00","flight":"UA114"},{"day":1,"utc":"06:47:00","flight":"UA002"},{"day":2,"utc":"00:42:00","flight":"UA808"},{"day":2,"utc":"14:56:00","flight":"UA404"},{"day":2,"utc":"06:16:00","flight":"UA578"},{"day":2,"utc":"10:21:00","flight":"UA600"},{"day":3,"utc":"10:43:00","flight":"UA437"},{"day":3,"utc":"02:55:00","flight":"UA625"},{"day":3,"utc":"15:45:00","flight":"UA920"},{"day":4,"utc":"08:51:00","flight":"UA171"},{"day":4,"utc":"19:18:00","flight":"UA010"},{"day":4,"utc":"23:20:00","flight":"UA139"},{"day":5,"utc":"16:54:00","flight":"UA671"},{"day":5,"utc":"10:15:00","flight":"UA816"},{"day":5,"utc":"10:06:00","flight":"UA894"},{"day":5,"utc":"04:54:00","flight":"UA018"},{"day":5,"utc":"22:20:00","flight":"UA428"},{"day":6,"utc":"23:21:00","flight":"UA344"}]}