{"id":43931,"type":"route","airline":"NZ","airlineid":"airline_345","sourceairport":"GDL","destinationairport":"LAX","stops":0,"equipment":"319","schedule":[{"day":0,"utc":"21:41:00","flight":"NZ619"},{"day":1,"utc":"00:37:00","flight":"NZ100"},{"day":2,"utc":"17:43:00","flight":"NZ064"},{"day":2,"utc":"21:49:00","flight":"NZ521"},{"day":3,"utc":"15:31:00","flight":"NZ308"},{"day":3,"utc":"15:42:00","flight":"NZ282"},{"day":4,"utc":"01:59:00","flight":"NZ003"},{"day":4,"utc":"07:45:00","flight":"NZ764"},{"day":5,"utc":"00:00:00","flight":"NZ915"},{"day":5,"utc":"10:59:00","flight":"NZ215"},{"day":5,"utc":"05:29:00","flight":"NZ484"},{"day":5,"utc":"13:07:00","flight":"NZ889"},{"day":6,"utc":"21:48:00","flight":"NZ161"},{"day":6,"utc":"20:30:00","flight":"NZ906"},{"day":6,"utc":"06:26:00","flight":"NZ309"},{"day":6,"utc":"01:49:00","flight":"NZ242"}],"distance":2105.6823652598027}