{"id":64553,"type":"route","airline":"WN","airlineid":"airline_4547","sourceairport":"TUL","destinationairport":"HOU","stops":0,"equipment":"73W","schedule":[{"day":0,"utc":"21:52:00","flight":"WN436"},{"day":0,"utc":"00:23:00","flight":"WN414"},{"day":0,"utc":"22:59:00","flight":"WN308"},{"day":0,"utc":"07:32:00","flight":"WN887"},{"day":1,"utc":"23:34:00","flight":"WN312"},{"day":2,"utc":"00:18:00","flight":"WN088"},{"day":2,"utc":"22:59:00","flight":"WN589"},{"day":2,"utc":"20:34:00","flight":"WN744"},{"day":2,"utc":"00:59:00","flight":"WN901"},{"day":3,"utc":"16:03:00","flight":"WN537"},{"day":3,"utc":"21:41:00","flight":"WN892"},{"day":3,"utc":"04:28:00","flight":"WN704"},{"day":4,"utc":"01:49:00","flight":"WN232"},{"day":5,"utc":"14:03:00","flight":"WN699"},{"day":5,"utc":"19:35:00","flight":"WN883"},{"day":5,"utc":"10:44:00","flight":"WN888"},{"day":6,"utc":"08:00:00","flight":"WN788"},{"day":6,"utc":"07:57:00","flight":"WN549"}]}