{"id":36417,"type":"route","airline":"KL","airlineid":"airline_3090","sourceairport":"ATL","destinationairport":"MOB","stops":0,"equipment":"CRJ CR9 717 CR7","schedule":[{"day":0,"utc":"23:06:00","flight":"KL686"},{"day":0,"utc":"05:21:00","flight":"KL372"},{"day":0,"utc":"13:00:00","flight":"KL412"},{"day":1,"utc":"21:18:00","flight":"KL157"},{"day":1,"utc":"21:38:00","flight":"KL882"},{"day":1,"utc":"12:04:00","flight":"KL598"},{"day":1,"utc":"12:19:00","flight":"KL934"},{"day":1,"utc":"14:48:00","flight":"KL728"},{"day":2,"utc":"15:49:00","flight":"KL380"},{"day":2,"utc":"09:47:00","flight":"KL600"},{"day":2,"utc":"20:50:00","flight":"KL583"},{"day":2,"utc":"23:30:00","flight":"KL324"},{"day":3,"utc":"18:06:00","flight":"KL379"},{"day":3,"utc":"16:28:00","flight":"KL439"},{"day":3,"utc":"20:32:00","flight":"KL762"},{"day":3,"utc":"21:11:00","flight":"KL375"},{"day":3,"utc":"04:24:00","flight":"KL701"},{"day":4,"utc":"14:02:00","flight":"KL462"},{"day":4,"utc":"05:36:00","flight":"KL331"},{"day":5,"utc":"20:31:00","flight":"KL352"},{"day":5,"utc":"05:52:00","flight":"KL420"},{"day":5,"utc":"00:41:00","flight":"KL560"},{"day":5,"utc":"12:47:00","flight":"KL901"},{"day":6,"utc":"11:36:00","flight":"KL429"},{"day":6,"utc":"14:01:00","flight":"KL577"},{"day":6,"utc":"13:06:00","flight":"KL038"}],"distance":485.9371106646482}