{"id":59997,"type":"route","airline":"US","airlineid":"airline_5265","sourceairport":"PBC","destinationairport":"DFW","stops":0,"equipment":"ERD","schedule":[{"day":0,"utc":"15:31:00","flight":"US372"},{"day":0,"utc":"15:03:00","flight":"US230"},{"day":0,"utc":"08:34:00","flight":"US625"},{"day":1,"utc":"03:13:00","flight":"US312"},{"day":2,"utc":"06:49:00","flight":"US116"},{"day":2,"utc":"22:01:00","flight":"US647"},{"day":2,"utc":"22:38:00","flight":"US336"},{"day":3,"utc":"13:22:00","flight":"US233"},{"day":3,"utc":"14:08:00","flight":"US916"},{"day":3,"utc":"14:26:00","flight":"US025"},{"day":4,"utc":"11:44:00","flight":"US103"},{"day":5,"utc":"04:37:00","flight":"US949"},{"day":5,"utc":"12:05:00","flight":"US656"},{"day":5,"utc":"20:52:00","flight":"US387"},{"day":5,"utc":"08:28:00","flight":"US014"},{"day":6,"utc":"12:49:00","flight":"US608"},{"day":6,"utc":"11:21:00","flight":"US031"},{"day":6,"utc":"06:47:00","flight":"US852"},{"day":6,"utc":"09:05:00","flight":"US287"}]}