{"id":28217,"type":"route","airline":"FR","airlineid":"airline_4296","sourceairport":"WMI","destinationairport":"BRS","stops":0,"equipment":"738","schedule":[{"day":0,"utc":"23:19:00","flight":"FR298"},{"day":0,"utc":"23:58:00","flight":"FR093"},{"day":0,"utc":"19:23:00","flight":"FR807"},{"day":0,"utc":"19:54:00","flight":"FR588"},{"day":0,"utc":"13:24:00","flight":"FR253"},{"day":1,"utc":"18:01:00","flight":"FR757"},{"day":1,"utc":"12:39:00","flight":"FR432"},{"day":2,"utc":"21:10:00","flight":"FR527"},{"day":2,"utc":"07:04:00","flight":"FR607"},{"day":2,"utc":"04:25:00","flight":"FR523"},{"day":2,"utc":"15:27:00","flight":"FR125"},{"day":2,"utc":"16:27:00","flight":"FR481"},{"day":3,"utc":"09:35:00","flight":"FR760"},{"day":3,"utc":"00:09:00","flight":"FR873"},{"day":3,"utc":"05:36:00","flight":"FR205"},{"day":3,"utc":"20:53:00","flight":"FR792"},{"day":4,"utc":"01:59:00","flight":"FR294"},{"day":4,"utc":"04:52:00","flight":"FR897"},{"day":4,"utc":"19:13:00","flight":"FR283"},{"day":4,"utc":"15:04:00","flight":"FR583"},{"day":4,"utc":"20:46:00","flight":"FR709"},{"day":5,"utc":"18:19:00","flight":"FR957"},{"day":5,"utc":"02:15:00","flight":"FR041"},{"day":5,"utc":"21:07:00","flight":"FR406"},{"day":5,"utc":"02:09:00","flight":"FR852"},{"day":6,"utc":"03:03:00","flight":"FR309"},{"day":6,"utc":"03:00:00","flight":"FR074"},{"day":6,"utc":"02:35:00","flight":"FR011"},{"day":6,"utc":"20:11:00","flight":"FR386"}],"distance":1600.2543964282645}