{"id":20152,"type":"route","airline":"DL","airlineid":"airline_2009","sourceairport":"ATL","destinationairport":"IAH","stops":0,"equipment":"M88 717 320 319","schedule":[{"day":0,"utc":"00:36:00","flight":"DL565"},{"day":0,"utc":"08:56:00","flight":"DL305"},{"day":0,"utc":"11:11:00","flight":"DL506"},{"day":0,"utc":"17:05:00","flight":"DL304"},{"day":0,"utc":"02:35:00","flight":"DL135"},{"day":1,"utc":"08:58:00","flight":"DL704"},{"day":1,"utc":"11:08:00","flight":"DL018"},{"day":1,"utc":"13:04:00","flight":"DL915"},{"day":1,"utc":"10:29:00","flight":"DL802"},{"day":2,"utc":"07:38:00","flight":"DL239"},{"day":2,"utc":"02:28:00","flight":"DL613"},{"day":2,"utc":"03:16:00","flight":"DL326"},{"day":2,"utc":"20:47:00","flight":"DL641"},{"day":3,"utc":"05:02:00","flight":"DL869"},{"day":3,"utc":"04:27:00","flight":"DL646"},{"day":4,"utc":"22:16:00","flight":"DL460"},{"day":4,"utc":"20:22:00","flight":"DL914"},{"day":4,"utc":"13:43:00","flight":"DL305"},{"day":4,"utc":"03:16:00","flight":"DL403"},{"day":4,"utc":"00:10:00","flight":"DL920"},{"day":5,"utc":"16:14:00","flight":"DL722"},{"day":5,"utc":"12:02:00","flight":"DL450"},{"day":5,"utc":"19:52:00","flight":"DL290"},{"day":6,"utc":"17:24:00","flight":"DL621"},{"day":6,"utc":"16:54:00","flight":"DL348"}]}