{"id":55813,"type":"route","airline":"UA","airlineid":"airline_5209","sourceairport":"AUA","destinationairport":"EWR","stops":0,"equipment":"753 739","schedule":[{"day":0,"utc":"15:20:00","flight":"UA884"},{"day":0,"utc":"12:08:00","flight":"UA245"},{"day":0,"utc":"12:56:00","flight":"UA694"},{"day":1,"utc":"07:52:00","flight":"UA002"},{"day":2,"utc":"03:33:00","flight":"UA198"},{"day":2,"utc":"08:03:00","flight":"UA285"},{"day":2,"utc":"17:42:00","flight":"UA334"},{"day":2,"utc":"10:41:00","flight":"UA210"},{"day":2,"utc":"04:47:00","flight":"UA647"},{"day":3,"utc":"01:21:00","flight":"UA609"},{"day":3,"utc":"22:08:00","flight":"UA295"},{"day":4,"utc":"13:09:00","flight":"UA358"},{"day":4,"utc":"04:15:00","flight":"UA779"},{"day":4,"utc":"23:29:00","flight":"UA170"},{"day":4,"utc":"00:24:00","flight":"UA685"},{"day":5,"utc":"16:34:00","flight":"UA872"},{"day":5,"utc":"19:40:00","flight":"UA002"},{"day":5,"utc":"03:45:00","flight":"UA803"},{"day":5,"utc":"20:20:00","flight":"UA291"},{"day":5,"utc":"04:52:00","flight":"UA608"},{"day":6,"utc":"05:22:00","flight":"UA041"}],"distance":3160.827380617798}