{"id":59817,"type":"route","airline":"US","airlineid":"airline_5265","sourceairport":"MSY","destinationairport":"DFW","stops":0,"equipment":"M80 M83","schedule":[{"day":0,"utc":"15:15:00","flight":"US243"},{"day":0,"utc":"16:07:00","flight":"US255"},{"day":0,"utc":"20:01:00","flight":"US344"},{"day":1,"utc":"18:04:00","flight":"US295"},{"day":1,"utc":"15:02:00","flight":"US101"},{"day":1,"utc":"01:58:00","flight":"US827"},{"day":1,"utc":"17:11:00","flight":"US361"},{"day":1,"utc":"18:08:00","flight":"US554"},{"day":2,"utc":"02:00:00","flight":"US590"},{"day":2,"utc":"22:20:00","flight":"US849"},{"day":2,"utc":"20:12:00","flight":"US444"},{"day":3,"utc":"03:57:00","flight":"US575"},{"day":3,"utc":"20:27:00","flight":"US952"},{"day":3,"utc":"13:33:00","flight":"US776"},{"day":4,"utc":"01:15:00","flight":"US121"},{"day":4,"utc":"09:51:00","flight":"US135"},{"day":4,"utc":"06:29:00","flight":"US740"},{"day":4,"utc":"00:14:00","flight":"US436"},{"day":4,"utc":"12:36:00","flight":"US067"},{"day":5,"utc":"11:56:00","flight":"US513"},{"day":5,"utc":"03:05:00","flight":"US882"},{"day":5,"utc":"12:26:00","flight":"US274"},{"day":5,"utc":"23:59:00","flight":"US736"},{"day":6,"utc":"03:53:00","flight":"US194"}],"distance":719.4393375629916}