{"id":20738,"type":"route","airline":"DL","airlineid":"airline_2009","sourceairport":"FCA","destinationairport":"MSP","stops":0,"equipment":"E75 CR9","schedule":[{"day":0,"utc":"04:34:00","flight":"DL729"},{"day":0,"utc":"13:50:00","flight":"DL587"},{"day":0,"utc":"10:46:00","flight":"DL033"},{"day":1,"utc":"13:03:00","flight":"DL052"},{"day":1,"utc":"14:55:00","flight":"DL988"},{"day":2,"utc":"19:46:00","flight":"DL324"},{"day":2,"utc":"16:38:00","flight":"DL079"},{"day":2,"utc":"06:03:00","flight":"DL635"},{"day":2,"utc":"01:59:00","flight":"DL914"},{"day":3,"utc":"19:54:00","flight":"DL397"},{"day":3,"utc":"01:04:00","flight":"DL221"},{"day":3,"utc":"15:53:00","flight":"DL513"},{"day":3,"utc":"01:11:00","flight":"DL072"},{"day":3,"utc":"10:12:00","flight":"DL080"},{"day":4,"utc":"18:47:00","flight":"DL053"},{"day":4,"utc":"00:57:00","flight":"DL278"},{"day":4,"utc":"08:58:00","flight":"DL287"},{"day":4,"utc":"21:10:00","flight":"DL721"},{"day":4,"utc":"15:43:00","flight":"DL812"},{"day":5,"utc":"18:16:00","flight":"DL023"},{"day":5,"utc":"21:23:00","flight":"DL197"},{"day":5,"utc":"08:17:00","flight":"DL655"},{"day":6,"utc":"02:57:00","flight":"DL846"},{"day":6,"utc":"05:45:00","flight":"DL567"},{"day":6,"utc":"15:46:00","flight":"DL355"},{"day":6,"utc":"05:53:00","flight":"DL052"}]}