{"id":63468,"type":"route","airline":"WN","airlineid":"airline_4547","sourceairport":"ATL","destinationairport":"ORF","stops":0,"equipment":"717","schedule":[{"day":0,"utc":"00:02:00","flight":"WN801"},{"day":0,"utc":"00:58:00","flight":"WN444"},{"day":0,"utc":"23:30:00","flight":"WN197"},{"day":0,"utc":"15:01:00","flight":"WN530"},{"day":1,"utc":"19:36:00","flight":"WN602"},{"day":2,"utc":"03:07:00","flight":"WN590"},{"day":2,"utc":"11:58:00","flight":"WN194"},{"day":2,"utc":"22:18:00","flight":"WN064"},{"day":3,"utc":"00:22:00","flight":"WN553"},{"day":4,"utc":"00:55:00","flight":"WN892"},{"day":4,"utc":"18:15:00","flight":"WN586"},{"day":4,"utc":"10:03:00","flight":"WN387"},{"day":4,"utc":"05:30:00","flight":"WN570"},{"day":4,"utc":"23:54:00","flight":"WN100"},{"day":5,"utc":"16:52:00","flight":"WN513"},{"day":5,"utc":"06:17:00","flight":"WN586"},{"day":5,"utc":"00:40:00","flight":"WN824"},{"day":6,"utc":"03:58:00","flight":"WN189"},{"day":6,"utc":"18:26:00","flight":"WN292"},{"day":6,"utc":"04:28:00","flight":"WN810"}]}