{"id":6685,"type":"route","airline":"AA","airlineid":"airline_24","sourceairport":"RSW","destinationairport":"ORD","stops":0,"equipment":"738 M80","schedule":[{"day":0,"utc":"16:37:00","flight":"AA651"},{"day":0,"utc":"03:16:00","flight":"AA271"},{"day":0,"utc":"06:37:00","flight":"AA689"},{"day":0,"utc":"11:19:00","flight":"AA664"},{"day":1,"utc":"01:49:00","flight":"AA075"},{"day":1,"utc":"20:11:00","flight":"AA383"},{"day":2,"utc":"13:58:00","flight":"AA491"},{"day":2,"utc":"22:43:00","flight":"AA921"},{"day":2,"utc":"22:15:00","flight":"AA651"},{"day":2,"utc":"14:15:00","flight":"AA110"},{"day":3,"utc":"08:01:00","flight":"AA275"},{"day":4,"utc":"11:12:00","flight":"AA591"},{"day":4,"utc":"04:42:00","flight":"AA554"},{"day":4,"utc":"13:39:00","flight":"AA295"},{"day":4,"utc":"18:40:00","flight":"AA806"},{"day":5,"utc":"05:10:00","flight":"AA291"},{"day":5,"utc":"00:08:00","flight":"AA946"},{"day":5,"utc":"03:50:00","flight":"AA560"},{"day":5,"utc":"13:31:00","flight":"AA178"},{"day":6,"utc":"11:22:00","flight":"AA856"},{"day":6,"utc":"10:49:00","flight":"AA762"}]}