{"id":37868,"type":"route","airline":"LG","airlineid":"airline_3329","sourceairport":"CLY","destinationairport":"LUX","stops":0,"equipment":"DH4","schedule":[{"day":0,"utc":"09:35:00","flight":"LG549"},{"day":0,"utc":"08:28:00","flight":"LG539"},{"day":0,"utc":"10:43:00","flight":"LG169"},{"day":0,"utc":"23:49:00","flight":"LG013"},{"day":1,"utc":"22:27:00","flight":"LG962"},{"day":2,"utc":"08:19:00","flight":"LG155"},{"day":3,"utc":"18:55:00","flight":"LG579"},{"day":3,"utc":"05:03:00","flight":"LG506"},{"day":4,"utc":"06:53:00","flight":"LG886"},{"day":4,"utc":"05:38:00","flight":"LG625"},{"day":4,"utc":"18:04:00","flight":"LG137"},{"day":4,"utc":"17:53:00","flight":"LG156"},{"day":5,"utc":"17:36:00","flight":"LG787"},{"day":6,"utc":"02:27:00","flight":"LG691"},{"day":6,"utc":"05:11:00","flight":"LG341"},{"day":6,"utc":"04:46:00","flight":"LG142"},{"day":6,"utc":"12:49:00","flight":"LG198"},{"day":6,"utc":"01:20:00","flight":"LG021"}],"distance":813.6255165710062}