{"id":20576,"type":"route","airline":"DL","airlineid":"airline_2009","sourceairport":"DTW","destinationairport":"AMS","stops":0,"equipment":"777 333 332 76W","schedule":[{"day":0,"utc":"03:08:00","flight":"DL900"},{"day":0,"utc":"03:05:00","flight":"DL493"},{"day":0,"utc":"17:02:00","flight":"DL556"},{"day":0,"utc":"16:47:00","flight":"DL094"},{"day":0,"utc":"23:14:00","flight":"DL512"},{"day":1,"utc":"22:50:00","flight":"DL508"},{"day":1,"utc":"20:39:00","flight":"DL595"},{"day":1,"utc":"03:21:00","flight":"DL293"},{"day":2,"utc":"18:32:00","flight":"DL971"},{"day":2,"utc":"04:43:00","flight":"DL210"},{"day":2,"utc":"14:55:00","flight":"DL822"},{"day":2,"utc":"19:03:00","flight":"DL400"},{"day":3,"utc":"08:00:00","flight":"DL591"},{"day":3,"utc":"13:33:00","flight":"DL514"},{"day":3,"utc":"23:54:00","flight":"DL117"},{"day":3,"utc":"01:40:00","flight":"DL416"},{"day":3,"utc":"16:21:00","flight":"DL775"},{"day":4,"utc":"19:07:00","flight":"DL444"},{"day":4,"utc":"12:37:00","flight":"DL429"},{"day":5,"utc":"14:59:00","flight":"DL822"},{"day":5,"utc":"23:18:00","flight":"DL278"},{"day":6,"utc":"08:06:00","flight":"DL155"},{"day":6,"utc":"08:36:00","flight":"DL977"},{"day":6,"utc":"13:56:00","flight":"DL706"},{"day":6,"utc":"06:35:00","flight":"DL178"},{"day":6,"utc":"04:00:00","flight":"DL324"}],"distance":6323.599670408144}