{"id":5048,"type":"route","airline":"AA","airlineid":"airline_24","sourceairport":"CUN","destinationairport":"DFW","stops":0,"equipment":"738 757","schedule":[{"day":0,"utc":"18:29:00","flight":"AA538"},{"day":0,"utc":"23:11:00","flight":"AA173"},{"day":1,"utc":"17:10:00","flight":"AA156"},{"day":1,"utc":"08:35:00","flight":"AA064"},{"day":1,"utc":"11:10:00","flight":"AA153"},{"day":1,"utc":"02:06:00","flight":"AA179"},{"day":2,"utc":"16:16:00","flight":"AA790"},{"day":2,"utc":"21:05:00","flight":"AA767"},{"day":3,"utc":"08:34:00","flight":"AA134"},{"day":3,"utc":"12:14:00","flight":"AA248"},{"day":4,"utc":"11:47:00","flight":"AA696"},{"day":4,"utc":"06:16:00","flight":"AA443"},{"day":4,"utc":"18:10:00","flight":"AA367"},{"day":5,"utc":"11:59:00","flight":"AA893"},{"day":5,"utc":"14:24:00","flight":"AA152"},{"day":5,"utc":"13:07:00","flight":"AA083"},{"day":5,"utc":"04:29:00","flight":"AA844"},{"day":6,"utc":"00:07:00","flight":"AA016"},{"day":6,"utc":"14:10:00","flight":"AA226"},{"day":6,"utc":"02:30:00","flight":"AA761"},{"day":6,"utc":"12:38:00","flight":"AA222"},{"day":6,"utc":"16:03:00","flight":"AA496"}],"distance":1657.1929271443394}