{"id":15511,"type":"route","airline":"BK","airlineid":"airline_4026","sourceairport":"TSN","destinationairport":"YNT","stops":0,"equipment":"YN7","schedule":[{"day":0,"utc":"06:20:00","flight":"BK257"},{"day":1,"utc":"14:34:00","flight":"BK011"},{"day":1,"utc":"06:31:00","flight":"BK979"},{"day":2,"utc":"13:22:00","flight":"BK973"},{"day":3,"utc":"05:33:00","flight":"BK588"},{"day":3,"utc":"14:26:00","flight":"BK325"},{"day":4,"utc":"02:48:00","flight":"BK921"},{"day":4,"utc":"04:55:00","flight":"BK869"},{"day":4,"utc":"09:52:00","flight":"BK519"},{"day":4,"utc":"18:53:00","flight":"BK715"},{"day":5,"utc":"13:09:00","flight":"BK551"},{"day":5,"utc":"09:45:00","flight":"BK550"},{"day":6,"utc":"16:28:00","flight":"BK129"}],"distance":400.2095475463325}