{"id":58835,"type":"route","airline":"US","airlineid":"airline_5265","sourceairport":"CLT","destinationairport":"OAJ","stops":0,"equipment":"CRJ CR7","schedule":[{"day":0,"utc":"23:16:00","flight":"US636"},{"day":0,"utc":"20:18:00","flight":"US953"},{"day":1,"utc":"07:01:00","flight":"US356"},{"day":2,"utc":"19:30:00","flight":"US280"},{"day":2,"utc":"13:32:00","flight":"US661"},{"day":2,"utc":"03:41:00","flight":"US155"},{"day":2,"utc":"23:59:00","flight":"US963"},{"day":2,"utc":"05:46:00","flight":"US374"},{"day":3,"utc":"15:09:00","flight":"US887"},{"day":3,"utc":"19:29:00","flight":"US298"},{"day":3,"utc":"00:01:00","flight":"US069"},{"day":3,"utc":"17:47:00","flight":"US377"},{"day":4,"utc":"03:17:00","flight":"US985"},{"day":4,"utc":"07:04:00","flight":"US729"},{"day":4,"utc":"14:38:00","flight":"US487"},{"day":4,"utc":"01:26:00","flight":"US003"},{"day":5,"utc":"09:57:00","flight":"US730"},{"day":5,"utc":"06:04:00","flight":"US335"},{"day":5,"utc":"21:02:00","flight":"US001"},{"day":5,"utc":"02:07:00","flight":"US376"},{"day":5,"utc":"05:55:00","flight":"US312"},{"day":6,"utc":"22:35:00","flight":"US517"}],"distance":306.314160403727}