{"id":9612,"type":"route","airline":"AF","airlineid":"airline_137","sourceairport":"KMG","destinationairport":"CAN","stops":0,"equipment":"320","schedule":[{"day":0,"utc":"16:42:00","flight":"AF239"},{"day":0,"utc":"21:56:00","flight":"AF335"},{"day":1,"utc":"18:40:00","flight":"AF998"},{"day":1,"utc":"02:29:00","flight":"AF879"},{"day":1,"utc":"01:53:00","flight":"AF150"},{"day":1,"utc":"03:02:00","flight":"AF027"},{"day":1,"utc":"06:43:00","flight":"AF934"},{"day":2,"utc":"17:04:00","flight":"AF286"},{"day":3,"utc":"03:13:00","flight":"AF125"},{"day":4,"utc":"11:30:00","flight":"AF673"},{"day":4,"utc":"19:32:00","flight":"AF013"},{"day":4,"utc":"20:19:00","flight":"AF584"},{"day":5,"utc":"20:25:00","flight":"AF127"},{"day":5,"utc":"12:53:00","flight":"AF977"},{"day":5,"utc":"18:46:00","flight":"AF198"},{"day":5,"utc":"17:01:00","flight":"AF857"},{"day":5,"utc":"07:12:00","flight":"AF521"},{"day":6,"utc":"05:41:00","flight":"AF708"}]}