{"id":6393,"type":"route","airline":"AA","airlineid":"airline_24","sourceairport":"PER","destinationairport":"BNE","stops":0,"equipment":"330 737","schedule":[{"day":0,"utc":"15:05:00","flight":"AA695"},{"day":0,"utc":"02:02:00","flight":"AA802"},{"day":0,"utc":"10:11:00","flight":"AA521"},{"day":0,"utc":"22:27:00","flight":"AA914"},{"day":1,"utc":"17:47:00","flight":"AA281"},{"day":2,"utc":"20:18:00","flight":"AA873"},{"day":2,"utc":"02:07:00","flight":"AA326"},{"day":3,"utc":"05:40:00","flight":"AA169"},{"day":3,"utc":"16:05:00","flight":"AA223"},{"day":3,"utc":"02:27:00","flight":"AA089"},{"day":4,"utc":"10:25:00","flight":"AA323"},{"day":4,"utc":"07:49:00","flight":"AA199"},{"day":5,"utc":"12:59:00","flight":"AA076"},{"day":5,"utc":"01:03:00","flight":"AA797"},{"day":6,"utc":"01:55:00","flight":"AA002"}]}