{"id":46308,"type":"route","airline":"PS","airlineid":"airline_5282","sourceairport":"KBP","destinationairport":"JFK","stops":0,"equipment":"767","schedule":[{"day":0,"utc":"17:12:00","flight":"PS786"},{"day":0,"utc":"11:00:00","flight":"PS361"},{"day":0,"utc":"11:57:00","flight":"PS905"},{"day":0,"utc":"02:09:00","flight":"PS315"},{"day":1,"utc":"02:29:00","flight":"PS192"},{"day":1,"utc":"16:42:00","flight":"PS355"},{"day":1,"utc":"00:55:00","flight":"PS906"},{"day":1,"utc":"00:56:00","flight":"PS129"},{"day":1,"utc":"08:10:00","flight":"PS611"},{"day":2,"utc":"15:41:00","flight":"PS978"},{"day":2,"utc":"03:22:00","flight":"PS612"},{"day":2,"utc":"06:58:00","flight":"PS057"},{"day":3,"utc":"05:44:00","flight":"PS830"},{"day":3,"utc":"23:05:00","flight":"PS223"},{"day":3,"utc":"18:42:00","flight":"PS498"},{"day":3,"utc":"22:48:00","flight":"PS524"},{"day":4,"utc":"01:24:00","flight":"PS167"},{"day":4,"utc":"01:29:00","flight":"PS799"},{"day":4,"utc":"06:35:00","flight":"PS968"},{"day":5,"utc":"03:37:00","flight":"PS399"},{"day":5,"utc":"01:51:00","flight":"PS155"},{"day":5,"utc":"06:05:00","flight":"PS680"},{"day":5,"utc":"15:38:00","flight":"PS460"},{"day":5,"utc":"16:23:00","flight":"PS957"},{"day":6,"utc":"10:47:00","flight":"PS871"},{"day":6,"utc":"18:28:00","flight":"PS887"}],"distance":7532.619934560436}