{"id":32590,"type":"route","airline":"IB","airlineid":"airline_2822","sourceairport":"LHR","destinationairport":"AUS","stops":0,"equipment":"788","schedule":[{"day":0,"utc":"02:29:00","flight":"IB960"},{"day":0,"utc":"03:55:00","flight":"IB331"},{"day":0,"utc":"17:51:00","flight":"IB957"},{"day":0,"utc":"09:22:00","flight":"IB282"},{"day":0,"utc":"18:19:00","flight":"IB822"},{"day":1,"utc":"11:56:00","flight":"IB536"},{"day":1,"utc":"07:28:00","flight":"IB681"},{"day":1,"utc":"03:39:00","flight":"IB745"},{"day":1,"utc":"05:07:00","flight":"IB701"},{"day":1,"utc":"23:14:00","flight":"IB070"},{"day":2,"utc":"16:28:00","flight":"IB580"},{"day":3,"utc":"19:35:00","flight":"IB640"},{"day":3,"utc":"10:51:00","flight":"IB246"},{"day":4,"utc":"18:20:00","flight":"IB079"},{"day":4,"utc":"16:40:00","flight":"IB474"},{"day":4,"utc":"22:54:00","flight":"IB722"},{"day":5,"utc":"06:30:00","flight":"IB269"},{"day":5,"utc":"15:57:00","flight":"IB114"},{"day":5,"utc":"21:51:00","flight":"IB264"},{"day":5,"utc":"21:10:00","flight":"IB700"},{"day":5,"utc":"22:18:00","flight":"IB437"},{"day":6,"utc":"04:35:00","flight":"IB506"},{"day":6,"utc":"00:23:00","flight":"IB507"},{"day":6,"utc":"14:51:00","flight":"IB758"}]}