{"id":24862,"type":"route","airline":"FL","airlineid":"airline_1316","sourceairport":"ATL","destinationairport":"BWI","stops":0,"equipment":"73G","schedule":[{"day":0,"utc":"12:32:00","flight":"FL868"},{"day":0,"utc":"22:43:00","flight":"FL583"},{"day":0,"utc":"04:20:00","flight":"FL311"},{"day":0,"utc":"03:46:00","flight":"FL750"},{"day":1,"utc":"16:06:00","flight":"FL900"},{"day":1,"utc":"23:48:00","flight":"FL372"},{"day":1,"utc":"17:40:00","flight":"FL298"},{"day":2,"utc":"19:19:00","flight":"FL820"},{"day":2,"utc":"01:18:00","flight":"FL951"},{"day":2,"utc":"08:03:00","flight":"FL257"},{"day":2,"utc":"23:55:00","flight":"FL488"},{"day":3,"utc":"11:03:00","flight":"FL720"},{"day":3,"utc":"11:35:00","flight":"FL337"},{"day":3,"utc":"11:43:00","flight":"FL059"},{"day":4,"utc":"07:44:00","flight":"FL547"},{"day":4,"utc":"14:27:00","flight":"FL453"},{"day":4,"utc":"12:08:00","flight":"FL583"},{"day":4,"utc":"07:23:00","flight":"FL619"},{"day":5,"utc":"23:46:00","flight":"FL121"},{"day":5,"utc":"00:43:00","flight":"FL711"},{"day":5,"utc":"06:33:00","flight":"FL301"},{"day":6,"utc":"08:40:00","flight":"FL073"}],"distance":927.5218892734717}