{"id":42607,"type":"route","airline":"MW","airlineid":"airline_3437","sourceairport":"KOA","destinationairport":"JHM","stops":0,"equipment":"CNA","schedule":[{"day":0,"utc":"04:21:00","flight":"MW443"},{"day":0,"utc":"04:17:00","flight":"MW073"},{"day":0,"utc":"04:02:00","flight":"MW555"},{"day":0,"utc":"02:54:00","flight":"MW390"},{"day":0,"utc":"18:41:00","flight":"MW904"},{"day":1,"utc":"05:30:00","flight":"MW342"},{"day":1,"utc":"17:47:00","flight":"MW955"},{"day":1,"utc":"04:58:00","flight":"MW916"},{"day":1,"utc":"23:54:00","flight":"MW955"},{"day":2,"utc":"15:34:00","flight":"MW312"},{"day":2,"utc":"22:50:00","flight":"MW338"},{"day":2,"utc":"07:55:00","flight":"MW712"},{"day":3,"utc":"15:47:00","flight":"MW666"},{"day":3,"utc":"11:16:00","flight":"MW603"},{"day":3,"utc":"10:31:00","flight":"MW215"},{"day":4,"utc":"09:04:00","flight":"MW541"},{"day":4,"utc":"01:04:00","flight":"MW064"},{"day":4,"utc":"05:52:00","flight":"MW672"},{"day":4,"utc":"04:49:00","flight":"MW725"},{"day":5,"utc":"17:26:00","flight":"MW671"},{"day":5,"utc":"18:36:00","flight":"MW438"},{"day":5,"utc":"01:41:00","flight":"MW237"},{"day":6,"utc":"09:35:00","flight":"MW921"},{"day":6,"utc":"17:35:00","flight":"MW932"},{"day":6,"utc":"00:23:00","flight":"MW839"}]}