{"id":9905,"type":"route","airline":"AF","airlineid":"airline_137","sourceairport":"PVR","destinationairport":"ATL","stops":0,"equipment":"757","schedule":[{"day":0,"utc":"19:41:00","flight":"AF571"},{"day":1,"utc":"17:28:00","flight":"AF710"},{"day":1,"utc":"10:54:00","flight":"AF128"},{"day":1,"utc":"11:17:00","flight":"AF685"},{"day":1,"utc":"16:10:00","flight":"AF133"},{"day":2,"utc":"16:24:00","flight":"AF338"},{"day":3,"utc":"06:01:00","flight":"AF088"},{"day":3,"utc":"21:00:00","flight":"AF907"},{"day":3,"utc":"01:22:00","flight":"AF042"},{"day":4,"utc":"18:16:00","flight":"AF952"},{"day":4,"utc":"12:20:00","flight":"AF547"},{"day":4,"utc":"00:25:00","flight":"AF278"},{"day":4,"utc":"02:38:00","flight":"AF639"},{"day":5,"utc":"00:26:00","flight":"AF462"},{"day":5,"utc":"15:48:00","flight":"AF763"},{"day":5,"utc":"10:51:00","flight":"AF384"},{"day":5,"utc":"16:45:00","flight":"AF514"},{"day":5,"utc":"05:40:00","flight":"AF606"},{"day":6,"utc":"13:18:00","flight":"AF694"}],"distance":2505.733013943472}