{"id":59079,"type":"route","airline":"US","airlineid":"airline_5265","sourceairport":"DFW","destinationairport":"GUA","stops":0,"equipment":"738","schedule":[{"day":0,"utc":"18:35:00","flight":"US076"},{"day":1,"utc":"14:18:00","flight":"US867"},{"day":1,"utc":"23:48:00","flight":"US196"},{"day":2,"utc":"05:16:00","flight":"US847"},{"day":2,"utc":"09:33:00","flight":"US430"},{"day":2,"utc":"04:44:00","flight":"US868"},{"day":2,"utc":"10:34:00","flight":"US173"},{"day":3,"utc":"11:37:00","flight":"US788"},{"day":4,"utc":"10:11:00","flight":"US308"},{"day":5,"utc":"22:04:00","flight":"US251"},{"day":5,"utc":"08:44:00","flight":"US652"},{"day":5,"utc":"05:49:00","flight":"US560"},{"day":5,"utc":"04:09:00","flight":"US495"},{"day":5,"utc":"05:58:00","flight":"US089"},{"day":6,"utc":"03:37:00","flight":"US914"},{"day":6,"utc":"13:03:00","flight":"US559"},{"day":6,"utc":"16:09:00","flight":"US725"}],"distance":2140.0823341678147}