{"id":21436,"type":"route","airline":"DL","airlineid":"airline_2009","sourceairport":"MSP","destinationairport":"ROC","stops":0,"equipment":"CR7","schedule":[{"day":0,"utc":"00:12:00","flight":"DL110"},{"day":0,"utc":"08:18:00","flight":"DL950"},{"day":0,"utc":"13:54:00","flight":"DL155"},{"day":1,"utc":"21:05:00","flight":"DL658"},{"day":2,"utc":"04:25:00","flight":"DL433"},{"day":2,"utc":"15:28:00","flight":"DL587"},{"day":2,"utc":"06:03:00","flight":"DL552"},{"day":2,"utc":"11:15:00","flight":"DL430"},{"day":3,"utc":"01:37:00","flight":"DL168"},{"day":3,"utc":"15:35:00","flight":"DL746"},{"day":3,"utc":"13:14:00","flight":"DL600"},{"day":3,"utc":"13:08:00","flight":"DL573"},{"day":4,"utc":"21:08:00","flight":"DL977"},{"day":4,"utc":"01:21:00","flight":"DL084"},{"day":4,"utc":"16:08:00","flight":"DL848"},{"day":4,"utc":"11:08:00","flight":"DL481"},{"day":4,"utc":"04:56:00","flight":"DL354"},{"day":5,"utc":"00:23:00","flight":"DL981"},{"day":5,"utc":"00:50:00","flight":"DL444"},{"day":5,"utc":"15:36:00","flight":"DL727"},{"day":6,"utc":"19:22:00","flight":"DL092"},{"day":6,"utc":"14:13:00","flight":"DL651"},{"day":6,"utc":"16:37:00","flight":"DL199"},{"day":6,"utc":"11:35:00","flight":"DL268"}],"distance":1257.0850542934345}