{"id":55153,"type":"route","airline":"U2","airlineid":"airline_2297","sourceairport":"MAN","destinationairport":"MLA","stops":0,"equipment":"320","schedule":[{"day":0,"utc":"22:08:00","flight":"U2923"},{"day":0,"utc":"13:40:00","flight":"U2200"},{"day":0,"utc":"13:22:00","flight":"U2384"},{"day":0,"utc":"03:14:00","flight":"U2603"},{"day":0,"utc":"06:56:00","flight":"U2988"},{"day":1,"utc":"05:49:00","flight":"U2390"},{"day":1,"utc":"13:55:00","flight":"U2457"},{"day":1,"utc":"12:13:00","flight":"U2114"},{"day":1,"utc":"23:35:00","flight":"U2715"},{"day":2,"utc":"10:41:00","flight":"U2042"},{"day":2,"utc":"11:54:00","flight":"U2099"},{"day":2,"utc":"21:57:00","flight":"U2824"},{"day":3,"utc":"00:13:00","flight":"U2718"},{"day":3,"utc":"13:53:00","flight":"U2034"},{"day":3,"utc":"08:17:00","flight":"U2646"},{"day":3,"utc":"21:29:00","flight":"U2052"},{"day":3,"utc":"18:13:00","flight":"U2720"},{"day":4,"utc":"22:52:00","flight":"U2983"},{"day":4,"utc":"22:33:00","flight":"U2097"},{"day":4,"utc":"05:05:00","flight":"U2955"},{"day":4,"utc":"11:29:00","flight":"U2818"},{"day":5,"utc":"03:55:00","flight":"U2153"},{"day":5,"utc":"01:01:00","flight":"U2920"},{"day":5,"utc":"06:16:00","flight":"U2085"},{"day":5,"utc":"21:15:00","flight":"U2720"},{"day":6,"utc":"03:46:00","flight":"U2138"},{"day":6,"utc":"22:37:00","flight":"U2152"}],"distance":2341.74493314971}