{"id":30391,"type":"route","airline":"GS","airlineid":"airline_690","sourceairport":"SYX","destinationairport":"CGO","stops":0,"equipment":"321","schedule":[{"day":0,"utc":"06:18:00","flight":"GS019"},{"day":0,"utc":"21:02:00","flight":"GS772"},{"day":1,"utc":"05:57:00","flight":"GS239"},{"day":2,"utc":"17:41:00","flight":"GS584"},{"day":3,"utc":"07:59:00","flight":"GS128"},{"day":3,"utc":"13:33:00","flight":"GS422"},{"day":3,"utc":"19:00:00","flight":"GS093"},{"day":3,"utc":"00:12:00","flight":"GS519"},{"day":3,"utc":"22:28:00","flight":"GS255"},{"day":4,"utc":"03:16:00","flight":"GS174"},{"day":4,"utc":"13:17:00","flight":"GS865"},{"day":4,"utc":"09:50:00","flight":"GS208"},{"day":4,"utc":"08:03:00","flight":"GS677"},{"day":5,"utc":"18:40:00","flight":"GS027"},{"day":5,"utc":"04:43:00","flight":"GS639"},{"day":5,"utc":"23:37:00","flight":"GS228"},{"day":5,"utc":"08:57:00","flight":"GS012"},{"day":5,"utc":"07:00:00","flight":"GS673"},{"day":6,"utc":"03:32:00","flight":"GS871"},{"day":6,"utc":"07:36:00","flight":"GS129"},{"day":6,"utc":"02:06:00","flight":"GS116"}],"distance":1855.7595694046825}