{"id":54680,"type":"route","airline":"U2","airlineid":"airline_2297","sourceairport":"CPH","destinationairport":"MXP","stops":0,"equipment":"319","schedule":[{"day":0,"utc":"12:37:00","flight":"U2404"},{"day":0,"utc":"06:00:00","flight":"U2576"},{"day":0,"utc":"13:39:00","flight":"U2366"},{"day":0,"utc":"21:06:00","flight":"U2922"},{"day":1,"utc":"17:54:00","flight":"U2748"},{"day":1,"utc":"08:10:00","flight":"U2069"},{"day":1,"utc":"07:06:00","flight":"U2595"},{"day":1,"utc":"21:55:00","flight":"U2613"},{"day":1,"utc":"03:43:00","flight":"U2418"},{"day":2,"utc":"06:41:00","flight":"U2412"},{"day":2,"utc":"14:08:00","flight":"U2935"},{"day":3,"utc":"04:29:00","flight":"U2895"},{"day":3,"utc":"09:10:00","flight":"U2685"},{"day":3,"utc":"01:04:00","flight":"U2328"},{"day":4,"utc":"12:08:00","flight":"U2204"},{"day":4,"utc":"08:43:00","flight":"U2691"},{"day":4,"utc":"01:39:00","flight":"U2910"},{"day":5,"utc":"04:36:00","flight":"U2058"},{"day":5,"utc":"05:40:00","flight":"U2111"},{"day":6,"utc":"15:19:00","flight":"U2971"},{"day":6,"utc":"18:50:00","flight":"U2921"}]}