{"id":38105,"type":"route","airline":"LH","airlineid":"airline_3320","sourceairport":"DEN","destinationairport":"FRA","stops":0,"equipment":"744","schedule":[{"day":0,"utc":"13:55:00","flight":"LH850"},{"day":0,"utc":"14:07:00","flight":"LH177"},{"day":0,"utc":"21:01:00","flight":"LH966"},{"day":0,"utc":"19:30:00","flight":"LH288"},{"day":1,"utc":"12:38:00","flight":"LH545"},{"day":1,"utc":"19:14:00","flight":"LH600"},{"day":1,"utc":"15:22:00","flight":"LH411"},{"day":1,"utc":"14:37:00","flight":"LH186"},{"day":1,"utc":"05:35:00","flight":"LH274"},{"day":2,"utc":"06:05:00","flight":"LH448"},{"day":3,"utc":"17:15:00","flight":"LH483"},{"day":3,"utc":"16:32:00","flight":"LH956"},{"day":3,"utc":"18:55:00","flight":"LH568"},{"day":4,"utc":"07:28:00","flight":"LH511"},{"day":4,"utc":"03:15:00","flight":"LH056"},{"day":4,"utc":"16:45:00","flight":"LH647"},{"day":4,"utc":"20:19:00","flight":"LH448"},{"day":4,"utc":"00:18:00","flight":"LH208"},{"day":5,"utc":"03:14:00","flight":"LH352"},{"day":5,"utc":"23:48:00","flight":"LH053"},{"day":6,"utc":"19:17:00","flight":"LH142"},{"day":6,"utc":"05:28:00","flight":"LH060"},{"day":6,"utc":"13:52:00","flight":"LH986"}]}