{"id":6077,"type":"route","airline":"AA","airlineid":"airline_24","sourceairport":"MIA","destinationairport":"MXP","stops":0,"equipment":"763","schedule":[{"day":0,"utc":"07:49:00","flight":"AA893"},{"day":0,"utc":"13:31:00","flight":"AA324"},{"day":0,"utc":"02:52:00","flight":"AA436"},{"day":1,"utc":"23:36:00","flight":"AA635"},{"day":1,"utc":"16:37:00","flight":"AA892"},{"day":1,"utc":"20:06:00","flight":"AA472"},{"day":2,"utc":"05:47:00","flight":"AA790"},{"day":2,"utc":"06:50:00","flight":"AA191"},{"day":3,"utc":"14:20:00","flight":"AA055"},{"day":3,"utc":"06:07:00","flight":"AA259"},{"day":3,"utc":"21:08:00","flight":"AA458"},{"day":3,"utc":"14:05:00","flight":"AA099"},{"day":4,"utc":"16:15:00","flight":"AA877"},{"day":4,"utc":"14:19:00","flight":"AA357"},{"day":4,"utc":"07:06:00","flight":"AA683"},{"day":5,"utc":"22:05:00","flight":"AA905"},{"day":5,"utc":"01:26:00","flight":"AA503"},{"day":5,"utc":"23:46:00","flight":"AA218"},{"day":5,"utc":"17:13:00","flight":"AA133"},{"day":6,"utc":"21:34:00","flight":"AA985"}],"distance":7920.006242587803}