{"id":25562,"type":"route","airline":"FL","airlineid":"airline_1316","sourceairport":"TPA","destinationairport":"SAT","stops":0,"equipment":"73W","schedule":[{"day":0,"utc":"03:47:00","flight":"FL149"},{"day":1,"utc":"10:16:00","flight":"FL064"},{"day":2,"utc":"17:54:00","flight":"FL503"},{"day":3,"utc":"06:44:00","flight":"FL582"},{"day":3,"utc":"06:56:00","flight":"FL484"},{"day":3,"utc":"10:40:00","flight":"FL926"},{"day":4,"utc":"00:06:00","flight":"FL910"},{"day":5,"utc":"10:46:00","flight":"FL448"},{"day":5,"utc":"22:00:00","flight":"FL192"},{"day":6,"utc":"12:32:00","flight":"FL894"}]}