{"id":57201,"type":"route","airline":"UA","airlineid":"airline_5209","sourceairport":"MUC","destinationairport":"LAX","stops":0,"equipment":"346","schedule":[{"day":0,"utc":"11:23:00","flight":"UA804"},{"day":0,"utc":"03:21:00","flight":"UA114"},{"day":1,"utc":"03:37:00","flight":"UA204"},{"day":1,"utc":"09:03:00","flight":"UA422"},{"day":1,"utc":"20:15:00","flight":"UA016"},{"day":1,"utc":"19:41:00","flight":"UA267"},{"day":2,"utc":"04:48:00","flight":"UA750"},{"day":2,"utc":"11:34:00","flight":"UA557"},{"day":2,"utc":"10:16:00","flight":"UA463"},{"day":2,"utc":"23:36:00","flight":"UA084"},{"day":2,"utc":"10:27:00","flight":"UA753"},{"day":3,"utc":"12:33:00","flight":"UA910"},{"day":3,"utc":"00:36:00","flight":"UA796"},{"day":4,"utc":"17:49:00","flight":"UA925"},{"day":4,"utc":"05:24:00","flight":"UA138"},{"day":5,"utc":"08:22:00","flight":"UA368"},{"day":6,"utc":"07:30:00","flight":"UA426"},{"day":6,"utc":"10:10:00","flight":"UA913"}],"distance":9615.802253023781}