{"id":6745,"type":"route","airline":"AA","airlineid":"airline_24","sourceairport":"SEA","destinationairport":"DEN","stops":0,"equipment":"737","schedule":[{"day":0,"utc":"23:56:00","flight":"AA680"},{"day":0,"utc":"20:32:00","flight":"AA062"},{"day":0,"utc":"11:07:00","flight":"AA927"},{"day":0,"utc":"12:04:00","flight":"AA828"},{"day":1,"utc":"19:09:00","flight":"AA965"},{"day":1,"utc":"01:03:00","flight":"AA636"},{"day":2,"utc":"21:16:00","flight":"AA602"},{"day":2,"utc":"19:30:00","flight":"AA079"},{"day":2,"utc":"17:06:00","flight":"AA196"},{"day":2,"utc":"15:31:00","flight":"AA093"},{"day":3,"utc":"07:19:00","flight":"AA654"},{"day":4,"utc":"05:19:00","flight":"AA139"},{"day":4,"utc":"07:48:00","flight":"AA812"},{"day":5,"utc":"08:12:00","flight":"AA418"},{"day":5,"utc":"11:41:00","flight":"AA188"},{"day":5,"utc":"00:37:00","flight":"AA780"},{"day":6,"utc":"07:01:00","flight":"AA966"},{"day":6,"utc":"17:06:00","flight":"AA490"},{"day":6,"utc":"05:26:00","flight":"AA846"},{"day":6,"utc":"02:39:00","flight":"AA663"},{"day":6,"utc":"21:38:00","flight":"AA543"}],"distance":1645.0772471400903}