{"id":60128,"type":"route","airline":"US","airlineid":"airline_5265","sourceairport":"PHL","destinationairport":"VCE","stops":0,"equipment":"332","schedule":[{"day":0,"utc":"15:52:00","flight":"US457"},{"day":0,"utc":"14:08:00","flight":"US860"},{"day":0,"utc":"02:38:00","flight":"US429"},{"day":0,"utc":"17:19:00","flight":"US894"},{"day":1,"utc":"03:33:00","flight":"US048"},{"day":1,"utc":"15:32:00","flight":"US270"},{"day":1,"utc":"10:54:00","flight":"US639"},{"day":1,"utc":"10:19:00","flight":"US897"},{"day":2,"utc":"12:41:00","flight":"US783"},{"day":2,"utc":"20:00:00","flight":"US781"},{"day":2,"utc":"13:59:00","flight":"US993"},{"day":2,"utc":"13:00:00","flight":"US514"},{"day":2,"utc":"05:45:00","flight":"US446"},{"day":3,"utc":"14:11:00","flight":"US076"},{"day":3,"utc":"00:13:00","flight":"US177"},{"day":3,"utc":"20:45:00","flight":"US469"},{"day":3,"utc":"10:05:00","flight":"US507"},{"day":4,"utc":"00:24:00","flight":"US602"},{"day":4,"utc":"21:31:00","flight":"US563"},{"day":4,"utc":"09:04:00","flight":"US018"},{"day":4,"utc":"04:12:00","flight":"US829"},{"day":5,"utc":"22:55:00","flight":"US873"},{"day":5,"utc":"11:47:00","flight":"US524"},{"day":5,"utc":"18:58:00","flight":"US119"},{"day":6,"utc":"13:17:00","flight":"US774"},{"day":6,"utc":"18:48:00","flight":"US804"},{"day":6,"utc":"22:55:00","flight":"US244"},{"day":6,"utc":"19:55:00","flight":"US136"},{"day":6,"utc":"14:40:00","flight":"US207"}]}