{"id":43025,"type":"route","airline":"NH","airlineid":"airline_324","sourceairport":"KIX","destinationairport":"SFO","stops":0,"equipment":"777 788","schedule":[{"day":0,"utc":"23:14:00","flight":"NH825"},{"day":0,"utc":"23:23:00","flight":"NH325"},{"day":1,"utc":"14:42:00","flight":"NH322"},{"day":1,"utc":"19:15:00","flight":"NH713"},{"day":1,"utc":"05:45:00","flight":"NH828"},{"day":2,"utc":"07:22:00","flight":"NH559"},{"day":3,"utc":"19:12:00","flight":"NH766"},{"day":4,"utc":"14:46:00","flight":"NH313"},{"day":5,"utc":"08:09:00","flight":"NH563"},{"day":5,"utc":"15:38:00","flight":"NH461"},{"day":5,"utc":"10:04:00","flight":"NH490"},{"day":6,"utc":"21:42:00","flight":"NH837"},{"day":6,"utc":"14:00:00","flight":"NH580"},{"day":6,"utc":"14:43:00","flight":"NH684"}],"distance":8691.558791714975}