{"id":53372,"type":"route","airline":"TO","airlineid":"airline_8745","sourceairport":"ORY","destinationairport":"TUN","stops":0,"equipment":"73H","schedule":[{"day":0,"utc":"22:50:00","flight":"TO047"},{"day":0,"utc":"04:47:00","flight":"TO988"},{"day":1,"utc":"05:48:00","flight":"TO223"},{"day":1,"utc":"11:28:00","flight":"TO623"},{"day":1,"utc":"22:26:00","flight":"TO781"},{"day":1,"utc":"17:54:00","flight":"TO535"},{"day":2,"utc":"22:27:00","flight":"TO208"},{"day":2,"utc":"07:15:00","flight":"TO281"},{"day":2,"utc":"14:55:00","flight":"TO624"},{"day":2,"utc":"06:03:00","flight":"TO736"},{"day":2,"utc":"12:22:00","flight":"TO186"},{"day":3,"utc":"07:05:00","flight":"TO564"},{"day":3,"utc":"17:05:00","flight":"TO419"},{"day":3,"utc":"03:15:00","flight":"TO960"},{"day":3,"utc":"11:20:00","flight":"TO517"},{"day":3,"utc":"00:59:00","flight":"TO684"},{"day":4,"utc":"10:22:00","flight":"TO004"},{"day":4,"utc":"02:02:00","flight":"TO012"},{"day":4,"utc":"00:08:00","flight":"TO880"},{"day":5,"utc":"04:21:00","flight":"TO745"},{"day":5,"utc":"23:03:00","flight":"TO088"},{"day":6,"utc":"01:16:00","flight":"TO812"},{"day":6,"utc":"12:11:00","flight":"TO717"},{"day":6,"utc":"14:50:00","flight":"TO902"},{"day":6,"utc":"06:31:00","flight":"TO762"}]}