{"id":64537,"type":"route","airline":"WN","airlineid":"airline_4547","sourceairport":"TPA","destinationairport":"MEM","stops":0,"equipment":"73C 73W","schedule":[{"day":0,"utc":"04:18:00","flight":"WN586"},{"day":1,"utc":"23:34:00","flight":"WN957"},{"day":1,"utc":"11:07:00","flight":"WN166"},{"day":1,"utc":"20:54:00","flight":"WN830"},{"day":2,"utc":"10:28:00","flight":"WN983"},{"day":2,"utc":"12:36:00","flight":"WN784"},{"day":2,"utc":"19:20:00","flight":"WN996"},{"day":2,"utc":"21:57:00","flight":"WN167"},{"day":2,"utc":"12:24:00","flight":"WN438"},{"day":3,"utc":"20:01:00","flight":"WN980"},{"day":3,"utc":"08:11:00","flight":"WN690"},{"day":3,"utc":"02:21:00","flight":"WN973"},{"day":3,"utc":"06:26:00","flight":"WN682"},{"day":4,"utc":"00:30:00","flight":"WN365"},{"day":4,"utc":"23:31:00","flight":"WN693"},{"day":4,"utc":"13:04:00","flight":"WN400"},{"day":5,"utc":"22:35:00","flight":"WN933"},{"day":6,"utc":"16:00:00","flight":"WN898"},{"day":6,"utc":"02:59:00","flight":"WN694"},{"day":6,"utc":"11:26:00","flight":"WN738"}]}