{"id":14506,"type":"route","airline":"BA","airlineid":"airline_1355","sourceairport":"EDI","destinationairport":"LCY","stops":0,"equipment":"E90 E70","schedule":[{"day":0,"utc":"04:16:00","flight":"BA513"},{"day":1,"utc":"22:16:00","flight":"BA530"},{"day":1,"utc":"06:20:00","flight":"BA115"},{"day":2,"utc":"07:26:00","flight":"BA787"},{"day":2,"utc":"18:57:00","flight":"BA726"},{"day":3,"utc":"01:17:00","flight":"BA694"},{"day":4,"utc":"03:25:00","flight":"BA912"},{"day":4,"utc":"21:13:00","flight":"BA436"},{"day":4,"utc":"11:29:00","flight":"BA923"},{"day":4,"utc":"21:27:00","flight":"BA465"},{"day":5,"utc":"20:51:00","flight":"BA538"},{"day":5,"utc":"02:44:00","flight":"BA976"},{"day":5,"utc":"00:36:00","flight":"BA280"},{"day":5,"utc":"16:45:00","flight":"BA791"},{"day":5,"utc":"15:41:00","flight":"BA292"},{"day":6,"utc":"17:28:00","flight":"BA810"}],"distance":543.0800368962011}