{"id":6504,"type":"route","airline":"AA","airlineid":"airline_24","sourceairport":"PHL","destinationairport":"SWF","stops":0,"equipment":"DH3","schedule":[{"day":0,"utc":"09:51:00","flight":"AA119"},{"day":0,"utc":"23:19:00","flight":"AA557"},{"day":1,"utc":"19:03:00","flight":"AA719"},{"day":1,"utc":"04:31:00","flight":"AA144"},{"day":1,"utc":"10:13:00","flight":"AA626"},{"day":1,"utc":"09:23:00","flight":"AA689"},{"day":2,"utc":"03:54:00","flight":"AA460"},{"day":2,"utc":"16:21:00","flight":"AA278"},{"day":3,"utc":"12:04:00","flight":"AA998"},{"day":3,"utc":"22:09:00","flight":"AA058"},{"day":4,"utc":"07:10:00","flight":"AA505"},{"day":4,"utc":"23:02:00","flight":"AA956"},{"day":4,"utc":"15:40:00","flight":"AA173"},{"day":4,"utc":"16:59:00","flight":"AA247"},{"day":4,"utc":"09:13:00","flight":"AA864"},{"day":5,"utc":"06:40:00","flight":"AA177"},{"day":5,"utc":"04:42:00","flight":"AA180"},{"day":5,"utc":"17:50:00","flight":"AA831"},{"day":5,"utc":"06:40:00","flight":"AA928"},{"day":5,"utc":"10:11:00","flight":"AA665"},{"day":6,"utc":"06:28:00","flight":"AA223"}],"distance":205.21823944992178}