{"id":55893,"type":"route","airline":"UA","airlineid":"airline_5209","sourceairport":"BOS","destinationairport":"YYZ","stops":0,"equipment":"E90 E75","schedule":[{"day":0,"utc":"11:50:00","flight":"UA146"},{"day":1,"utc":"21:30:00","flight":"UA904"},{"day":1,"utc":"18:16:00","flight":"UA299"},{"day":1,"utc":"00:36:00","flight":"UA864"},{"day":1,"utc":"21:48:00","flight":"UA007"},{"day":2,"utc":"13:32:00","flight":"UA767"},{"day":3,"utc":"04:28:00","flight":"UA525"},{"day":4,"utc":"02:32:00","flight":"UA465"},{"day":4,"utc":"12:48:00","flight":"UA669"},{"day":4,"utc":"17:11:00","flight":"UA923"},{"day":5,"utc":"06:49:00","flight":"UA114"},{"day":5,"utc":"23:31:00","flight":"UA679"},{"day":6,"utc":"17:20:00","flight":"UA678"},{"day":6,"utc":"00:13:00","flight":"UA551"},{"day":6,"utc":"16:28:00","flight":"UA867"}]}