{"id":9806,"type":"route","airline":"AF","airlineid":"airline_137","sourceairport":"NCE","destinationairport":"TLV","stops":0,"equipment":"320","schedule":[{"day":0,"utc":"18:10:00","flight":"AF378"},{"day":0,"utc":"07:16:00","flight":"AF580"},{"day":0,"utc":"15:45:00","flight":"AF580"},{"day":1,"utc":"07:37:00","flight":"AF216"},{"day":1,"utc":"09:28:00","flight":"AF624"},{"day":1,"utc":"17:03:00","flight":"AF781"},{"day":2,"utc":"11:49:00","flight":"AF420"},{"day":2,"utc":"18:17:00","flight":"AF971"},{"day":2,"utc":"04:18:00","flight":"AF335"},{"day":3,"utc":"06:40:00","flight":"AF870"},{"day":3,"utc":"17:33:00","flight":"AF211"},{"day":3,"utc":"03:14:00","flight":"AF619"},{"day":3,"utc":"20:32:00","flight":"AF900"},{"day":3,"utc":"12:08:00","flight":"AF545"},{"day":4,"utc":"05:50:00","flight":"AF037"},{"day":4,"utc":"18:37:00","flight":"AF912"},{"day":5,"utc":"22:25:00","flight":"AF632"},{"day":5,"utc":"03:41:00","flight":"AF774"},{"day":5,"utc":"06:04:00","flight":"AF053"},{"day":5,"utc":"08:35:00","flight":"AF052"},{"day":6,"utc":"17:22:00","flight":"AF238"},{"day":6,"utc":"16:48:00","flight":"AF503"},{"day":6,"utc":"21:47:00","flight":"AF359"}]}