{"id":57422,"type":"route","airline":"UA","airlineid":"airline_5209","sourceairport":"PBC","destinationairport":"IAH","stops":0,"equipment":"ERJ","schedule":[{"day":0,"utc":"20:35:00","flight":"UA468"},{"day":0,"utc":"01:39:00","flight":"UA643"},{"day":0,"utc":"03:02:00","flight":"UA498"},{"day":0,"utc":"22:38:00","flight":"UA495"},{"day":0,"utc":"16:54:00","flight":"UA733"},{"day":1,"utc":"21:56:00","flight":"UA975"},{"day":1,"utc":"08:08:00","flight":"UA901"},{"day":1,"utc":"08:19:00","flight":"UA399"},{"day":1,"utc":"16:21:00","flight":"UA520"},{"day":2,"utc":"05:32:00","flight":"UA557"},{"day":2,"utc":"19:53:00","flight":"UA951"},{"day":2,"utc":"09:26:00","flight":"UA658"},{"day":2,"utc":"23:38:00","flight":"UA994"},{"day":3,"utc":"09:08:00","flight":"UA577"},{"day":3,"utc":"05:52:00","flight":"UA403"},{"day":3,"utc":"12:07:00","flight":"UA511"},{"day":4,"utc":"16:14:00","flight":"UA256"},{"day":4,"utc":"10:21:00","flight":"UA462"},{"day":5,"utc":"13:12:00","flight":"UA112"},{"day":5,"utc":"08:04:00","flight":"UA119"},{"day":6,"utc":"12:48:00","flight":"UA972"},{"day":6,"utc":"12:15:00","flight":"UA295"},{"day":6,"utc":"21:49:00","flight":"UA599"},{"day":6,"utc":"05:41:00","flight":"UA132"}],"distance":1242.0272105914994}