{"id":58835,"type":"route","airline":"US","airlineid":"airline_5265","sourceairport":"CLT","destinationairport":"OAJ","stops":0,"equipment":"CRJ CR7","schedule":[{"day":0,"utc":"10:29:00","flight":"US569"},{"day":0,"utc":"23:36:00","flight":"US086"},{"day":0,"utc":"18:41:00","flight":"US485"},{"day":0,"utc":"03:15:00","flight":"US918"},{"day":0,"utc":"06:16:00","flight":"US150"},{"day":1,"utc":"13:09:00","flight":"US796"},{"day":1,"utc":"18:13:00","flight":"US340"},{"day":1,"utc":"17:36:00","flight":"US980"},{"day":1,"utc":"10:20:00","flight":"US779"},{"day":1,"utc":"17:47:00","flight":"US876"},{"day":2,"utc":"20:00:00","flight":"US105"},{"day":2,"utc":"09:59:00","flight":"US298"},{"day":2,"utc":"04:36:00","flight":"US330"},{"day":2,"utc":"11:51:00","flight":"US056"},{"day":2,"utc":"09:57:00","flight":"US362"},{"day":3,"utc":"08:00:00","flight":"US752"},{"day":3,"utc":"03:18:00","flight":"US075"},{"day":4,"utc":"06:49:00","flight":"US097"},{"day":5,"utc":"19:23:00","flight":"US838"},{"day":5,"utc":"08:10:00","flight":"US714"},{"day":5,"utc":"09:55:00","flight":"US852"},{"day":5,"utc":"14:09:00","flight":"US532"},{"day":6,"utc":"17:51:00","flight":"US176"}]}