{"id":62024,"type":"route","airline":"VX","airlineid":"airline_5331","sourceairport":"PDX","destinationairport":"SFO","stops":0,"equipment":"320","schedule":[{"day":0,"utc":"22:53:00","flight":"VX877"},{"day":0,"utc":"03:32:00","flight":"VX355"},{"day":0,"utc":"13:57:00","flight":"VX936"},{"day":1,"utc":"05:16:00","flight":"VX503"},{"day":1,"utc":"05:13:00","flight":"VX269"},{"day":2,"utc":"12:10:00","flight":"VX937"},{"day":2,"utc":"12:27:00","flight":"VX871"},{"day":2,"utc":"03:28:00","flight":"VX259"},{"day":2,"utc":"08:58:00","flight":"VX779"},{"day":3,"utc":"02:06:00","flight":"VX201"},{"day":3,"utc":"15:41:00","flight":"VX704"},{"day":4,"utc":"09:06:00","flight":"VX114"},{"day":4,"utc":"09:30:00","flight":"VX589"},{"day":5,"utc":"18:12:00","flight":"VX901"},{"day":5,"utc":"23:12:00","flight":"VX921"},{"day":5,"utc":"12:33:00","flight":"VX071"},{"day":5,"utc":"22:08:00","flight":"VX177"},{"day":6,"utc":"17:52:00","flight":"VX042"}],"distance":886.3879904250963}