{"id":60049,"type":"route","airline":"US","airlineid":"airline_5265","sourceairport":"PHL","destinationairport":"DAY","stops":0,"equipment":"CRJ","schedule":[{"day":0,"utc":"06:37:00","flight":"US926"},{"day":0,"utc":"10:41:00","flight":"US904"},{"day":0,"utc":"11:27:00","flight":"US382"},{"day":0,"utc":"04:50:00","flight":"US795"},{"day":1,"utc":"17:21:00","flight":"US173"},{"day":1,"utc":"09:22:00","flight":"US632"},{"day":1,"utc":"00:50:00","flight":"US094"},{"day":1,"utc":"12:54:00","flight":"US088"},{"day":2,"utc":"17:39:00","flight":"US690"},{"day":2,"utc":"06:10:00","flight":"US677"},{"day":2,"utc":"22:49:00","flight":"US668"},{"day":3,"utc":"02:41:00","flight":"US706"},{"day":4,"utc":"19:45:00","flight":"US683"},{"day":4,"utc":"19:32:00","flight":"US766"},{"day":4,"utc":"06:57:00","flight":"US766"},{"day":4,"utc":"13:08:00","flight":"US150"},{"day":4,"utc":"19:32:00","flight":"US527"},{"day":5,"utc":"11:52:00","flight":"US085"},{"day":5,"utc":"00:31:00","flight":"US419"},{"day":5,"utc":"05:21:00","flight":"US685"},{"day":6,"utc":"22:25:00","flight":"US387"},{"day":6,"utc":"10:12:00","flight":"US126"},{"day":6,"utc":"20:08:00","flight":"US758"},{"day":6,"utc":"21:50:00","flight":"US281"}],"distance":765.715496098384}