{"id":12463,"type":"route","airline":"AV","airlineid":"airline_515","sourceairport":"MCO","destinationairport":"SAL","stops":0,"equipment":"E90","schedule":[{"day":0,"utc":"00:14:00","flight":"AV306"},{"day":1,"utc":"23:44:00","flight":"AV892"},{"day":1,"utc":"21:55:00","flight":"AV178"},{"day":1,"utc":"16:13:00","flight":"AV475"},{"day":1,"utc":"04:12:00","flight":"AV131"},{"day":1,"utc":"10:28:00","flight":"AV187"},{"day":2,"utc":"19:50:00","flight":"AV221"},{"day":2,"utc":"19:27:00","flight":"AV066"},{"day":3,"utc":"20:19:00","flight":"AV061"},{"day":3,"utc":"02:53:00","flight":"AV641"},{"day":3,"utc":"12:06:00","flight":"AV592"},{"day":3,"utc":"03:00:00","flight":"AV247"},{"day":4,"utc":"11:29:00","flight":"AV882"},{"day":4,"utc":"20:10:00","flight":"AV721"},{"day":4,"utc":"18:11:00","flight":"AV114"},{"day":5,"utc":"22:46:00","flight":"AV516"},{"day":6,"utc":"14:23:00","flight":"AV603"},{"day":6,"utc":"16:59:00","flight":"AV398"},{"day":6,"utc":"07:17:00","flight":"AV025"},{"day":6,"utc":"06:38:00","flight":"AV818"},{"day":6,"utc":"20:32:00","flight":"AV327"}],"distance":1849.1905033565677}