{"id":62323,"type":"route","airline":"VY","airlineid":"airline_2439","sourceairport":"MAD","destinationairport":"CDG","stops":0,"equipment":"320","schedule":[{"day":0,"utc":"10:54:00","flight":"VY539"},{"day":0,"utc":"00:39:00","flight":"VY305"},{"day":0,"utc":"11:06:00","flight":"VY379"},{"day":1,"utc":"16:39:00","flight":"VY040"},{"day":1,"utc":"01:09:00","flight":"VY592"},{"day":1,"utc":"19:50:00","flight":"VY388"},{"day":1,"utc":"00:05:00","flight":"VY675"},{"day":1,"utc":"03:00:00","flight":"VY657"},{"day":2,"utc":"13:11:00","flight":"VY720"},{"day":2,"utc":"03:23:00","flight":"VY727"},{"day":2,"utc":"11:19:00","flight":"VY459"},{"day":2,"utc":"01:27:00","flight":"VY448"},{"day":2,"utc":"00:55:00","flight":"VY074"},{"day":3,"utc":"08:57:00","flight":"VY850"},{"day":3,"utc":"04:56:00","flight":"VY635"},{"day":4,"utc":"16:14:00","flight":"VY277"},{"day":4,"utc":"22:44:00","flight":"VY931"},{"day":5,"utc":"03:11:00","flight":"VY666"},{"day":5,"utc":"14:24:00","flight":"VY644"},{"day":5,"utc":"05:38:00","flight":"VY966"},{"day":6,"utc":"01:25:00","flight":"VY527"},{"day":6,"utc":"17:28:00","flight":"VY545"},{"day":6,"utc":"04:59:00","flight":"VY286"},{"day":6,"utc":"06:28:00","flight":"VY780"},{"day":6,"utc":"07:54:00","flight":"VY326"}]}