{"id":5958,"type":"route","airline":"AA","airlineid":"airline_24","sourceairport":"MCO","destinationairport":"JFK","stops":0,"equipment":"763 757","schedule":[{"day":0,"utc":"19:21:00","flight":"AA773"},{"day":1,"utc":"03:36:00","flight":"AA414"},{"day":1,"utc":"18:26:00","flight":"AA895"},{"day":1,"utc":"19:44:00","flight":"AA021"},{"day":1,"utc":"07:39:00","flight":"AA278"},{"day":1,"utc":"02:14:00","flight":"AA873"},{"day":2,"utc":"11:27:00","flight":"AA226"},{"day":2,"utc":"03:47:00","flight":"AA130"},{"day":3,"utc":"06:27:00","flight":"AA132"},{"day":3,"utc":"22:37:00","flight":"AA123"},{"day":4,"utc":"12:22:00","flight":"AA104"},{"day":4,"utc":"12:02:00","flight":"AA772"},{"day":4,"utc":"07:12:00","flight":"AA090"},{"day":4,"utc":"19:11:00","flight":"AA528"},{"day":5,"utc":"03:54:00","flight":"AA594"},{"day":6,"utc":"03:59:00","flight":"AA679"},{"day":6,"utc":"06:49:00","flight":"AA147"},{"day":6,"utc":"09:40:00","flight":"AA603"},{"day":6,"utc":"09:22:00","flight":"AA955"},{"day":6,"utc":"20:47:00","flight":"AA672"}]}