{"id":2564,"type":"route","airline":"7H","airlineid":"airline_16726","sourceairport":"ANC","destinationairport":"VDZ","stops":0,"equipment":"DH8 BE1","schedule":[{"day":0,"utc":"21:26:00","flight":"7H458"},{"day":0,"utc":"20:51:00","flight":"7H096"},{"day":0,"utc":"06:52:00","flight":"7H303"},{"day":0,"utc":"14:40:00","flight":"7H212"},{"day":1,"utc":"21:49:00","flight":"7H168"},{"day":1,"utc":"05:07:00","flight":"7H171"},{"day":1,"utc":"20:40:00","flight":"7H851"},{"day":1,"utc":"14:40:00","flight":"7H530"},{"day":1,"utc":"09:32:00","flight":"7H516"},{"day":2,"utc":"22:32:00","flight":"7H900"},{"day":3,"utc":"07:23:00","flight":"7H179"},{"day":3,"utc":"04:14:00","flight":"7H443"},{"day":4,"utc":"19:40:00","flight":"7H637"},{"day":4,"utc":"01:17:00","flight":"7H345"},{"day":4,"utc":"08:56:00","flight":"7H437"},{"day":4,"utc":"04:50:00","flight":"7H846"},{"day":5,"utc":"21:16:00","flight":"7H914"},{"day":6,"utc":"07:07:00","flight":"7H658"}],"distance":201.0908158248591}