{"id":14481,"type":"route","airline":"BA","airlineid":"airline_1355","sourceairport":"DBV","destinationairport":"LGW","stops":0,"equipment":"734 319","schedule":[{"day":0,"utc":"07:10:00","flight":"BA046"},{"day":0,"utc":"15:57:00","flight":"BA819"},{"day":1,"utc":"11:19:00","flight":"BA712"},{"day":1,"utc":"12:26:00","flight":"BA325"},{"day":1,"utc":"14:37:00","flight":"BA948"},{"day":1,"utc":"18:49:00","flight":"BA466"},{"day":2,"utc":"11:10:00","flight":"BA090"},{"day":2,"utc":"11:36:00","flight":"BA045"},{"day":2,"utc":"15:42:00","flight":"BA473"},{"day":2,"utc":"10:04:00","flight":"BA583"},{"day":2,"utc":"05:30:00","flight":"BA505"},{"day":3,"utc":"14:47:00","flight":"BA676"},{"day":3,"utc":"00:36:00","flight":"BA918"},{"day":3,"utc":"11:04:00","flight":"BA068"},{"day":3,"utc":"00:27:00","flight":"BA782"},{"day":3,"utc":"05:40:00","flight":"BA685"},{"day":4,"utc":"15:36:00","flight":"BA627"},{"day":4,"utc":"22:40:00","flight":"BA124"},{"day":4,"utc":"15:09:00","flight":"BA607"},{"day":4,"utc":"04:38:00","flight":"BA054"},{"day":4,"utc":"01:09:00","flight":"BA546"},{"day":5,"utc":"10:03:00","flight":"BA862"},{"day":5,"utc":"16:26:00","flight":"BA473"},{"day":6,"utc":"20:54:00","flight":"BA307"}],"distance":1690.0739242791099}