{"id":21154,"type":"route","airline":"DL","airlineid":"airline_2009","sourceairport":"LGA","destinationairport":"SDF","stops":0,"equipment":"ERJ","schedule":[{"day":0,"utc":"22:35:00","flight":"DL036"},{"day":0,"utc":"15:17:00","flight":"DL053"},{"day":0,"utc":"23:43:00","flight":"DL421"},{"day":0,"utc":"11:27:00","flight":"DL985"},{"day":1,"utc":"15:49:00","flight":"DL478"},{"day":1,"utc":"21:54:00","flight":"DL311"},{"day":1,"utc":"11:16:00","flight":"DL691"},{"day":1,"utc":"16:04:00","flight":"DL817"},{"day":1,"utc":"02:29:00","flight":"DL944"},{"day":2,"utc":"00:38:00","flight":"DL794"},{"day":2,"utc":"06:48:00","flight":"DL574"},{"day":2,"utc":"00:17:00","flight":"DL931"},{"day":2,"utc":"19:22:00","flight":"DL533"},{"day":3,"utc":"07:26:00","flight":"DL114"},{"day":3,"utc":"21:15:00","flight":"DL465"},{"day":3,"utc":"12:59:00","flight":"DL897"},{"day":3,"utc":"10:41:00","flight":"DL845"},{"day":3,"utc":"14:32:00","flight":"DL885"},{"day":4,"utc":"01:29:00","flight":"DL152"},{"day":4,"utc":"01:48:00","flight":"DL065"},{"day":5,"utc":"19:47:00","flight":"DL052"},{"day":6,"utc":"12:52:00","flight":"DL869"},{"day":6,"utc":"09:34:00","flight":"DL128"},{"day":6,"utc":"08:19:00","flight":"DL787"},{"day":6,"utc":"17:26:00","flight":"DL372"},{"day":6,"utc":"11:58:00","flight":"DL836"}],"distance":1057.6636237462287}