{"id":14769,"type":"route","airline":"BA","airlineid":"airline_1355","sourceairport":"LHR","destinationairport":"RUH","stops":0,"equipment":"744 777","schedule":[{"day":0,"utc":"17:30:00","flight":"BA373"},{"day":0,"utc":"09:42:00","flight":"BA863"},{"day":1,"utc":"18:01:00","flight":"BA574"},{"day":1,"utc":"05:51:00","flight":"BA136"},{"day":1,"utc":"08:25:00","flight":"BA148"},{"day":2,"utc":"13:04:00","flight":"BA755"},{"day":2,"utc":"21:37:00","flight":"BA669"},{"day":3,"utc":"04:40:00","flight":"BA889"},{"day":3,"utc":"19:56:00","flight":"BA169"},{"day":3,"utc":"15:56:00","flight":"BA471"},{"day":3,"utc":"03:37:00","flight":"BA582"},{"day":3,"utc":"10:55:00","flight":"BA793"},{"day":4,"utc":"09:37:00","flight":"BA532"},{"day":4,"utc":"21:28:00","flight":"BA987"},{"day":4,"utc":"08:53:00","flight":"BA324"},{"day":4,"utc":"12:29:00","flight":"BA897"},{"day":4,"utc":"20:20:00","flight":"BA515"},{"day":5,"utc":"02:29:00","flight":"BA912"},{"day":5,"utc":"00:58:00","flight":"BA098"},{"day":5,"utc":"23:53:00","flight":"BA735"},{"day":5,"utc":"12:37:00","flight":"BA440"},{"day":5,"utc":"13:31:00","flight":"BA429"},{"day":6,"utc":"12:51:00","flight":"BA940"},{"day":6,"utc":"20:30:00","flight":"BA924"}],"distance":4940.811105804413}