{"id":27006,"type":"route","airline":"FR","airlineid":"airline_4296","sourceairport":"IBZ","destinationairport":"PIK","stops":0,"equipment":"738","schedule":[{"day":0,"utc":"09:52:00","flight":"FR709"},{"day":0,"utc":"17:13:00","flight":"FR094"},{"day":0,"utc":"06:55:00","flight":"FR182"},{"day":0,"utc":"15:00:00","flight":"FR880"},{"day":0,"utc":"14:47:00","flight":"FR009"},{"day":1,"utc":"08:11:00","flight":"FR022"},{"day":1,"utc":"23:29:00","flight":"FR589"},{"day":1,"utc":"05:12:00","flight":"FR400"},{"day":2,"utc":"22:20:00","flight":"FR143"},{"day":2,"utc":"14:23:00","flight":"FR911"},{"day":2,"utc":"04:36:00","flight":"FR752"},{"day":3,"utc":"18:56:00","flight":"FR602"},{"day":3,"utc":"11:47:00","flight":"FR681"},{"day":3,"utc":"15:49:00","flight":"FR855"},{"day":3,"utc":"08:23:00","flight":"FR663"},{"day":3,"utc":"00:50:00","flight":"FR073"},{"day":4,"utc":"22:36:00","flight":"FR729"},{"day":4,"utc":"05:11:00","flight":"FR677"},{"day":4,"utc":"22:43:00","flight":"FR470"},{"day":4,"utc":"17:07:00","flight":"FR248"},{"day":4,"utc":"01:23:00","flight":"FR118"},{"day":5,"utc":"05:05:00","flight":"FR751"},{"day":5,"utc":"11:51:00","flight":"FR923"},{"day":6,"utc":"20:53:00","flight":"FR929"}]}