{"id":60086,"type":"route","airline":"US","airlineid":"airline_5265","sourceairport":"PHL","destinationairport":"MIA","stops":0,"equipment":"738 321 752 320","schedule":[{"day":0,"utc":"17:07:00","flight":"US356"},{"day":0,"utc":"05:23:00","flight":"US328"},{"day":0,"utc":"21:05:00","flight":"US527"},{"day":0,"utc":"04:12:00","flight":"US468"},{"day":0,"utc":"13:39:00","flight":"US561"},{"day":1,"utc":"06:17:00","flight":"US826"},{"day":1,"utc":"10:11:00","flight":"US318"},{"day":1,"utc":"06:57:00","flight":"US301"},{"day":1,"utc":"20:22:00","flight":"US215"},{"day":2,"utc":"05:32:00","flight":"US846"},{"day":2,"utc":"23:53:00","flight":"US012"},{"day":2,"utc":"16:29:00","flight":"US816"},{"day":2,"utc":"03:19:00","flight":"US259"},{"day":3,"utc":"09:26:00","flight":"US564"},{"day":4,"utc":"05:01:00","flight":"US644"},{"day":4,"utc":"00:22:00","flight":"US469"},{"day":4,"utc":"03:25:00","flight":"US304"},{"day":5,"utc":"09:45:00","flight":"US423"},{"day":5,"utc":"21:59:00","flight":"US046"},{"day":5,"utc":"21:15:00","flight":"US452"},{"day":5,"utc":"15:19:00","flight":"US972"},{"day":6,"utc":"21:26:00","flight":"US496"},{"day":6,"utc":"23:20:00","flight":"US585"},{"day":6,"utc":"08:48:00","flight":"US001"},{"day":6,"utc":"11:51:00","flight":"US694"},{"day":6,"utc":"07:16:00","flight":"US200"}],"distance":1634.237391603471}