{"id":61762,"type":"route","airline":"VS","airlineid":"airline_5347","sourceairport":"LGW","destinationairport":"UVF","stops":0,"equipment":"333","schedule":[{"day":0,"utc":"21:18:00","flight":"VS373"},{"day":0,"utc":"22:30:00","flight":"VS679"},{"day":0,"utc":"07:38:00","flight":"VS370"},{"day":1,"utc":"19:32:00","flight":"VS447"},{"day":1,"utc":"16:00:00","flight":"VS317"},{"day":1,"utc":"09:25:00","flight":"VS003"},{"day":1,"utc":"11:36:00","flight":"VS876"},{"day":2,"utc":"05:06:00","flight":"VS276"},{"day":2,"utc":"11:36:00","flight":"VS065"},{"day":2,"utc":"19:10:00","flight":"VS622"},{"day":2,"utc":"01:41:00","flight":"VS023"},{"day":3,"utc":"05:12:00","flight":"VS743"},{"day":3,"utc":"15:51:00","flight":"VS426"},{"day":3,"utc":"23:44:00","flight":"VS291"},{"day":3,"utc":"08:37:00","flight":"VS726"},{"day":3,"utc":"15:33:00","flight":"VS519"},{"day":4,"utc":"20:52:00","flight":"VS815"},{"day":4,"utc":"18:23:00","flight":"VS559"},{"day":5,"utc":"01:06:00","flight":"VS595"},{"day":6,"utc":"16:00:00","flight":"VS580"},{"day":6,"utc":"23:32:00","flight":"VS364"},{"day":6,"utc":"11:39:00","flight":"VS066"}]}