{"id":55448,"type":"route","airline":"U2","airlineid":"airline_2297","sourceairport":"SXF","destinationairport":"PMI","stops":0,"equipment":"319 320","schedule":[{"day":0,"utc":"03:05:00","flight":"U2766"},{"day":0,"utc":"10:10:00","flight":"U2420"},{"day":0,"utc":"10:14:00","flight":"U2627"},{"day":1,"utc":"14:29:00","flight":"U2242"},{"day":1,"utc":"11:50:00","flight":"U2636"},{"day":1,"utc":"16:36:00","flight":"U2721"},{"day":1,"utc":"16:35:00","flight":"U2028"},{"day":2,"utc":"12:43:00","flight":"U2456"},{"day":2,"utc":"23:37:00","flight":"U2505"},{"day":2,"utc":"06:46:00","flight":"U2566"},{"day":2,"utc":"17:11:00","flight":"U2954"},{"day":2,"utc":"21:35:00","flight":"U2642"},{"day":3,"utc":"10:34:00","flight":"U2643"},{"day":3,"utc":"18:25:00","flight":"U2175"},{"day":4,"utc":"06:04:00","flight":"U2716"},{"day":4,"utc":"15:06:00","flight":"U2472"},{"day":4,"utc":"05:28:00","flight":"U2092"},{"day":4,"utc":"10:24:00","flight":"U2639"},{"day":4,"utc":"15:22:00","flight":"U2944"},{"day":5,"utc":"15:42:00","flight":"U2742"},{"day":5,"utc":"08:02:00","flight":"U2735"},{"day":5,"utc":"20:20:00","flight":"U2579"},{"day":6,"utc":"20:57:00","flight":"U2560"},{"day":6,"utc":"00:55:00","flight":"U2588"},{"day":6,"utc":"22:52:00","flight":"U2549"}],"distance":1648.2921740783154}