{"id":58983,"type":"route","airline":"US","airlineid":"airline_5265","sourceairport":"DCA","destinationairport":"PBI","stops":0,"equipment":"E75 E70","schedule":[{"day":0,"utc":"06:53:00","flight":"US434"},{"day":0,"utc":"14:13:00","flight":"US343"},{"day":0,"utc":"11:14:00","flight":"US961"},{"day":0,"utc":"22:07:00","flight":"US662"},{"day":1,"utc":"01:52:00","flight":"US400"},{"day":1,"utc":"19:48:00","flight":"US145"},{"day":2,"utc":"16:48:00","flight":"US807"},{"day":2,"utc":"18:05:00","flight":"US351"},{"day":2,"utc":"07:00:00","flight":"US672"},{"day":2,"utc":"09:41:00","flight":"US482"},{"day":2,"utc":"09:41:00","flight":"US935"},{"day":3,"utc":"22:24:00","flight":"US420"},{"day":3,"utc":"16:14:00","flight":"US068"},{"day":3,"utc":"03:29:00","flight":"US061"},{"day":4,"utc":"16:38:00","flight":"US409"},{"day":4,"utc":"21:25:00","flight":"US873"},{"day":4,"utc":"11:18:00","flight":"US105"},{"day":5,"utc":"19:02:00","flight":"US332"},{"day":6,"utc":"13:44:00","flight":"US982"},{"day":6,"utc":"23:20:00","flight":"US800"},{"day":6,"utc":"07:12:00","flight":"US424"},{"day":6,"utc":"14:11:00","flight":"US390"},{"day":6,"utc":"19:05:00","flight":"US622"}],"distance":1382.74719158231}