{"id":37358,"type":"route","airline":"KS","airlineid":"airline_3935","sourceairport":"SNP","destinationairport":"ANC","stops":0,"equipment":"SF3","schedule":[{"day":0,"utc":"04:01:00","flight":"KS008"},{"day":0,"utc":"06:32:00","flight":"KS900"},{"day":1,"utc":"15:26:00","flight":"KS826"},{"day":1,"utc":"05:53:00","flight":"KS987"},{"day":1,"utc":"23:35:00","flight":"KS522"},{"day":2,"utc":"00:06:00","flight":"KS686"},{"day":3,"utc":"05:10:00","flight":"KS462"},{"day":3,"utc":"03:37:00","flight":"KS566"},{"day":3,"utc":"16:13:00","flight":"KS936"},{"day":3,"utc":"12:58:00","flight":"KS829"},{"day":4,"utc":"01:17:00","flight":"KS247"},{"day":4,"utc":"03:56:00","flight":"KS683"},{"day":4,"utc":"10:02:00","flight":"KS243"},{"day":4,"utc":"17:04:00","flight":"KS099"},{"day":4,"utc":"01:51:00","flight":"KS204"},{"day":5,"utc":"17:51:00","flight":"KS245"},{"day":5,"utc":"20:13:00","flight":"KS925"},{"day":5,"utc":"05:15:00","flight":"KS748"},{"day":6,"utc":"11:07:00","flight":"KS381"},{"day":6,"utc":"15:27:00","flight":"KS243"},{"day":6,"utc":"17:15:00","flight":"KS248"},{"day":6,"utc":"13:24:00","flight":"KS659"},{"day":6,"utc":"15:06:00","flight":"KS772"}],"distance":1229.4190067150087}