{"id":20827,"type":"route","airline":"DL","airlineid":"airline_2009","sourceairport":"HMO","destinationairport":"LAX","stops":0,"equipment":"ER4","schedule":[{"day":0,"utc":"01:41:00","flight":"DL635"},{"day":0,"utc":"08:06:00","flight":"DL186"},{"day":1,"utc":"03:32:00","flight":"DL752"},{"day":1,"utc":"21:48:00","flight":"DL147"},{"day":1,"utc":"15:22:00","flight":"DL581"},{"day":1,"utc":"16:32:00","flight":"DL735"},{"day":1,"utc":"14:40:00","flight":"DL237"},{"day":2,"utc":"16:21:00","flight":"DL928"},{"day":2,"utc":"23:39:00","flight":"DL714"},{"day":2,"utc":"06:12:00","flight":"DL929"},{"day":2,"utc":"07:21:00","flight":"DL044"},{"day":3,"utc":"00:51:00","flight":"DL754"},{"day":3,"utc":"03:29:00","flight":"DL055"},{"day":3,"utc":"10:58:00","flight":"DL412"},{"day":4,"utc":"19:09:00","flight":"DL699"},{"day":4,"utc":"15:02:00","flight":"DL833"},{"day":4,"utc":"19:20:00","flight":"DL594"},{"day":4,"utc":"20:44:00","flight":"DL959"},{"day":5,"utc":"01:43:00","flight":"DL441"},{"day":5,"utc":"19:10:00","flight":"DL064"},{"day":6,"utc":"19:44:00","flight":"DL435"},{"day":6,"utc":"19:08:00","flight":"DL331"},{"day":6,"utc":"07:50:00","flight":"DL669"},{"day":6,"utc":"15:00:00","flight":"DL005"},{"day":6,"utc":"07:54:00","flight":"DL507"}],"distance":881.1289350326044}