{"id":28151,"type":"route","airline":"FR","airlineid":"airline_4296","sourceairport":"TSF","destinationairport":"EMA","stops":0,"equipment":"738","schedule":[{"day":0,"utc":"19:43:00","flight":"FR294"},{"day":1,"utc":"18:20:00","flight":"FR078"},{"day":1,"utc":"05:14:00","flight":"FR481"},{"day":1,"utc":"19:54:00","flight":"FR109"},{"day":1,"utc":"20:29:00","flight":"FR948"},{"day":1,"utc":"06:57:00","flight":"FR667"},{"day":2,"utc":"11:32:00","flight":"FR383"},{"day":2,"utc":"02:02:00","flight":"FR207"},{"day":2,"utc":"08:10:00","flight":"FR310"},{"day":3,"utc":"16:25:00","flight":"FR355"},{"day":3,"utc":"13:15:00","flight":"FR693"},{"day":4,"utc":"16:34:00","flight":"FR184"},{"day":4,"utc":"12:54:00","flight":"FR769"},{"day":4,"utc":"08:10:00","flight":"FR093"},{"day":4,"utc":"03:45:00","flight":"FR226"},{"day":4,"utc":"02:46:00","flight":"FR361"},{"day":5,"utc":"21:32:00","flight":"FR731"},{"day":5,"utc":"16:10:00","flight":"FR334"},{"day":5,"utc":"08:01:00","flight":"FR355"},{"day":5,"utc":"10:14:00","flight":"FR970"},{"day":6,"utc":"02:55:00","flight":"FR261"},{"day":6,"utc":"05:40:00","flight":"FR489"},{"day":6,"utc":"03:26:00","flight":"FR074"}]}