{"id":24472,"type":"route","airline":"F9","airlineid":"airline_2468","sourceairport":"OMA","destinationairport":"DEN","stops":0,"equipment":"319","schedule":[{"day":0,"utc":"04:05:00","flight":"F9832"},{"day":0,"utc":"00:58:00","flight":"F9587"},{"day":1,"utc":"16:18:00","flight":"F9190"},{"day":1,"utc":"16:18:00","flight":"F9987"},{"day":1,"utc":"03:59:00","flight":"F9283"},{"day":1,"utc":"23:26:00","flight":"F9069"},{"day":1,"utc":"20:29:00","flight":"F9748"},{"day":2,"utc":"05:40:00","flight":"F9940"},{"day":2,"utc":"10:15:00","flight":"F9348"},{"day":3,"utc":"17:04:00","flight":"F9432"},{"day":3,"utc":"08:27:00","flight":"F9459"},{"day":3,"utc":"09:58:00","flight":"F9375"},{"day":3,"utc":"18:40:00","flight":"F9501"},{"day":4,"utc":"20:58:00","flight":"F9123"},{"day":4,"utc":"17:50:00","flight":"F9084"},{"day":4,"utc":"13:07:00","flight":"F9234"},{"day":4,"utc":"00:18:00","flight":"F9463"},{"day":5,"utc":"17:44:00","flight":"F9129"},{"day":5,"utc":"10:43:00","flight":"F9680"},{"day":5,"utc":"09:47:00","flight":"F9184"},{"day":5,"utc":"20:20:00","flight":"F9321"},{"day":6,"utc":"13:52:00","flight":"F9636"},{"day":6,"utc":"03:27:00","flight":"F9478"}],"distance":758.1576232285682}