{"id":54763,"type":"route","airline":"U2","airlineid":"airline_2297","sourceairport":"FCO","destinationairport":"NTE","stops":0,"equipment":"319","schedule":[{"day":0,"utc":"15:27:00","flight":"U2490"},{"day":1,"utc":"02:12:00","flight":"U2202"},{"day":1,"utc":"22:53:00","flight":"U2305"},{"day":1,"utc":"20:38:00","flight":"U2074"},{"day":1,"utc":"05:43:00","flight":"U2417"},{"day":1,"utc":"05:33:00","flight":"U2776"},{"day":2,"utc":"19:01:00","flight":"U2346"},{"day":3,"utc":"21:17:00","flight":"U2714"},{"day":3,"utc":"19:27:00","flight":"U2466"},{"day":3,"utc":"12:01:00","flight":"U2630"},{"day":4,"utc":"01:54:00","flight":"U2870"},{"day":4,"utc":"16:30:00","flight":"U2270"},{"day":4,"utc":"09:10:00","flight":"U2256"},{"day":4,"utc":"03:16:00","flight":"U2534"},{"day":5,"utc":"12:18:00","flight":"U2912"},{"day":5,"utc":"01:14:00","flight":"U2519"},{"day":5,"utc":"08:49:00","flight":"U2095"},{"day":6,"utc":"09:41:00","flight":"U2202"}],"distance":1247.7439104166704}