{"id":27519,"type":"route","airline":"FR","airlineid":"airline_4296","sourceairport":"OUD","destinationairport":"BVA","stops":0,"equipment":"738","schedule":[{"day":0,"utc":"08:27:00","flight":"FR324"},{"day":0,"utc":"23:48:00","flight":"FR965"},{"day":0,"utc":"01:09:00","flight":"FR893"},{"day":1,"utc":"18:23:00","flight":"FR385"},{"day":1,"utc":"07:55:00","flight":"FR516"},{"day":1,"utc":"11:02:00","flight":"FR394"},{"day":1,"utc":"09:08:00","flight":"FR367"},{"day":2,"utc":"03:09:00","flight":"FR174"},{"day":3,"utc":"14:12:00","flight":"FR277"},{"day":4,"utc":"06:46:00","flight":"FR223"},{"day":5,"utc":"15:53:00","flight":"FR050"},{"day":5,"utc":"15:29:00","flight":"FR247"},{"day":5,"utc":"18:30:00","flight":"FR350"},{"day":5,"utc":"02:12:00","flight":"FR240"},{"day":6,"utc":"18:36:00","flight":"FR235"},{"day":6,"utc":"11:00:00","flight":"FR128"},{"day":6,"utc":"12:12:00","flight":"FR327"},{"day":6,"utc":"04:09:00","flight":"FR679"},{"day":6,"utc":"04:49:00","flight":"FR728"}],"distance":1663.9283616925427}