{"id":20985,"type":"route","airline":"DL","airlineid":"airline_2009","sourceairport":"JFK","destinationairport":"SDF","stops":0,"equipment":"CRJ ERJ","schedule":[{"day":0,"utc":"13:50:00","flight":"DL725"},{"day":0,"utc":"23:40:00","flight":"DL727"},{"day":0,"utc":"09:59:00","flight":"DL874"},{"day":0,"utc":"05:33:00","flight":"DL848"},{"day":1,"utc":"09:27:00","flight":"DL198"},{"day":1,"utc":"06:50:00","flight":"DL004"},{"day":1,"utc":"06:56:00","flight":"DL052"},{"day":2,"utc":"21:20:00","flight":"DL032"},{"day":2,"utc":"10:23:00","flight":"DL512"},{"day":2,"utc":"22:31:00","flight":"DL421"},{"day":3,"utc":"11:24:00","flight":"DL411"},{"day":3,"utc":"12:58:00","flight":"DL908"},{"day":3,"utc":"01:24:00","flight":"DL984"},{"day":4,"utc":"13:35:00","flight":"DL153"},{"day":5,"utc":"14:31:00","flight":"DL137"},{"day":5,"utc":"23:53:00","flight":"DL784"},{"day":5,"utc":"08:05:00","flight":"DL887"},{"day":6,"utc":"07:31:00","flight":"DL554"}],"distance":1062.3366949343842}