{"id":5425,"type":"route","airline":"AA","airlineid":"airline_24","sourceairport":"FDF","destinationairport":"MIA","stops":0,"equipment":"738","schedule":[{"day":0,"utc":"01:05:00","flight":"AA812"},{"day":1,"utc":"23:29:00","flight":"AA157"},{"day":1,"utc":"08:11:00","flight":"AA512"},{"day":1,"utc":"02:45:00","flight":"AA144"},{"day":2,"utc":"09:05:00","flight":"AA224"},{"day":2,"utc":"17:45:00","flight":"AA987"},{"day":3,"utc":"15:16:00","flight":"AA533"},{"day":3,"utc":"20:52:00","flight":"AA862"},{"day":3,"utc":"12:55:00","flight":"AA152"},{"day":3,"utc":"02:00:00","flight":"AA845"},{"day":3,"utc":"16:30:00","flight":"AA209"},{"day":4,"utc":"21:58:00","flight":"AA494"},{"day":4,"utc":"22:28:00","flight":"AA283"},{"day":4,"utc":"18:05:00","flight":"AA928"},{"day":5,"utc":"02:14:00","flight":"AA238"},{"day":6,"utc":"16:20:00","flight":"AA837"},{"day":6,"utc":"09:45:00","flight":"AA428"},{"day":6,"utc":"07:48:00","flight":"AA170"}],"distance":2362.274135503183}