{"id":9756,"type":"route","airline":"AF","airlineid":"airline_137","sourceairport":"MRS","destinationairport":"TUN","stops":0,"equipment":"319 320","schedule":[{"day":0,"utc":"16:30:00","flight":"AF585"},{"day":1,"utc":"15:57:00","flight":"AF187"},{"day":1,"utc":"19:56:00","flight":"AF137"},{"day":1,"utc":"05:20:00","flight":"AF356"},{"day":1,"utc":"08:57:00","flight":"AF554"},{"day":1,"utc":"11:28:00","flight":"AF182"},{"day":2,"utc":"08:23:00","flight":"AF263"},{"day":2,"utc":"05:29:00","flight":"AF214"},{"day":2,"utc":"05:55:00","flight":"AF204"},{"day":2,"utc":"10:18:00","flight":"AF376"},{"day":3,"utc":"04:42:00","flight":"AF536"},{"day":3,"utc":"22:14:00","flight":"AF347"},{"day":3,"utc":"17:18:00","flight":"AF736"},{"day":3,"utc":"04:40:00","flight":"AF006"},{"day":3,"utc":"14:41:00","flight":"AF757"},{"day":4,"utc":"12:39:00","flight":"AF609"},{"day":4,"utc":"09:29:00","flight":"AF897"},{"day":4,"utc":"01:56:00","flight":"AF269"},{"day":5,"utc":"18:48:00","flight":"AF370"},{"day":5,"utc":"18:15:00","flight":"AF741"},{"day":5,"utc":"12:35:00","flight":"AF380"},{"day":5,"utc":"04:55:00","flight":"AF951"},{"day":6,"utc":"10:45:00","flight":"AF008"},{"day":6,"utc":"14:29:00","flight":"AF929"},{"day":6,"utc":"11:33:00","flight":"AF659"}],"distance":846.7619394818453}