{"id":54615,"type":"route","airline":"U2","airlineid":"airline_2297","sourceairport":"BSL","destinationairport":"SXF","stops":0,"equipment":"320 319","schedule":[{"day":0,"utc":"10:47:00","flight":"U2087"},{"day":0,"utc":"16:37:00","flight":"U2645"},{"day":0,"utc":"05:25:00","flight":"U2122"},{"day":1,"utc":"04:06:00","flight":"U2852"},{"day":1,"utc":"04:32:00","flight":"U2678"},{"day":1,"utc":"13:45:00","flight":"U2862"},{"day":2,"utc":"08:31:00","flight":"U2334"},{"day":3,"utc":"03:52:00","flight":"U2676"},{"day":4,"utc":"04:57:00","flight":"U2858"},{"day":4,"utc":"03:07:00","flight":"U2893"},{"day":4,"utc":"21:31:00","flight":"U2251"},{"day":5,"utc":"10:07:00","flight":"U2356"},{"day":5,"utc":"14:01:00","flight":"U2420"},{"day":5,"utc":"05:52:00","flight":"U2234"},{"day":5,"utc":"19:58:00","flight":"U2632"},{"day":6,"utc":"16:12:00","flight":"U2746"},{"day":6,"utc":"03:17:00","flight":"U2425"},{"day":6,"utc":"00:18:00","flight":"U2954"},{"day":6,"utc":"01:32:00","flight":"U2319"}],"distance":683.1138381111015}