{"id":17393,"type":"route","airline":"CI","airlineid":"airline_1756","sourceairport":"AMS","destinationairport":"LHR","stops":0,"equipment":"F70","schedule":[{"day":0,"utc":"19:20:00","flight":"CI668"},{"day":0,"utc":"03:18:00","flight":"CI510"},{"day":0,"utc":"01:56:00","flight":"CI451"},{"day":0,"utc":"01:01:00","flight":"CI776"},{"day":1,"utc":"07:52:00","flight":"CI032"},{"day":1,"utc":"05:41:00","flight":"CI712"},{"day":1,"utc":"06:37:00","flight":"CI842"},{"day":1,"utc":"12:09:00","flight":"CI610"},{"day":2,"utc":"20:08:00","flight":"CI610"},{"day":2,"utc":"21:54:00","flight":"CI242"},{"day":2,"utc":"11:17:00","flight":"CI320"},{"day":3,"utc":"09:35:00","flight":"CI591"},{"day":3,"utc":"12:23:00","flight":"CI806"},{"day":4,"utc":"08:18:00","flight":"CI655"},{"day":4,"utc":"02:59:00","flight":"CI255"},{"day":4,"utc":"14:50:00","flight":"CI256"},{"day":5,"utc":"13:11:00","flight":"CI507"},{"day":5,"utc":"10:36:00","flight":"CI393"},{"day":5,"utc":"05:27:00","flight":"CI143"},{"day":5,"utc":"05:49:00","flight":"CI679"},{"day":6,"utc":"14:26:00","flight":"CI374"},{"day":6,"utc":"03:18:00","flight":"CI947"},{"day":6,"utc":"10:36:00","flight":"CI672"},{"day":6,"utc":"21:44:00","flight":"CI624"},{"day":6,"utc":"18:57:00","flight":"CI175"}],"distance":370.1937834280328}