{"id":53505,"type":"route","airline":"TOM","airlineid":"airline_5013","sourceairport":"EMA","destinationairport":"ACE","stops":0,"equipment":"73H","schedule":[{"day":0,"utc":"00:17:00","flight":"TOM721"},{"day":0,"utc":"14:12:00","flight":"TOM846"},{"day":0,"utc":"21:48:00","flight":"TOM209"},{"day":0,"utc":"00:29:00","flight":"TOM843"},{"day":0,"utc":"20:46:00","flight":"TOM007"},{"day":1,"utc":"13:09:00","flight":"TOM681"},{"day":1,"utc":"19:06:00","flight":"TOM578"},{"day":1,"utc":"19:17:00","flight":"TOM558"},{"day":2,"utc":"02:29:00","flight":"TOM603"},{"day":2,"utc":"23:31:00","flight":"TOM081"},{"day":3,"utc":"17:22:00","flight":"TOM265"},{"day":3,"utc":"17:40:00","flight":"TOM471"},{"day":4,"utc":"12:42:00","flight":"TOM281"},{"day":4,"utc":"10:21:00","flight":"TOM694"},{"day":4,"utc":"20:58:00","flight":"TOM447"},{"day":5,"utc":"14:51:00","flight":"TOM277"},{"day":6,"utc":"05:12:00","flight":"TOM256"},{"day":6,"utc":"03:42:00","flight":"TOM660"},{"day":6,"utc":"09:38:00","flight":"TOM130"}]}