{"id":6702,"type":"route","airline":"AA","airlineid":"airline_24","sourceairport":"SAN","destinationairport":"MIA","stops":0,"equipment":"738","schedule":[{"day":0,"utc":"18:03:00","flight":"AA706"},{"day":0,"utc":"14:42:00","flight":"AA917"},{"day":0,"utc":"09:31:00","flight":"AA234"},{"day":0,"utc":"10:22:00","flight":"AA372"},{"day":1,"utc":"22:21:00","flight":"AA899"},{"day":1,"utc":"08:32:00","flight":"AA534"},{"day":2,"utc":"13:22:00","flight":"AA110"},{"day":2,"utc":"18:10:00","flight":"AA104"},{"day":2,"utc":"08:57:00","flight":"AA563"},{"day":3,"utc":"16:47:00","flight":"AA998"},{"day":3,"utc":"00:01:00","flight":"AA650"},{"day":3,"utc":"00:32:00","flight":"AA109"},{"day":3,"utc":"07:03:00","flight":"AA726"},{"day":3,"utc":"11:55:00","flight":"AA461"},{"day":4,"utc":"06:45:00","flight":"AA964"},{"day":4,"utc":"23:58:00","flight":"AA499"},{"day":4,"utc":"20:25:00","flight":"AA999"},{"day":4,"utc":"01:56:00","flight":"AA966"},{"day":4,"utc":"07:08:00","flight":"AA813"},{"day":5,"utc":"22:57:00","flight":"AA081"},{"day":6,"utc":"22:23:00","flight":"AA495"},{"day":6,"utc":"18:16:00","flight":"AA522"},{"day":6,"utc":"09:47:00","flight":"AA063"},{"day":6,"utc":"03:12:00","flight":"AA452"},{"day":6,"utc":"08:23:00","flight":"AA695"}]}