{"id":20152,"type":"route","airline":"DL","airlineid":"airline_2009","sourceairport":"ATL","destinationairport":"IAH","stops":0,"equipment":"M88 717 320 319","schedule":[{"day":0,"utc":"16:56:00","flight":"DL643"},{"day":1,"utc":"07:21:00","flight":"DL873"},{"day":1,"utc":"12:53:00","flight":"DL414"},{"day":1,"utc":"10:52:00","flight":"DL862"},{"day":1,"utc":"10:06:00","flight":"DL608"},{"day":2,"utc":"07:34:00","flight":"DL562"},{"day":3,"utc":"12:03:00","flight":"DL090"},{"day":3,"utc":"06:29:00","flight":"DL954"},{"day":4,"utc":"15:53:00","flight":"DL075"},{"day":4,"utc":"09:03:00","flight":"DL056"},{"day":4,"utc":"21:03:00","flight":"DL426"},{"day":4,"utc":"01:18:00","flight":"DL616"},{"day":4,"utc":"03:45:00","flight":"DL136"},{"day":5,"utc":"17:49:00","flight":"DL973"},{"day":6,"utc":"12:43:00","flight":"DL712"}],"distance":1107.5683839502317}