{"id":4660,"type":"route","airline":"AA","airlineid":"airline_24","sourceairport":"ABQ","destinationairport":"LAX","stops":0,"equipment":"CR7 CRJ","schedule":[{"day":0,"utc":"20:10:00","flight":"AA356"},{"day":0,"utc":"12:51:00","flight":"AA415"},{"day":0,"utc":"20:18:00","flight":"AA037"},{"day":0,"utc":"13:22:00","flight":"AA119"},{"day":0,"utc":"02:00:00","flight":"AA235"},{"day":1,"utc":"21:27:00","flight":"AA978"},{"day":1,"utc":"09:16:00","flight":"AA371"},{"day":1,"utc":"12:16:00","flight":"AA412"},{"day":2,"utc":"12:29:00","flight":"AA492"},{"day":2,"utc":"13:45:00","flight":"AA264"},{"day":2,"utc":"20:59:00","flight":"AA168"},{"day":2,"utc":"13:40:00","flight":"AA617"},{"day":3,"utc":"01:55:00","flight":"AA679"},{"day":3,"utc":"19:51:00","flight":"AA967"},{"day":3,"utc":"17:33:00","flight":"AA792"},{"day":3,"utc":"08:48:00","flight":"AA375"},{"day":3,"utc":"16:35:00","flight":"AA094"},{"day":4,"utc":"15:42:00","flight":"AA226"},{"day":5,"utc":"21:52:00","flight":"AA124"},{"day":5,"utc":"10:58:00","flight":"AA119"},{"day":5,"utc":"21:29:00","flight":"AA394"},{"day":5,"utc":"23:25:00","flight":"AA722"},{"day":5,"utc":"15:44:00","flight":"AA927"},{"day":6,"utc":"10:30:00","flight":"AA165"},{"day":6,"utc":"10:43:00","flight":"AA852"}],"distance":1087.561870812024}