{"id":63980,"type":"route","airline":"WN","airlineid":"airline_4547","sourceairport":"LAX","destinationairport":"MKE","stops":0,"equipment":"73W","schedule":[{"day":0,"utc":"10:06:00","flight":"WN610"},{"day":0,"utc":"00:15:00","flight":"WN375"},{"day":0,"utc":"22:13:00","flight":"WN434"},{"day":0,"utc":"11:35:00","flight":"WN826"},{"day":0,"utc":"04:43:00","flight":"WN738"},{"day":1,"utc":"15:43:00","flight":"WN004"},{"day":1,"utc":"19:00:00","flight":"WN578"},{"day":1,"utc":"04:14:00","flight":"WN433"},{"day":1,"utc":"19:07:00","flight":"WN450"},{"day":1,"utc":"23:42:00","flight":"WN852"},{"day":2,"utc":"23:29:00","flight":"WN635"},{"day":2,"utc":"09:31:00","flight":"WN314"},{"day":2,"utc":"14:04:00","flight":"WN626"},{"day":2,"utc":"02:27:00","flight":"WN846"},{"day":2,"utc":"16:18:00","flight":"WN786"},{"day":3,"utc":"13:37:00","flight":"WN749"},{"day":3,"utc":"18:52:00","flight":"WN206"},{"day":3,"utc":"12:13:00","flight":"WN362"},{"day":3,"utc":"08:01:00","flight":"WN233"},{"day":4,"utc":"11:27:00","flight":"WN326"},{"day":5,"utc":"08:57:00","flight":"WN779"},{"day":5,"utc":"22:31:00","flight":"WN053"},{"day":5,"utc":"20:36:00","flight":"WN338"},{"day":5,"utc":"05:13:00","flight":"WN310"},{"day":6,"utc":"19:39:00","flight":"WN456"},{"day":6,"utc":"12:39:00","flight":"WN404"}]}