{"id":63717,"type":"route","airline":"WN","airlineid":"airline_4547","sourceairport":"DEN","destinationairport":"GRR","stops":0,"equipment":"73W","schedule":[{"day":0,"utc":"04:39:00","flight":"WN626"},{"day":1,"utc":"20:14:00","flight":"WN563"},{"day":2,"utc":"07:38:00","flight":"WN111"},{"day":2,"utc":"14:45:00","flight":"WN069"},{"day":2,"utc":"13:30:00","flight":"WN877"},{"day":3,"utc":"23:11:00","flight":"WN465"},{"day":3,"utc":"18:50:00","flight":"WN176"},{"day":3,"utc":"11:28:00","flight":"WN351"},{"day":4,"utc":"13:05:00","flight":"WN506"},{"day":4,"utc":"14:07:00","flight":"WN609"},{"day":4,"utc":"00:49:00","flight":"WN877"},{"day":5,"utc":"19:16:00","flight":"WN741"},{"day":6,"utc":"09:51:00","flight":"WN174"},{"day":6,"utc":"11:18:00","flight":"WN436"},{"day":6,"utc":"22:37:00","flight":"WN756"}],"distance":1629.0937123192004}