{"id":37335,"type":"route","airline":"KS","airlineid":"airline_3935","sourceairport":"AKN","destinationairport":"ANC","stops":0,"equipment":"SF3","schedule":[{"day":0,"utc":"20:15:00","flight":"KS393"},{"day":0,"utc":"08:10:00","flight":"KS951"},{"day":0,"utc":"15:36:00","flight":"KS699"},{"day":0,"utc":"13:16:00","flight":"KS623"},{"day":0,"utc":"01:44:00","flight":"KS332"},{"day":1,"utc":"06:52:00","flight":"KS668"},{"day":1,"utc":"16:09:00","flight":"KS422"},{"day":1,"utc":"05:57:00","flight":"KS267"},{"day":1,"utc":"01:49:00","flight":"KS945"},{"day":1,"utc":"06:32:00","flight":"KS794"},{"day":2,"utc":"14:18:00","flight":"KS860"},{"day":2,"utc":"09:55:00","flight":"KS278"},{"day":3,"utc":"12:53:00","flight":"KS185"},{"day":3,"utc":"23:49:00","flight":"KS014"},{"day":3,"utc":"18:32:00","flight":"KS550"},{"day":3,"utc":"07:30:00","flight":"KS410"},{"day":3,"utc":"12:23:00","flight":"KS481"},{"day":4,"utc":"02:04:00","flight":"KS570"},{"day":4,"utc":"07:46:00","flight":"KS085"},{"day":4,"utc":"04:18:00","flight":"KS319"},{"day":5,"utc":"02:23:00","flight":"KS681"},{"day":5,"utc":"15:50:00","flight":"KS516"},{"day":5,"utc":"08:39:00","flight":"KS690"},{"day":5,"utc":"22:06:00","flight":"KS132"},{"day":5,"utc":"23:02:00","flight":"KS333"},{"day":6,"utc":"22:04:00","flight":"KS321"},{"day":6,"utc":"08:10:00","flight":"KS143"},{"day":6,"utc":"06:17:00","flight":"KS827"}],"distance":462.84650491721726}