{"id":46652,"type":"route","airline":"Q7","airlineid":"airline_N","sourceairport":"MHH","destinationairport":"FLL","stops":0,"equipment":"SF3","schedule":[{"day":0,"utc":"06:49:00","flight":"Q7505"},{"day":0,"utc":"10:38:00","flight":"Q7251"},{"day":1,"utc":"12:50:00","flight":"Q7730"},{"day":1,"utc":"11:10:00","flight":"Q7391"},{"day":1,"utc":"19:17:00","flight":"Q7198"},{"day":1,"utc":"00:18:00","flight":"Q7797"},{"day":2,"utc":"21:12:00","flight":"Q7382"},{"day":2,"utc":"00:28:00","flight":"Q7780"},{"day":3,"utc":"21:19:00","flight":"Q7284"},{"day":3,"utc":"16:50:00","flight":"Q7643"},{"day":4,"utc":"10:08:00","flight":"Q7422"},{"day":5,"utc":"15:13:00","flight":"Q7613"},{"day":6,"utc":"19:50:00","flight":"Q7177"},{"day":6,"utc":"12:22:00","flight":"Q7327"}],"distance":309.83918247207083}