{"id":57462,"type":"route","airline":"UA","airlineid":"airline_5209","sourceairport":"PHX","destinationairport":"IAH","stops":0,"equipment":"738 320 739 319 73G","schedule":[{"day":0,"utc":"06:48:00","flight":"UA344"},{"day":1,"utc":"04:52:00","flight":"UA572"},{"day":1,"utc":"02:56:00","flight":"UA851"},{"day":1,"utc":"07:06:00","flight":"UA113"},{"day":1,"utc":"09:17:00","flight":"UA933"},{"day":2,"utc":"23:20:00","flight":"UA059"},{"day":3,"utc":"13:58:00","flight":"UA419"},{"day":3,"utc":"15:21:00","flight":"UA008"},{"day":4,"utc":"13:41:00","flight":"UA255"},{"day":5,"utc":"02:27:00","flight":"UA758"},{"day":5,"utc":"14:43:00","flight":"UA335"},{"day":5,"utc":"08:38:00","flight":"UA368"},{"day":6,"utc":"19:38:00","flight":"UA264"},{"day":6,"utc":"16:55:00","flight":"UA058"},{"day":6,"utc":"18:43:00","flight":"UA030"},{"day":6,"utc":"04:37:00","flight":"UA802"}],"distance":1620.9221088223892}