{"id":13896,"type":"route","airline":"B6","airlineid":"airline_3029","sourceairport":"AUA","destinationairport":"BOS","stops":0,"equipment":"320","schedule":[{"day":0,"utc":"15:27:00","flight":"B6218"},{"day":0,"utc":"15:07:00","flight":"B6749"},{"day":1,"utc":"06:28:00","flight":"B6304"},{"day":1,"utc":"22:36:00","flight":"B6947"},{"day":1,"utc":"23:44:00","flight":"B6727"},{"day":1,"utc":"21:50:00","flight":"B6422"},{"day":1,"utc":"00:25:00","flight":"B6004"},{"day":2,"utc":"12:54:00","flight":"B6348"},{"day":2,"utc":"08:31:00","flight":"B6944"},{"day":2,"utc":"08:40:00","flight":"B6236"},{"day":2,"utc":"16:29:00","flight":"B6270"},{"day":2,"utc":"17:42:00","flight":"B6004"},{"day":3,"utc":"14:56:00","flight":"B6648"},{"day":3,"utc":"13:38:00","flight":"B6773"},{"day":3,"utc":"22:24:00","flight":"B6308"},{"day":4,"utc":"12:56:00","flight":"B6832"},{"day":4,"utc":"18:47:00","flight":"B6551"},{"day":4,"utc":"23:56:00","flight":"B6332"},{"day":5,"utc":"10:39:00","flight":"B6946"},{"day":5,"utc":"13:55:00","flight":"B6127"},{"day":5,"utc":"01:48:00","flight":"B6300"},{"day":5,"utc":"01:22:00","flight":"B6522"},{"day":5,"utc":"11:44:00","flight":"B6071"},{"day":6,"utc":"20:52:00","flight":"B6270"},{"day":6,"utc":"21:45:00","flight":"B6294"},{"day":6,"utc":"01:57:00","flight":"B6284"},{"day":6,"utc":"15:28:00","flight":"B6438"}]}