{"id":56507,"type":"route","airline":"UA","airlineid":"airline_5209","sourceairport":"GNV","destinationairport":"TPA","stops":0,"equipment":"SF3","schedule":[{"day":0,"utc":"06:29:00","flight":"UA987"},{"day":0,"utc":"14:12:00","flight":"UA458"},{"day":1,"utc":"04:28:00","flight":"UA610"},{"day":1,"utc":"17:54:00","flight":"UA310"},{"day":1,"utc":"15:40:00","flight":"UA723"},{"day":1,"utc":"16:47:00","flight":"UA810"},{"day":1,"utc":"08:55:00","flight":"UA231"},{"day":2,"utc":"14:37:00","flight":"UA336"},{"day":2,"utc":"03:17:00","flight":"UA732"},{"day":2,"utc":"02:32:00","flight":"UA039"},{"day":2,"utc":"03:59:00","flight":"UA230"},{"day":3,"utc":"16:57:00","flight":"UA487"},{"day":4,"utc":"13:43:00","flight":"UA739"},{"day":5,"utc":"16:07:00","flight":"UA465"},{"day":5,"utc":"13:12:00","flight":"UA134"},{"day":5,"utc":"07:49:00","flight":"UA312"},{"day":5,"utc":"22:02:00","flight":"UA017"},{"day":6,"utc":"15:04:00","flight":"UA646"},{"day":6,"utc":"12:03:00","flight":"UA944"},{"day":6,"utc":"10:15:00","flight":"UA962"},{"day":6,"utc":"14:43:00","flight":"UA956"}]}