{"id":25125,"type":"route","airline":"FL","airlineid":"airline_1316","sourceairport":"IAD","destinationairport":"TPA","stops":0,"equipment":"73W","schedule":[{"day":0,"utc":"17:49:00","flight":"FL126"},{"day":0,"utc":"01:10:00","flight":"FL763"},{"day":1,"utc":"20:12:00","flight":"FL845"},{"day":1,"utc":"18:27:00","flight":"FL991"},{"day":1,"utc":"00:37:00","flight":"FL692"},{"day":1,"utc":"12:11:00","flight":"FL657"},{"day":2,"utc":"11:29:00","flight":"FL849"},{"day":2,"utc":"20:53:00","flight":"FL807"},{"day":2,"utc":"15:49:00","flight":"FL326"},{"day":3,"utc":"17:12:00","flight":"FL122"},{"day":3,"utc":"17:24:00","flight":"FL677"},{"day":3,"utc":"12:59:00","flight":"FL180"},{"day":3,"utc":"23:35:00","flight":"FL845"},{"day":3,"utc":"19:34:00","flight":"FL202"},{"day":4,"utc":"23:23:00","flight":"FL675"},{"day":4,"utc":"22:38:00","flight":"FL395"},{"day":5,"utc":"06:53:00","flight":"FL689"},{"day":5,"utc":"13:16:00","flight":"FL945"},{"day":5,"utc":"18:02:00","flight":"FL188"},{"day":5,"utc":"21:28:00","flight":"FL726"},{"day":6,"utc":"12:32:00","flight":"FL896"},{"day":6,"utc":"20:41:00","flight":"FL999"},{"day":6,"utc":"13:54:00","flight":"FL419"},{"day":6,"utc":"05:25:00","flight":"FL651"}],"distance":1306.8748855234257}