{"id":5951,"type":"route","airline":"AA","airlineid":"airline_24","sourceairport":"MCI","destinationairport":"PHL","stops":0,"equipment":"E75 E70 CRJ","schedule":[{"day":0,"utc":"04:26:00","flight":"AA748"},{"day":0,"utc":"03:37:00","flight":"AA970"},{"day":0,"utc":"08:09:00","flight":"AA499"},{"day":0,"utc":"22:15:00","flight":"AA862"},{"day":1,"utc":"09:23:00","flight":"AA651"},{"day":1,"utc":"09:26:00","flight":"AA819"},{"day":1,"utc":"23:55:00","flight":"AA856"},{"day":1,"utc":"19:53:00","flight":"AA350"},{"day":1,"utc":"12:30:00","flight":"AA985"},{"day":2,"utc":"05:24:00","flight":"AA906"},{"day":2,"utc":"11:45:00","flight":"AA814"},{"day":2,"utc":"22:52:00","flight":"AA097"},{"day":2,"utc":"06:30:00","flight":"AA051"},{"day":3,"utc":"22:38:00","flight":"AA047"},{"day":3,"utc":"11:22:00","flight":"AA101"},{"day":3,"utc":"10:15:00","flight":"AA930"},{"day":3,"utc":"19:46:00","flight":"AA378"},{"day":4,"utc":"12:05:00","flight":"AA620"},{"day":4,"utc":"09:17:00","flight":"AA627"},{"day":4,"utc":"13:28:00","flight":"AA008"},{"day":4,"utc":"00:23:00","flight":"AA787"},{"day":4,"utc":"05:26:00","flight":"AA386"},{"day":5,"utc":"13:48:00","flight":"AA205"},{"day":5,"utc":"10:07:00","flight":"AA887"},{"day":6,"utc":"03:01:00","flight":"AA277"},{"day":6,"utc":"03:30:00","flight":"AA615"},{"day":6,"utc":"01:51:00","flight":"AA248"},{"day":6,"utc":"09:47:00","flight":"AA314"}],"distance":1666.6590537870002}