{"id":22935,"type":"route","airline":"EI","airlineid":"airline_837","sourceairport":"DUB","destinationairport":"MCO","stops":0,"equipment":"330 332","schedule":[{"day":0,"utc":"11:30:00","flight":"EI323"},{"day":0,"utc":"12:08:00","flight":"EI014"},{"day":1,"utc":"17:55:00","flight":"EI036"},{"day":1,"utc":"06:23:00","flight":"EI640"},{"day":1,"utc":"03:31:00","flight":"EI567"},{"day":2,"utc":"00:29:00","flight":"EI731"},{"day":2,"utc":"19:35:00","flight":"EI841"},{"day":2,"utc":"02:59:00","flight":"EI117"},{"day":3,"utc":"22:46:00","flight":"EI424"},{"day":3,"utc":"04:11:00","flight":"EI610"},{"day":4,"utc":"12:56:00","flight":"EI438"},{"day":4,"utc":"05:53:00","flight":"EI479"},{"day":4,"utc":"22:39:00","flight":"EI728"},{"day":5,"utc":"17:42:00","flight":"EI261"},{"day":5,"utc":"22:37:00","flight":"EI890"},{"day":5,"utc":"22:23:00","flight":"EI143"},{"day":5,"utc":"20:04:00","flight":"EI027"},{"day":6,"utc":"09:25:00","flight":"EI805"},{"day":6,"utc":"07:02:00","flight":"EI247"}],"distance":6541.4406705776255}