{"id":14889,"type":"route","airline":"BA","airlineid":"airline_1355","sourceairport":"RDU","destinationairport":"LHR","stops":0,"equipment":"763","schedule":[{"day":0,"utc":"06:26:00","flight":"BA038"},{"day":0,"utc":"16:36:00","flight":"BA260"},{"day":0,"utc":"08:30:00","flight":"BA022"},{"day":1,"utc":"00:14:00","flight":"BA834"},{"day":1,"utc":"19:10:00","flight":"BA209"},{"day":1,"utc":"14:21:00","flight":"BA734"},{"day":1,"utc":"16:18:00","flight":"BA025"},{"day":1,"utc":"16:28:00","flight":"BA335"},{"day":2,"utc":"22:48:00","flight":"BA669"},{"day":2,"utc":"20:13:00","flight":"BA805"},{"day":2,"utc":"09:43:00","flight":"BA152"},{"day":2,"utc":"06:41:00","flight":"BA771"},{"day":3,"utc":"20:05:00","flight":"BA158"},{"day":3,"utc":"00:44:00","flight":"BA012"},{"day":3,"utc":"09:29:00","flight":"BA140"},{"day":4,"utc":"06:24:00","flight":"BA285"},{"day":4,"utc":"11:43:00","flight":"BA083"},{"day":4,"utc":"20:30:00","flight":"BA071"},{"day":5,"utc":"23:42:00","flight":"BA093"},{"day":5,"utc":"20:57:00","flight":"BA729"},{"day":5,"utc":"18:14:00","flight":"BA747"},{"day":5,"utc":"03:28:00","flight":"BA376"},{"day":5,"utc":"20:32:00","flight":"BA708"},{"day":6,"utc":"04:31:00","flight":"BA093"},{"day":6,"utc":"11:06:00","flight":"BA820"},{"day":6,"utc":"14:45:00","flight":"BA784"},{"day":6,"utc":"12:22:00","flight":"BA571"},{"day":6,"utc":"00:19:00","flight":"BA158"}],"distance":6215.930826738673}