{"id":9038,"type":"route","airline":"AF","airlineid":"airline_137","sourceairport":"ATL","destinationairport":"CAK","stops":0,"equipment":"M88","schedule":[{"day":0,"utc":"16:40:00","flight":"AF644"},{"day":0,"utc":"20:28:00","flight":"AF716"},{"day":0,"utc":"09:18:00","flight":"AF115"},{"day":0,"utc":"16:09:00","flight":"AF870"},{"day":0,"utc":"08:28:00","flight":"AF721"},{"day":1,"utc":"17:39:00","flight":"AF199"},{"day":1,"utc":"20:26:00","flight":"AF440"},{"day":1,"utc":"17:56:00","flight":"AF784"},{"day":1,"utc":"12:55:00","flight":"AF833"},{"day":1,"utc":"19:40:00","flight":"AF233"},{"day":2,"utc":"12:26:00","flight":"AF350"},{"day":2,"utc":"21:51:00","flight":"AF619"},{"day":2,"utc":"05:36:00","flight":"AF773"},{"day":3,"utc":"12:51:00","flight":"AF958"},{"day":4,"utc":"13:06:00","flight":"AF390"},{"day":4,"utc":"09:49:00","flight":"AF151"},{"day":5,"utc":"03:36:00","flight":"AF903"},{"day":5,"utc":"07:45:00","flight":"AF033"},{"day":5,"utc":"19:14:00","flight":"AF261"},{"day":6,"utc":"07:36:00","flight":"AF033"},{"day":6,"utc":"20:04:00","flight":"AF439"}]}