{"id":49882,"type":"route","airline":"SK","airlineid":"airline_4319","sourceairport":"CPH","destinationairport":"LHR","stops":0,"equipment":"321 320 CR9","schedule":[{"day":0,"utc":"23:03:00","flight":"SK779"},{"day":0,"utc":"18:18:00","flight":"SK300"},{"day":0,"utc":"06:52:00","flight":"SK079"},{"day":1,"utc":"10:55:00","flight":"SK531"},{"day":1,"utc":"20:59:00","flight":"SK709"},{"day":2,"utc":"19:49:00","flight":"SK310"},{"day":3,"utc":"16:26:00","flight":"SK795"},{"day":3,"utc":"23:02:00","flight":"SK174"},{"day":3,"utc":"18:22:00","flight":"SK693"},{"day":3,"utc":"22:10:00","flight":"SK093"},{"day":3,"utc":"01:41:00","flight":"SK894"},{"day":4,"utc":"11:16:00","flight":"SK698"},{"day":4,"utc":"14:25:00","flight":"SK434"},{"day":4,"utc":"12:00:00","flight":"SK154"},{"day":4,"utc":"10:49:00","flight":"SK835"},{"day":5,"utc":"13:57:00","flight":"SK718"},{"day":5,"utc":"12:22:00","flight":"SK864"},{"day":6,"utc":"06:31:00","flight":"SK188"},{"day":6,"utc":"17:46:00","flight":"SK847"},{"day":6,"utc":"08:15:00","flight":"SK960"},{"day":6,"utc":"10:20:00","flight":"SK277"},{"day":6,"utc":"21:55:00","flight":"SK909"}],"distance":979.1583642061473}