{"id":27748,"type":"route","airline":"FR","airlineid":"airline_4296","sourceairport":"RIX","destinationairport":"MAN","stops":0,"equipment":"738","schedule":[{"day":0,"utc":"11:48:00","flight":"FR565"},{"day":1,"utc":"17:17:00","flight":"FR480"},{"day":1,"utc":"16:28:00","flight":"FR600"},{"day":2,"utc":"16:00:00","flight":"FR952"},{"day":2,"utc":"15:30:00","flight":"FR153"},{"day":2,"utc":"21:20:00","flight":"FR033"},{"day":2,"utc":"11:25:00","flight":"FR540"},{"day":3,"utc":"03:25:00","flight":"FR659"},{"day":3,"utc":"06:13:00","flight":"FR163"},{"day":4,"utc":"23:06:00","flight":"FR980"},{"day":4,"utc":"05:57:00","flight":"FR904"},{"day":4,"utc":"02:03:00","flight":"FR108"},{"day":4,"utc":"15:52:00","flight":"FR208"},{"day":5,"utc":"04:55:00","flight":"FR349"},{"day":5,"utc":"18:25:00","flight":"FR265"},{"day":6,"utc":"18:56:00","flight":"FR867"}]}