{"id":47256,"type":"route","airline":"QH","airlineid":"airline_882","sourceairport":"SVX","destinationairport":"FRU","stops":0,"equipment":"735","schedule":[{"day":0,"utc":"04:07:00","flight":"QH368"},{"day":0,"utc":"18:43:00","flight":"QH309"},{"day":1,"utc":"11:31:00","flight":"QH800"},{"day":1,"utc":"13:46:00","flight":"QH113"},{"day":1,"utc":"06:09:00","flight":"QH666"},{"day":2,"utc":"10:02:00","flight":"QH247"},{"day":2,"utc":"17:40:00","flight":"QH384"},{"day":2,"utc":"18:49:00","flight":"QH729"},{"day":2,"utc":"01:30:00","flight":"QH019"},{"day":3,"utc":"13:33:00","flight":"QH583"},{"day":3,"utc":"13:57:00","flight":"QH237"},{"day":4,"utc":"11:32:00","flight":"QH503"},{"day":4,"utc":"08:24:00","flight":"QH198"},{"day":4,"utc":"02:34:00","flight":"QH942"},{"day":5,"utc":"04:22:00","flight":"QH519"},{"day":5,"utc":"17:04:00","flight":"QH891"},{"day":5,"utc":"20:28:00","flight":"QH042"},{"day":5,"utc":"02:43:00","flight":"QH446"},{"day":6,"utc":"21:23:00","flight":"QH839"}]}