{"id":56804,"type":"route","airline":"UA","airlineid":"airline_5209","sourceairport":"IAH","destinationairport":"NRT","stops":0,"equipment":"777","schedule":[{"day":0,"utc":"10:01:00","flight":"UA357"},{"day":0,"utc":"14:51:00","flight":"UA941"},{"day":1,"utc":"16:15:00","flight":"UA271"},{"day":1,"utc":"09:31:00","flight":"UA503"},{"day":1,"utc":"07:24:00","flight":"UA392"},{"day":1,"utc":"19:28:00","flight":"UA021"},{"day":1,"utc":"13:23:00","flight":"UA659"},{"day":2,"utc":"20:29:00","flight":"UA913"},{"day":2,"utc":"11:32:00","flight":"UA766"},{"day":2,"utc":"20:07:00","flight":"UA326"},{"day":2,"utc":"14:11:00","flight":"UA476"},{"day":3,"utc":"07:00:00","flight":"UA998"},{"day":3,"utc":"04:03:00","flight":"UA380"},{"day":3,"utc":"10:32:00","flight":"UA749"},{"day":3,"utc":"11:47:00","flight":"UA699"},{"day":3,"utc":"05:20:00","flight":"UA080"},{"day":4,"utc":"00:30:00","flight":"UA183"},{"day":4,"utc":"08:08:00","flight":"UA900"},{"day":4,"utc":"21:42:00","flight":"UA272"},{"day":5,"utc":"20:28:00","flight":"UA629"},{"day":5,"utc":"20:20:00","flight":"UA794"},{"day":5,"utc":"00:17:00","flight":"UA000"},{"day":5,"utc":"09:50:00","flight":"UA540"},{"day":5,"utc":"07:48:00","flight":"UA788"},{"day":6,"utc":"09:28:00","flight":"UA504"}],"distance":10669.315810445203}