{"id":27192,"type":"route","airline":"FR","airlineid":"airline_4296","sourceairport":"LPL","destinationairport":"VNO","stops":0,"equipment":"738","schedule":[{"day":0,"utc":"04:33:00","flight":"FR027"},{"day":0,"utc":"18:20:00","flight":"FR243"},{"day":1,"utc":"08:49:00","flight":"FR231"},{"day":1,"utc":"09:01:00","flight":"FR075"},{"day":2,"utc":"01:07:00","flight":"FR958"},{"day":2,"utc":"14:08:00","flight":"FR650"},{"day":2,"utc":"21:55:00","flight":"FR824"},{"day":3,"utc":"01:14:00","flight":"FR016"},{"day":3,"utc":"16:50:00","flight":"FR644"},{"day":3,"utc":"00:28:00","flight":"FR151"},{"day":4,"utc":"19:58:00","flight":"FR960"},{"day":4,"utc":"12:08:00","flight":"FR664"},{"day":4,"utc":"20:56:00","flight":"FR127"},{"day":5,"utc":"23:48:00","flight":"FR661"},{"day":6,"utc":"05:01:00","flight":"FR129"},{"day":6,"utc":"20:44:00","flight":"FR509"},{"day":6,"utc":"18:05:00","flight":"FR398"}]}