{"id":64079,"type":"route","airline":"WN","airlineid":"airline_4547","sourceairport":"MDW","destinationairport":"ALB","stops":0,"equipment":"73H 73W","schedule":[{"day":0,"utc":"03:00:00","flight":"WN677"},{"day":0,"utc":"09:23:00","flight":"WN405"},{"day":0,"utc":"16:38:00","flight":"WN850"},{"day":1,"utc":"07:59:00","flight":"WN579"},{"day":1,"utc":"15:12:00","flight":"WN025"},{"day":1,"utc":"08:19:00","flight":"WN236"},{"day":2,"utc":"03:49:00","flight":"WN272"},{"day":2,"utc":"12:28:00","flight":"WN349"},{"day":2,"utc":"18:42:00","flight":"WN787"},{"day":2,"utc":"20:48:00","flight":"WN481"},{"day":2,"utc":"16:23:00","flight":"WN370"},{"day":3,"utc":"13:56:00","flight":"WN928"},{"day":3,"utc":"18:58:00","flight":"WN328"},{"day":4,"utc":"04:18:00","flight":"WN781"},{"day":4,"utc":"17:40:00","flight":"WN609"},{"day":4,"utc":"01:14:00","flight":"WN816"},{"day":5,"utc":"14:33:00","flight":"WN091"},{"day":5,"utc":"02:07:00","flight":"WN960"},{"day":6,"utc":"15:21:00","flight":"WN152"},{"day":6,"utc":"19:45:00","flight":"WN192"},{"day":6,"utc":"13:56:00","flight":"WN758"}],"distance":1151.599946324703}