{"id":5951,"type":"route","airline":"AA","airlineid":"airline_24","sourceairport":"MCI","destinationairport":"PHL","stops":0,"equipment":"E75 E70 CRJ","schedule":[{"day":0,"utc":"00:40:00","flight":"AA191"},{"day":0,"utc":"09:48:00","flight":"AA305"},{"day":0,"utc":"08:34:00","flight":"AA806"},{"day":1,"utc":"19:23:00","flight":"AA035"},{"day":1,"utc":"08:56:00","flight":"AA732"},{"day":1,"utc":"00:05:00","flight":"AA881"},{"day":1,"utc":"10:34:00","flight":"AA567"},{"day":2,"utc":"23:04:00","flight":"AA165"},{"day":2,"utc":"00:45:00","flight":"AA067"},{"day":2,"utc":"15:39:00","flight":"AA951"},{"day":2,"utc":"05:53:00","flight":"AA653"},{"day":3,"utc":"07:16:00","flight":"AA172"},{"day":3,"utc":"10:05:00","flight":"AA817"},{"day":4,"utc":"18:52:00","flight":"AA507"},{"day":4,"utc":"08:14:00","flight":"AA691"},{"day":4,"utc":"00:12:00","flight":"AA809"},{"day":4,"utc":"20:32:00","flight":"AA315"},{"day":4,"utc":"10:28:00","flight":"AA055"},{"day":5,"utc":"18:53:00","flight":"AA604"},{"day":5,"utc":"06:09:00","flight":"AA040"},{"day":5,"utc":"21:01:00","flight":"AA867"},{"day":5,"utc":"12:39:00","flight":"AA304"},{"day":6,"utc":"07:41:00","flight":"AA194"},{"day":6,"utc":"08:35:00","flight":"AA856"},{"day":6,"utc":"23:46:00","flight":"AA355"},{"day":6,"utc":"15:24:00","flight":"AA599"}]}