{"id":59285,"type":"route","airline":"US","airlineid":"airline_5265","sourceairport":"FWA","destinationairport":"DFW","stops":0,"equipment":"ER4","schedule":[{"day":0,"utc":"17:16:00","flight":"US966"},{"day":0,"utc":"06:19:00","flight":"US870"},{"day":0,"utc":"05:43:00","flight":"US000"},{"day":0,"utc":"14:14:00","flight":"US459"},{"day":1,"utc":"05:44:00","flight":"US271"},{"day":1,"utc":"05:28:00","flight":"US109"},{"day":1,"utc":"02:12:00","flight":"US539"},{"day":2,"utc":"04:35:00","flight":"US870"},{"day":2,"utc":"10:39:00","flight":"US101"},{"day":2,"utc":"21:33:00","flight":"US926"},{"day":2,"utc":"19:48:00","flight":"US655"},{"day":2,"utc":"20:36:00","flight":"US048"},{"day":3,"utc":"01:19:00","flight":"US313"},{"day":3,"utc":"17:06:00","flight":"US987"},{"day":3,"utc":"04:45:00","flight":"US468"},{"day":4,"utc":"16:15:00","flight":"US029"},{"day":5,"utc":"19:38:00","flight":"US702"},{"day":5,"utc":"06:47:00","flight":"US224"},{"day":6,"utc":"13:23:00","flight":"US034"},{"day":6,"utc":"17:26:00","flight":"US343"}],"distance":1381.6803586051785}