{"id":21516,"type":"route","airline":"DL","airlineid":"airline_2009","sourceairport":"OAK","destinationairport":"LAX","stops":0,"equipment":"CR7","schedule":[{"day":0,"utc":"14:19:00","flight":"DL127"},{"day":0,"utc":"02:43:00","flight":"DL210"},{"day":0,"utc":"06:24:00","flight":"DL065"},{"day":1,"utc":"20:35:00","flight":"DL677"},{"day":1,"utc":"19:29:00","flight":"DL758"},{"day":1,"utc":"08:22:00","flight":"DL019"},{"day":1,"utc":"08:43:00","flight":"DL625"},{"day":1,"utc":"09:28:00","flight":"DL769"},{"day":2,"utc":"18:00:00","flight":"DL329"},{"day":2,"utc":"09:36:00","flight":"DL595"},{"day":2,"utc":"18:18:00","flight":"DL049"},{"day":3,"utc":"18:27:00","flight":"DL297"},{"day":3,"utc":"08:03:00","flight":"DL634"},{"day":3,"utc":"03:56:00","flight":"DL108"},{"day":3,"utc":"23:40:00","flight":"DL964"},{"day":3,"utc":"13:24:00","flight":"DL635"},{"day":4,"utc":"08:16:00","flight":"DL195"},{"day":4,"utc":"10:53:00","flight":"DL842"},{"day":4,"utc":"02:47:00","flight":"DL148"},{"day":4,"utc":"00:52:00","flight":"DL351"},{"day":4,"utc":"23:16:00","flight":"DL710"},{"day":5,"utc":"14:02:00","flight":"DL864"},{"day":6,"utc":"14:38:00","flight":"DL221"},{"day":6,"utc":"01:59:00","flight":"DL685"},{"day":6,"utc":"14:42:00","flight":"DL638"},{"day":6,"utc":"06:55:00","flight":"DL592"},{"day":6,"utc":"11:49:00","flight":"DL723"}],"distance":542.7341861869405}