{"id":54582,"type":"route","airline":"U2","airlineid":"airline_2297","sourceairport":"BSL","destinationairport":"BOD","stops":0,"equipment":"319 320","schedule":[{"day":0,"utc":"15:36:00","flight":"U2052"},{"day":0,"utc":"19:00:00","flight":"U2732"},{"day":0,"utc":"04:59:00","flight":"U2837"},{"day":1,"utc":"16:43:00","flight":"U2935"},{"day":2,"utc":"08:55:00","flight":"U2491"},{"day":2,"utc":"14:59:00","flight":"U2150"},{"day":2,"utc":"04:15:00","flight":"U2519"},{"day":2,"utc":"05:07:00","flight":"U2107"},{"day":2,"utc":"00:59:00","flight":"U2873"},{"day":3,"utc":"17:14:00","flight":"U2193"},{"day":3,"utc":"21:10:00","flight":"U2182"},{"day":3,"utc":"02:59:00","flight":"U2871"},{"day":4,"utc":"23:34:00","flight":"U2535"},{"day":4,"utc":"15:09:00","flight":"U2368"},{"day":4,"utc":"10:45:00","flight":"U2686"},{"day":5,"utc":"11:07:00","flight":"U2869"},{"day":5,"utc":"11:23:00","flight":"U2310"},{"day":5,"utc":"22:19:00","flight":"U2882"},{"day":6,"utc":"09:38:00","flight":"U2119"},{"day":6,"utc":"00:31:00","flight":"U2133"},{"day":6,"utc":"01:40:00","flight":"U2357"}]}