{"id":28151,"type":"route","airline":"FR","airlineid":"airline_4296","sourceairport":"TSF","destinationairport":"EMA","stops":0,"equipment":"738","schedule":[{"day":0,"utc":"12:38:00","flight":"FR518"},{"day":0,"utc":"17:59:00","flight":"FR522"},{"day":1,"utc":"19:20:00","flight":"FR501"},{"day":1,"utc":"10:58:00","flight":"FR258"},{"day":1,"utc":"21:36:00","flight":"FR389"},{"day":1,"utc":"21:04:00","flight":"FR697"},{"day":2,"utc":"07:25:00","flight":"FR111"},{"day":3,"utc":"16:39:00","flight":"FR056"},{"day":3,"utc":"03:49:00","flight":"FR714"},{"day":3,"utc":"05:14:00","flight":"FR492"},{"day":4,"utc":"18:16:00","flight":"FR081"},{"day":4,"utc":"08:36:00","flight":"FR298"},{"day":5,"utc":"01:30:00","flight":"FR955"},{"day":5,"utc":"22:21:00","flight":"FR107"},{"day":6,"utc":"01:17:00","flight":"FR402"},{"day":6,"utc":"10:27:00","flight":"FR294"},{"day":6,"utc":"13:42:00","flight":"FR233"},{"day":6,"utc":"11:44:00","flight":"FR945"},{"day":6,"utc":"00:21:00","flight":"FR417"}],"distance":1262.0315222015956}