{"id":11953,"type":"route","airline":"AS","airlineid":"airline_439","sourceairport":"SEA","destinationairport":"ORD","stops":0,"equipment":"739 73J 73H","schedule":[{"day":0,"utc":"17:36:00","flight":"AS843"},{"day":0,"utc":"09:00:00","flight":"AS807"},{"day":0,"utc":"12:52:00","flight":"AS412"},{"day":1,"utc":"14:38:00","flight":"AS656"},{"day":2,"utc":"13:59:00","flight":"AS196"},{"day":2,"utc":"11:51:00","flight":"AS907"},{"day":3,"utc":"20:38:00","flight":"AS668"},{"day":3,"utc":"21:35:00","flight":"AS690"},{"day":3,"utc":"16:34:00","flight":"AS049"},{"day":3,"utc":"10:21:00","flight":"AS008"},{"day":4,"utc":"11:51:00","flight":"AS742"},{"day":4,"utc":"22:27:00","flight":"AS270"},{"day":4,"utc":"06:56:00","flight":"AS141"},{"day":5,"utc":"18:46:00","flight":"AS531"},{"day":5,"utc":"15:56:00","flight":"AS614"},{"day":6,"utc":"16:15:00","flight":"AS240"}],"distance":2761.7714878234074}