{"id":60128,"type":"route","airline":"US","airlineid":"airline_5265","sourceairport":"PHL","destinationairport":"VCE","stops":0,"equipment":"332","schedule":[{"day":0,"utc":"21:36:00","flight":"US254"},{"day":0,"utc":"05:20:00","flight":"US889"},{"day":0,"utc":"05:08:00","flight":"US506"},{"day":1,"utc":"17:23:00","flight":"US155"},{"day":2,"utc":"03:08:00","flight":"US184"},{"day":2,"utc":"17:42:00","flight":"US423"},{"day":2,"utc":"11:41:00","flight":"US014"},{"day":3,"utc":"18:53:00","flight":"US808"},{"day":3,"utc":"23:10:00","flight":"US264"},{"day":3,"utc":"10:29:00","flight":"US153"},{"day":3,"utc":"22:40:00","flight":"US122"},{"day":4,"utc":"12:42:00","flight":"US346"},{"day":4,"utc":"22:49:00","flight":"US693"},{"day":5,"utc":"07:56:00","flight":"US193"},{"day":5,"utc":"08:42:00","flight":"US668"},{"day":5,"utc":"17:55:00","flight":"US380"},{"day":6,"utc":"23:40:00","flight":"US528"},{"day":6,"utc":"17:12:00","flight":"US049"},{"day":6,"utc":"15:38:00","flight":"US849"}]}