{"id":59921,"type":"route","airline":"US","airlineid":"airline_5265","sourceairport":"ORD","destinationairport":"JAX","stops":0,"equipment":"ER4 CR7","schedule":[{"day":0,"utc":"12:50:00","flight":"US622"},{"day":0,"utc":"17:10:00","flight":"US712"},{"day":1,"utc":"13:01:00","flight":"US180"},{"day":1,"utc":"02:56:00","flight":"US712"},{"day":1,"utc":"01:01:00","flight":"US506"},{"day":1,"utc":"13:28:00","flight":"US827"},{"day":1,"utc":"13:26:00","flight":"US382"},{"day":2,"utc":"22:47:00","flight":"US354"},{"day":2,"utc":"22:21:00","flight":"US643"},{"day":2,"utc":"22:09:00","flight":"US202"},{"day":3,"utc":"06:49:00","flight":"US015"},{"day":3,"utc":"02:33:00","flight":"US730"},{"day":3,"utc":"05:43:00","flight":"US689"},{"day":4,"utc":"02:03:00","flight":"US987"},{"day":4,"utc":"13:46:00","flight":"US668"},{"day":4,"utc":"17:44:00","flight":"US884"},{"day":4,"utc":"03:01:00","flight":"US261"},{"day":4,"utc":"14:48:00","flight":"US085"},{"day":5,"utc":"18:30:00","flight":"US903"},{"day":5,"utc":"08:39:00","flight":"US731"},{"day":5,"utc":"17:30:00","flight":"US695"},{"day":5,"utc":"06:40:00","flight":"US785"},{"day":6,"utc":"01:14:00","flight":"US034"},{"day":6,"utc":"13:32:00","flight":"US694"}]}