{"id":20490,"type":"route","airline":"DL","airlineid":"airline_2009","sourceairport":"CVG","destinationairport":"DTW","stops":0,"equipment":"ERJ CR9 CRJ","schedule":[{"day":0,"utc":"01:33:00","flight":"DL788"},{"day":0,"utc":"15:17:00","flight":"DL775"},{"day":0,"utc":"06:57:00","flight":"DL426"},{"day":0,"utc":"17:37:00","flight":"DL042"},{"day":0,"utc":"07:39:00","flight":"DL006"},{"day":1,"utc":"02:18:00","flight":"DL002"},{"day":1,"utc":"04:45:00","flight":"DL268"},{"day":1,"utc":"03:07:00","flight":"DL345"},{"day":1,"utc":"03:16:00","flight":"DL898"},{"day":1,"utc":"15:56:00","flight":"DL335"},{"day":2,"utc":"02:57:00","flight":"DL305"},{"day":2,"utc":"20:36:00","flight":"DL287"},{"day":3,"utc":"01:21:00","flight":"DL961"},{"day":3,"utc":"07:35:00","flight":"DL498"},{"day":3,"utc":"23:30:00","flight":"DL976"},{"day":3,"utc":"06:14:00","flight":"DL701"},{"day":4,"utc":"15:39:00","flight":"DL750"},{"day":4,"utc":"08:50:00","flight":"DL499"},{"day":5,"utc":"02:06:00","flight":"DL076"},{"day":5,"utc":"02:56:00","flight":"DL562"},{"day":6,"utc":"00:29:00","flight":"DL453"}],"distance":368.8370923159172}