{"id":60089,"type":"route","airline":"US","airlineid":"airline_5265","sourceairport":"PHL","destinationairport":"MSY","stops":0,"equipment":"319 E90","schedule":[{"day":0,"utc":"19:41:00","flight":"US787"},{"day":0,"utc":"13:03:00","flight":"US605"},{"day":0,"utc":"05:01:00","flight":"US053"},{"day":0,"utc":"21:13:00","flight":"US884"},{"day":1,"utc":"22:49:00","flight":"US712"},{"day":1,"utc":"15:40:00","flight":"US067"},{"day":1,"utc":"21:10:00","flight":"US096"},{"day":1,"utc":"00:57:00","flight":"US403"},{"day":1,"utc":"14:39:00","flight":"US926"},{"day":2,"utc":"07:38:00","flight":"US840"},{"day":2,"utc":"09:48:00","flight":"US983"},{"day":2,"utc":"11:55:00","flight":"US052"},{"day":2,"utc":"07:26:00","flight":"US984"},{"day":3,"utc":"10:52:00","flight":"US987"},{"day":3,"utc":"03:08:00","flight":"US924"},{"day":3,"utc":"20:59:00","flight":"US911"},{"day":3,"utc":"00:17:00","flight":"US148"},{"day":3,"utc":"10:56:00","flight":"US215"},{"day":4,"utc":"11:42:00","flight":"US903"},{"day":4,"utc":"17:05:00","flight":"US738"},{"day":4,"utc":"07:43:00","flight":"US157"},{"day":5,"utc":"03:40:00","flight":"US737"},{"day":5,"utc":"09:23:00","flight":"US525"},{"day":6,"utc":"23:17:00","flight":"US043"},{"day":6,"utc":"21:53:00","flight":"US849"}],"distance":1750.8857231073102}