{"id":14639,"type":"route","airline":"BA","airlineid":"airline_1355","sourceairport":"LGW","destinationairport":"LCA","stops":0,"equipment":"320","schedule":[{"day":0,"utc":"00:56:00","flight":"BA823"},{"day":0,"utc":"12:34:00","flight":"BA795"},{"day":0,"utc":"18:55:00","flight":"BA116"},{"day":1,"utc":"18:18:00","flight":"BA503"},{"day":1,"utc":"18:43:00","flight":"BA451"},{"day":1,"utc":"19:57:00","flight":"BA832"},{"day":2,"utc":"12:31:00","flight":"BA725"},{"day":2,"utc":"02:28:00","flight":"BA940"},{"day":2,"utc":"14:46:00","flight":"BA781"},{"day":2,"utc":"05:24:00","flight":"BA980"},{"day":3,"utc":"06:31:00","flight":"BA611"},{"day":3,"utc":"11:23:00","flight":"BA681"},{"day":3,"utc":"05:15:00","flight":"BA165"},{"day":3,"utc":"08:26:00","flight":"BA168"},{"day":3,"utc":"16:31:00","flight":"BA993"},{"day":4,"utc":"20:31:00","flight":"BA138"},{"day":4,"utc":"17:07:00","flight":"BA896"},{"day":5,"utc":"01:52:00","flight":"BA120"},{"day":5,"utc":"03:03:00","flight":"BA747"},{"day":5,"utc":"04:53:00","flight":"BA015"},{"day":5,"utc":"07:04:00","flight":"BA591"},{"day":6,"utc":"09:34:00","flight":"BA573"},{"day":6,"utc":"22:18:00","flight":"BA436"},{"day":6,"utc":"18:27:00","flight":"BA916"},{"day":6,"utc":"23:54:00","flight":"BA613"}]}