{"id":63582,"type":"route","airline":"WN","airlineid":"airline_4547","sourceairport":"BUR","destinationairport":"PHX","stops":0,"equipment":"73W","schedule":[{"day":0,"utc":"17:20:00","flight":"WN603"},{"day":0,"utc":"18:10:00","flight":"WN971"},{"day":0,"utc":"22:21:00","flight":"WN228"},{"day":0,"utc":"09:42:00","flight":"WN931"},{"day":0,"utc":"01:34:00","flight":"WN548"},{"day":1,"utc":"20:03:00","flight":"WN121"},{"day":1,"utc":"01:58:00","flight":"WN548"},{"day":2,"utc":"21:16:00","flight":"WN552"},{"day":2,"utc":"06:17:00","flight":"WN657"},{"day":2,"utc":"10:33:00","flight":"WN604"},{"day":2,"utc":"09:56:00","flight":"WN895"},{"day":2,"utc":"20:29:00","flight":"WN296"},{"day":3,"utc":"18:38:00","flight":"WN847"},{"day":3,"utc":"00:04:00","flight":"WN675"},{"day":4,"utc":"10:27:00","flight":"WN460"},{"day":4,"utc":"11:50:00","flight":"WN651"},{"day":4,"utc":"03:12:00","flight":"WN802"},{"day":5,"utc":"18:21:00","flight":"WN021"},{"day":5,"utc":"15:19:00","flight":"WN295"},{"day":5,"utc":"02:08:00","flight":"WN410"},{"day":6,"utc":"19:42:00","flight":"WN817"},{"day":6,"utc":"05:57:00","flight":"WN333"},{"day":6,"utc":"06:14:00","flight":"WN589"},{"day":6,"utc":"08:00:00","flight":"WN984"},{"day":6,"utc":"07:59:00","flight":"WN286"}],"distance":592.4169260782846}