{"id":20288,"type":"route","airline":"DL","airlineid":"airline_2009","sourceairport":"AZO","destinationairport":"MSP","stops":0,"equipment":"CRJ","schedule":[{"day":0,"utc":"23:39:00","flight":"DL400"},{"day":1,"utc":"18:05:00","flight":"DL054"},{"day":2,"utc":"14:12:00","flight":"DL808"},{"day":2,"utc":"03:38:00","flight":"DL843"},{"day":2,"utc":"11:25:00","flight":"DL592"},{"day":2,"utc":"05:24:00","flight":"DL045"},{"day":3,"utc":"00:35:00","flight":"DL098"},{"day":3,"utc":"02:31:00","flight":"DL834"},{"day":3,"utc":"14:18:00","flight":"DL430"},{"day":3,"utc":"02:41:00","flight":"DL009"},{"day":4,"utc":"04:52:00","flight":"DL150"},{"day":4,"utc":"09:54:00","flight":"DL824"},{"day":5,"utc":"09:31:00","flight":"DL777"},{"day":5,"utc":"09:09:00","flight":"DL418"},{"day":5,"utc":"14:01:00","flight":"DL163"},{"day":5,"utc":"14:22:00","flight":"DL661"},{"day":5,"utc":"12:06:00","flight":"DL459"},{"day":6,"utc":"12:28:00","flight":"DL063"},{"day":6,"utc":"20:19:00","flight":"DL924"},{"day":6,"utc":"09:48:00","flight":"DL895"},{"day":6,"utc":"01:14:00","flight":"DL759"}]}