{"id":59340,"type":"route","airline":"US","airlineid":"airline_5265","sourceairport":"HNL","destinationairport":"KOA","stops":0,"equipment":"717","schedule":[{"day":0,"utc":"17:05:00","flight":"US435"},{"day":0,"utc":"10:54:00","flight":"US799"},{"day":0,"utc":"17:14:00","flight":"US583"},{"day":0,"utc":"01:06:00","flight":"US778"},{"day":1,"utc":"02:48:00","flight":"US858"},{"day":1,"utc":"06:36:00","flight":"US622"},{"day":2,"utc":"08:01:00","flight":"US636"},{"day":2,"utc":"09:37:00","flight":"US735"},{"day":3,"utc":"11:07:00","flight":"US227"},{"day":3,"utc":"19:40:00","flight":"US693"},{"day":3,"utc":"01:53:00","flight":"US526"},{"day":3,"utc":"16:28:00","flight":"US899"},{"day":3,"utc":"00:30:00","flight":"US342"},{"day":4,"utc":"07:37:00","flight":"US964"},{"day":4,"utc":"17:20:00","flight":"US156"},{"day":4,"utc":"17:21:00","flight":"US795"},{"day":4,"utc":"19:47:00","flight":"US063"},{"day":4,"utc":"08:44:00","flight":"US753"},{"day":5,"utc":"10:50:00","flight":"US319"},{"day":5,"utc":"08:13:00","flight":"US635"},{"day":5,"utc":"16:34:00","flight":"US187"},{"day":5,"utc":"23:16:00","flight":"US878"},{"day":6,"utc":"17:04:00","flight":"US576"},{"day":6,"utc":"09:51:00","flight":"US443"}]}