{"id":10064,"type":"route","airline":"AH","airlineid":"airline_794","sourceairport":"ALG","destinationairport":"CDG","stops":0,"equipment":"330 736 738","schedule":[{"day":0,"utc":"06:34:00","flight":"AH614"},{"day":0,"utc":"00:51:00","flight":"AH834"},{"day":0,"utc":"08:48:00","flight":"AH845"},{"day":0,"utc":"01:14:00","flight":"AH843"},{"day":1,"utc":"12:19:00","flight":"AH171"},{"day":1,"utc":"22:11:00","flight":"AH092"},{"day":1,"utc":"16:01:00","flight":"AH874"},{"day":2,"utc":"11:11:00","flight":"AH714"},{"day":2,"utc":"07:07:00","flight":"AH883"},{"day":2,"utc":"18:44:00","flight":"AH577"},{"day":2,"utc":"08:32:00","flight":"AH927"},{"day":2,"utc":"13:38:00","flight":"AH102"},{"day":3,"utc":"07:21:00","flight":"AH129"},{"day":3,"utc":"02:11:00","flight":"AH078"},{"day":3,"utc":"16:51:00","flight":"AH023"},{"day":3,"utc":"11:40:00","flight":"AH046"},{"day":3,"utc":"10:26:00","flight":"AH645"},{"day":4,"utc":"15:25:00","flight":"AH043"},{"day":4,"utc":"23:21:00","flight":"AH264"},{"day":4,"utc":"05:58:00","flight":"AH720"},{"day":4,"utc":"22:24:00","flight":"AH574"},{"day":4,"utc":"01:55:00","flight":"AH941"},{"day":5,"utc":"01:15:00","flight":"AH483"},{"day":5,"utc":"04:16:00","flight":"AH150"},{"day":5,"utc":"22:44:00","flight":"AH274"},{"day":6,"utc":"22:14:00","flight":"AH753"},{"day":6,"utc":"10:24:00","flight":"AH947"}]}