{"id":20956,"type":"route","airline":"DL","airlineid":"airline_2009","sourceairport":"JFK","destinationairport":"LHR","stops":0,"equipment":"764 76W","schedule":[{"day":0,"utc":"14:57:00","flight":"DL470"},{"day":0,"utc":"10:13:00","flight":"DL919"},{"day":0,"utc":"08:10:00","flight":"DL155"},{"day":1,"utc":"00:26:00","flight":"DL776"},{"day":1,"utc":"21:48:00","flight":"DL379"},{"day":2,"utc":"14:54:00","flight":"DL683"},{"day":2,"utc":"09:41:00","flight":"DL863"},{"day":3,"utc":"06:08:00","flight":"DL695"},{"day":3,"utc":"13:36:00","flight":"DL234"},{"day":3,"utc":"21:16:00","flight":"DL324"},{"day":3,"utc":"21:49:00","flight":"DL792"},{"day":4,"utc":"05:00:00","flight":"DL402"},{"day":4,"utc":"18:16:00","flight":"DL665"},{"day":5,"utc":"01:45:00","flight":"DL534"},{"day":5,"utc":"10:30:00","flight":"DL673"},{"day":5,"utc":"01:22:00","flight":"DL099"},{"day":6,"utc":"06:44:00","flight":"DL890"},{"day":6,"utc":"08:43:00","flight":"DL399"},{"day":6,"utc":"16:36:00","flight":"DL155"},{"day":6,"utc":"14:43:00","flight":"DL544"},{"day":6,"utc":"07:22:00","flight":"DL821"}],"distance":5539.449296280836}