{"id":11652,"type":"route","airline":"AS","airlineid":"airline_439","sourceairport":"GTF","destinationairport":"HLN","stops":0,"equipment":"DH4","schedule":[{"day":0,"utc":"02:22:00","flight":"AS258"},{"day":0,"utc":"00:50:00","flight":"AS432"},{"day":0,"utc":"05:48:00","flight":"AS028"},{"day":0,"utc":"22:18:00","flight":"AS256"},{"day":1,"utc":"21:35:00","flight":"AS723"},{"day":1,"utc":"11:05:00","flight":"AS385"},{"day":1,"utc":"03:00:00","flight":"AS266"},{"day":2,"utc":"15:30:00","flight":"AS052"},{"day":2,"utc":"14:59:00","flight":"AS383"},{"day":2,"utc":"21:28:00","flight":"AS034"},{"day":3,"utc":"09:35:00","flight":"AS764"},{"day":3,"utc":"21:33:00","flight":"AS172"},{"day":4,"utc":"03:27:00","flight":"AS898"},{"day":4,"utc":"10:30:00","flight":"AS094"},{"day":4,"utc":"05:06:00","flight":"AS929"},{"day":4,"utc":"14:23:00","flight":"AS975"},{"day":4,"utc":"21:28:00","flight":"AS009"},{"day":5,"utc":"09:21:00","flight":"AS950"},{"day":5,"utc":"18:14:00","flight":"AS148"},{"day":6,"utc":"22:58:00","flight":"AS393"},{"day":6,"utc":"03:28:00","flight":"AS955"},{"day":6,"utc":"20:47:00","flight":"AS274"},{"day":6,"utc":"20:08:00","flight":"AS211"},{"day":6,"utc":"08:10:00","flight":"AS859"}],"distance":107.80187628163395}