{"id":36417,"type":"route","airline":"KL","airlineid":"airline_3090","sourceairport":"ATL","destinationairport":"MOB","stops":0,"equipment":"CRJ CR9 717 CR7","schedule":[{"day":0,"utc":"15:32:00","flight":"KL824"},{"day":0,"utc":"04:05:00","flight":"KL178"},{"day":0,"utc":"23:31:00","flight":"KL698"},{"day":1,"utc":"17:45:00","flight":"KL345"},{"day":1,"utc":"01:53:00","flight":"KL671"},{"day":1,"utc":"11:52:00","flight":"KL984"},{"day":1,"utc":"23:25:00","flight":"KL522"},{"day":2,"utc":"23:36:00","flight":"KL949"},{"day":2,"utc":"23:24:00","flight":"KL929"},{"day":2,"utc":"08:02:00","flight":"KL405"},{"day":2,"utc":"04:18:00","flight":"KL489"},{"day":2,"utc":"12:04:00","flight":"KL994"},{"day":3,"utc":"17:10:00","flight":"KL206"},{"day":3,"utc":"00:00:00","flight":"KL504"},{"day":3,"utc":"11:12:00","flight":"KL153"},{"day":3,"utc":"02:12:00","flight":"KL889"},{"day":4,"utc":"08:15:00","flight":"KL008"},{"day":4,"utc":"21:37:00","flight":"KL859"},{"day":4,"utc":"08:53:00","flight":"KL040"},{"day":4,"utc":"18:24:00","flight":"KL164"},{"day":5,"utc":"01:49:00","flight":"KL719"},{"day":6,"utc":"23:36:00","flight":"KL077"},{"day":6,"utc":"04:12:00","flight":"KL902"}]}