{"id":61825,"type":"route","airline":"VS","airlineid":"airline_5347","sourceairport":"RSW","destinationairport":"ATL","stops":0,"equipment":"M90 757 M88","schedule":[{"day":0,"utc":"15:37:00","flight":"VS530"},{"day":1,"utc":"12:06:00","flight":"VS399"},{"day":1,"utc":"14:12:00","flight":"VS654"},{"day":1,"utc":"07:05:00","flight":"VS414"},{"day":2,"utc":"00:30:00","flight":"VS633"},{"day":2,"utc":"08:26:00","flight":"VS230"},{"day":2,"utc":"00:33:00","flight":"VS162"},{"day":2,"utc":"11:11:00","flight":"VS879"},{"day":2,"utc":"21:35:00","flight":"VS909"},{"day":3,"utc":"08:42:00","flight":"VS007"},{"day":4,"utc":"12:48:00","flight":"VS025"},{"day":4,"utc":"09:48:00","flight":"VS085"},{"day":4,"utc":"22:28:00","flight":"VS861"},{"day":5,"utc":"21:25:00","flight":"VS145"},{"day":5,"utc":"19:53:00","flight":"VS443"},{"day":6,"utc":"04:56:00","flight":"VS066"},{"day":6,"utc":"07:46:00","flight":"VS083"},{"day":6,"utc":"13:53:00","flight":"VS154"},{"day":6,"utc":"02:45:00","flight":"VS985"},{"day":6,"utc":"12:43:00","flight":"VS564"}],"distance":830.2680071274632}