{"id":61772,"type":"route","airline":"VS","airlineid":"airline_5347","sourceairport":"LHR","destinationairport":"HKG","stops":0,"equipment":"346","schedule":[{"day":0,"utc":"22:36:00","flight":"VS084"},{"day":0,"utc":"06:52:00","flight":"VS245"},{"day":1,"utc":"15:05:00","flight":"VS892"},{"day":2,"utc":"19:05:00","flight":"VS862"},{"day":2,"utc":"20:15:00","flight":"VS569"},{"day":2,"utc":"19:32:00","flight":"VS670"},{"day":2,"utc":"18:59:00","flight":"VS588"},{"day":2,"utc":"03:55:00","flight":"VS559"},{"day":3,"utc":"21:14:00","flight":"VS235"},{"day":3,"utc":"01:10:00","flight":"VS753"},{"day":3,"utc":"04:04:00","flight":"VS990"},{"day":4,"utc":"14:09:00","flight":"VS581"},{"day":4,"utc":"08:44:00","flight":"VS303"},{"day":4,"utc":"10:48:00","flight":"VS474"},{"day":4,"utc":"17:06:00","flight":"VS745"},{"day":5,"utc":"06:53:00","flight":"VS014"},{"day":5,"utc":"00:45:00","flight":"VS667"},{"day":5,"utc":"21:31:00","flight":"VS735"},{"day":5,"utc":"22:46:00","flight":"VS353"},{"day":5,"utc":"09:19:00","flight":"VS648"},{"day":6,"utc":"16:00:00","flight":"VS807"},{"day":6,"utc":"09:05:00","flight":"VS744"},{"day":6,"utc":"13:49:00","flight":"VS439"},{"day":6,"utc":"12:50:00","flight":"VS318"},{"day":6,"utc":"06:36:00","flight":"VS018"}]}