{"id":55902,"type":"route","airline":"UA","airlineid":"airline_5209","sourceairport":"BRU","destinationairport":"DLA","stops":0,"equipment":"332 333","schedule":[{"day":0,"utc":"18:40:00","flight":"UA416"},{"day":0,"utc":"23:33:00","flight":"UA914"},{"day":0,"utc":"09:07:00","flight":"UA848"},{"day":0,"utc":"22:45:00","flight":"UA093"},{"day":0,"utc":"18:43:00","flight":"UA703"},{"day":1,"utc":"10:20:00","flight":"UA632"},{"day":2,"utc":"03:24:00","flight":"UA548"},{"day":2,"utc":"11:05:00","flight":"UA360"},{"day":2,"utc":"22:45:00","flight":"UA788"},{"day":2,"utc":"09:02:00","flight":"UA990"},{"day":2,"utc":"21:33:00","flight":"UA633"},{"day":3,"utc":"14:08:00","flight":"UA784"},{"day":3,"utc":"08:41:00","flight":"UA742"},{"day":3,"utc":"04:09:00","flight":"UA305"},{"day":4,"utc":"16:21:00","flight":"UA929"},{"day":4,"utc":"19:39:00","flight":"UA007"},{"day":4,"utc":"13:34:00","flight":"UA241"},{"day":4,"utc":"06:31:00","flight":"UA365"},{"day":4,"utc":"15:38:00","flight":"UA727"},{"day":5,"utc":"23:34:00","flight":"UA825"},{"day":6,"utc":"12:02:00","flight":"UA298"},{"day":6,"utc":"09:50:00","flight":"UA043"}],"distance":5237.380882332266}