{"id":27115,"type":"route","airline":"FR","airlineid":"airline_4296","sourceairport":"LGW","destinationairport":"SNN","stops":0,"equipment":"738","schedule":[{"day":0,"utc":"13:31:00","flight":"FR812"},{"day":1,"utc":"08:20:00","flight":"FR773"},{"day":1,"utc":"09:28:00","flight":"FR298"},{"day":1,"utc":"10:05:00","flight":"FR089"},{"day":1,"utc":"13:29:00","flight":"FR343"},{"day":1,"utc":"03:24:00","flight":"FR570"},{"day":2,"utc":"01:32:00","flight":"FR871"},{"day":2,"utc":"08:38:00","flight":"FR760"},{"day":3,"utc":"06:47:00","flight":"FR146"},{"day":4,"utc":"11:01:00","flight":"FR180"},{"day":4,"utc":"13:22:00","flight":"FR055"},{"day":5,"utc":"09:00:00","flight":"FR201"},{"day":5,"utc":"02:39:00","flight":"FR737"},{"day":5,"utc":"20:24:00","flight":"FR500"},{"day":6,"utc":"02:42:00","flight":"FR313"},{"day":6,"utc":"04:11:00","flight":"FR991"},{"day":6,"utc":"16:48:00","flight":"FR585"},{"day":6,"utc":"18:46:00","flight":"FR345"},{"day":6,"utc":"14:28:00","flight":"FR000"}],"distance":622.929749180571}