{"id":30208,"type":"route","airline":"GS","airlineid":"airline_690","sourceairport":"DLC","destinationairport":"TSN","stops":0,"equipment":"E90 320","schedule":[{"day":0,"utc":"04:56:00","flight":"GS820"},{"day":0,"utc":"06:09:00","flight":"GS258"},{"day":0,"utc":"19:45:00","flight":"GS768"},{"day":0,"utc":"16:06:00","flight":"GS204"},{"day":0,"utc":"01:05:00","flight":"GS986"},{"day":1,"utc":"23:05:00","flight":"GS750"},{"day":1,"utc":"20:15:00","flight":"GS554"},{"day":1,"utc":"03:22:00","flight":"GS225"},{"day":2,"utc":"20:49:00","flight":"GS380"},{"day":2,"utc":"15:09:00","flight":"GS267"},{"day":2,"utc":"13:54:00","flight":"GS237"},{"day":3,"utc":"14:26:00","flight":"GS715"},{"day":4,"utc":"18:54:00","flight":"GS451"},{"day":5,"utc":"05:38:00","flight":"GS758"},{"day":5,"utc":"23:33:00","flight":"GS908"},{"day":6,"utc":"08:31:00","flight":"GS719"},{"day":6,"utc":"09:45:00","flight":"GS273"}],"distance":362.4531823975229}