{"id":13892,"type":"route","airline":"B5","airlineid":"airline_2395","sourceairport":"WJR","destinationairport":"MGQ","stops":0,"equipment":"CRJ","schedule":[{"day":0,"utc":"23:42:00","flight":"B5638"},{"day":0,"utc":"00:54:00","flight":"B5930"},{"day":0,"utc":"12:58:00","flight":"B5773"},{"day":0,"utc":"23:11:00","flight":"B5476"},{"day":0,"utc":"12:26:00","flight":"B5756"},{"day":1,"utc":"06:49:00","flight":"B5160"},{"day":2,"utc":"03:49:00","flight":"B5113"},{"day":2,"utc":"20:42:00","flight":"B5114"},{"day":3,"utc":"16:23:00","flight":"B5187"},{"day":4,"utc":"00:55:00","flight":"B5388"},{"day":5,"utc":"12:08:00","flight":"B5554"},{"day":5,"utc":"03:20:00","flight":"B5670"},{"day":5,"utc":"07:52:00","flight":"B5859"},{"day":5,"utc":"05:05:00","flight":"B5718"},{"day":6,"utc":"07:44:00","flight":"B5384"},{"day":6,"utc":"18:33:00","flight":"B5882"}],"distance":580.2019895947767}