{"id":6393,"type":"route","airline":"AA","airlineid":"airline_24","sourceairport":"PER","destinationairport":"BNE","stops":0,"equipment":"330 737","schedule":[{"day":0,"utc":"23:00:00","flight":"AA819"},{"day":0,"utc":"21:50:00","flight":"AA341"},{"day":0,"utc":"04:14:00","flight":"AA020"},{"day":0,"utc":"08:25:00","flight":"AA944"},{"day":0,"utc":"04:43:00","flight":"AA782"},{"day":1,"utc":"08:51:00","flight":"AA229"},{"day":2,"utc":"09:00:00","flight":"AA021"},{"day":2,"utc":"02:05:00","flight":"AA486"},{"day":2,"utc":"12:52:00","flight":"AA087"},{"day":3,"utc":"22:07:00","flight":"AA023"},{"day":4,"utc":"08:14:00","flight":"AA002"},{"day":4,"utc":"20:35:00","flight":"AA964"},{"day":4,"utc":"17:52:00","flight":"AA615"},{"day":4,"utc":"18:28:00","flight":"AA155"},{"day":4,"utc":"23:55:00","flight":"AA782"},{"day":5,"utc":"13:34:00","flight":"AA443"},{"day":5,"utc":"04:54:00","flight":"AA525"},{"day":5,"utc":"23:24:00","flight":"AA059"},{"day":5,"utc":"05:27:00","flight":"AA991"},{"day":5,"utc":"19:46:00","flight":"AA038"},{"day":6,"utc":"05:31:00","flight":"AA019"},{"day":6,"utc":"23:02:00","flight":"AA312"},{"day":6,"utc":"01:00:00","flight":"AA852"},{"day":6,"utc":"01:47:00","flight":"AA707"}],"distance":3607.6033890148856}