{"id":9797,"type":"route","airline":"AF","airlineid":"airline_137","sourceairport":"NCE","destinationairport":"FCO","stops":0,"equipment":"319 32S E75 321 E90","schedule":[{"day":0,"utc":"11:56:00","flight":"AF264"},{"day":0,"utc":"19:30:00","flight":"AF619"},{"day":1,"utc":"20:07:00","flight":"AF282"},{"day":1,"utc":"11:58:00","flight":"AF448"},{"day":1,"utc":"05:47:00","flight":"AF001"},{"day":1,"utc":"03:23:00","flight":"AF248"},{"day":1,"utc":"10:28:00","flight":"AF623"},{"day":2,"utc":"16:38:00","flight":"AF488"},{"day":2,"utc":"16:00:00","flight":"AF046"},{"day":2,"utc":"20:59:00","flight":"AF801"},{"day":2,"utc":"23:09:00","flight":"AF476"},{"day":2,"utc":"02:54:00","flight":"AF979"},{"day":3,"utc":"15:04:00","flight":"AF855"},{"day":4,"utc":"03:01:00","flight":"AF912"},{"day":4,"utc":"20:50:00","flight":"AF864"},{"day":5,"utc":"12:54:00","flight":"AF582"},{"day":5,"utc":"16:32:00","flight":"AF564"},{"day":5,"utc":"15:24:00","flight":"AF595"},{"day":5,"utc":"12:56:00","flight":"AF836"},{"day":6,"utc":"13:31:00","flight":"AF339"},{"day":6,"utc":"12:57:00","flight":"AF584"},{"day":6,"utc":"11:13:00","flight":"AF160"},{"day":6,"utc":"02:04:00","flight":"AF085"},{"day":6,"utc":"20:50:00","flight":"AF883"}]}