{"id":51948,"type":"route","airline":"TCX","airlineid":"airline_4897","sourceairport":"PMI","destinationairport":"BHX","stops":0,"equipment":"752","schedule":[{"day":0,"utc":"19:29:00","flight":"TCX713"},{"day":1,"utc":"02:48:00","flight":"TCX398"},{"day":1,"utc":"01:35:00","flight":"TCX486"},{"day":1,"utc":"13:28:00","flight":"TCX266"},{"day":1,"utc":"00:55:00","flight":"TCX057"},{"day":2,"utc":"01:08:00","flight":"TCX329"},{"day":2,"utc":"06:31:00","flight":"TCX148"},{"day":2,"utc":"17:59:00","flight":"TCX564"},{"day":2,"utc":"12:56:00","flight":"TCX130"},{"day":3,"utc":"02:18:00","flight":"TCX684"},{"day":3,"utc":"14:23:00","flight":"TCX338"},{"day":4,"utc":"14:20:00","flight":"TCX492"},{"day":4,"utc":"16:32:00","flight":"TCX751"},{"day":5,"utc":"19:24:00","flight":"TCX430"},{"day":5,"utc":"06:58:00","flight":"TCX123"},{"day":5,"utc":"12:16:00","flight":"TCX597"},{"day":5,"utc":"02:02:00","flight":"TCX223"},{"day":5,"utc":"20:21:00","flight":"TCX317"},{"day":6,"utc":"19:14:00","flight":"TCX333"},{"day":6,"utc":"07:24:00","flight":"TCX108"},{"day":6,"utc":"21:33:00","flight":"TCX781"},{"day":6,"utc":"08:05:00","flight":"TCX951"}],"distance":1474.7757151712563}