{"id":63687,"type":"route","airline":"WN","airlineid":"airline_4547","sourceairport":"DAL","destinationairport":"TUL","stops":0,"equipment":"73W 735","schedule":[{"day":0,"utc":"05:40:00","flight":"WN129"},{"day":0,"utc":"20:26:00","flight":"WN951"},{"day":1,"utc":"11:30:00","flight":"WN622"},{"day":1,"utc":"19:26:00","flight":"WN274"},{"day":2,"utc":"20:22:00","flight":"WN531"},{"day":2,"utc":"19:31:00","flight":"WN942"},{"day":2,"utc":"07:33:00","flight":"WN499"},{"day":3,"utc":"23:17:00","flight":"WN509"},{"day":3,"utc":"01:35:00","flight":"WN851"},{"day":3,"utc":"00:59:00","flight":"WN626"},{"day":3,"utc":"12:14:00","flight":"WN379"},{"day":3,"utc":"19:06:00","flight":"WN132"},{"day":4,"utc":"17:19:00","flight":"WN151"},{"day":4,"utc":"13:32:00","flight":"WN715"},{"day":4,"utc":"23:47:00","flight":"WN848"},{"day":4,"utc":"16:04:00","flight":"WN303"},{"day":5,"utc":"20:33:00","flight":"WN565"},{"day":5,"utc":"03:21:00","flight":"WN449"},{"day":6,"utc":"19:36:00","flight":"WN579"},{"day":6,"utc":"00:15:00","flight":"WN058"},{"day":6,"utc":"16:29:00","flight":"WN291"},{"day":6,"utc":"00:18:00","flight":"WN353"}],"distance":382.9532484915682}