{"id":9712,"type":"route","airline":"AF","airlineid":"airline_137","sourceairport":"MDW","destinationairport":"ATL","stops":0,"equipment":"320 319 717","schedule":[{"day":0,"utc":"14:32:00","flight":"AF424"},{"day":0,"utc":"03:54:00","flight":"AF040"},{"day":0,"utc":"01:47:00","flight":"AF907"},{"day":0,"utc":"03:58:00","flight":"AF135"},{"day":1,"utc":"19:45:00","flight":"AF995"},{"day":1,"utc":"06:15:00","flight":"AF598"},{"day":2,"utc":"11:05:00","flight":"AF832"},{"day":2,"utc":"08:01:00","flight":"AF164"},{"day":2,"utc":"22:32:00","flight":"AF058"},{"day":3,"utc":"20:56:00","flight":"AF443"},{"day":3,"utc":"23:01:00","flight":"AF096"},{"day":3,"utc":"02:00:00","flight":"AF908"},{"day":3,"utc":"02:12:00","flight":"AF855"},{"day":3,"utc":"07:55:00","flight":"AF949"},{"day":4,"utc":"17:08:00","flight":"AF482"},{"day":4,"utc":"05:18:00","flight":"AF902"},{"day":4,"utc":"09:22:00","flight":"AF336"},{"day":4,"utc":"07:46:00","flight":"AF135"},{"day":5,"utc":"11:58:00","flight":"AF899"},{"day":5,"utc":"23:59:00","flight":"AF744"},{"day":6,"utc":"19:14:00","flight":"AF675"}],"distance":951.956955455869}