{"id":61715,"type":"route","airline":"VS","airlineid":"airline_5347","sourceairport":"BOS","destinationairport":"ATL","stops":0,"equipment":"M90 757 M88 320 319","schedule":[{"day":0,"utc":"00:03:00","flight":"VS730"},{"day":0,"utc":"00:42:00","flight":"VS309"},{"day":0,"utc":"11:47:00","flight":"VS482"},{"day":1,"utc":"03:02:00","flight":"VS296"},{"day":1,"utc":"01:14:00","flight":"VS250"},{"day":1,"utc":"06:59:00","flight":"VS194"},{"day":1,"utc":"14:19:00","flight":"VS109"},{"day":1,"utc":"13:50:00","flight":"VS462"},{"day":2,"utc":"03:27:00","flight":"VS226"},{"day":2,"utc":"01:36:00","flight":"VS499"},{"day":2,"utc":"21:29:00","flight":"VS015"},{"day":3,"utc":"08:59:00","flight":"VS541"},{"day":4,"utc":"13:46:00","flight":"VS331"},{"day":4,"utc":"17:03:00","flight":"VS665"},{"day":4,"utc":"02:13:00","flight":"VS863"},{"day":4,"utc":"13:12:00","flight":"VS163"},{"day":5,"utc":"05:49:00","flight":"VS371"},{"day":5,"utc":"00:37:00","flight":"VS648"},{"day":5,"utc":"20:54:00","flight":"VS192"},{"day":5,"utc":"02:06:00","flight":"VS589"},{"day":5,"utc":"02:19:00","flight":"VS748"},{"day":6,"utc":"20:41:00","flight":"VS783"},{"day":6,"utc":"10:07:00","flight":"VS391"}],"distance":1521.5545504553706}