{"id":59088,"type":"route","airline":"US","airlineid":"airline_5265","sourceairport":"DFW","destinationairport":"JAN","stops":0,"equipment":"ER4 ERD","schedule":[{"day":0,"utc":"02:53:00","flight":"US707"},{"day":0,"utc":"01:00:00","flight":"US616"},{"day":0,"utc":"21:39:00","flight":"US873"},{"day":1,"utc":"21:04:00","flight":"US665"},{"day":1,"utc":"22:25:00","flight":"US303"},{"day":2,"utc":"08:00:00","flight":"US038"},{"day":3,"utc":"01:32:00","flight":"US001"},{"day":3,"utc":"03:18:00","flight":"US180"},{"day":3,"utc":"14:33:00","flight":"US658"},{"day":4,"utc":"22:00:00","flight":"US422"},{"day":4,"utc":"11:40:00","flight":"US372"},{"day":4,"utc":"06:11:00","flight":"US917"},{"day":4,"utc":"17:08:00","flight":"US938"},{"day":4,"utc":"03:25:00","flight":"US358"},{"day":5,"utc":"20:27:00","flight":"US659"},{"day":5,"utc":"17:56:00","flight":"US537"},{"day":5,"utc":"05:46:00","flight":"US652"},{"day":6,"utc":"15:02:00","flight":"US305"},{"day":6,"utc":"09:57:00","flight":"US261"},{"day":6,"utc":"16:11:00","flight":"US473"},{"day":6,"utc":"10:14:00","flight":"US533"},{"day":6,"utc":"23:42:00","flight":"US723"}],"distance":655.2774297834018}