{"id":55097,"type":"route","airline":"U2","airlineid":"airline_2297","sourceairport":"LUX","destinationairport":"LGW","stops":0,"equipment":"319","schedule":[{"day":0,"utc":"15:17:00","flight":"U2210"},{"day":0,"utc":"12:01:00","flight":"U2942"},{"day":0,"utc":"03:26:00","flight":"U2704"},{"day":1,"utc":"12:40:00","flight":"U2108"},{"day":1,"utc":"06:08:00","flight":"U2497"},{"day":1,"utc":"10:37:00","flight":"U2882"},{"day":1,"utc":"03:35:00","flight":"U2759"},{"day":1,"utc":"06:05:00","flight":"U2562"},{"day":2,"utc":"03:58:00","flight":"U2916"},{"day":2,"utc":"14:02:00","flight":"U2861"},{"day":2,"utc":"05:46:00","flight":"U2634"},{"day":3,"utc":"05:00:00","flight":"U2836"},{"day":4,"utc":"00:53:00","flight":"U2627"},{"day":4,"utc":"20:44:00","flight":"U2427"},{"day":4,"utc":"13:46:00","flight":"U2200"},{"day":5,"utc":"21:42:00","flight":"U2647"},{"day":5,"utc":"04:20:00","flight":"U2798"},{"day":5,"utc":"01:11:00","flight":"U2182"},{"day":5,"utc":"17:46:00","flight":"U2783"},{"day":6,"utc":"14:18:00","flight":"U2664"},{"day":6,"utc":"08:48:00","flight":"U2827"},{"day":6,"utc":"12:56:00","flight":"U2851"},{"day":6,"utc":"18:34:00","flight":"U2969"},{"day":6,"utc":"22:39:00","flight":"U2250"}],"distance":484.17735937335}