{"id":37868,"type":"route","airline":"LG","airlineid":"airline_3329","sourceairport":"CLY","destinationairport":"LUX","stops":0,"equipment":"DH4","schedule":[{"day":0,"utc":"06:44:00","flight":"LG375"},{"day":1,"utc":"06:47:00","flight":"LG349"},{"day":2,"utc":"12:47:00","flight":"LG690"},{"day":2,"utc":"07:11:00","flight":"LG960"},{"day":2,"utc":"20:48:00","flight":"LG369"},{"day":2,"utc":"05:39:00","flight":"LG598"},{"day":3,"utc":"07:59:00","flight":"LG006"},{"day":3,"utc":"01:19:00","flight":"LG062"},{"day":3,"utc":"08:23:00","flight":"LG270"},{"day":3,"utc":"12:23:00","flight":"LG080"},{"day":3,"utc":"14:20:00","flight":"LG647"},{"day":4,"utc":"01:52:00","flight":"LG973"},{"day":5,"utc":"11:48:00","flight":"LG884"},{"day":6,"utc":"17:21:00","flight":"LG380"},{"day":6,"utc":"08:24:00","flight":"LG057"},{"day":6,"utc":"09:00:00","flight":"LG706"},{"day":6,"utc":"08:11:00","flight":"LG634"}],"distance":813.6255165710062}