{"id":9284,"type":"route","airline":"AF","airlineid":"airline_137","sourceairport":"CDG","destinationairport":"BOM","stops":0,"equipment":"332","schedule":[{"day":0,"utc":"07:56:00","flight":"AF382"},{"day":0,"utc":"10:44:00","flight":"AF186"},{"day":1,"utc":"19:03:00","flight":"AF968"},{"day":1,"utc":"13:36:00","flight":"AF345"},{"day":1,"utc":"06:52:00","flight":"AF173"},{"day":1,"utc":"23:33:00","flight":"AF186"},{"day":1,"utc":"01:53:00","flight":"AF214"},{"day":2,"utc":"23:02:00","flight":"AF850"},{"day":2,"utc":"15:57:00","flight":"AF734"},{"day":2,"utc":"07:15:00","flight":"AF667"},{"day":3,"utc":"14:54:00","flight":"AF311"},{"day":3,"utc":"05:13:00","flight":"AF632"},{"day":4,"utc":"13:36:00","flight":"AF586"},{"day":4,"utc":"04:03:00","flight":"AF333"},{"day":5,"utc":"02:23:00","flight":"AF577"},{"day":6,"utc":"13:49:00","flight":"AF672"},{"day":6,"utc":"00:48:00","flight":"AF625"},{"day":6,"utc":"09:36:00","flight":"AF142"}]}