{"id":27115,"type":"route","airline":"FR","airlineid":"airline_4296","sourceairport":"LGW","destinationairport":"SNN","stops":0,"equipment":"738","schedule":[{"day":0,"utc":"07:10:00","flight":"FR415"},{"day":0,"utc":"10:47:00","flight":"FR608"},{"day":0,"utc":"21:35:00","flight":"FR455"},{"day":1,"utc":"03:47:00","flight":"FR141"},{"day":1,"utc":"20:47:00","flight":"FR658"},{"day":1,"utc":"19:28:00","flight":"FR824"},{"day":1,"utc":"11:08:00","flight":"FR269"},{"day":2,"utc":"23:14:00","flight":"FR927"},{"day":2,"utc":"05:22:00","flight":"FR280"},{"day":3,"utc":"00:48:00","flight":"FR395"},{"day":3,"utc":"17:01:00","flight":"FR200"},{"day":3,"utc":"11:30:00","flight":"FR549"},{"day":3,"utc":"04:14:00","flight":"FR501"},{"day":3,"utc":"18:04:00","flight":"FR397"},{"day":4,"utc":"05:56:00","flight":"FR817"},{"day":4,"utc":"15:22:00","flight":"FR334"},{"day":4,"utc":"19:05:00","flight":"FR110"},{"day":4,"utc":"01:23:00","flight":"FR598"},{"day":5,"utc":"11:36:00","flight":"FR370"},{"day":5,"utc":"11:37:00","flight":"FR838"},{"day":5,"utc":"15:15:00","flight":"FR021"},{"day":6,"utc":"18:05:00","flight":"FR871"},{"day":6,"utc":"12:55:00","flight":"FR464"}],"distance":622.929749180571}