{"id":54035,"type":"route","airline":"TS","airlineid":"airline_1317","sourceairport":"YYZ","destinationairport":"CDG","stops":0,"equipment":"330","schedule":[{"day":0,"utc":"16:47:00","flight":"TS437"},{"day":0,"utc":"15:35:00","flight":"TS195"},{"day":1,"utc":"02:33:00","flight":"TS270"},{"day":1,"utc":"17:57:00","flight":"TS490"},{"day":1,"utc":"06:01:00","flight":"TS453"},{"day":1,"utc":"21:35:00","flight":"TS647"},{"day":2,"utc":"08:25:00","flight":"TS336"},{"day":2,"utc":"06:00:00","flight":"TS939"},{"day":3,"utc":"10:56:00","flight":"TS922"},{"day":3,"utc":"11:30:00","flight":"TS365"},{"day":3,"utc":"07:57:00","flight":"TS908"},{"day":3,"utc":"15:53:00","flight":"TS794"},{"day":3,"utc":"09:36:00","flight":"TS017"},{"day":4,"utc":"12:00:00","flight":"TS234"},{"day":4,"utc":"04:31:00","flight":"TS695"},{"day":5,"utc":"14:05:00","flight":"TS289"},{"day":6,"utc":"02:58:00","flight":"TS348"},{"day":6,"utc":"23:39:00","flight":"TS125"},{"day":6,"utc":"14:54:00","flight":"TS965"},{"day":6,"utc":"13:58:00","flight":"TS377"}],"distance":6019.845581824862}