{"id":63538,"type":"route","airline":"WN","airlineid":"airline_4547","sourceairport":"BNA","destinationairport":"HOU","stops":0,"equipment":"735 73C 73W","schedule":[{"day":0,"utc":"09:13:00","flight":"WN692"},{"day":0,"utc":"04:32:00","flight":"WN993"},{"day":0,"utc":"21:05:00","flight":"WN037"},{"day":1,"utc":"00:59:00","flight":"WN210"},{"day":2,"utc":"21:54:00","flight":"WN536"},{"day":2,"utc":"16:35:00","flight":"WN263"},{"day":2,"utc":"19:21:00","flight":"WN740"},{"day":2,"utc":"21:51:00","flight":"WN671"},{"day":3,"utc":"18:08:00","flight":"WN870"},{"day":3,"utc":"22:23:00","flight":"WN713"},{"day":4,"utc":"15:40:00","flight":"WN104"},{"day":4,"utc":"05:49:00","flight":"WN169"},{"day":4,"utc":"21:11:00","flight":"WN531"},{"day":4,"utc":"08:03:00","flight":"WN116"},{"day":5,"utc":"10:14:00","flight":"WN988"},{"day":5,"utc":"04:54:00","flight":"WN354"},{"day":5,"utc":"10:36:00","flight":"WN747"},{"day":5,"utc":"22:30:00","flight":"WN017"},{"day":5,"utc":"07:11:00","flight":"WN592"},{"day":6,"utc":"22:53:00","flight":"WN949"}],"distance":1078.0111307206585}