{"id":6935,"type":"route","airline":"AA","airlineid":"airline_24","sourceairport":"UIO","destinationairport":"MIA","stops":0,"equipment":"757","schedule":[{"day":0,"utc":"06:06:00","flight":"AA274"},{"day":0,"utc":"22:42:00","flight":"AA991"},{"day":0,"utc":"12:17:00","flight":"AA632"},{"day":0,"utc":"23:50:00","flight":"AA587"},{"day":1,"utc":"06:18:00","flight":"AA269"},{"day":1,"utc":"12:53:00","flight":"AA605"},{"day":1,"utc":"14:47:00","flight":"AA536"},{"day":2,"utc":"06:38:00","flight":"AA911"},{"day":3,"utc":"04:21:00","flight":"AA036"},{"day":3,"utc":"14:37:00","flight":"AA456"},{"day":4,"utc":"08:36:00","flight":"AA701"},{"day":4,"utc":"01:59:00","flight":"AA472"},{"day":4,"utc":"14:39:00","flight":"AA659"},{"day":5,"utc":"11:43:00","flight":"AA202"},{"day":5,"utc":"23:39:00","flight":"AA472"},{"day":6,"utc":"23:56:00","flight":"AA948"}],"distance":2890.255139111041}