{"id":6807,"type":"route","airline":"AA","airlineid":"airline_24","sourceairport":"SJO","destinationairport":"DFW","stops":0,"equipment":"757","schedule":[{"day":0,"utc":"17:07:00","flight":"AA124"},{"day":0,"utc":"16:38:00","flight":"AA385"},{"day":0,"utc":"06:32:00","flight":"AA431"},{"day":0,"utc":"06:22:00","flight":"AA157"},{"day":0,"utc":"15:04:00","flight":"AA744"},{"day":1,"utc":"09:59:00","flight":"AA329"},{"day":1,"utc":"03:32:00","flight":"AA598"},{"day":2,"utc":"03:56:00","flight":"AA314"},{"day":2,"utc":"11:38:00","flight":"AA673"},{"day":2,"utc":"16:49:00","flight":"AA869"},{"day":2,"utc":"06:24:00","flight":"AA493"},{"day":3,"utc":"06:29:00","flight":"AA055"},{"day":3,"utc":"02:33:00","flight":"AA990"},{"day":3,"utc":"18:05:00","flight":"AA261"},{"day":3,"utc":"09:00:00","flight":"AA631"},{"day":3,"utc":"01:36:00","flight":"AA256"},{"day":4,"utc":"22:43:00","flight":"AA702"},{"day":5,"utc":"23:30:00","flight":"AA287"},{"day":5,"utc":"17:07:00","flight":"AA454"},{"day":5,"utc":"20:14:00","flight":"AA556"},{"day":5,"utc":"00:13:00","flight":"AA766"},{"day":6,"utc":"23:07:00","flight":"AA859"},{"day":6,"utc":"04:15:00","flight":"AA723"},{"day":6,"utc":"01:43:00","flight":"AA366"}],"distance":2865.8442641195193}