{"id":20576,"type":"route","airline":"DL","airlineid":"airline_2009","sourceairport":"DTW","destinationairport":"AMS","stops":0,"equipment":"777 333 332 76W","schedule":[{"day":0,"utc":"23:06:00","flight":"DL696"},{"day":0,"utc":"06:43:00","flight":"DL312"},{"day":1,"utc":"03:13:00","flight":"DL250"},{"day":1,"utc":"06:37:00","flight":"DL045"},{"day":1,"utc":"08:35:00","flight":"DL086"},{"day":1,"utc":"11:41:00","flight":"DL514"},{"day":1,"utc":"06:24:00","flight":"DL235"},{"day":2,"utc":"18:24:00","flight":"DL921"},{"day":3,"utc":"15:03:00","flight":"DL744"},{"day":3,"utc":"01:57:00","flight":"DL189"},{"day":4,"utc":"02:00:00","flight":"DL318"},{"day":4,"utc":"11:59:00","flight":"DL132"},{"day":4,"utc":"19:29:00","flight":"DL756"},{"day":4,"utc":"23:35:00","flight":"DL842"},{"day":4,"utc":"15:59:00","flight":"DL538"},{"day":5,"utc":"10:23:00","flight":"DL760"},{"day":5,"utc":"18:59:00","flight":"DL599"},{"day":6,"utc":"10:12:00","flight":"DL515"},{"day":6,"utc":"12:52:00","flight":"DL542"}],"distance":6323.599670408144}