{"id":20851,"type":"route","airline":"DL","airlineid":"airline_2009","sourceairport":"IAD","destinationairport":"ATL","stops":0,"equipment":"320 M88 319","schedule":[{"day":0,"utc":"15:23:00","flight":"DL784"},{"day":0,"utc":"10:46:00","flight":"DL169"},{"day":1,"utc":"18:54:00","flight":"DL298"},{"day":1,"utc":"22:48:00","flight":"DL873"},{"day":1,"utc":"19:07:00","flight":"DL724"},{"day":2,"utc":"01:16:00","flight":"DL332"},{"day":2,"utc":"07:12:00","flight":"DL411"},{"day":3,"utc":"06:01:00","flight":"DL404"},{"day":3,"utc":"21:22:00","flight":"DL976"},{"day":3,"utc":"20:28:00","flight":"DL334"},{"day":3,"utc":"14:12:00","flight":"DL078"},{"day":4,"utc":"17:58:00","flight":"DL349"},{"day":4,"utc":"21:17:00","flight":"DL056"},{"day":5,"utc":"21:26:00","flight":"DL686"},{"day":5,"utc":"12:51:00","flight":"DL468"},{"day":5,"utc":"12:52:00","flight":"DL388"},{"day":5,"utc":"21:20:00","flight":"DL792"},{"day":5,"utc":"08:43:00","flight":"DL003"},{"day":6,"utc":"11:26:00","flight":"DL616"},{"day":6,"utc":"21:05:00","flight":"DL183"},{"day":6,"utc":"01:34:00","flight":"DL079"}],"distance":859.0293428299251}