{"id":36570,"type":"route","airline":"KL","airlineid":"airline_3090","sourceairport":"CVG","destinationairport":"ATL","stops":0,"equipment":"M88 738 319","schedule":[{"day":0,"utc":"09:39:00","flight":"KL036"},{"day":0,"utc":"22:40:00","flight":"KL089"},{"day":0,"utc":"21:23:00","flight":"KL932"},{"day":0,"utc":"00:01:00","flight":"KL256"},{"day":1,"utc":"09:30:00","flight":"KL329"},{"day":1,"utc":"11:34:00","flight":"KL640"},{"day":1,"utc":"20:42:00","flight":"KL858"},{"day":2,"utc":"20:45:00","flight":"KL916"},{"day":2,"utc":"04:09:00","flight":"KL023"},{"day":2,"utc":"04:33:00","flight":"KL652"},{"day":2,"utc":"19:58:00","flight":"KL270"},{"day":3,"utc":"20:05:00","flight":"KL051"},{"day":4,"utc":"15:54:00","flight":"KL620"},{"day":4,"utc":"06:25:00","flight":"KL833"},{"day":4,"utc":"11:10:00","flight":"KL809"},{"day":4,"utc":"14:49:00","flight":"KL926"},{"day":4,"utc":"06:01:00","flight":"KL895"},{"day":5,"utc":"22:04:00","flight":"KL301"},{"day":5,"utc":"11:16:00","flight":"KL738"},{"day":5,"utc":"21:30:00","flight":"KL412"},{"day":5,"utc":"20:09:00","flight":"KL205"},{"day":5,"utc":"09:46:00","flight":"KL945"},{"day":6,"utc":"02:45:00","flight":"KL084"},{"day":6,"utc":"04:41:00","flight":"KL078"},{"day":6,"utc":"09:27:00","flight":"KL174"},{"day":6,"utc":"13:57:00","flight":"KL825"},{"day":6,"utc":"09:38:00","flight":"KL085"}]}