{"id":39849,"type":"route","airline":"LY","airlineid":"airline_2150","sourceairport":"LHR","destinationairport":"TLV","stops":0,"equipment":"772 763","schedule":[{"day":0,"utc":"11:54:00","flight":"LY484"},{"day":0,"utc":"17:32:00","flight":"LY505"},{"day":0,"utc":"10:09:00","flight":"LY364"},{"day":0,"utc":"02:42:00","flight":"LY162"},{"day":1,"utc":"01:02:00","flight":"LY285"},{"day":1,"utc":"15:28:00","flight":"LY032"},{"day":1,"utc":"09:24:00","flight":"LY413"},{"day":1,"utc":"04:40:00","flight":"LY113"},{"day":1,"utc":"06:06:00","flight":"LY680"},{"day":2,"utc":"16:54:00","flight":"LY294"},{"day":2,"utc":"08:52:00","flight":"LY334"},{"day":2,"utc":"05:45:00","flight":"LY849"},{"day":2,"utc":"00:09:00","flight":"LY819"},{"day":3,"utc":"05:55:00","flight":"LY921"},{"day":3,"utc":"03:57:00","flight":"LY208"},{"day":4,"utc":"23:22:00","flight":"LY583"},{"day":4,"utc":"04:52:00","flight":"LY335"},{"day":4,"utc":"06:02:00","flight":"LY880"},{"day":5,"utc":"06:02:00","flight":"LY562"},{"day":6,"utc":"17:19:00","flight":"LY547"}]}