{"id":25078,"type":"route","airline":"FL","airlineid":"airline_1316","sourceairport":"EYW","destinationairport":"TPA","stops":0,"equipment":"73W","schedule":[{"day":0,"utc":"20:49:00","flight":"FL547"},{"day":0,"utc":"20:20:00","flight":"FL268"},{"day":0,"utc":"22:59:00","flight":"FL056"},{"day":0,"utc":"14:42:00","flight":"FL068"},{"day":0,"utc":"21:13:00","flight":"FL457"},{"day":1,"utc":"11:32:00","flight":"FL598"},{"day":1,"utc":"19:04:00","flight":"FL231"},{"day":1,"utc":"17:34:00","flight":"FL472"},{"day":1,"utc":"13:19:00","flight":"FL897"},{"day":2,"utc":"19:55:00","flight":"FL117"},{"day":2,"utc":"15:43:00","flight":"FL485"},{"day":2,"utc":"04:43:00","flight":"FL485"},{"day":2,"utc":"07:51:00","flight":"FL727"},{"day":3,"utc":"10:16:00","flight":"FL006"},{"day":4,"utc":"05:39:00","flight":"FL427"},{"day":4,"utc":"03:11:00","flight":"FL275"},{"day":4,"utc":"15:13:00","flight":"FL800"},{"day":4,"utc":"05:22:00","flight":"FL684"},{"day":5,"utc":"15:41:00","flight":"FL077"},{"day":6,"utc":"10:35:00","flight":"FL591"},{"day":6,"utc":"02:37:00","flight":"FL453"},{"day":6,"utc":"13:45:00","flight":"FL950"}],"distance":387.95962869025425}