{"id":64166,"type":"route","airline":"WN","airlineid":"airline_4547","sourceairport":"MKE","destinationairport":"STL","stops":0,"equipment":"73W 73C","schedule":[{"day":0,"utc":"09:32:00","flight":"WN130"},{"day":0,"utc":"17:27:00","flight":"WN109"},{"day":1,"utc":"09:59:00","flight":"WN510"},{"day":1,"utc":"06:45:00","flight":"WN038"},{"day":1,"utc":"19:37:00","flight":"WN922"},{"day":2,"utc":"05:58:00","flight":"WN360"},{"day":2,"utc":"16:28:00","flight":"WN407"},{"day":2,"utc":"14:57:00","flight":"WN773"},{"day":2,"utc":"22:57:00","flight":"WN532"},{"day":2,"utc":"09:10:00","flight":"WN635"},{"day":3,"utc":"10:56:00","flight":"WN403"},{"day":4,"utc":"23:06:00","flight":"WN280"},{"day":4,"utc":"12:19:00","flight":"WN232"},{"day":4,"utc":"10:10:00","flight":"WN354"},{"day":5,"utc":"04:57:00","flight":"WN286"},{"day":5,"utc":"15:00:00","flight":"WN197"},{"day":5,"utc":"04:31:00","flight":"WN268"},{"day":5,"utc":"02:09:00","flight":"WN440"},{"day":6,"utc":"01:41:00","flight":"WN868"},{"day":6,"utc":"15:19:00","flight":"WN440"},{"day":6,"utc":"06:17:00","flight":"WN862"}],"distance":511.04998713271414}