{"id":58983,"type":"route","airline":"US","airlineid":"airline_5265","sourceairport":"DCA","destinationairport":"PBI","stops":0,"equipment":"E75 E70","schedule":[{"day":0,"utc":"19:26:00","flight":"US471"},{"day":0,"utc":"02:39:00","flight":"US647"},{"day":0,"utc":"17:17:00","flight":"US164"},{"day":1,"utc":"00:16:00","flight":"US618"},{"day":1,"utc":"05:20:00","flight":"US749"},{"day":1,"utc":"17:22:00","flight":"US274"},{"day":2,"utc":"06:54:00","flight":"US461"},{"day":2,"utc":"21:09:00","flight":"US588"},{"day":2,"utc":"14:12:00","flight":"US811"},{"day":2,"utc":"20:09:00","flight":"US876"},{"day":2,"utc":"05:39:00","flight":"US463"},{"day":3,"utc":"13:27:00","flight":"US064"},{"day":3,"utc":"16:11:00","flight":"US773"},{"day":4,"utc":"05:52:00","flight":"US127"},{"day":4,"utc":"13:34:00","flight":"US959"},{"day":4,"utc":"12:23:00","flight":"US935"},{"day":4,"utc":"16:19:00","flight":"US684"},{"day":5,"utc":"11:51:00","flight":"US838"},{"day":5,"utc":"09:50:00","flight":"US720"},{"day":5,"utc":"13:54:00","flight":"US236"},{"day":5,"utc":"07:05:00","flight":"US951"},{"day":6,"utc":"06:27:00","flight":"US992"},{"day":6,"utc":"19:04:00","flight":"US235"}],"distance":1382.74719158231}