{"id":25318,"type":"route","airline":"FL","airlineid":"airline_1316","sourceairport":"MKE","destinationairport":"DCA","stops":0,"equipment":"717","schedule":[{"day":0,"utc":"11:18:00","flight":"FL602"},{"day":1,"utc":"08:12:00","flight":"FL111"},{"day":2,"utc":"04:46:00","flight":"FL825"},{"day":3,"utc":"14:56:00","flight":"FL435"},{"day":4,"utc":"12:10:00","flight":"FL466"},{"day":4,"utc":"06:38:00","flight":"FL279"},{"day":5,"utc":"04:38:00","flight":"FL696"},{"day":5,"utc":"14:21:00","flight":"FL474"},{"day":5,"utc":"16:10:00","flight":"FL722"},{"day":6,"utc":"08:29:00","flight":"FL350"},{"day":6,"utc":"14:52:00","flight":"FL022"},{"day":6,"utc":"05:40:00","flight":"FL969"}]}