{"id":57644,"type":"route","airline":"UA","airlineid":"airline_5209","sourceairport":"SFO","destinationairport":"DFW","stops":0,"equipment":"319 738 739","schedule":[{"day":0,"utc":"15:46:00","flight":"UA598"},{"day":1,"utc":"14:13:00","flight":"UA155"},{"day":1,"utc":"09:07:00","flight":"UA367"},{"day":1,"utc":"07:04:00","flight":"UA773"},{"day":1,"utc":"22:32:00","flight":"UA647"},{"day":2,"utc":"13:23:00","flight":"UA915"},{"day":2,"utc":"17:19:00","flight":"UA744"},{"day":2,"utc":"12:17:00","flight":"UA200"},{"day":2,"utc":"19:54:00","flight":"UA048"},{"day":2,"utc":"21:14:00","flight":"UA618"},{"day":3,"utc":"06:32:00","flight":"UA796"},{"day":4,"utc":"20:58:00","flight":"UA465"},{"day":4,"utc":"02:42:00","flight":"UA982"},{"day":4,"utc":"11:42:00","flight":"UA269"},{"day":4,"utc":"07:49:00","flight":"UA305"},{"day":5,"utc":"20:28:00","flight":"UA568"},{"day":5,"utc":"06:27:00","flight":"UA097"},{"day":5,"utc":"15:21:00","flight":"UA579"},{"day":6,"utc":"16:01:00","flight":"UA812"},{"day":6,"utc":"08:43:00","flight":"UA669"},{"day":6,"utc":"23:47:00","flight":"UA272"},{"day":6,"utc":"12:52:00","flight":"UA752"}],"distance":2351.9304268250853}