{"id":5842,"type":"route","airline":"AA","airlineid":"airline_24","sourceairport":"LHR","destinationairport":"GVA","stops":0,"equipment":"319 320 321","schedule":[{"day":0,"utc":"10:13:00","flight":"AA187"},{"day":0,"utc":"06:20:00","flight":"AA843"},{"day":0,"utc":"04:03:00","flight":"AA157"},{"day":0,"utc":"00:30:00","flight":"AA353"},{"day":1,"utc":"00:38:00","flight":"AA590"},{"day":1,"utc":"17:09:00","flight":"AA954"},{"day":1,"utc":"15:53:00","flight":"AA420"},{"day":1,"utc":"17:26:00","flight":"AA070"},{"day":2,"utc":"00:22:00","flight":"AA276"},{"day":2,"utc":"10:14:00","flight":"AA776"},{"day":2,"utc":"08:49:00","flight":"AA236"},{"day":3,"utc":"13:57:00","flight":"AA743"},{"day":4,"utc":"16:37:00","flight":"AA622"},{"day":4,"utc":"15:52:00","flight":"AA998"},{"day":4,"utc":"23:59:00","flight":"AA309"},{"day":5,"utc":"05:28:00","flight":"AA841"},{"day":5,"utc":"20:40:00","flight":"AA482"},{"day":5,"utc":"01:42:00","flight":"AA056"},{"day":5,"utc":"00:07:00","flight":"AA178"},{"day":6,"utc":"04:52:00","flight":"AA740"},{"day":6,"utc":"16:05:00","flight":"AA652"}]}