{"id":56795,"type":"route","airline":"UA","airlineid":"airline_5209","sourceairport":"IAH","destinationairport":"MKE","stops":0,"equipment":"ERJ CRJ","schedule":[{"day":0,"utc":"19:16:00","flight":"UA757"},{"day":1,"utc":"23:45:00","flight":"UA868"},{"day":1,"utc":"22:59:00","flight":"UA189"},{"day":1,"utc":"13:56:00","flight":"UA709"},{"day":2,"utc":"20:10:00","flight":"UA967"},{"day":2,"utc":"05:13:00","flight":"UA878"},{"day":2,"utc":"14:24:00","flight":"UA675"},{"day":2,"utc":"07:08:00","flight":"UA141"},{"day":2,"utc":"17:25:00","flight":"UA527"},{"day":3,"utc":"23:38:00","flight":"UA862"},{"day":4,"utc":"13:09:00","flight":"UA353"},{"day":4,"utc":"05:19:00","flight":"UA484"},{"day":5,"utc":"14:52:00","flight":"UA852"},{"day":5,"utc":"22:39:00","flight":"UA689"},{"day":5,"utc":"20:42:00","flight":"UA872"},{"day":5,"utc":"07:35:00","flight":"UA341"},{"day":5,"utc":"05:08:00","flight":"UA296"},{"day":6,"utc":"02:26:00","flight":"UA044"},{"day":6,"utc":"08:31:00","flight":"UA279"},{"day":6,"utc":"18:34:00","flight":"UA127"}],"distance":1586.0716540634055}