{"id":20576,"type":"route","airline":"DL","airlineid":"airline_2009","sourceairport":"DTW","destinationairport":"AMS","stops":0,"equipment":"777 333 332 76W","schedule":[{"day":0,"utc":"07:54:00","flight":"DL059"},{"day":1,"utc":"12:28:00","flight":"DL511"},{"day":1,"utc":"18:42:00","flight":"DL507"},{"day":1,"utc":"20:45:00","flight":"DL997"},{"day":1,"utc":"19:38:00","flight":"DL207"},{"day":2,"utc":"08:45:00","flight":"DL897"},{"day":2,"utc":"21:55:00","flight":"DL732"},{"day":2,"utc":"12:30:00","flight":"DL242"},{"day":2,"utc":"03:35:00","flight":"DL031"},{"day":3,"utc":"14:21:00","flight":"DL951"},{"day":3,"utc":"05:50:00","flight":"DL567"},{"day":4,"utc":"22:10:00","flight":"DL100"},{"day":4,"utc":"12:06:00","flight":"DL405"},{"day":4,"utc":"06:47:00","flight":"DL523"},{"day":4,"utc":"01:36:00","flight":"DL218"},{"day":4,"utc":"02:57:00","flight":"DL959"},{"day":5,"utc":"19:59:00","flight":"DL136"},{"day":5,"utc":"07:53:00","flight":"DL580"},{"day":6,"utc":"21:12:00","flight":"DL765"},{"day":6,"utc":"02:26:00","flight":"DL098"},{"day":6,"utc":"02:20:00","flight":"DL190"}]}