{"id":37335,"type":"route","airline":"KS","airlineid":"airline_3935","sourceairport":"AKN","destinationairport":"ANC","stops":0,"equipment":"SF3","schedule":[{"day":0,"utc":"13:17:00","flight":"KS089"},{"day":1,"utc":"04:01:00","flight":"KS954"},{"day":2,"utc":"06:22:00","flight":"KS306"},{"day":2,"utc":"22:30:00","flight":"KS093"},{"day":2,"utc":"13:18:00","flight":"KS171"},{"day":2,"utc":"01:08:00","flight":"KS627"},{"day":3,"utc":"15:13:00","flight":"KS236"},{"day":3,"utc":"23:28:00","flight":"KS752"},{"day":3,"utc":"23:24:00","flight":"KS448"},{"day":4,"utc":"15:21:00","flight":"KS156"},{"day":4,"utc":"01:00:00","flight":"KS497"},{"day":4,"utc":"06:22:00","flight":"KS714"},{"day":4,"utc":"15:34:00","flight":"KS383"},{"day":4,"utc":"18:06:00","flight":"KS579"},{"day":5,"utc":"08:44:00","flight":"KS551"},{"day":6,"utc":"15:26:00","flight":"KS498"},{"day":6,"utc":"13:18:00","flight":"KS206"},{"day":6,"utc":"06:58:00","flight":"KS444"},{"day":6,"utc":"21:11:00","flight":"KS980"},{"day":6,"utc":"02:01:00","flight":"KS255"}]}