{"id":21186,"type":"route","airline":"DL","airlineid":"airline_2009","sourceairport":"LOS","destinationairport":"ATL","stops":0,"equipment":"76W","schedule":[{"day":0,"utc":"20:40:00","flight":"DL100"},{"day":0,"utc":"21:15:00","flight":"DL044"},{"day":0,"utc":"03:14:00","flight":"DL152"},{"day":0,"utc":"16:27:00","flight":"DL526"},{"day":0,"utc":"03:52:00","flight":"DL407"},{"day":1,"utc":"07:45:00","flight":"DL514"},{"day":1,"utc":"17:46:00","flight":"DL914"},{"day":2,"utc":"04:39:00","flight":"DL009"},{"day":3,"utc":"18:03:00","flight":"DL581"},{"day":3,"utc":"10:56:00","flight":"DL697"},{"day":3,"utc":"16:09:00","flight":"DL068"},{"day":4,"utc":"07:04:00","flight":"DL423"},{"day":4,"utc":"09:00:00","flight":"DL306"},{"day":4,"utc":"12:57:00","flight":"DL857"},{"day":4,"utc":"00:21:00","flight":"DL716"},{"day":5,"utc":"11:56:00","flight":"DL917"},{"day":5,"utc":"13:16:00","flight":"DL970"},{"day":6,"utc":"06:43:00","flight":"DL791"},{"day":6,"utc":"22:19:00","flight":"DL715"},{"day":6,"utc":"19:23:00","flight":"DL088"}],"distance":9395.4211142429}