{"id":38491,"type":"route","airline":"LH","airlineid":"airline_3320","sourceairport":"LHR","destinationairport":"EWR","stops":0,"equipment":"763 777 752","schedule":[{"day":0,"utc":"10:52:00","flight":"LH111"},{"day":0,"utc":"15:41:00","flight":"LH952"},{"day":0,"utc":"01:31:00","flight":"LH573"},{"day":1,"utc":"17:35:00","flight":"LH111"},{"day":2,"utc":"15:59:00","flight":"LH037"},{"day":2,"utc":"13:59:00","flight":"LH224"},{"day":2,"utc":"04:19:00","flight":"LH747"},{"day":2,"utc":"09:43:00","flight":"LH761"},{"day":3,"utc":"00:19:00","flight":"LH679"},{"day":3,"utc":"20:56:00","flight":"LH375"},{"day":3,"utc":"10:23:00","flight":"LH200"},{"day":4,"utc":"08:02:00","flight":"LH264"},{"day":4,"utc":"00:44:00","flight":"LH693"},{"day":5,"utc":"09:15:00","flight":"LH992"},{"day":5,"utc":"09:04:00","flight":"LH820"},{"day":5,"utc":"05:31:00","flight":"LH422"},{"day":5,"utc":"13:33:00","flight":"LH485"},{"day":6,"utc":"09:28:00","flight":"LH406"}]}