{"id":24500,"type":"route","airline":"F9","airlineid":"airline_2468","sourceairport":"RSW","destinationairport":"ILG","stops":0,"equipment":"320","schedule":[{"day":0,"utc":"01:58:00","flight":"F9837"},{"day":1,"utc":"02:01:00","flight":"F9037"},{"day":1,"utc":"02:21:00","flight":"F9898"},{"day":2,"utc":"15:43:00","flight":"F9663"},{"day":3,"utc":"06:28:00","flight":"F9978"},{"day":3,"utc":"12:25:00","flight":"F9727"},{"day":3,"utc":"18:12:00","flight":"F9563"},{"day":4,"utc":"10:44:00","flight":"F9525"},{"day":4,"utc":"09:27:00","flight":"F9807"},{"day":4,"utc":"10:50:00","flight":"F9943"},{"day":5,"utc":"23:20:00","flight":"F9580"},{"day":5,"utc":"06:44:00","flight":"F9655"},{"day":5,"utc":"12:33:00","flight":"F9674"},{"day":6,"utc":"09:40:00","flight":"F9223"},{"day":6,"utc":"12:21:00","flight":"F9248"},{"day":6,"utc":"08:39:00","flight":"F9659"},{"day":6,"utc":"19:12:00","flight":"F9801"}],"distance":1568.519578041057}