{"id":6702,"type":"route","airline":"AA","airlineid":"airline_24","sourceairport":"SAN","destinationairport":"MIA","stops":0,"equipment":"738","schedule":[{"day":0,"utc":"20:58:00","flight":"AA149"},{"day":0,"utc":"00:56:00","flight":"AA169"},{"day":0,"utc":"15:23:00","flight":"AA323"},{"day":0,"utc":"12:57:00","flight":"AA291"},{"day":0,"utc":"19:40:00","flight":"AA065"},{"day":1,"utc":"17:46:00","flight":"AA359"},{"day":1,"utc":"16:59:00","flight":"AA698"},{"day":1,"utc":"03:31:00","flight":"AA904"},{"day":2,"utc":"09:50:00","flight":"AA684"},{"day":2,"utc":"00:54:00","flight":"AA701"},{"day":3,"utc":"01:05:00","flight":"AA342"},{"day":3,"utc":"01:54:00","flight":"AA962"},{"day":3,"utc":"14:54:00","flight":"AA869"},{"day":3,"utc":"05:30:00","flight":"AA562"},{"day":4,"utc":"18:33:00","flight":"AA683"},{"day":4,"utc":"13:41:00","flight":"AA410"},{"day":5,"utc":"08:20:00","flight":"AA316"},{"day":6,"utc":"23:05:00","flight":"AA957"},{"day":6,"utc":"19:24:00","flight":"AA229"}],"distance":3642.5220490371985}