{"id":56607,"type":"route","airline":"UA","airlineid":"airline_5209","sourceairport":"IAD","destinationairport":"BRU","stops":0,"equipment":"777 332","schedule":[{"day":0,"utc":"16:53:00","flight":"UA989"},{"day":0,"utc":"02:31:00","flight":"UA776"},{"day":0,"utc":"12:55:00","flight":"UA452"},{"day":0,"utc":"02:38:00","flight":"UA193"},{"day":0,"utc":"12:42:00","flight":"UA168"},{"day":1,"utc":"03:30:00","flight":"UA505"},{"day":2,"utc":"02:06:00","flight":"UA669"},{"day":3,"utc":"14:52:00","flight":"UA036"},{"day":3,"utc":"12:48:00","flight":"UA908"},{"day":3,"utc":"20:22:00","flight":"UA324"},{"day":4,"utc":"05:36:00","flight":"UA346"},{"day":4,"utc":"11:19:00","flight":"UA343"},{"day":5,"utc":"23:16:00","flight":"UA790"},{"day":5,"utc":"12:30:00","flight":"UA952"},{"day":5,"utc":"22:11:00","flight":"UA950"},{"day":5,"utc":"22:39:00","flight":"UA433"},{"day":5,"utc":"13:46:00","flight":"UA963"},{"day":6,"utc":"04:20:00","flight":"UA686"},{"day":6,"utc":"02:15:00","flight":"UA096"}]}