{"id":9612,"type":"route","airline":"AF","airlineid":"airline_137","sourceairport":"KMG","destinationairport":"CAN","stops":0,"equipment":"320","schedule":[{"day":0,"utc":"20:00:00","flight":"AF068"},{"day":0,"utc":"14:10:00","flight":"AF246"},{"day":0,"utc":"20:35:00","flight":"AF316"},{"day":0,"utc":"06:05:00","flight":"AF964"},{"day":1,"utc":"03:32:00","flight":"AF228"},{"day":1,"utc":"05:09:00","flight":"AF301"},{"day":2,"utc":"00:29:00","flight":"AF870"},{"day":2,"utc":"20:03:00","flight":"AF701"},{"day":3,"utc":"09:34:00","flight":"AF489"},{"day":3,"utc":"13:01:00","flight":"AF125"},{"day":4,"utc":"02:02:00","flight":"AF226"},{"day":4,"utc":"15:48:00","flight":"AF023"},{"day":5,"utc":"04:42:00","flight":"AF057"},{"day":5,"utc":"12:38:00","flight":"AF525"},{"day":5,"utc":"16:46:00","flight":"AF196"},{"day":6,"utc":"10:55:00","flight":"AF794"},{"day":6,"utc":"01:23:00","flight":"AF435"},{"day":6,"utc":"19:34:00","flight":"AF201"},{"day":6,"utc":"23:42:00","flight":"AF011"},{"day":6,"utc":"01:31:00","flight":"AF745"}],"distance":1084.98418781271}