{"id":20548,"type":"route","airline":"DL","airlineid":"airline_2009","sourceairport":"DEN","destinationairport":"MSP","stops":0,"equipment":"M90 320 738 757","schedule":[{"day":0,"utc":"23:06:00","flight":"DL623"},{"day":1,"utc":"21:22:00","flight":"DL265"},{"day":1,"utc":"01:47:00","flight":"DL701"},{"day":2,"utc":"10:25:00","flight":"DL764"},{"day":2,"utc":"04:10:00","flight":"DL709"},{"day":2,"utc":"19:16:00","flight":"DL021"},{"day":2,"utc":"11:12:00","flight":"DL237"},{"day":3,"utc":"16:44:00","flight":"DL523"},{"day":3,"utc":"19:37:00","flight":"DL518"},{"day":3,"utc":"17:33:00","flight":"DL779"},{"day":3,"utc":"07:40:00","flight":"DL398"},{"day":3,"utc":"13:44:00","flight":"DL626"},{"day":4,"utc":"16:24:00","flight":"DL451"},{"day":5,"utc":"05:45:00","flight":"DL078"},{"day":5,"utc":"15:25:00","flight":"DL008"},{"day":5,"utc":"04:04:00","flight":"DL486"},{"day":6,"utc":"14:38:00","flight":"DL321"},{"day":6,"utc":"10:42:00","flight":"DL709"},{"day":6,"utc":"14:10:00","flight":"DL790"},{"day":6,"utc":"16:15:00","flight":"DL903"},{"day":6,"utc":"03:55:00","flight":"DL341"}],"distance":1092.3681526564083}