{"id":15053,"type":"route","airline":"BE","airlineid":"airline_2421","sourceairport":"BHD","destinationairport":"EDI","stops":0,"equipment":"DH4","schedule":[{"day":0,"utc":"22:03:00","flight":"BE843"},{"day":0,"utc":"07:01:00","flight":"BE689"},{"day":0,"utc":"23:40:00","flight":"BE199"},{"day":0,"utc":"18:48:00","flight":"BE211"},{"day":1,"utc":"19:48:00","flight":"BE030"},{"day":1,"utc":"22:23:00","flight":"BE177"},{"day":1,"utc":"14:04:00","flight":"BE657"},{"day":1,"utc":"21:45:00","flight":"BE121"},{"day":1,"utc":"06:51:00","flight":"BE522"},{"day":2,"utc":"14:13:00","flight":"BE513"},{"day":2,"utc":"06:00:00","flight":"BE188"},{"day":2,"utc":"20:31:00","flight":"BE186"},{"day":2,"utc":"10:25:00","flight":"BE460"},{"day":2,"utc":"08:03:00","flight":"BE596"},{"day":3,"utc":"22:11:00","flight":"BE666"},{"day":3,"utc":"10:13:00","flight":"BE869"},{"day":3,"utc":"18:50:00","flight":"BE946"},{"day":3,"utc":"16:03:00","flight":"BE013"},{"day":3,"utc":"20:10:00","flight":"BE223"},{"day":4,"utc":"23:59:00","flight":"BE260"},{"day":4,"utc":"01:24:00","flight":"BE491"},{"day":5,"utc":"07:59:00","flight":"BE545"},{"day":6,"utc":"12:40:00","flight":"BE689"},{"day":6,"utc":"09:55:00","flight":"BE516"},{"day":6,"utc":"00:17:00","flight":"BE543"},{"day":6,"utc":"04:53:00","flight":"BE769"}]}