{"id":15053,"type":"route","airline":"BE","airlineid":"airline_2421","sourceairport":"BHD","destinationairport":"EDI","stops":0,"equipment":"DH4","schedule":[{"day":0,"utc":"22:24:00","flight":"BE983"},{"day":0,"utc":"01:45:00","flight":"BE859"},{"day":0,"utc":"01:41:00","flight":"BE226"},{"day":1,"utc":"23:02:00","flight":"BE523"},{"day":1,"utc":"18:33:00","flight":"BE524"},{"day":2,"utc":"23:28:00","flight":"BE578"},{"day":2,"utc":"23:54:00","flight":"BE026"},{"day":2,"utc":"10:37:00","flight":"BE551"},{"day":3,"utc":"07:55:00","flight":"BE851"},{"day":3,"utc":"22:29:00","flight":"BE440"},{"day":3,"utc":"10:31:00","flight":"BE170"},{"day":4,"utc":"18:01:00","flight":"BE056"},{"day":5,"utc":"17:47:00","flight":"BE020"},{"day":6,"utc":"22:34:00","flight":"BE355"},{"day":6,"utc":"03:23:00","flight":"BE059"}],"distance":216.7679886978958}