{"id":30391,"type":"route","airline":"GS","airlineid":"airline_690","sourceairport":"SYX","destinationairport":"CGO","stops":0,"equipment":"321","schedule":[{"day":0,"utc":"19:37:00","flight":"GS874"},{"day":0,"utc":"03:36:00","flight":"GS645"},{"day":0,"utc":"23:23:00","flight":"GS631"},{"day":0,"utc":"23:28:00","flight":"GS110"},{"day":1,"utc":"15:33:00","flight":"GS294"},{"day":1,"utc":"16:19:00","flight":"GS164"},{"day":1,"utc":"18:54:00","flight":"GS329"},{"day":2,"utc":"16:38:00","flight":"GS708"},{"day":2,"utc":"07:00:00","flight":"GS355"},{"day":2,"utc":"00:41:00","flight":"GS990"},{"day":3,"utc":"12:11:00","flight":"GS868"},{"day":4,"utc":"22:29:00","flight":"GS603"},{"day":4,"utc":"13:50:00","flight":"GS498"},{"day":4,"utc":"16:10:00","flight":"GS647"},{"day":4,"utc":"23:01:00","flight":"GS413"},{"day":4,"utc":"21:31:00","flight":"GS880"},{"day":5,"utc":"04:58:00","flight":"GS592"},{"day":6,"utc":"17:33:00","flight":"GS991"},{"day":6,"utc":"11:57:00","flight":"GS015"},{"day":6,"utc":"08:42:00","flight":"GS033"}]}