{"id":6753,"type":"route","airline":"AA","airlineid":"airline_24","sourceairport":"SEA","destinationairport":"MCI","stops":0,"equipment":"737","schedule":[{"day":0,"utc":"21:12:00","flight":"AA322"},{"day":0,"utc":"06:19:00","flight":"AA982"},{"day":1,"utc":"13:32:00","flight":"AA986"},{"day":2,"utc":"00:58:00","flight":"AA288"},{"day":2,"utc":"19:50:00","flight":"AA753"},{"day":2,"utc":"08:42:00","flight":"AA913"},{"day":3,"utc":"03:45:00","flight":"AA192"},{"day":4,"utc":"10:57:00","flight":"AA918"},{"day":4,"utc":"15:05:00","flight":"AA400"},{"day":5,"utc":"21:50:00","flight":"AA193"},{"day":6,"utc":"13:09:00","flight":"AA283"},{"day":6,"utc":"13:34:00","flight":"AA917"}]}