{"id":6063,"type":"route","airline":"AA","airlineid":"airline_24","sourceairport":"MIA","destinationairport":"LRM","stops":0,"equipment":"ER4","schedule":[{"day":0,"utc":"20:32:00","flight":"AA025"},{"day":1,"utc":"12:48:00","flight":"AA738"},{"day":1,"utc":"12:34:00","flight":"AA408"},{"day":1,"utc":"11:02:00","flight":"AA782"},{"day":2,"utc":"00:29:00","flight":"AA151"},{"day":2,"utc":"05:26:00","flight":"AA844"},{"day":2,"utc":"11:56:00","flight":"AA482"},{"day":3,"utc":"09:56:00","flight":"AA798"},{"day":3,"utc":"20:04:00","flight":"AA442"},{"day":4,"utc":"13:34:00","flight":"AA783"},{"day":4,"utc":"23:11:00","flight":"AA925"},{"day":4,"utc":"19:08:00","flight":"AA528"},{"day":4,"utc":"12:26:00","flight":"AA119"},{"day":4,"utc":"12:53:00","flight":"AA065"},{"day":5,"utc":"23:46:00","flight":"AA115"},{"day":5,"utc":"12:14:00","flight":"AA233"},{"day":5,"utc":"15:24:00","flight":"AA782"},{"day":6,"utc":"22:09:00","flight":"AA402"},{"day":6,"utc":"13:03:00","flight":"AA264"},{"day":6,"utc":"12:59:00","flight":"AA594"},{"day":6,"utc":"06:21:00","flight":"AA954"}],"distance":1427.2304396588563}