{"id":10943,"type":"route","airline":"AM","airlineid":"airline_321","sourceairport":"CUN","destinationairport":"SLC","stops":0,"equipment":"320","schedule":[{"day":0,"utc":"15:22:00","flight":"AM627"},{"day":1,"utc":"03:56:00","flight":"AM287"},{"day":1,"utc":"02:23:00","flight":"AM094"},{"day":2,"utc":"04:49:00","flight":"AM744"},{"day":2,"utc":"04:21:00","flight":"AM404"},{"day":2,"utc":"16:30:00","flight":"AM707"},{"day":3,"utc":"06:34:00","flight":"AM730"},{"day":4,"utc":"22:24:00","flight":"AM332"},{"day":5,"utc":"06:40:00","flight":"AM471"},{"day":6,"utc":"16:10:00","flight":"AM955"}],"distance":3227.1437758242896}