{"id":27239,"type":"route","airline":"FR","airlineid":"airline_4296","sourceairport":"MAD","destinationairport":"MRS","stops":0,"equipment":"738","schedule":[{"day":0,"utc":"11:15:00","flight":"FR864"},{"day":0,"utc":"04:19:00","flight":"FR234"},{"day":1,"utc":"10:09:00","flight":"FR012"},{"day":1,"utc":"16:42:00","flight":"FR691"},{"day":1,"utc":"03:26:00","flight":"FR003"},{"day":1,"utc":"13:19:00","flight":"FR850"},{"day":2,"utc":"23:30:00","flight":"FR073"},{"day":3,"utc":"19:29:00","flight":"FR447"},{"day":3,"utc":"12:22:00","flight":"FR582"},{"day":3,"utc":"20:48:00","flight":"FR717"},{"day":4,"utc":"04:28:00","flight":"FR922"},{"day":4,"utc":"23:53:00","flight":"FR462"},{"day":5,"utc":"02:37:00","flight":"FR860"},{"day":5,"utc":"15:41:00","flight":"FR992"},{"day":5,"utc":"21:39:00","flight":"FR096"},{"day":5,"utc":"02:01:00","flight":"FR311"},{"day":6,"utc":"02:36:00","flight":"FR215"},{"day":6,"utc":"19:58:00","flight":"FR274"}]}