{"id":6056,"type":"route","airline":"AA","airlineid":"airline_24","sourceairport":"MIA","destinationairport":"LAS","stops":0,"equipment":"738 757","schedule":[{"day":0,"utc":"16:04:00","flight":"AA082"},{"day":0,"utc":"14:33:00","flight":"AA096"},{"day":0,"utc":"08:06:00","flight":"AA269"},{"day":0,"utc":"11:15:00","flight":"AA691"},{"day":1,"utc":"09:17:00","flight":"AA849"},{"day":1,"utc":"03:37:00","flight":"AA030"},{"day":1,"utc":"14:08:00","flight":"AA180"},{"day":1,"utc":"16:57:00","flight":"AA775"},{"day":2,"utc":"13:34:00","flight":"AA462"},{"day":2,"utc":"15:17:00","flight":"AA396"},{"day":2,"utc":"04:39:00","flight":"AA350"},{"day":2,"utc":"04:02:00","flight":"AA581"},{"day":2,"utc":"22:55:00","flight":"AA907"},{"day":3,"utc":"11:36:00","flight":"AA749"},{"day":3,"utc":"23:16:00","flight":"AA758"},{"day":3,"utc":"10:54:00","flight":"AA001"},{"day":4,"utc":"13:02:00","flight":"AA156"},{"day":5,"utc":"08:01:00","flight":"AA457"},{"day":5,"utc":"03:06:00","flight":"AA013"},{"day":5,"utc":"10:20:00","flight":"AA834"},{"day":6,"utc":"00:07:00","flight":"AA249"},{"day":6,"utc":"17:24:00","flight":"AA508"},{"day":6,"utc":"00:07:00","flight":"AA122"},{"day":6,"utc":"05:19:00","flight":"AA197"},{"day":6,"utc":"16:29:00","flight":"AA466"}],"distance":3494.1768518718336}