{"id":53092,"type":"route","airline":"TO","airlineid":"airline_8745","sourceairport":"DLM","destinationairport":"LTN","stops":0,"equipment":"75W 73H","schedule":[{"day":0,"utc":"22:22:00","flight":"TO596"},{"day":0,"utc":"12:03:00","flight":"TO236"},{"day":0,"utc":"02:21:00","flight":"TO654"},{"day":0,"utc":"04:50:00","flight":"TO061"},{"day":1,"utc":"15:45:00","flight":"TO226"},{"day":1,"utc":"10:06:00","flight":"TO751"},{"day":1,"utc":"14:20:00","flight":"TO415"},{"day":2,"utc":"22:12:00","flight":"TO477"},{"day":2,"utc":"23:52:00","flight":"TO338"},{"day":2,"utc":"21:41:00","flight":"TO731"},{"day":2,"utc":"04:02:00","flight":"TO983"},{"day":2,"utc":"12:09:00","flight":"TO437"},{"day":3,"utc":"07:35:00","flight":"TO566"},{"day":3,"utc":"12:11:00","flight":"TO254"},{"day":3,"utc":"14:28:00","flight":"TO656"},{"day":3,"utc":"03:33:00","flight":"TO168"},{"day":4,"utc":"14:33:00","flight":"TO510"},{"day":4,"utc":"16:44:00","flight":"TO848"},{"day":4,"utc":"02:13:00","flight":"TO140"},{"day":5,"utc":"05:44:00","flight":"TO392"},{"day":6,"utc":"12:01:00","flight":"TO039"},{"day":6,"utc":"04:16:00","flight":"TO328"}]}