{"id":59285,"type":"route","airline":"US","airlineid":"airline_5265","sourceairport":"FWA","destinationairport":"DFW","stops":0,"equipment":"ER4","schedule":[{"day":0,"utc":"12:59:00","flight":"US768"},{"day":0,"utc":"19:25:00","flight":"US624"},{"day":0,"utc":"19:25:00","flight":"US165"},{"day":0,"utc":"23:27:00","flight":"US135"},{"day":0,"utc":"01:51:00","flight":"US340"},{"day":1,"utc":"20:51:00","flight":"US322"},{"day":1,"utc":"15:33:00","flight":"US255"},{"day":1,"utc":"07:09:00","flight":"US228"},{"day":1,"utc":"07:06:00","flight":"US213"},{"day":1,"utc":"04:32:00","flight":"US693"},{"day":2,"utc":"21:51:00","flight":"US487"},{"day":2,"utc":"20:34:00","flight":"US650"},{"day":3,"utc":"18:40:00","flight":"US427"},{"day":3,"utc":"16:58:00","flight":"US429"},{"day":3,"utc":"10:07:00","flight":"US556"},{"day":3,"utc":"02:16:00","flight":"US583"},{"day":3,"utc":"08:17:00","flight":"US602"},{"day":4,"utc":"17:51:00","flight":"US215"},{"day":4,"utc":"21:03:00","flight":"US544"},{"day":4,"utc":"15:15:00","flight":"US530"},{"day":4,"utc":"21:27:00","flight":"US188"},{"day":4,"utc":"02:32:00","flight":"US950"},{"day":5,"utc":"02:57:00","flight":"US244"},{"day":5,"utc":"00:23:00","flight":"US588"},{"day":6,"utc":"00:30:00","flight":"US475"},{"day":6,"utc":"18:55:00","flight":"US940"},{"day":6,"utc":"14:48:00","flight":"US437"}]}