{"id":38491,"type":"route","airline":"LH","airlineid":"airline_3320","sourceairport":"LHR","destinationairport":"EWR","stops":0,"equipment":"763 777 752","schedule":[{"day":0,"utc":"08:34:00","flight":"LH625"},{"day":0,"utc":"06:05:00","flight":"LH937"},{"day":1,"utc":"00:05:00","flight":"LH868"},{"day":2,"utc":"22:26:00","flight":"LH279"},{"day":2,"utc":"20:36:00","flight":"LH772"},{"day":3,"utc":"01:04:00","flight":"LH442"},{"day":3,"utc":"18:29:00","flight":"LH194"},{"day":3,"utc":"09:01:00","flight":"LH045"},{"day":4,"utc":"16:07:00","flight":"LH353"},{"day":5,"utc":"07:53:00","flight":"LH714"},{"day":6,"utc":"22:38:00","flight":"LH797"},{"day":6,"utc":"02:04:00","flight":"LH040"},{"day":6,"utc":"11:08:00","flight":"LH759"},{"day":6,"utc":"07:11:00","flight":"LH780"},{"day":6,"utc":"05:38:00","flight":"LH513"}],"distance":5561.441710839747}