{"id":11697,"type":"route","airline":"AS","airlineid":"airline_439","sourceairport":"LAX","destinationairport":"ATL","stops":0,"equipment":"763 757 73H 76W","schedule":[{"day":0,"utc":"03:10:00","flight":"AS958"},{"day":1,"utc":"19:04:00","flight":"AS880"},{"day":1,"utc":"10:45:00","flight":"AS416"},{"day":2,"utc":"05:33:00","flight":"AS027"},{"day":2,"utc":"12:43:00","flight":"AS739"},{"day":2,"utc":"11:17:00","flight":"AS261"},{"day":3,"utc":"22:19:00","flight":"AS951"},{"day":4,"utc":"07:15:00","flight":"AS838"},{"day":4,"utc":"23:43:00","flight":"AS470"},{"day":4,"utc":"15:53:00","flight":"AS101"},{"day":5,"utc":"00:41:00","flight":"AS328"},{"day":5,"utc":"18:22:00","flight":"AS208"},{"day":5,"utc":"01:23:00","flight":"AS477"},{"day":6,"utc":"23:48:00","flight":"AS847"},{"day":6,"utc":"17:08:00","flight":"AS307"},{"day":6,"utc":"16:03:00","flight":"AS111"},{"day":6,"utc":"09:34:00","flight":"AS614"}]}