{"id":13124,"type":"route","airline":"AZ","airlineid":"airline_596","sourceairport":"BWI","destinationairport":"ATL","stops":0,"equipment":"M88 757 M90 717","schedule":[{"day":0,"utc":"19:34:00","flight":"AZ012"},{"day":0,"utc":"20:30:00","flight":"AZ927"},{"day":0,"utc":"16:24:00","flight":"AZ085"},{"day":0,"utc":"15:57:00","flight":"AZ124"},{"day":1,"utc":"18:08:00","flight":"AZ292"},{"day":1,"utc":"23:03:00","flight":"AZ603"},{"day":1,"utc":"14:22:00","flight":"AZ814"},{"day":1,"utc":"22:34:00","flight":"AZ508"},{"day":2,"utc":"07:01:00","flight":"AZ667"},{"day":2,"utc":"13:47:00","flight":"AZ601"},{"day":2,"utc":"02:58:00","flight":"AZ574"},{"day":3,"utc":"18:52:00","flight":"AZ816"},{"day":4,"utc":"01:47:00","flight":"AZ989"},{"day":4,"utc":"14:24:00","flight":"AZ461"},{"day":5,"utc":"12:54:00","flight":"AZ636"},{"day":5,"utc":"13:23:00","flight":"AZ902"},{"day":5,"utc":"02:02:00","flight":"AZ873"},{"day":5,"utc":"11:23:00","flight":"AZ667"},{"day":5,"utc":"15:55:00","flight":"AZ717"},{"day":6,"utc":"06:06:00","flight":"AZ402"},{"day":6,"utc":"01:30:00","flight":"AZ868"},{"day":6,"utc":"18:00:00","flight":"AZ234"}],"distance":927.5218892734717}