{"id":63735,"type":"route","airline":"WN","airlineid":"airline_4547","sourceairport":"DEN","destinationairport":"PDX","stops":0,"equipment":"73W","schedule":[{"day":0,"utc":"03:40:00","flight":"WN303"},{"day":0,"utc":"02:47:00","flight":"WN072"},{"day":0,"utc":"21:20:00","flight":"WN820"},{"day":0,"utc":"13:18:00","flight":"WN105"},{"day":0,"utc":"21:32:00","flight":"WN598"},{"day":1,"utc":"13:39:00","flight":"WN141"},{"day":1,"utc":"05:50:00","flight":"WN480"},{"day":1,"utc":"04:49:00","flight":"WN470"},{"day":1,"utc":"12:40:00","flight":"WN861"},{"day":1,"utc":"20:19:00","flight":"WN650"},{"day":2,"utc":"13:38:00","flight":"WN810"},{"day":2,"utc":"06:41:00","flight":"WN963"},{"day":2,"utc":"13:48:00","flight":"WN828"},{"day":2,"utc":"23:03:00","flight":"WN033"},{"day":2,"utc":"03:11:00","flight":"WN749"},{"day":3,"utc":"11:21:00","flight":"WN758"},{"day":3,"utc":"00:51:00","flight":"WN941"},{"day":3,"utc":"21:37:00","flight":"WN287"},{"day":3,"utc":"06:03:00","flight":"WN790"},{"day":3,"utc":"18:10:00","flight":"WN900"},{"day":4,"utc":"10:28:00","flight":"WN504"},{"day":4,"utc":"22:55:00","flight":"WN645"},{"day":4,"utc":"12:49:00","flight":"WN822"},{"day":5,"utc":"18:03:00","flight":"WN540"},{"day":5,"utc":"17:26:00","flight":"WN735"},{"day":6,"utc":"13:51:00","flight":"WN914"}],"distance":1592.127425300957}