{"id":25079,"type":"route","airline":"FL","airlineid":"airline_1316","sourceairport":"FLL","destinationairport":"ATL","stops":0,"equipment":"717","schedule":[{"day":0,"utc":"00:05:00","flight":"FL744"},{"day":1,"utc":"16:09:00","flight":"FL940"},{"day":1,"utc":"07:48:00","flight":"FL502"},{"day":1,"utc":"03:15:00","flight":"FL413"},{"day":1,"utc":"07:47:00","flight":"FL899"},{"day":2,"utc":"19:25:00","flight":"FL290"},{"day":3,"utc":"02:05:00","flight":"FL151"},{"day":3,"utc":"23:01:00","flight":"FL807"},{"day":3,"utc":"09:05:00","flight":"FL817"},{"day":3,"utc":"22:22:00","flight":"FL977"},{"day":4,"utc":"04:46:00","flight":"FL251"},{"day":4,"utc":"21:54:00","flight":"FL339"},{"day":5,"utc":"13:14:00","flight":"FL231"},{"day":6,"utc":"09:31:00","flight":"FL595"},{"day":6,"utc":"19:48:00","flight":"FL680"},{"day":6,"utc":"15:18:00","flight":"FL276"}]}