{"id":63715,"type":"route","airline":"WN","airlineid":"airline_4547","sourceairport":"DEN","destinationairport":"FLL","stops":0,"equipment":"73W","schedule":[{"day":0,"utc":"16:43:00","flight":"WN608"},{"day":0,"utc":"16:04:00","flight":"WN590"},{"day":0,"utc":"19:51:00","flight":"WN763"},{"day":1,"utc":"13:53:00","flight":"WN124"},{"day":1,"utc":"22:16:00","flight":"WN869"},{"day":1,"utc":"18:27:00","flight":"WN197"},{"day":2,"utc":"10:37:00","flight":"WN301"},{"day":2,"utc":"12:42:00","flight":"WN637"},{"day":2,"utc":"19:47:00","flight":"WN113"},{"day":2,"utc":"10:08:00","flight":"WN259"},{"day":3,"utc":"23:43:00","flight":"WN370"},{"day":3,"utc":"04:34:00","flight":"WN095"},{"day":3,"utc":"17:37:00","flight":"WN499"},{"day":3,"utc":"19:39:00","flight":"WN649"},{"day":4,"utc":"15:12:00","flight":"WN159"},{"day":4,"utc":"18:18:00","flight":"WN123"},{"day":4,"utc":"22:33:00","flight":"WN012"},{"day":5,"utc":"16:46:00","flight":"WN219"},{"day":5,"utc":"23:40:00","flight":"WN649"},{"day":6,"utc":"18:40:00","flight":"WN730"},{"day":6,"utc":"04:28:00","flight":"WN061"},{"day":6,"utc":"17:59:00","flight":"WN911"},{"day":6,"utc":"10:20:00","flight":"WN149"},{"day":6,"utc":"01:45:00","flight":"WN536"}]}