{"id":37868,"type":"route","airline":"LG","airlineid":"airline_3329","sourceairport":"CLY","destinationairport":"LUX","stops":0,"equipment":"DH4","schedule":[{"day":0,"utc":"12:59:00","flight":"LG766"},{"day":0,"utc":"19:07:00","flight":"LG568"},{"day":0,"utc":"15:54:00","flight":"LG149"},{"day":0,"utc":"14:18:00","flight":"LG350"},{"day":1,"utc":"13:21:00","flight":"LG680"},{"day":2,"utc":"16:41:00","flight":"LG819"},{"day":2,"utc":"20:46:00","flight":"LG256"},{"day":2,"utc":"15:00:00","flight":"LG964"},{"day":3,"utc":"20:20:00","flight":"LG793"},{"day":3,"utc":"02:18:00","flight":"LG727"},{"day":3,"utc":"12:28:00","flight":"LG072"},{"day":4,"utc":"05:17:00","flight":"LG021"},{"day":4,"utc":"23:16:00","flight":"LG192"},{"day":4,"utc":"10:38:00","flight":"LG471"},{"day":4,"utc":"22:42:00","flight":"LG931"},{"day":5,"utc":"16:02:00","flight":"LG716"},{"day":5,"utc":"07:50:00","flight":"LG210"},{"day":5,"utc":"09:23:00","flight":"LG432"},{"day":5,"utc":"15:24:00","flight":"LG070"},{"day":5,"utc":"18:58:00","flight":"LG990"},{"day":6,"utc":"12:29:00","flight":"LG333"}]}