{"id":64537,"type":"route","airline":"WN","airlineid":"airline_4547","sourceairport":"TPA","destinationairport":"MEM","stops":0,"equipment":"73C 73W","schedule":[{"day":0,"utc":"19:05:00","flight":"WN367"},{"day":1,"utc":"22:16:00","flight":"WN316"},{"day":1,"utc":"11:47:00","flight":"WN081"},{"day":2,"utc":"07:10:00","flight":"WN733"},{"day":2,"utc":"15:08:00","flight":"WN903"},{"day":2,"utc":"03:08:00","flight":"WN459"},{"day":2,"utc":"01:39:00","flight":"WN106"},{"day":2,"utc":"17:07:00","flight":"WN813"},{"day":3,"utc":"11:18:00","flight":"WN334"},{"day":3,"utc":"14:44:00","flight":"WN235"},{"day":3,"utc":"11:30:00","flight":"WN609"},{"day":3,"utc":"02:08:00","flight":"WN019"},{"day":4,"utc":"00:29:00","flight":"WN771"},{"day":5,"utc":"16:33:00","flight":"WN963"},{"day":5,"utc":"18:57:00","flight":"WN712"},{"day":5,"utc":"21:53:00","flight":"WN610"},{"day":6,"utc":"20:11:00","flight":"WN642"},{"day":6,"utc":"05:55:00","flight":"WN705"},{"day":6,"utc":"18:01:00","flight":"WN493"},{"day":6,"utc":"05:32:00","flight":"WN542"}]}