{"id":57251,"type":"route","airline":"UA","airlineid":"airline_5209","sourceairport":"ONT","destinationairport":"SFO","stops":0,"equipment":"CRJ","schedule":[{"day":0,"utc":"06:01:00","flight":"UA351"},{"day":0,"utc":"23:21:00","flight":"UA089"},{"day":0,"utc":"23:54:00","flight":"UA319"},{"day":1,"utc":"21:23:00","flight":"UA563"},{"day":1,"utc":"11:40:00","flight":"UA132"},{"day":1,"utc":"02:40:00","flight":"UA811"},{"day":1,"utc":"02:10:00","flight":"UA885"},{"day":1,"utc":"07:54:00","flight":"UA206"},{"day":2,"utc":"11:15:00","flight":"UA175"},{"day":2,"utc":"05:50:00","flight":"UA527"},{"day":2,"utc":"09:12:00","flight":"UA957"},{"day":2,"utc":"21:13:00","flight":"UA341"},{"day":2,"utc":"01:14:00","flight":"UA507"},{"day":3,"utc":"02:56:00","flight":"UA633"},{"day":3,"utc":"18:36:00","flight":"UA630"},{"day":3,"utc":"15:30:00","flight":"UA785"},{"day":3,"utc":"21:34:00","flight":"UA950"},{"day":4,"utc":"10:27:00","flight":"UA653"},{"day":5,"utc":"23:06:00","flight":"UA941"},{"day":5,"utc":"18:24:00","flight":"UA923"},{"day":5,"utc":"06:05:00","flight":"UA518"},{"day":5,"utc":"20:00:00","flight":"UA727"},{"day":5,"utc":"17:39:00","flight":"UA328"},{"day":6,"utc":"16:21:00","flight":"UA321"},{"day":6,"utc":"18:13:00","flight":"UA256"}],"distance":584.7614181722305}