{"id":56052,"type":"route","airline":"UA","airlineid":"airline_5209","sourceairport":"CUN","destinationairport":"SFO","stops":0,"equipment":"739","schedule":[{"day":0,"utc":"03:45:00","flight":"UA490"},{"day":0,"utc":"06:58:00","flight":"UA758"},{"day":0,"utc":"11:29:00","flight":"UA837"},{"day":1,"utc":"15:51:00","flight":"UA157"},{"day":1,"utc":"08:11:00","flight":"UA843"},{"day":1,"utc":"09:37:00","flight":"UA828"},{"day":1,"utc":"23:41:00","flight":"UA713"},{"day":1,"utc":"10:22:00","flight":"UA950"},{"day":2,"utc":"09:23:00","flight":"UA042"},{"day":3,"utc":"15:16:00","flight":"UA610"},{"day":4,"utc":"21:08:00","flight":"UA810"},{"day":4,"utc":"11:26:00","flight":"UA351"},{"day":5,"utc":"17:11:00","flight":"UA318"},{"day":5,"utc":"00:32:00","flight":"UA669"},{"day":6,"utc":"04:22:00","flight":"UA264"},{"day":6,"utc":"14:02:00","flight":"UA254"},{"day":6,"utc":"16:33:00","flight":"UA532"}],"distance":3871.2176376424773}