{"id":55902,"type":"route","airline":"UA","airlineid":"airline_5209","sourceairport":"BRU","destinationairport":"DLA","stops":0,"equipment":"332 333","schedule":[{"day":0,"utc":"16:22:00","flight":"UA455"},{"day":0,"utc":"10:06:00","flight":"UA852"},{"day":1,"utc":"14:44:00","flight":"UA277"},{"day":1,"utc":"06:19:00","flight":"UA033"},{"day":1,"utc":"07:27:00","flight":"UA625"},{"day":2,"utc":"08:30:00","flight":"UA441"},{"day":3,"utc":"10:48:00","flight":"UA874"},{"day":3,"utc":"07:31:00","flight":"UA051"},{"day":4,"utc":"04:25:00","flight":"UA337"},{"day":5,"utc":"15:53:00","flight":"UA938"},{"day":5,"utc":"04:23:00","flight":"UA352"},{"day":5,"utc":"03:36:00","flight":"UA238"},{"day":5,"utc":"06:46:00","flight":"UA783"},{"day":6,"utc":"08:40:00","flight":"UA653"},{"day":6,"utc":"21:13:00","flight":"UA550"},{"day":6,"utc":"20:14:00","flight":"UA871"}]}