{"id":32541,"type":"route","airline":"IB","airlineid":"airline_2822","sourceairport":"JFK","destinationairport":"LHR","stops":0,"equipment":"744 77W 777","schedule":[{"day":0,"utc":"18:59:00","flight":"IB482"},{"day":1,"utc":"23:54:00","flight":"IB183"},{"day":1,"utc":"13:46:00","flight":"IB812"},{"day":1,"utc":"01:10:00","flight":"IB566"},{"day":2,"utc":"02:50:00","flight":"IB883"},{"day":3,"utc":"20:22:00","flight":"IB747"},{"day":3,"utc":"11:53:00","flight":"IB595"},{"day":3,"utc":"04:09:00","flight":"IB733"},{"day":4,"utc":"04:02:00","flight":"IB905"},{"day":5,"utc":"01:50:00","flight":"IB300"},{"day":5,"utc":"04:16:00","flight":"IB432"},{"day":6,"utc":"08:04:00","flight":"IB170"},{"day":6,"utc":"23:23:00","flight":"IB829"},{"day":6,"utc":"07:07:00","flight":"IB440"}],"distance":5539.449296280836}