{"id":21044,"type":"route","airline":"DL","airlineid":"airline_2009","sourceairport":"LAX","destinationairport":"CAN","stops":0,"equipment":"380","schedule":[{"day":0,"utc":"04:47:00","flight":"DL801"},{"day":0,"utc":"19:13:00","flight":"DL348"},{"day":0,"utc":"06:26:00","flight":"DL865"},{"day":0,"utc":"16:59:00","flight":"DL203"},{"day":1,"utc":"10:10:00","flight":"DL014"},{"day":1,"utc":"03:38:00","flight":"DL095"},{"day":1,"utc":"15:56:00","flight":"DL156"},{"day":2,"utc":"01:46:00","flight":"DL693"},{"day":2,"utc":"19:07:00","flight":"DL213"},{"day":3,"utc":"08:18:00","flight":"DL698"},{"day":3,"utc":"09:09:00","flight":"DL326"},{"day":4,"utc":"18:42:00","flight":"DL179"},{"day":4,"utc":"23:20:00","flight":"DL272"},{"day":4,"utc":"01:42:00","flight":"DL444"},{"day":4,"utc":"02:39:00","flight":"DL953"},{"day":5,"utc":"04:54:00","flight":"DL318"},{"day":5,"utc":"01:28:00","flight":"DL598"},{"day":5,"utc":"05:54:00","flight":"DL464"},{"day":6,"utc":"03:56:00","flight":"DL325"},{"day":6,"utc":"03:49:00","flight":"DL070"},{"day":6,"utc":"00:02:00","flight":"DL832"},{"day":6,"utc":"02:22:00","flight":"DL179"},{"day":6,"utc":"10:32:00","flight":"DL243"}],"distance":11618.360537939538}