{"id":29139,"type":"route","airline":"G4","airlineid":"airline_35","sourceairport":"PSP","destinationairport":"BLI","stops":0,"equipment":"M80","schedule":[{"day":0,"utc":"20:29:00","flight":"G4576"},{"day":0,"utc":"07:22:00","flight":"G4355"},{"day":1,"utc":"11:18:00","flight":"G4461"},{"day":2,"utc":"00:16:00","flight":"G4043"},{"day":2,"utc":"19:53:00","flight":"G4182"},{"day":2,"utc":"15:22:00","flight":"G4989"},{"day":2,"utc":"21:49:00","flight":"G4633"},{"day":2,"utc":"06:38:00","flight":"G4045"},{"day":3,"utc":"02:47:00","flight":"G4986"},{"day":3,"utc":"17:23:00","flight":"G4964"},{"day":3,"utc":"17:53:00","flight":"G4385"},{"day":3,"utc":"20:38:00","flight":"G4175"},{"day":4,"utc":"01:43:00","flight":"G4812"},{"day":4,"utc":"10:01:00","flight":"G4118"},{"day":5,"utc":"22:55:00","flight":"G4541"},{"day":5,"utc":"09:31:00","flight":"G4551"},{"day":6,"utc":"06:23:00","flight":"G4718"},{"day":6,"utc":"19:45:00","flight":"G4829"},{"day":6,"utc":"13:27:00","flight":"G4972"}],"distance":1736.977266519726}