{"id":47489,"type":"route","airline":"QR","airlineid":"airline_4091","sourceairport":"JFK","destinationairport":"LAS","stops":0,"equipment":"738","schedule":[{"day":0,"utc":"06:31:00","flight":"QR082"},{"day":0,"utc":"15:14:00","flight":"QR486"},{"day":0,"utc":"23:02:00","flight":"QR971"},{"day":0,"utc":"15:26:00","flight":"QR933"},{"day":0,"utc":"09:31:00","flight":"QR510"},{"day":1,"utc":"13:30:00","flight":"QR625"},{"day":2,"utc":"16:43:00","flight":"QR836"},{"day":2,"utc":"05:05:00","flight":"QR680"},{"day":2,"utc":"11:49:00","flight":"QR089"},{"day":2,"utc":"12:16:00","flight":"QR052"},{"day":3,"utc":"00:27:00","flight":"QR699"},{"day":3,"utc":"03:42:00","flight":"QR012"},{"day":3,"utc":"16:45:00","flight":"QR740"},{"day":3,"utc":"11:33:00","flight":"QR859"},{"day":3,"utc":"09:32:00","flight":"QR576"},{"day":4,"utc":"05:47:00","flight":"QR206"},{"day":4,"utc":"14:03:00","flight":"QR508"},{"day":4,"utc":"22:04:00","flight":"QR330"},{"day":4,"utc":"05:46:00","flight":"QR810"},{"day":4,"utc":"23:43:00","flight":"QR408"},{"day":5,"utc":"19:51:00","flight":"QR875"},{"day":5,"utc":"19:37:00","flight":"QR528"},{"day":5,"utc":"16:59:00","flight":"QR881"},{"day":5,"utc":"17:55:00","flight":"QR109"},{"day":6,"utc":"23:43:00","flight":"QR311"},{"day":6,"utc":"14:47:00","flight":"QR016"},{"day":6,"utc":"04:46:00","flight":"QR694"},{"day":6,"utc":"06:15:00","flight":"QR548"}],"distance":3609.3037174564793}