{"id":9295,"type":"route","airline":"AF","airlineid":"airline_137","sourceairport":"CDG","destinationairport":"CKY","stops":0,"equipment":"332","schedule":[{"day":0,"utc":"06:17:00","flight":"AF599"},{"day":0,"utc":"07:31:00","flight":"AF437"},{"day":1,"utc":"23:38:00","flight":"AF311"},{"day":1,"utc":"04:33:00","flight":"AF827"},{"day":1,"utc":"20:29:00","flight":"AF906"},{"day":1,"utc":"06:13:00","flight":"AF750"},{"day":2,"utc":"02:50:00","flight":"AF781"},{"day":2,"utc":"06:08:00","flight":"AF311"},{"day":2,"utc":"05:51:00","flight":"AF421"},{"day":3,"utc":"08:12:00","flight":"AF465"},{"day":3,"utc":"23:08:00","flight":"AF950"},{"day":4,"utc":"14:19:00","flight":"AF012"},{"day":5,"utc":"03:03:00","flight":"AF758"},{"day":5,"utc":"15:29:00","flight":"AF826"},{"day":5,"utc":"08:13:00","flight":"AF618"},{"day":5,"utc":"14:07:00","flight":"AF381"},{"day":6,"utc":"20:07:00","flight":"AF480"},{"day":6,"utc":"00:57:00","flight":"AF955"},{"day":6,"utc":"17:10:00","flight":"AF220"}],"distance":4635.513773843357}