{"id":46652,"type":"route","airline":"Q7","airlineid":"airline_N","sourceairport":"MHH","destinationairport":"FLL","stops":0,"equipment":"SF3","schedule":[{"day":0,"utc":"05:40:00","flight":"Q7071"},{"day":0,"utc":"16:15:00","flight":"Q7311"},{"day":0,"utc":"22:43:00","flight":"Q7136"},{"day":1,"utc":"08:46:00","flight":"Q7386"},{"day":1,"utc":"08:04:00","flight":"Q7117"},{"day":1,"utc":"12:27:00","flight":"Q7811"},{"day":1,"utc":"14:32:00","flight":"Q7198"},{"day":2,"utc":"06:31:00","flight":"Q7117"},{"day":2,"utc":"12:12:00","flight":"Q7516"},{"day":2,"utc":"08:29:00","flight":"Q7571"},{"day":3,"utc":"17:04:00","flight":"Q7681"},{"day":3,"utc":"01:41:00","flight":"Q7068"},{"day":3,"utc":"10:51:00","flight":"Q7918"},{"day":3,"utc":"17:46:00","flight":"Q7120"},{"day":3,"utc":"01:52:00","flight":"Q7043"},{"day":4,"utc":"22:02:00","flight":"Q7409"},{"day":4,"utc":"20:01:00","flight":"Q7571"},{"day":4,"utc":"20:07:00","flight":"Q7981"},{"day":5,"utc":"22:49:00","flight":"Q7108"},{"day":5,"utc":"09:23:00","flight":"Q7381"},{"day":5,"utc":"22:08:00","flight":"Q7009"},{"day":6,"utc":"03:49:00","flight":"Q7151"},{"day":6,"utc":"20:15:00","flight":"Q7150"},{"day":6,"utc":"16:30:00","flight":"Q7157"},{"day":6,"utc":"16:32:00","flight":"Q7930"}]}