{"id":56927,"type":"route","airline":"UA","airlineid":"airline_5209","sourceairport":"KIX","destinationairport":"SFO","stops":0,"equipment":"777 788","schedule":[{"day":0,"utc":"22:28:00","flight":"UA054"},{"day":0,"utc":"19:37:00","flight":"UA105"},{"day":0,"utc":"17:58:00","flight":"UA354"},{"day":0,"utc":"16:09:00","flight":"UA767"},{"day":1,"utc":"11:48:00","flight":"UA272"},{"day":1,"utc":"18:24:00","flight":"UA383"},{"day":2,"utc":"19:41:00","flight":"UA439"},{"day":3,"utc":"07:21:00","flight":"UA936"},{"day":3,"utc":"02:20:00","flight":"UA013"},{"day":4,"utc":"12:39:00","flight":"UA686"},{"day":4,"utc":"08:15:00","flight":"UA945"},{"day":4,"utc":"12:14:00","flight":"UA895"},{"day":5,"utc":"14:29:00","flight":"UA884"},{"day":5,"utc":"15:08:00","flight":"UA199"},{"day":5,"utc":"07:36:00","flight":"UA537"},{"day":6,"utc":"06:13:00","flight":"UA418"},{"day":6,"utc":"01:47:00","flight":"UA379"},{"day":6,"utc":"08:58:00","flight":"UA235"},{"day":6,"utc":"18:27:00","flight":"UA280"}],"distance":8691.558791714975}