{"id":54316,"type":"route","airline":"TX","airlineid":"airline_567","sourceairport":"ORY","destinationairport":"SXM","stops":0,"equipment":"332","schedule":[{"day":0,"utc":"05:15:00","flight":"TX445"},{"day":0,"utc":"22:11:00","flight":"TX046"},{"day":1,"utc":"21:12:00","flight":"TX926"},{"day":1,"utc":"21:16:00","flight":"TX764"},{"day":1,"utc":"12:31:00","flight":"TX918"},{"day":2,"utc":"03:25:00","flight":"TX571"},{"day":2,"utc":"15:27:00","flight":"TX005"},{"day":2,"utc":"01:15:00","flight":"TX123"},{"day":2,"utc":"16:51:00","flight":"TX380"},{"day":2,"utc":"14:30:00","flight":"TX584"},{"day":3,"utc":"08:53:00","flight":"TX336"},{"day":3,"utc":"03:18:00","flight":"TX322"},{"day":4,"utc":"22:52:00","flight":"TX506"},{"day":4,"utc":"19:35:00","flight":"TX613"},{"day":4,"utc":"17:36:00","flight":"TX354"},{"day":4,"utc":"02:08:00","flight":"TX026"},{"day":5,"utc":"08:37:00","flight":"TX534"},{"day":5,"utc":"08:40:00","flight":"TX448"},{"day":5,"utc":"22:54:00","flight":"TX468"},{"day":6,"utc":"20:29:00","flight":"TX814"},{"day":6,"utc":"16:35:00","flight":"TX261"},{"day":6,"utc":"12:57:00","flight":"TX625"}],"distance":6721.7491813165725}