{"id":54027,"type":"route","airline":"TS","airlineid":"airline_1317","sourceairport":"YYC","destinationairport":"LGW","stops":0,"equipment":"330","schedule":[{"day":0,"utc":"09:47:00","flight":"TS531"},{"day":0,"utc":"22:49:00","flight":"TS759"},{"day":0,"utc":"11:43:00","flight":"TS944"},{"day":0,"utc":"03:31:00","flight":"TS512"},{"day":1,"utc":"11:58:00","flight":"TS594"},{"day":1,"utc":"20:26:00","flight":"TS041"},{"day":1,"utc":"09:45:00","flight":"TS233"},{"day":1,"utc":"06:06:00","flight":"TS147"},{"day":2,"utc":"03:50:00","flight":"TS353"},{"day":2,"utc":"21:44:00","flight":"TS722"},{"day":2,"utc":"15:11:00","flight":"TS796"},{"day":2,"utc":"15:23:00","flight":"TS992"},{"day":2,"utc":"08:20:00","flight":"TS668"},{"day":3,"utc":"00:29:00","flight":"TS952"},{"day":3,"utc":"05:37:00","flight":"TS397"},{"day":3,"utc":"06:41:00","flight":"TS211"},{"day":3,"utc":"21:55:00","flight":"TS466"},{"day":4,"utc":"22:34:00","flight":"TS353"},{"day":4,"utc":"21:29:00","flight":"TS788"},{"day":5,"utc":"07:04:00","flight":"TS653"},{"day":5,"utc":"18:59:00","flight":"TS567"},{"day":6,"utc":"18:05:00","flight":"TS947"},{"day":6,"utc":"16:54:00","flight":"TS964"},{"day":6,"utc":"00:14:00","flight":"TS535"},{"day":6,"utc":"10:08:00","flight":"TS121"}],"distance":7054.581063901326}