{"id":6393,"type":"route","airline":"AA","airlineid":"airline_24","sourceairport":"PER","destinationairport":"BNE","stops":0,"equipment":"330 737","schedule":[{"day":0,"utc":"18:21:00","flight":"AA241"},{"day":0,"utc":"19:20:00","flight":"AA360"},{"day":1,"utc":"01:50:00","flight":"AA633"},{"day":1,"utc":"09:52:00","flight":"AA893"},{"day":1,"utc":"01:15:00","flight":"AA138"},{"day":2,"utc":"13:00:00","flight":"AA361"},{"day":3,"utc":"21:42:00","flight":"AA069"},{"day":3,"utc":"12:47:00","flight":"AA553"},{"day":4,"utc":"00:46:00","flight":"AA331"},{"day":4,"utc":"22:44:00","flight":"AA528"},{"day":4,"utc":"08:17:00","flight":"AA947"},{"day":4,"utc":"17:34:00","flight":"AA477"},{"day":4,"utc":"20:47:00","flight":"AA083"},{"day":5,"utc":"16:36:00","flight":"AA674"},{"day":6,"utc":"10:14:00","flight":"AA735"}],"distance":3607.6033890148856}