{"id":4515,"type":"route","airline":"A5","airlineid":"airline_1203","sourceairport":"CFR","destinationairport":"ORY","stops":0,"equipment":"BEH","schedule":[{"day":0,"utc":"12:44:00","flight":"A5146"},{"day":0,"utc":"18:04:00","flight":"A5829"},{"day":0,"utc":"02:00:00","flight":"A5885"},{"day":0,"utc":"00:25:00","flight":"A5869"},{"day":1,"utc":"08:39:00","flight":"A5364"},{"day":1,"utc":"17:35:00","flight":"A5510"},{"day":2,"utc":"19:03:00","flight":"A5490"},{"day":2,"utc":"10:34:00","flight":"A5662"},{"day":2,"utc":"20:11:00","flight":"A5298"},{"day":2,"utc":"06:15:00","flight":"A5598"},{"day":2,"utc":"04:51:00","flight":"A5034"},{"day":3,"utc":"00:55:00","flight":"A5934"},{"day":4,"utc":"19:45:00","flight":"A5575"},{"day":5,"utc":"03:01:00","flight":"A5238"},{"day":6,"utc":"02:47:00","flight":"A5605"},{"day":6,"utc":"00:28:00","flight":"A5860"},{"day":6,"utc":"12:44:00","flight":"A5273"},{"day":6,"utc":"22:47:00","flight":"A5607"}]}