{"id":30640,"type":"route","airline":"HA","airlineid":"airline_2688","sourceairport":"HNL","destinationairport":"PDX","stops":0,"equipment":"332","schedule":[{"day":0,"utc":"20:29:00","flight":"HA766"},{"day":0,"utc":"16:30:00","flight":"HA592"},{"day":0,"utc":"12:23:00","flight":"HA351"},{"day":1,"utc":"03:52:00","flight":"HA073"},{"day":1,"utc":"21:55:00","flight":"HA109"},{"day":1,"utc":"15:06:00","flight":"HA415"},{"day":1,"utc":"09:50:00","flight":"HA793"},{"day":2,"utc":"05:33:00","flight":"HA667"},{"day":2,"utc":"09:52:00","flight":"HA042"},{"day":3,"utc":"01:43:00","flight":"HA840"},{"day":3,"utc":"11:29:00","flight":"HA250"},{"day":3,"utc":"03:00:00","flight":"HA339"},{"day":3,"utc":"12:06:00","flight":"HA569"},{"day":3,"utc":"00:41:00","flight":"HA101"},{"day":4,"utc":"02:49:00","flight":"HA653"},{"day":4,"utc":"11:34:00","flight":"HA199"},{"day":5,"utc":"19:33:00","flight":"HA784"},{"day":5,"utc":"18:17:00","flight":"HA581"},{"day":5,"utc":"12:16:00","flight":"HA566"},{"day":5,"utc":"07:23:00","flight":"HA674"},{"day":5,"utc":"17:20:00","flight":"HA832"},{"day":6,"utc":"14:38:00","flight":"HA484"},{"day":6,"utc":"10:02:00","flight":"HA261"}]}