{"id":63999,"type":"route","airline":"WN","airlineid":"airline_4547","sourceairport":"LGA","destinationairport":"HOU","stops":0,"equipment":"73W","schedule":[{"day":0,"utc":"22:31:00","flight":"WN818"},{"day":1,"utc":"15:44:00","flight":"WN464"},{"day":1,"utc":"00:04:00","flight":"WN175"},{"day":1,"utc":"17:00:00","flight":"WN708"},{"day":1,"utc":"00:01:00","flight":"WN660"},{"day":2,"utc":"21:22:00","flight":"WN144"},{"day":2,"utc":"12:09:00","flight":"WN915"},{"day":3,"utc":"18:31:00","flight":"WN370"},{"day":3,"utc":"09:35:00","flight":"WN401"},{"day":3,"utc":"11:48:00","flight":"WN429"},{"day":3,"utc":"18:38:00","flight":"WN856"},{"day":3,"utc":"06:49:00","flight":"WN629"},{"day":4,"utc":"08:14:00","flight":"WN092"},{"day":4,"utc":"15:11:00","flight":"WN757"},{"day":4,"utc":"00:55:00","flight":"WN088"},{"day":5,"utc":"15:11:00","flight":"WN098"},{"day":5,"utc":"18:48:00","flight":"WN159"},{"day":5,"utc":"06:27:00","flight":"WN870"},{"day":5,"utc":"10:29:00","flight":"WN280"},{"day":6,"utc":"15:47:00","flight":"WN123"},{"day":6,"utc":"16:31:00","flight":"WN702"},{"day":6,"utc":"09:17:00","flight":"WN710"}],"distance":2295.584154641397}