{"id":59904,"type":"route","airline":"US","airlineid":"airline_5265","sourceairport":"ORD","destinationairport":"ELP","stops":0,"equipment":"E75","schedule":[{"day":0,"utc":"09:58:00","flight":"US649"},{"day":0,"utc":"04:08:00","flight":"US484"},{"day":0,"utc":"01:53:00","flight":"US718"},{"day":0,"utc":"17:38:00","flight":"US042"},{"day":0,"utc":"16:54:00","flight":"US666"},{"day":1,"utc":"08:15:00","flight":"US771"},{"day":1,"utc":"19:21:00","flight":"US082"},{"day":2,"utc":"13:51:00","flight":"US205"},{"day":3,"utc":"06:43:00","flight":"US115"},{"day":4,"utc":"09:17:00","flight":"US406"},{"day":4,"utc":"10:56:00","flight":"US461"},{"day":5,"utc":"18:42:00","flight":"US850"},{"day":6,"utc":"00:45:00","flight":"US481"},{"day":6,"utc":"19:50:00","flight":"US106"},{"day":6,"utc":"23:29:00","flight":"US936"}],"distance":1987.5250963461567}