{"id":63980,"type":"route","airline":"WN","airlineid":"airline_4547","sourceairport":"LAX","destinationairport":"MKE","stops":0,"equipment":"73W","schedule":[{"day":0,"utc":"12:25:00","flight":"WN056"},{"day":0,"utc":"07:45:00","flight":"WN579"},{"day":0,"utc":"00:04:00","flight":"WN112"},{"day":1,"utc":"23:25:00","flight":"WN172"},{"day":1,"utc":"20:24:00","flight":"WN907"},{"day":1,"utc":"20:36:00","flight":"WN189"},{"day":1,"utc":"23:07:00","flight":"WN351"},{"day":2,"utc":"12:18:00","flight":"WN942"},{"day":2,"utc":"17:06:00","flight":"WN705"},{"day":3,"utc":"17:22:00","flight":"WN659"},{"day":3,"utc":"11:53:00","flight":"WN917"},{"day":3,"utc":"12:04:00","flight":"WN976"},{"day":3,"utc":"08:30:00","flight":"WN091"},{"day":3,"utc":"20:47:00","flight":"WN903"},{"day":4,"utc":"12:32:00","flight":"WN028"},{"day":4,"utc":"06:34:00","flight":"WN638"},{"day":4,"utc":"21:19:00","flight":"WN036"},{"day":5,"utc":"20:13:00","flight":"WN129"},{"day":5,"utc":"08:39:00","flight":"WN697"},{"day":6,"utc":"08:42:00","flight":"WN042"},{"day":6,"utc":"11:58:00","flight":"WN522"},{"day":6,"utc":"09:47:00","flight":"WN641"}],"distance":2820.5959671466335}