{"id":45885,"type":"route","airline":"PK","airlineid":"airline_3871","sourceairport":"LHR","destinationairport":"KHI","stops":0,"equipment":"777","schedule":[{"day":0,"utc":"02:08:00","flight":"PK044"},{"day":0,"utc":"21:13:00","flight":"PK057"},{"day":0,"utc":"10:19:00","flight":"PK417"},{"day":0,"utc":"10:13:00","flight":"PK952"},{"day":0,"utc":"02:45:00","flight":"PK926"},{"day":1,"utc":"23:10:00","flight":"PK528"},{"day":1,"utc":"16:57:00","flight":"PK872"},{"day":1,"utc":"20:38:00","flight":"PK133"},{"day":1,"utc":"18:59:00","flight":"PK641"},{"day":2,"utc":"08:11:00","flight":"PK466"},{"day":2,"utc":"16:07:00","flight":"PK518"},{"day":2,"utc":"03:55:00","flight":"PK978"},{"day":2,"utc":"13:44:00","flight":"PK982"},{"day":3,"utc":"01:16:00","flight":"PK278"},{"day":3,"utc":"14:08:00","flight":"PK654"},{"day":3,"utc":"12:02:00","flight":"PK462"},{"day":3,"utc":"19:21:00","flight":"PK979"},{"day":4,"utc":"10:18:00","flight":"PK982"},{"day":4,"utc":"09:10:00","flight":"PK615"},{"day":5,"utc":"07:54:00","flight":"PK160"},{"day":6,"utc":"12:03:00","flight":"PK404"},{"day":6,"utc":"01:24:00","flight":"PK355"}]}