{"id":64019,"type":"route","airline":"WN","airlineid":"airline_4547","sourceairport":"MCI","destinationairport":"DCA","stops":0,"equipment":"73W","schedule":[{"day":0,"utc":"19:14:00","flight":"WN806"},{"day":0,"utc":"20:53:00","flight":"WN018"},{"day":0,"utc":"06:04:00","flight":"WN417"},{"day":1,"utc":"01:15:00","flight":"WN011"},{"day":1,"utc":"12:59:00","flight":"WN835"},{"day":1,"utc":"00:08:00","flight":"WN728"},{"day":1,"utc":"16:32:00","flight":"WN051"},{"day":1,"utc":"12:31:00","flight":"WN946"},{"day":2,"utc":"05:14:00","flight":"WN569"},{"day":2,"utc":"00:46:00","flight":"WN219"},{"day":2,"utc":"21:35:00","flight":"WN829"},{"day":2,"utc":"11:31:00","flight":"WN572"},{"day":2,"utc":"05:55:00","flight":"WN047"},{"day":3,"utc":"05:53:00","flight":"WN060"},{"day":3,"utc":"17:04:00","flight":"WN295"},{"day":4,"utc":"11:55:00","flight":"WN877"},{"day":4,"utc":"08:36:00","flight":"WN754"},{"day":4,"utc":"01:24:00","flight":"WN025"},{"day":4,"utc":"00:36:00","flight":"WN524"},{"day":5,"utc":"10:43:00","flight":"WN972"},{"day":5,"utc":"01:51:00","flight":"WN022"},{"day":5,"utc":"04:09:00","flight":"WN749"},{"day":5,"utc":"09:28:00","flight":"WN862"},{"day":5,"utc":"03:38:00","flight":"WN843"},{"day":6,"utc":"14:52:00","flight":"WN608"},{"day":6,"utc":"07:59:00","flight":"WN939"}],"distance":1524.2416090278966}