{"id":22534,"type":"route","airline":"DY","airlineid":"airline_3737","sourceairport":"LGW","destinationairport":"TRF","stops":0,"equipment":"73H","schedule":[{"day":0,"utc":"21:06:00","flight":"DY261"},{"day":0,"utc":"18:57:00","flight":"DY393"},{"day":0,"utc":"21:20:00","flight":"DY809"},{"day":0,"utc":"02:40:00","flight":"DY822"},{"day":1,"utc":"15:53:00","flight":"DY691"},{"day":1,"utc":"07:20:00","flight":"DY338"},{"day":1,"utc":"03:29:00","flight":"DY574"},{"day":2,"utc":"17:35:00","flight":"DY457"},{"day":2,"utc":"00:46:00","flight":"DY300"},{"day":2,"utc":"03:55:00","flight":"DY352"},{"day":2,"utc":"09:50:00","flight":"DY277"},{"day":3,"utc":"01:02:00","flight":"DY734"},{"day":3,"utc":"10:22:00","flight":"DY691"},{"day":3,"utc":"18:32:00","flight":"DY491"},{"day":3,"utc":"20:30:00","flight":"DY659"},{"day":3,"utc":"02:55:00","flight":"DY541"},{"day":4,"utc":"00:11:00","flight":"DY261"},{"day":4,"utc":"05:50:00","flight":"DY280"},{"day":5,"utc":"01:19:00","flight":"DY099"},{"day":6,"utc":"10:16:00","flight":"DY502"},{"day":6,"utc":"23:02:00","flight":"DY852"}]}