{"id":57657,"type":"route","airline":"UA","airlineid":"airline_5209","sourceairport":"SFO","destinationairport":"JFK","stops":0,"equipment":"757","schedule":[{"day":0,"utc":"17:29:00","flight":"UA555"},{"day":0,"utc":"03:45:00","flight":"UA265"},{"day":0,"utc":"19:49:00","flight":"UA768"},{"day":1,"utc":"19:44:00","flight":"UA585"},{"day":1,"utc":"02:41:00","flight":"UA133"},{"day":1,"utc":"17:59:00","flight":"UA710"},{"day":2,"utc":"18:18:00","flight":"UA363"},{"day":2,"utc":"20:54:00","flight":"UA065"},{"day":3,"utc":"08:56:00","flight":"UA113"},{"day":3,"utc":"03:00:00","flight":"UA303"},{"day":3,"utc":"13:43:00","flight":"UA664"},{"day":3,"utc":"04:17:00","flight":"UA891"},{"day":4,"utc":"08:09:00","flight":"UA704"},{"day":4,"utc":"17:53:00","flight":"UA022"},{"day":4,"utc":"16:40:00","flight":"UA438"},{"day":5,"utc":"06:14:00","flight":"UA156"},{"day":5,"utc":"12:00:00","flight":"UA328"},{"day":5,"utc":"08:12:00","flight":"UA655"},{"day":5,"utc":"13:35:00","flight":"UA713"},{"day":6,"utc":"15:06:00","flight":"UA525"}],"distance":4151.77720839701}