{"id":24914,"type":"route","airline":"FL","airlineid":"airline_1316","sourceairport":"AUS","destinationairport":"SMF","stops":0,"equipment":"73W","schedule":[{"day":0,"utc":"16:39:00","flight":"FL857"},{"day":0,"utc":"02:46:00","flight":"FL432"},{"day":0,"utc":"05:59:00","flight":"FL846"},{"day":1,"utc":"22:36:00","flight":"FL149"},{"day":1,"utc":"13:33:00","flight":"FL622"},{"day":1,"utc":"12:14:00","flight":"FL652"},{"day":1,"utc":"08:23:00","flight":"FL856"},{"day":2,"utc":"10:17:00","flight":"FL633"},{"day":2,"utc":"12:08:00","flight":"FL264"},{"day":2,"utc":"22:31:00","flight":"FL615"},{"day":3,"utc":"00:40:00","flight":"FL732"},{"day":3,"utc":"10:46:00","flight":"FL122"},{"day":3,"utc":"17:29:00","flight":"FL051"},{"day":3,"utc":"22:54:00","flight":"FL621"},{"day":4,"utc":"22:29:00","flight":"FL483"},{"day":4,"utc":"03:51:00","flight":"FL067"},{"day":4,"utc":"02:52:00","flight":"FL630"},{"day":4,"utc":"12:12:00","flight":"FL712"},{"day":5,"utc":"11:39:00","flight":"FL821"},{"day":5,"utc":"03:26:00","flight":"FL086"},{"day":5,"utc":"19:18:00","flight":"FL297"},{"day":5,"utc":"17:34:00","flight":"FL776"},{"day":6,"utc":"06:51:00","flight":"FL403"},{"day":6,"utc":"16:10:00","flight":"FL137"},{"day":6,"utc":"23:01:00","flight":"FL344"}]}