{"id":14726,"type":"route","airline":"BA","airlineid":"airline_1355","sourceairport":"LHR","destinationairport":"JMK","stops":0,"equipment":"320","schedule":[{"day":0,"utc":"12:08:00","flight":"BA465"},{"day":0,"utc":"08:51:00","flight":"BA795"},{"day":0,"utc":"18:11:00","flight":"BA951"},{"day":1,"utc":"07:45:00","flight":"BA179"},{"day":1,"utc":"04:12:00","flight":"BA556"},{"day":1,"utc":"00:43:00","flight":"BA938"},{"day":2,"utc":"21:45:00","flight":"BA784"},{"day":2,"utc":"02:31:00","flight":"BA957"},{"day":2,"utc":"19:18:00","flight":"BA623"},{"day":2,"utc":"17:52:00","flight":"BA361"},{"day":3,"utc":"02:31:00","flight":"BA481"},{"day":3,"utc":"06:29:00","flight":"BA430"},{"day":3,"utc":"21:23:00","flight":"BA161"},{"day":3,"utc":"02:03:00","flight":"BA827"},{"day":3,"utc":"21:32:00","flight":"BA756"},{"day":4,"utc":"08:36:00","flight":"BA756"},{"day":4,"utc":"12:12:00","flight":"BA696"},{"day":4,"utc":"14:08:00","flight":"BA826"},{"day":4,"utc":"08:01:00","flight":"BA113"},{"day":5,"utc":"21:21:00","flight":"BA312"},{"day":5,"utc":"16:18:00","flight":"BA969"},{"day":5,"utc":"18:39:00","flight":"BA752"},{"day":5,"utc":"09:21:00","flight":"BA642"},{"day":6,"utc":"22:35:00","flight":"BA790"}],"distance":2552.930294509646}