{"id":59921,"type":"route","airline":"US","airlineid":"airline_5265","sourceairport":"ORD","destinationairport":"JAX","stops":0,"equipment":"ER4 CR7","schedule":[{"day":0,"utc":"08:22:00","flight":"US125"},{"day":0,"utc":"14:34:00","flight":"US827"},{"day":0,"utc":"12:20:00","flight":"US932"},{"day":0,"utc":"12:29:00","flight":"US805"},{"day":1,"utc":"18:25:00","flight":"US742"},{"day":1,"utc":"23:14:00","flight":"US904"},{"day":2,"utc":"01:28:00","flight":"US899"},{"day":2,"utc":"22:47:00","flight":"US828"},{"day":2,"utc":"20:05:00","flight":"US089"},{"day":2,"utc":"03:43:00","flight":"US096"},{"day":2,"utc":"07:46:00","flight":"US782"},{"day":3,"utc":"17:44:00","flight":"US614"},{"day":3,"utc":"15:28:00","flight":"US511"},{"day":3,"utc":"03:32:00","flight":"US317"},{"day":3,"utc":"03:46:00","flight":"US730"},{"day":4,"utc":"15:53:00","flight":"US099"},{"day":4,"utc":"14:16:00","flight":"US207"},{"day":4,"utc":"23:27:00","flight":"US041"},{"day":4,"utc":"20:21:00","flight":"US406"},{"day":4,"utc":"08:52:00","flight":"US591"},{"day":5,"utc":"04:34:00","flight":"US152"},{"day":5,"utc":"18:42:00","flight":"US007"},{"day":5,"utc":"20:29:00","flight":"US558"},{"day":5,"utc":"23:31:00","flight":"US783"},{"day":6,"utc":"15:12:00","flight":"US719"},{"day":6,"utc":"09:05:00","flight":"US001"},{"day":6,"utc":"08:24:00","flight":"US970"},{"day":6,"utc":"09:09:00","flight":"US529"}],"distance":1392.4309178335589}