{"id":14230,"type":"route","airline":"B6","airlineid":"airline_3029","sourceairport":"SDQ","destinationairport":"BOS","stops":0,"equipment":"320","schedule":[{"day":0,"utc":"12:36:00","flight":"B6574"},{"day":0,"utc":"02:35:00","flight":"B6364"},{"day":0,"utc":"19:42:00","flight":"B6013"},{"day":0,"utc":"09:42:00","flight":"B6600"},{"day":0,"utc":"02:30:00","flight":"B6095"},{"day":1,"utc":"15:27:00","flight":"B6350"},{"day":1,"utc":"06:29:00","flight":"B6703"},{"day":1,"utc":"12:01:00","flight":"B6585"},{"day":1,"utc":"23:40:00","flight":"B6974"},{"day":2,"utc":"20:40:00","flight":"B6152"},{"day":2,"utc":"15:02:00","flight":"B6692"},{"day":2,"utc":"20:54:00","flight":"B6999"},{"day":3,"utc":"06:00:00","flight":"B6376"},{"day":3,"utc":"18:53:00","flight":"B6098"},{"day":3,"utc":"17:20:00","flight":"B6021"},{"day":3,"utc":"20:16:00","flight":"B6048"},{"day":3,"utc":"10:30:00","flight":"B6488"},{"day":4,"utc":"15:05:00","flight":"B6840"},{"day":4,"utc":"22:14:00","flight":"B6088"},{"day":4,"utc":"08:40:00","flight":"B6983"},{"day":4,"utc":"03:14:00","flight":"B6890"},{"day":5,"utc":"12:52:00","flight":"B6690"},{"day":5,"utc":"11:13:00","flight":"B6685"},{"day":5,"utc":"20:24:00","flight":"B6182"},{"day":5,"utc":"18:20:00","flight":"B6790"},{"day":6,"utc":"00:41:00","flight":"B6016"},{"day":6,"utc":"04:21:00","flight":"B6835"}],"distance":2664.407365857951}