{"id":63793,"type":"route","airline":"WN","airlineid":"airline_4547","sourceairport":"FLL","destinationairport":"BWI","stops":0,"equipment":"73W 73C 733","schedule":[{"day":0,"utc":"21:30:00","flight":"WN199"},{"day":0,"utc":"04:36:00","flight":"WN853"},{"day":0,"utc":"15:00:00","flight":"WN597"},{"day":0,"utc":"13:58:00","flight":"WN496"},{"day":1,"utc":"00:58:00","flight":"WN661"},{"day":1,"utc":"12:35:00","flight":"WN555"},{"day":2,"utc":"17:54:00","flight":"WN641"},{"day":2,"utc":"23:37:00","flight":"WN827"},{"day":2,"utc":"02:24:00","flight":"WN561"},{"day":3,"utc":"07:07:00","flight":"WN735"},{"day":4,"utc":"07:59:00","flight":"WN708"},{"day":4,"utc":"16:18:00","flight":"WN533"},{"day":4,"utc":"17:09:00","flight":"WN238"},{"day":4,"utc":"08:31:00","flight":"WN041"},{"day":5,"utc":"21:35:00","flight":"WN607"},{"day":6,"utc":"01:17:00","flight":"WN445"},{"day":6,"utc":"21:52:00","flight":"WN214"},{"day":6,"utc":"00:05:00","flight":"WN764"},{"day":6,"utc":"16:40:00","flight":"WN565"}],"distance":1492.7081117814166}