{"id":54582,"type":"route","airline":"U2","airlineid":"airline_2297","sourceairport":"BSL","destinationairport":"BOD","stops":0,"equipment":"319 320","schedule":[{"day":0,"utc":"02:27:00","flight":"U2598"},{"day":0,"utc":"15:17:00","flight":"U2492"},{"day":0,"utc":"13:13:00","flight":"U2079"},{"day":0,"utc":"13:30:00","flight":"U2848"},{"day":1,"utc":"06:56:00","flight":"U2508"},{"day":1,"utc":"03:38:00","flight":"U2751"},{"day":1,"utc":"00:37:00","flight":"U2774"},{"day":2,"utc":"06:01:00","flight":"U2309"},{"day":2,"utc":"11:34:00","flight":"U2943"},{"day":3,"utc":"06:41:00","flight":"U2699"},{"day":3,"utc":"05:22:00","flight":"U2520"},{"day":3,"utc":"15:57:00","flight":"U2173"},{"day":4,"utc":"09:36:00","flight":"U2806"},{"day":4,"utc":"14:40:00","flight":"U2435"},{"day":4,"utc":"14:18:00","flight":"U2928"},{"day":4,"utc":"16:47:00","flight":"U2222"},{"day":5,"utc":"10:04:00","flight":"U2285"},{"day":6,"utc":"01:17:00","flight":"U2897"},{"day":6,"utc":"07:15:00","flight":"U2589"}]}