{"id":5958,"type":"route","airline":"AA","airlineid":"airline_24","sourceairport":"MCO","destinationairport":"JFK","stops":0,"equipment":"763 757","schedule":[{"day":0,"utc":"05:44:00","flight":"AA638"},{"day":0,"utc":"13:24:00","flight":"AA086"},{"day":0,"utc":"03:09:00","flight":"AA635"},{"day":1,"utc":"06:49:00","flight":"AA728"},{"day":1,"utc":"13:34:00","flight":"AA393"},{"day":2,"utc":"09:36:00","flight":"AA305"},{"day":2,"utc":"12:36:00","flight":"AA883"},{"day":2,"utc":"06:50:00","flight":"AA134"},{"day":2,"utc":"01:36:00","flight":"AA008"},{"day":3,"utc":"09:29:00","flight":"AA538"},{"day":3,"utc":"06:12:00","flight":"AA396"},{"day":3,"utc":"06:35:00","flight":"AA435"},{"day":3,"utc":"18:27:00","flight":"AA953"},{"day":4,"utc":"09:13:00","flight":"AA561"},{"day":4,"utc":"15:43:00","flight":"AA780"},{"day":4,"utc":"00:58:00","flight":"AA907"},{"day":4,"utc":"11:35:00","flight":"AA659"},{"day":4,"utc":"20:55:00","flight":"AA470"},{"day":5,"utc":"07:00:00","flight":"AA537"},{"day":5,"utc":"00:23:00","flight":"AA580"},{"day":5,"utc":"01:07:00","flight":"AA996"},{"day":6,"utc":"14:42:00","flight":"AA101"},{"day":6,"utc":"13:24:00","flight":"AA583"}]}