{"id":5842,"type":"route","airline":"AA","airlineid":"airline_24","sourceairport":"LHR","destinationairport":"GVA","stops":0,"equipment":"319 320 321","schedule":[{"day":0,"utc":"11:48:00","flight":"AA581"},{"day":0,"utc":"19:56:00","flight":"AA408"},{"day":0,"utc":"21:43:00","flight":"AA645"},{"day":0,"utc":"01:58:00","flight":"AA300"},{"day":0,"utc":"17:57:00","flight":"AA358"},{"day":1,"utc":"21:44:00","flight":"AA154"},{"day":1,"utc":"10:02:00","flight":"AA364"},{"day":1,"utc":"12:43:00","flight":"AA782"},{"day":2,"utc":"13:55:00","flight":"AA392"},{"day":2,"utc":"23:11:00","flight":"AA137"},{"day":2,"utc":"16:33:00","flight":"AA121"},{"day":2,"utc":"10:41:00","flight":"AA477"},{"day":3,"utc":"08:42:00","flight":"AA561"},{"day":3,"utc":"00:26:00","flight":"AA081"},{"day":3,"utc":"21:24:00","flight":"AA366"},{"day":4,"utc":"11:50:00","flight":"AA585"},{"day":5,"utc":"07:13:00","flight":"AA419"},{"day":6,"utc":"18:04:00","flight":"AA777"}],"distance":754.6741862642225}