{"id":63717,"type":"route","airline":"WN","airlineid":"airline_4547","sourceairport":"DEN","destinationairport":"GRR","stops":0,"equipment":"73W","schedule":[{"day":0,"utc":"11:04:00","flight":"WN748"},{"day":0,"utc":"15:07:00","flight":"WN981"},{"day":0,"utc":"17:33:00","flight":"WN748"},{"day":1,"utc":"00:34:00","flight":"WN800"},{"day":1,"utc":"12:55:00","flight":"WN427"},{"day":1,"utc":"00:18:00","flight":"WN363"},{"day":1,"utc":"12:48:00","flight":"WN082"},{"day":2,"utc":"02:11:00","flight":"WN136"},{"day":2,"utc":"14:51:00","flight":"WN033"},{"day":2,"utc":"21:30:00","flight":"WN990"},{"day":2,"utc":"07:50:00","flight":"WN627"},{"day":2,"utc":"02:29:00","flight":"WN075"},{"day":3,"utc":"15:48:00","flight":"WN626"},{"day":3,"utc":"18:49:00","flight":"WN557"},{"day":3,"utc":"13:51:00","flight":"WN039"},{"day":3,"utc":"06:00:00","flight":"WN904"},{"day":3,"utc":"21:31:00","flight":"WN706"},{"day":4,"utc":"23:35:00","flight":"WN908"},{"day":4,"utc":"19:12:00","flight":"WN586"},{"day":5,"utc":"01:11:00","flight":"WN362"},{"day":6,"utc":"23:15:00","flight":"WN869"}],"distance":1629.0937123192004}