{"id":59921,"type":"route","airline":"US","airlineid":"airline_5265","sourceairport":"ORD","destinationairport":"JAX","stops":0,"equipment":"ER4 CR7","schedule":[{"day":0,"utc":"23:24:00","flight":"US958"},{"day":0,"utc":"17:27:00","flight":"US258"},{"day":1,"utc":"05:51:00","flight":"US034"},{"day":2,"utc":"11:21:00","flight":"US611"},{"day":2,"utc":"01:26:00","flight":"US618"},{"day":2,"utc":"13:57:00","flight":"US331"},{"day":2,"utc":"06:10:00","flight":"US791"},{"day":3,"utc":"15:15:00","flight":"US650"},{"day":3,"utc":"00:19:00","flight":"US045"},{"day":3,"utc":"02:16:00","flight":"US090"},{"day":4,"utc":"19:30:00","flight":"US479"},{"day":4,"utc":"16:37:00","flight":"US479"},{"day":4,"utc":"08:06:00","flight":"US685"},{"day":4,"utc":"14:15:00","flight":"US668"},{"day":4,"utc":"04:55:00","flight":"US690"},{"day":5,"utc":"00:22:00","flight":"US443"},{"day":5,"utc":"00:27:00","flight":"US413"},{"day":5,"utc":"21:26:00","flight":"US226"},{"day":5,"utc":"19:00:00","flight":"US015"},{"day":5,"utc":"02:37:00","flight":"US159"},{"day":6,"utc":"01:16:00","flight":"US556"},{"day":6,"utc":"02:57:00","flight":"US360"}]}