{"id":21436,"type":"route","airline":"DL","airlineid":"airline_2009","sourceairport":"MSP","destinationairport":"ROC","stops":0,"equipment":"CR7","schedule":[{"day":0,"utc":"15:59:00","flight":"DL406"},{"day":0,"utc":"11:51:00","flight":"DL943"},{"day":0,"utc":"06:38:00","flight":"DL416"},{"day":0,"utc":"12:09:00","flight":"DL239"},{"day":0,"utc":"01:32:00","flight":"DL164"},{"day":1,"utc":"03:11:00","flight":"DL936"},{"day":1,"utc":"19:27:00","flight":"DL780"},{"day":2,"utc":"16:12:00","flight":"DL403"},{"day":2,"utc":"20:46:00","flight":"DL036"},{"day":2,"utc":"00:43:00","flight":"DL075"},{"day":2,"utc":"16:29:00","flight":"DL756"},{"day":3,"utc":"23:58:00","flight":"DL691"},{"day":4,"utc":"08:41:00","flight":"DL629"},{"day":4,"utc":"15:30:00","flight":"DL402"},{"day":5,"utc":"20:46:00","flight":"DL698"},{"day":5,"utc":"06:28:00","flight":"DL576"},{"day":5,"utc":"14:18:00","flight":"DL547"},{"day":5,"utc":"03:51:00","flight":"DL553"},{"day":5,"utc":"05:10:00","flight":"DL805"},{"day":6,"utc":"20:55:00","flight":"DL283"},{"day":6,"utc":"21:11:00","flight":"DL259"},{"day":6,"utc":"17:54:00","flight":"DL475"},{"day":6,"utc":"12:09:00","flight":"DL218"},{"day":6,"utc":"14:20:00","flight":"DL860"}],"distance":1257.0850542934345}