{"id":62004,"type":"route","airline":"VX","airlineid":"airline_5331","sourceairport":"LAS","destinationairport":"LAX","stops":0,"equipment":"320","schedule":[{"day":0,"utc":"14:25:00","flight":"VX836"},{"day":0,"utc":"23:24:00","flight":"VX938"},{"day":0,"utc":"03:01:00","flight":"VX500"},{"day":0,"utc":"14:46:00","flight":"VX993"},{"day":1,"utc":"02:36:00","flight":"VX348"},{"day":2,"utc":"20:31:00","flight":"VX757"},{"day":2,"utc":"21:14:00","flight":"VX190"},{"day":2,"utc":"17:12:00","flight":"VX496"},{"day":2,"utc":"01:49:00","flight":"VX665"},{"day":3,"utc":"09:50:00","flight":"VX750"},{"day":3,"utc":"22:53:00","flight":"VX009"},{"day":3,"utc":"02:10:00","flight":"VX358"},{"day":3,"utc":"04:27:00","flight":"VX594"},{"day":4,"utc":"13:34:00","flight":"VX285"},{"day":4,"utc":"00:43:00","flight":"VX791"},{"day":4,"utc":"11:34:00","flight":"VX393"},{"day":5,"utc":"22:44:00","flight":"VX674"},{"day":6,"utc":"14:50:00","flight":"VX576"},{"day":6,"utc":"19:02:00","flight":"VX819"},{"day":6,"utc":"21:58:00","flight":"VX954"},{"day":6,"utc":"08:24:00","flight":"VX392"},{"day":6,"utc":"17:02:00","flight":"VX907"}]}