{"id":64869,"type":"route","airline":"WS","airlineid":"airline_5416","sourceairport":"YYZ","destinationairport":"LAS","stops":0,"equipment":"73H","schedule":[{"day":0,"utc":"14:08:00","flight":"WS126"},{"day":1,"utc":"17:20:00","flight":"WS571"},{"day":1,"utc":"16:58:00","flight":"WS152"},{"day":1,"utc":"19:20:00","flight":"WS916"},{"day":1,"utc":"01:38:00","flight":"WS068"},{"day":2,"utc":"06:22:00","flight":"WS918"},{"day":2,"utc":"21:09:00","flight":"WS590"},{"day":2,"utc":"20:06:00","flight":"WS497"},{"day":3,"utc":"22:22:00","flight":"WS099"},{"day":4,"utc":"21:56:00","flight":"WS830"},{"day":4,"utc":"19:43:00","flight":"WS463"},{"day":4,"utc":"12:59:00","flight":"WS433"},{"day":5,"utc":"08:20:00","flight":"WS947"},{"day":5,"utc":"16:11:00","flight":"WS794"},{"day":5,"utc":"21:47:00","flight":"WS425"},{"day":6,"utc":"22:59:00","flight":"WS560"},{"day":6,"utc":"04:44:00","flight":"WS862"}],"distance":3120.3356196624272}