{"id":13452,"type":"route","airline":"AZ","airlineid":"airline_596","sourceairport":"LGW","destinationairport":"PMO","stops":0,"equipment":"320","schedule":[{"day":0,"utc":"00:35:00","flight":"AZ442"},{"day":1,"utc":"16:11:00","flight":"AZ391"},{"day":2,"utc":"07:26:00","flight":"AZ023"},{"day":2,"utc":"14:43:00","flight":"AZ888"},{"day":2,"utc":"09:11:00","flight":"AZ924"},{"day":3,"utc":"18:22:00","flight":"AZ226"},{"day":3,"utc":"01:19:00","flight":"AZ241"},{"day":3,"utc":"08:55:00","flight":"AZ532"},{"day":4,"utc":"00:07:00","flight":"AZ953"},{"day":5,"utc":"23:16:00","flight":"AZ068"},{"day":5,"utc":"07:39:00","flight":"AZ387"},{"day":5,"utc":"22:33:00","flight":"AZ774"},{"day":5,"utc":"11:50:00","flight":"AZ094"},{"day":6,"utc":"20:36:00","flight":"AZ652"},{"day":6,"utc":"04:20:00","flight":"AZ780"},{"day":6,"utc":"17:28:00","flight":"AZ342"},{"day":6,"utc":"18:15:00","flight":"AZ335"}]}