{"id":9120,"type":"route","airline":"AF","airlineid":"airline_137","sourceairport":"ATL","destinationairport":"MSP","stops":0,"equipment":"320 M90 757","schedule":[{"day":0,"utc":"19:38:00","flight":"AF083"},{"day":0,"utc":"03:54:00","flight":"AF578"},{"day":0,"utc":"15:00:00","flight":"AF181"},{"day":0,"utc":"00:35:00","flight":"AF985"},{"day":1,"utc":"16:22:00","flight":"AF834"},{"day":1,"utc":"14:15:00","flight":"AF624"},{"day":1,"utc":"07:19:00","flight":"AF150"},{"day":1,"utc":"15:33:00","flight":"AF744"},{"day":2,"utc":"04:40:00","flight":"AF212"},{"day":2,"utc":"08:28:00","flight":"AF332"},{"day":2,"utc":"14:18:00","flight":"AF992"},{"day":3,"utc":"09:08:00","flight":"AF174"},{"day":3,"utc":"17:15:00","flight":"AF733"},{"day":3,"utc":"20:03:00","flight":"AF291"},{"day":3,"utc":"15:14:00","flight":"AF394"},{"day":3,"utc":"00:53:00","flight":"AF790"},{"day":4,"utc":"19:42:00","flight":"AF618"},{"day":4,"utc":"13:44:00","flight":"AF705"},{"day":4,"utc":"13:04:00","flight":"AF658"},{"day":5,"utc":"06:46:00","flight":"AF159"},{"day":5,"utc":"19:34:00","flight":"AF334"},{"day":6,"utc":"14:26:00","flight":"AF310"}]}