{"id":55497,"type":"route","airline":"U2","airlineid":"airline_2297","sourceairport":"VCE","destinationairport":"MAN","stops":0,"equipment":"319","schedule":[{"day":0,"utc":"16:49:00","flight":"U2566"},{"day":0,"utc":"14:26:00","flight":"U2209"},{"day":1,"utc":"01:01:00","flight":"U2469"},{"day":1,"utc":"17:57:00","flight":"U2669"},{"day":2,"utc":"18:52:00","flight":"U2365"},{"day":2,"utc":"04:04:00","flight":"U2222"},{"day":3,"utc":"13:14:00","flight":"U2936"},{"day":3,"utc":"11:25:00","flight":"U2336"},{"day":3,"utc":"13:38:00","flight":"U2351"},{"day":3,"utc":"11:45:00","flight":"U2650"},{"day":4,"utc":"01:38:00","flight":"U2517"},{"day":5,"utc":"19:46:00","flight":"U2728"},{"day":5,"utc":"01:21:00","flight":"U2743"},{"day":5,"utc":"01:06:00","flight":"U2888"},{"day":5,"utc":"15:53:00","flight":"U2120"},{"day":5,"utc":"05:08:00","flight":"U2748"},{"day":6,"utc":"17:01:00","flight":"U2583"},{"day":6,"utc":"07:59:00","flight":"U2779"},{"day":6,"utc":"04:41:00","flight":"U2440"}]}