{"id":55783,"type":"route","airline":"UA","airlineid":"airline_5209","sourceairport":"ALB","destinationairport":"ORD","stops":0,"equipment":"319 73G 738 739","schedule":[{"day":0,"utc":"13:29:00","flight":"UA649"},{"day":0,"utc":"12:18:00","flight":"UA141"},{"day":0,"utc":"22:10:00","flight":"UA567"},{"day":0,"utc":"11:07:00","flight":"UA047"},{"day":1,"utc":"01:20:00","flight":"UA665"},{"day":2,"utc":"11:43:00","flight":"UA546"},{"day":2,"utc":"08:06:00","flight":"UA159"},{"day":2,"utc":"21:11:00","flight":"UA804"},{"day":3,"utc":"20:58:00","flight":"UA697"},{"day":3,"utc":"02:14:00","flight":"UA446"},{"day":3,"utc":"22:11:00","flight":"UA051"},{"day":3,"utc":"05:34:00","flight":"UA047"},{"day":3,"utc":"10:51:00","flight":"UA518"},{"day":4,"utc":"18:43:00","flight":"UA505"},{"day":5,"utc":"02:07:00","flight":"UA680"},{"day":5,"utc":"05:22:00","flight":"UA237"},{"day":5,"utc":"21:43:00","flight":"UA565"},{"day":5,"utc":"10:39:00","flight":"UA282"},{"day":6,"utc":"17:16:00","flight":"UA683"},{"day":6,"utc":"11:52:00","flight":"UA535"}]}