{"id":16432,"type":"route","airline":"CA","airlineid":"airline_751","sourceairport":"IAH","destinationairport":"PEK","stops":0,"equipment":"773","schedule":[{"day":0,"utc":"22:54:00","flight":"CA002"},{"day":1,"utc":"13:04:00","flight":"CA672"},{"day":1,"utc":"02:43:00","flight":"CA424"},{"day":2,"utc":"05:04:00","flight":"CA225"},{"day":3,"utc":"22:15:00","flight":"CA516"},{"day":3,"utc":"07:20:00","flight":"CA887"},{"day":3,"utc":"05:16:00","flight":"CA047"},{"day":3,"utc":"21:00:00","flight":"CA604"},{"day":4,"utc":"18:11:00","flight":"CA922"},{"day":5,"utc":"17:37:00","flight":"CA483"},{"day":5,"utc":"21:17:00","flight":"CA417"},{"day":5,"utc":"09:17:00","flight":"CA253"},{"day":5,"utc":"23:51:00","flight":"CA080"},{"day":6,"utc":"10:34:00","flight":"CA942"},{"day":6,"utc":"16:09:00","flight":"CA803"},{"day":6,"utc":"10:43:00","flight":"CA233"}],"distance":11556.31660774044}