{"id":53795,"type":"route","airline":"TP","airlineid":"airline_4869","sourceairport":"OPO","destinationairport":"ORY","stops":0,"equipment":"320 319","schedule":[{"day":0,"utc":"01:27:00","flight":"TP752"},{"day":0,"utc":"12:03:00","flight":"TP403"},{"day":0,"utc":"22:50:00","flight":"TP325"},{"day":1,"utc":"12:12:00","flight":"TP022"},{"day":2,"utc":"15:42:00","flight":"TP831"},{"day":2,"utc":"06:25:00","flight":"TP720"},{"day":3,"utc":"00:20:00","flight":"TP960"},{"day":3,"utc":"18:18:00","flight":"TP271"},{"day":3,"utc":"23:42:00","flight":"TP788"},{"day":3,"utc":"23:32:00","flight":"TP460"},{"day":4,"utc":"06:46:00","flight":"TP606"},{"day":4,"utc":"22:58:00","flight":"TP023"},{"day":4,"utc":"18:29:00","flight":"TP272"},{"day":5,"utc":"08:13:00","flight":"TP750"},{"day":5,"utc":"00:44:00","flight":"TP874"},{"day":5,"utc":"13:01:00","flight":"TP629"},{"day":5,"utc":"17:11:00","flight":"TP395"},{"day":6,"utc":"02:03:00","flight":"TP347"}],"distance":1199.9091737352014}