{"id":9658,"type":"route","airline":"AF","airlineid":"airline_137","sourceairport":"LIM","destinationairport":"CDG","stops":0,"equipment":"77W","schedule":[{"day":0,"utc":"10:36:00","flight":"AF439"},{"day":0,"utc":"04:16:00","flight":"AF689"},{"day":1,"utc":"02:47:00","flight":"AF948"},{"day":1,"utc":"02:55:00","flight":"AF767"},{"day":1,"utc":"01:50:00","flight":"AF106"},{"day":1,"utc":"07:58:00","flight":"AF902"},{"day":1,"utc":"12:48:00","flight":"AF287"},{"day":2,"utc":"17:04:00","flight":"AF499"},{"day":2,"utc":"20:49:00","flight":"AF240"},{"day":2,"utc":"03:14:00","flight":"AF106"},{"day":2,"utc":"04:37:00","flight":"AF922"},{"day":3,"utc":"19:59:00","flight":"AF409"},{"day":3,"utc":"01:12:00","flight":"AF034"},{"day":4,"utc":"03:40:00","flight":"AF775"},{"day":4,"utc":"21:42:00","flight":"AF953"},{"day":4,"utc":"11:16:00","flight":"AF011"},{"day":4,"utc":"07:30:00","flight":"AF720"},{"day":5,"utc":"12:40:00","flight":"AF508"},{"day":5,"utc":"10:41:00","flight":"AF462"},{"day":6,"utc":"02:45:00","flight":"AF031"},{"day":6,"utc":"18:40:00","flight":"AF784"}],"distance":10276.03145675011}