{"id":53239,"type":"route","airline":"TO","airlineid":"airline_8745","sourceairport":"LTN","destinationairport":"FAO","stops":0,"equipment":"75W 73H","schedule":[{"day":0,"utc":"02:39:00","flight":"TO267"},{"day":0,"utc":"01:18:00","flight":"TO963"},{"day":0,"utc":"19:06:00","flight":"TO870"},{"day":0,"utc":"03:59:00","flight":"TO167"},{"day":1,"utc":"21:34:00","flight":"TO957"},{"day":1,"utc":"05:39:00","flight":"TO123"},{"day":1,"utc":"03:10:00","flight":"TO156"},{"day":1,"utc":"21:39:00","flight":"TO518"},{"day":1,"utc":"17:51:00","flight":"TO208"},{"day":2,"utc":"07:24:00","flight":"TO406"},{"day":3,"utc":"17:27:00","flight":"TO107"},{"day":3,"utc":"00:35:00","flight":"TO934"},{"day":3,"utc":"14:09:00","flight":"TO206"},{"day":4,"utc":"01:17:00","flight":"TO164"},{"day":5,"utc":"10:58:00","flight":"TO391"},{"day":5,"utc":"04:13:00","flight":"TO346"},{"day":6,"utc":"23:29:00","flight":"TO653"},{"day":6,"utc":"10:02:00","flight":"TO009"},{"day":6,"utc":"19:57:00","flight":"TO736"}],"distance":1756.6853830859175}