{"id":15297,"type":"route","airline":"BE","airlineid":"airline_2421","sourceairport":"WAT","destinationairport":"MAN","stops":0,"equipment":"DH4","schedule":[{"day":0,"utc":"22:46:00","flight":"BE491"},{"day":0,"utc":"20:51:00","flight":"BE993"},{"day":0,"utc":"23:26:00","flight":"BE426"},{"day":0,"utc":"04:23:00","flight":"BE930"},{"day":0,"utc":"17:39:00","flight":"BE283"},{"day":1,"utc":"02:16:00","flight":"BE792"},{"day":1,"utc":"06:48:00","flight":"BE715"},{"day":1,"utc":"20:34:00","flight":"BE053"},{"day":2,"utc":"06:13:00","flight":"BE886"},{"day":2,"utc":"16:06:00","flight":"BE227"},{"day":3,"utc":"08:58:00","flight":"BE688"},{"day":3,"utc":"10:57:00","flight":"BE575"},{"day":3,"utc":"07:43:00","flight":"BE187"},{"day":3,"utc":"03:11:00","flight":"BE893"},{"day":4,"utc":"18:55:00","flight":"BE709"},{"day":4,"utc":"16:03:00","flight":"BE534"},{"day":4,"utc":"21:25:00","flight":"BE493"},{"day":4,"utc":"12:42:00","flight":"BE453"},{"day":5,"utc":"16:57:00","flight":"BE493"},{"day":5,"utc":"19:17:00","flight":"BE521"},{"day":5,"utc":"06:51:00","flight":"BE287"},{"day":5,"utc":"14:29:00","flight":"BE138"},{"day":6,"utc":"06:25:00","flight":"BE246"}]}