{"id":28872,"type":"route","airline":"G4","airlineid":"airline_35","sourceairport":"AZA","destinationairport":"BLI","stops":0,"equipment":"M80","schedule":[{"day":0,"utc":"22:03:00","flight":"G4262"},{"day":1,"utc":"06:29:00","flight":"G4359"},{"day":1,"utc":"01:46:00","flight":"G4575"},{"day":2,"utc":"07:16:00","flight":"G4262"},{"day":2,"utc":"03:26:00","flight":"G4221"},{"day":2,"utc":"23:54:00","flight":"G4427"},{"day":2,"utc":"17:24:00","flight":"G4820"},{"day":2,"utc":"22:43:00","flight":"G4467"},{"day":3,"utc":"05:52:00","flight":"G4916"},{"day":3,"utc":"19:58:00","flight":"G4874"},{"day":3,"utc":"22:59:00","flight":"G4229"},{"day":3,"utc":"08:54:00","flight":"G4966"},{"day":4,"utc":"08:31:00","flight":"G4255"},{"day":4,"utc":"20:02:00","flight":"G4597"},{"day":4,"utc":"06:37:00","flight":"G4462"},{"day":4,"utc":"13:52:00","flight":"G4041"},{"day":4,"utc":"19:58:00","flight":"G4431"},{"day":5,"utc":"06:26:00","flight":"G4033"},{"day":6,"utc":"22:55:00","flight":"G4509"},{"day":6,"utc":"16:40:00","flight":"G4167"},{"day":6,"utc":"21:27:00","flight":"G4391"}],"distance":1944.1552716837245}