{"id":24388,"type":"route","airline":"F9","airlineid":"airline_2468","sourceairport":"DEN","destinationairport":"MDT","stops":0,"equipment":"319","schedule":[{"day":0,"utc":"09:35:00","flight":"F9526"},{"day":0,"utc":"20:18:00","flight":"F9490"},{"day":0,"utc":"18:36:00","flight":"F9034"},{"day":1,"utc":"03:25:00","flight":"F9632"},{"day":1,"utc":"03:41:00","flight":"F9334"},{"day":2,"utc":"17:36:00","flight":"F9240"},{"day":2,"utc":"07:31:00","flight":"F9029"},{"day":2,"utc":"09:09:00","flight":"F9625"},{"day":2,"utc":"10:36:00","flight":"F9374"},{"day":3,"utc":"00:07:00","flight":"F9490"},{"day":3,"utc":"20:56:00","flight":"F9967"},{"day":4,"utc":"12:37:00","flight":"F9679"},{"day":4,"utc":"04:50:00","flight":"F9635"},{"day":4,"utc":"12:08:00","flight":"F9518"},{"day":5,"utc":"23:37:00","flight":"F9022"},{"day":5,"utc":"01:55:00","flight":"F9470"},{"day":5,"utc":"17:05:00","flight":"F9942"},{"day":5,"utc":"21:26:00","flight":"F9846"},{"day":6,"utc":"12:10:00","flight":"F9901"}],"distance":2366.835619633235}