{"id":32542,"type":"route","airline":"IB","airlineid":"airline_2822","sourceairport":"JFK","destinationairport":"MAD","stops":0,"equipment":"333 346","schedule":[{"day":0,"utc":"07:03:00","flight":"IB006"},{"day":0,"utc":"23:18:00","flight":"IB269"},{"day":1,"utc":"18:14:00","flight":"IB670"},{"day":2,"utc":"08:01:00","flight":"IB521"},{"day":2,"utc":"18:31:00","flight":"IB682"},{"day":2,"utc":"23:22:00","flight":"IB397"},{"day":3,"utc":"03:49:00","flight":"IB934"},{"day":4,"utc":"01:49:00","flight":"IB122"},{"day":4,"utc":"14:47:00","flight":"IB849"},{"day":4,"utc":"21:23:00","flight":"IB619"},{"day":4,"utc":"18:32:00","flight":"IB929"},{"day":5,"utc":"19:39:00","flight":"IB027"},{"day":5,"utc":"15:59:00","flight":"IB549"},{"day":5,"utc":"16:05:00","flight":"IB924"},{"day":5,"utc":"17:57:00","flight":"IB371"},{"day":6,"utc":"00:20:00","flight":"IB379"},{"day":6,"utc":"12:18:00","flight":"IB108"},{"day":6,"utc":"02:44:00","flight":"IB575"},{"day":6,"utc":"04:42:00","flight":"IB338"},{"day":6,"utc":"20:28:00","flight":"IB603"}],"distance":5760.862043791369}