{"id":13896,"type":"route","airline":"B6","airlineid":"airline_3029","sourceairport":"AUA","destinationairport":"BOS","stops":0,"equipment":"320","schedule":[{"day":0,"utc":"06:21:00","flight":"B6628"},{"day":0,"utc":"10:57:00","flight":"B6608"},{"day":0,"utc":"14:09:00","flight":"B6198"},{"day":0,"utc":"21:16:00","flight":"B6722"},{"day":0,"utc":"13:58:00","flight":"B6520"},{"day":1,"utc":"04:59:00","flight":"B6919"},{"day":2,"utc":"16:26:00","flight":"B6622"},{"day":2,"utc":"04:39:00","flight":"B6877"},{"day":3,"utc":"15:08:00","flight":"B6656"},{"day":3,"utc":"11:39:00","flight":"B6611"},{"day":4,"utc":"05:24:00","flight":"B6415"},{"day":4,"utc":"07:03:00","flight":"B6483"},{"day":4,"utc":"12:23:00","flight":"B6871"},{"day":4,"utc":"10:24:00","flight":"B6895"},{"day":4,"utc":"18:37:00","flight":"B6305"},{"day":5,"utc":"15:38:00","flight":"B6128"},{"day":5,"utc":"10:34:00","flight":"B6552"},{"day":5,"utc":"20:06:00","flight":"B6838"},{"day":5,"utc":"01:56:00","flight":"B6871"},{"day":5,"utc":"12:16:00","flight":"B6996"},{"day":6,"utc":"21:24:00","flight":"B6900"},{"day":6,"utc":"11:14:00","flight":"B6122"}]}