{"id":59135,"type":"route","airline":"US","airlineid":"airline_5265","sourceairport":"DFW","destinationairport":"PBI","stops":0,"equipment":"738","schedule":[{"day":0,"utc":"07:46:00","flight":"US188"},{"day":0,"utc":"12:44:00","flight":"US091"},{"day":0,"utc":"16:17:00","flight":"US691"},{"day":0,"utc":"09:47:00","flight":"US487"},{"day":0,"utc":"08:32:00","flight":"US528"},{"day":1,"utc":"09:20:00","flight":"US815"},{"day":1,"utc":"22:54:00","flight":"US679"},{"day":1,"utc":"08:40:00","flight":"US830"},{"day":1,"utc":"14:30:00","flight":"US597"},{"day":2,"utc":"07:07:00","flight":"US457"},{"day":2,"utc":"11:50:00","flight":"US559"},{"day":3,"utc":"03:34:00","flight":"US253"},{"day":3,"utc":"02:14:00","flight":"US369"},{"day":3,"utc":"02:49:00","flight":"US054"},{"day":4,"utc":"09:40:00","flight":"US014"},{"day":4,"utc":"11:17:00","flight":"US902"},{"day":5,"utc":"10:02:00","flight":"US157"},{"day":6,"utc":"05:56:00","flight":"US222"}],"distance":1772.1225551983377}