{"id":32311,"type":"route","airline":"IB","airlineid":"airline_2822","sourceairport":"BCN","destinationairport":"LIL","stops":0,"equipment":"320","schedule":[{"day":0,"utc":"08:46:00","flight":"IB001"},{"day":1,"utc":"20:40:00","flight":"IB481"},{"day":1,"utc":"16:28:00","flight":"IB490"},{"day":1,"utc":"21:15:00","flight":"IB873"},{"day":1,"utc":"09:46:00","flight":"IB590"},{"day":2,"utc":"12:53:00","flight":"IB085"},{"day":2,"utc":"22:04:00","flight":"IB588"},{"day":2,"utc":"23:04:00","flight":"IB208"},{"day":3,"utc":"20:30:00","flight":"IB206"},{"day":3,"utc":"08:29:00","flight":"IB464"},{"day":4,"utc":"09:45:00","flight":"IB941"},{"day":4,"utc":"03:04:00","flight":"IB620"},{"day":4,"utc":"04:00:00","flight":"IB007"},{"day":4,"utc":"16:23:00","flight":"IB039"},{"day":5,"utc":"01:01:00","flight":"IB846"},{"day":5,"utc":"22:41:00","flight":"IB325"},{"day":5,"utc":"09:17:00","flight":"IB417"},{"day":6,"utc":"15:59:00","flight":"IB269"},{"day":6,"utc":"16:07:00","flight":"IB446"}]}