{"id":14789,"type":"route","airline":"BA","airlineid":"airline_1355","sourceairport":"LHR","destinationairport":"ZRH","stops":0,"equipment":"319 320 321","schedule":[{"day":0,"utc":"11:46:00","flight":"BA640"},{"day":0,"utc":"01:55:00","flight":"BA510"},{"day":0,"utc":"08:25:00","flight":"BA971"},{"day":0,"utc":"11:04:00","flight":"BA293"},{"day":0,"utc":"12:33:00","flight":"BA362"},{"day":1,"utc":"18:04:00","flight":"BA583"},{"day":1,"utc":"19:13:00","flight":"BA044"},{"day":1,"utc":"11:21:00","flight":"BA601"},{"day":2,"utc":"13:28:00","flight":"BA709"},{"day":2,"utc":"05:16:00","flight":"BA892"},{"day":3,"utc":"06:20:00","flight":"BA638"},{"day":3,"utc":"10:36:00","flight":"BA406"},{"day":3,"utc":"03:58:00","flight":"BA967"},{"day":3,"utc":"10:22:00","flight":"BA616"},{"day":4,"utc":"21:31:00","flight":"BA335"},{"day":4,"utc":"10:41:00","flight":"BA599"},{"day":4,"utc":"03:35:00","flight":"BA350"},{"day":5,"utc":"17:08:00","flight":"BA471"},{"day":5,"utc":"09:45:00","flight":"BA021"},{"day":6,"utc":"08:06:00","flight":"BA599"},{"day":6,"utc":"03:18:00","flight":"BA217"},{"day":6,"utc":"22:37:00","flight":"BA914"},{"day":6,"utc":"15:34:00","flight":"BA632"},{"day":6,"utc":"00:55:00","flight":"BA021"}],"distance":788.4265027963099}