{"id":55697,"type":"route","airline":"U6","airlineid":"airline_5234","sourceairport":"SVX","destinationairport":"CDG","stops":0,"equipment":"320","schedule":[{"day":0,"utc":"17:57:00","flight":"U6494"},{"day":0,"utc":"13:16:00","flight":"U6661"},{"day":0,"utc":"01:11:00","flight":"U6559"},{"day":0,"utc":"08:58:00","flight":"U6504"},{"day":0,"utc":"15:55:00","flight":"U6271"},{"day":1,"utc":"14:01:00","flight":"U6120"},{"day":1,"utc":"01:24:00","flight":"U6776"},{"day":1,"utc":"18:11:00","flight":"U6696"},{"day":1,"utc":"21:40:00","flight":"U6606"},{"day":2,"utc":"02:07:00","flight":"U6041"},{"day":3,"utc":"12:53:00","flight":"U6992"},{"day":3,"utc":"04:35:00","flight":"U6618"},{"day":4,"utc":"02:38:00","flight":"U6152"},{"day":4,"utc":"07:29:00","flight":"U6365"},{"day":4,"utc":"17:24:00","flight":"U6933"},{"day":5,"utc":"22:50:00","flight":"U6097"},{"day":5,"utc":"13:06:00","flight":"U6950"},{"day":5,"utc":"06:04:00","flight":"U6100"},{"day":5,"utc":"14:22:00","flight":"U6701"},{"day":6,"utc":"07:42:00","flight":"U6939"},{"day":6,"utc":"22:40:00","flight":"U6011"}]}