{"id":4679,"type":"route","airline":"AA","airlineid":"airline_24","sourceairport":"ALO","destinationairport":"ORD","stops":0,"equipment":"ERD","schedule":[{"day":0,"utc":"23:18:00","flight":"AA687"},{"day":1,"utc":"00:34:00","flight":"AA746"},{"day":1,"utc":"10:01:00","flight":"AA581"},{"day":1,"utc":"16:33:00","flight":"AA213"},{"day":2,"utc":"11:59:00","flight":"AA164"},{"day":2,"utc":"10:52:00","flight":"AA204"},{"day":2,"utc":"21:04:00","flight":"AA533"},{"day":2,"utc":"08:59:00","flight":"AA526"},{"day":3,"utc":"08:14:00","flight":"AA327"},{"day":3,"utc":"21:31:00","flight":"AA231"},{"day":4,"utc":"10:00:00","flight":"AA313"},{"day":4,"utc":"03:45:00","flight":"AA706"},{"day":4,"utc":"12:26:00","flight":"AA547"},{"day":5,"utc":"12:39:00","flight":"AA146"},{"day":5,"utc":"10:45:00","flight":"AA362"},{"day":5,"utc":"22:30:00","flight":"AA994"},{"day":5,"utc":"00:58:00","flight":"AA106"},{"day":5,"utc":"06:07:00","flight":"AA367"},{"day":6,"utc":"04:35:00","flight":"AA537"},{"day":6,"utc":"23:03:00","flight":"AA965"},{"day":6,"utc":"14:46:00","flight":"AA899"},{"day":6,"utc":"01:00:00","flight":"AA750"}]}