{"id":58594,"type":"route","airline":"US","airlineid":"airline_5265","sourceairport":"ANC","destinationairport":"PHX","stops":0,"equipment":"319 320","schedule":[{"day":0,"utc":"09:42:00","flight":"US417"},{"day":1,"utc":"04:43:00","flight":"US892"},{"day":1,"utc":"10:52:00","flight":"US658"},{"day":2,"utc":"08:30:00","flight":"US036"},{"day":2,"utc":"00:09:00","flight":"US944"},{"day":2,"utc":"02:38:00","flight":"US247"},{"day":2,"utc":"00:06:00","flight":"US683"},{"day":2,"utc":"01:02:00","flight":"US969"},{"day":3,"utc":"09:41:00","flight":"US587"},{"day":3,"utc":"10:42:00","flight":"US611"},{"day":3,"utc":"23:21:00","flight":"US052"},{"day":4,"utc":"09:49:00","flight":"US141"},{"day":4,"utc":"03:21:00","flight":"US045"},{"day":4,"utc":"14:47:00","flight":"US636"},{"day":4,"utc":"06:28:00","flight":"US170"},{"day":4,"utc":"17:27:00","flight":"US494"},{"day":5,"utc":"00:37:00","flight":"US866"},{"day":5,"utc":"16:27:00","flight":"US726"},{"day":6,"utc":"06:36:00","flight":"US566"},{"day":6,"utc":"17:56:00","flight":"US353"},{"day":6,"utc":"04:04:00","flight":"US056"}]}