{"id":56173,"type":"route","airline":"UA","airlineid":"airline_5209","sourceairport":"DEN","destinationairport":"PHL","stops":0,"equipment":"320 738 739 319","schedule":[{"day":0,"utc":"15:55:00","flight":"UA500"},{"day":0,"utc":"15:10:00","flight":"UA391"},{"day":0,"utc":"14:41:00","flight":"UA852"},{"day":1,"utc":"04:25:00","flight":"UA656"},{"day":1,"utc":"16:18:00","flight":"UA294"},{"day":1,"utc":"11:09:00","flight":"UA756"},{"day":2,"utc":"16:00:00","flight":"UA783"},{"day":2,"utc":"17:31:00","flight":"UA608"},{"day":2,"utc":"00:07:00","flight":"UA997"},{"day":3,"utc":"09:15:00","flight":"UA881"},{"day":3,"utc":"20:36:00","flight":"UA354"},{"day":4,"utc":"10:41:00","flight":"UA932"},{"day":4,"utc":"03:45:00","flight":"UA955"},{"day":4,"utc":"00:15:00","flight":"UA458"},{"day":5,"utc":"08:03:00","flight":"UA444"},{"day":5,"utc":"18:50:00","flight":"UA310"},{"day":5,"utc":"16:48:00","flight":"UA645"},{"day":6,"utc":"14:31:00","flight":"UA416"},{"day":6,"utc":"19:18:00","flight":"UA747"}],"distance":2500.4022406869144}