{"id":54582,"type":"route","airline":"U2","airlineid":"airline_2297","sourceairport":"BSL","destinationairport":"BOD","stops":0,"equipment":"319 320","schedule":[{"day":0,"utc":"00:47:00","flight":"U2658"},{"day":0,"utc":"22:07:00","flight":"U2019"},{"day":0,"utc":"00:26:00","flight":"U2069"},{"day":0,"utc":"16:18:00","flight":"U2720"},{"day":0,"utc":"16:29:00","flight":"U2280"},{"day":1,"utc":"05:17:00","flight":"U2818"},{"day":1,"utc":"14:48:00","flight":"U2810"},{"day":1,"utc":"05:04:00","flight":"U2330"},{"day":1,"utc":"11:00:00","flight":"U2830"},{"day":2,"utc":"06:09:00","flight":"U2898"},{"day":2,"utc":"15:57:00","flight":"U2143"},{"day":3,"utc":"19:47:00","flight":"U2147"},{"day":4,"utc":"00:10:00","flight":"U2397"},{"day":4,"utc":"21:27:00","flight":"U2102"},{"day":4,"utc":"13:57:00","flight":"U2070"},{"day":5,"utc":"17:39:00","flight":"U2744"},{"day":6,"utc":"02:45:00","flight":"U2561"}],"distance":704.3497190664298}