{"id":56795,"type":"route","airline":"UA","airlineid":"airline_5209","sourceairport":"IAH","destinationairport":"MKE","stops":0,"equipment":"ERJ CRJ","schedule":[{"day":0,"utc":"17:20:00","flight":"UA778"},{"day":0,"utc":"09:33:00","flight":"UA586"},{"day":1,"utc":"08:27:00","flight":"UA814"},{"day":1,"utc":"11:55:00","flight":"UA425"},{"day":1,"utc":"19:45:00","flight":"UA711"},{"day":1,"utc":"12:35:00","flight":"UA886"},{"day":2,"utc":"06:33:00","flight":"UA838"},{"day":3,"utc":"09:38:00","flight":"UA366"},{"day":4,"utc":"20:58:00","flight":"UA548"},{"day":5,"utc":"20:51:00","flight":"UA269"},{"day":6,"utc":"15:14:00","flight":"UA515"},{"day":6,"utc":"08:11:00","flight":"UA895"},{"day":6,"utc":"00:15:00","flight":"UA469"}]}