{"id":450,"type":"route","airline":"3M","airlineid":"airline_N","sourceairport":"BIM","destinationairport":"FLL","stops":0,"equipment":"SF3","schedule":[{"day":0,"utc":"10:40:00","flight":"3M461"},{"day":1,"utc":"14:18:00","flight":"3M831"},{"day":1,"utc":"15:03:00","flight":"3M086"},{"day":2,"utc":"06:45:00","flight":"3M275"},{"day":3,"utc":"23:55:00","flight":"3M588"},{"day":3,"utc":"19:58:00","flight":"3M837"},{"day":3,"utc":"03:14:00","flight":"3M271"},{"day":4,"utc":"03:15:00","flight":"3M914"},{"day":5,"utc":"09:03:00","flight":"3M576"},{"day":5,"utc":"00:32:00","flight":"3M206"},{"day":5,"utc":"01:46:00","flight":"3M438"},{"day":6,"utc":"01:02:00","flight":"3M408"}],"distance":98.03317235816998}