{"id":20794,"type":"route","airline":"DL","airlineid":"airline_2009","sourceairport":"GRB","destinationairport":"MSP","stops":0,"equipment":"CR9 CRJ","schedule":[{"day":0,"utc":"03:33:00","flight":"DL033"},{"day":0,"utc":"01:52:00","flight":"DL250"},{"day":0,"utc":"11:26:00","flight":"DL793"},{"day":0,"utc":"15:13:00","flight":"DL747"},{"day":0,"utc":"00:19:00","flight":"DL501"},{"day":1,"utc":"03:23:00","flight":"DL531"},{"day":1,"utc":"00:33:00","flight":"DL901"},{"day":2,"utc":"01:11:00","flight":"DL352"},{"day":2,"utc":"12:57:00","flight":"DL693"},{"day":2,"utc":"01:49:00","flight":"DL050"},{"day":2,"utc":"10:04:00","flight":"DL157"},{"day":2,"utc":"11:39:00","flight":"DL354"},{"day":3,"utc":"11:20:00","flight":"DL396"},{"day":3,"utc":"00:17:00","flight":"DL142"},{"day":3,"utc":"12:45:00","flight":"DL948"},{"day":3,"utc":"20:55:00","flight":"DL887"},{"day":3,"utc":"05:13:00","flight":"DL066"},{"day":4,"utc":"04:27:00","flight":"DL887"},{"day":4,"utc":"06:36:00","flight":"DL331"},{"day":4,"utc":"23:21:00","flight":"DL481"},{"day":4,"utc":"16:27:00","flight":"DL157"},{"day":4,"utc":"17:39:00","flight":"DL354"},{"day":5,"utc":"03:18:00","flight":"DL499"},{"day":5,"utc":"13:40:00","flight":"DL887"},{"day":5,"utc":"00:21:00","flight":"DL528"},{"day":6,"utc":"07:18:00","flight":"DL747"},{"day":6,"utc":"20:32:00","flight":"DL287"},{"day":6,"utc":"05:49:00","flight":"DL350"},{"day":6,"utc":"07:19:00","flight":"DL308"}],"distance":404.92988152927836}