{"id":57682,"type":"route","airline":"UA","airlineid":"airline_5209","sourceairport":"SFO","destinationairport":"PHL","stops":0,"equipment":"319 738 739 752","schedule":[{"day":0,"utc":"01:51:00","flight":"UA867"},{"day":0,"utc":"07:29:00","flight":"UA211"},{"day":0,"utc":"14:41:00","flight":"UA901"},{"day":0,"utc":"02:10:00","flight":"UA639"},{"day":1,"utc":"18:24:00","flight":"UA680"},{"day":1,"utc":"20:13:00","flight":"UA751"},{"day":1,"utc":"03:38:00","flight":"UA962"},{"day":1,"utc":"19:25:00","flight":"UA311"},{"day":2,"utc":"08:40:00","flight":"UA061"},{"day":2,"utc":"01:10:00","flight":"UA613"},{"day":2,"utc":"18:50:00","flight":"UA587"},{"day":3,"utc":"14:33:00","flight":"UA684"},{"day":3,"utc":"10:59:00","flight":"UA786"},{"day":3,"utc":"02:09:00","flight":"UA925"},{"day":4,"utc":"10:14:00","flight":"UA011"},{"day":4,"utc":"05:57:00","flight":"UA942"},{"day":4,"utc":"01:03:00","flight":"UA045"},{"day":4,"utc":"07:11:00","flight":"UA324"},{"day":5,"utc":"05:31:00","flight":"UA177"},{"day":6,"utc":"08:30:00","flight":"UA106"}],"distance":4047.7356598914967}