{"id":60333,"type":"route","airline":"US","airlineid":"airline_5265","sourceairport":"SDF","destinationairport":"CLT","stops":0,"equipment":"319 CRJ CR7","schedule":[{"day":0,"utc":"15:00:00","flight":"US709"},{"day":0,"utc":"01:22:00","flight":"US281"},{"day":0,"utc":"03:36:00","flight":"US900"},{"day":0,"utc":"01:29:00","flight":"US327"},{"day":1,"utc":"10:34:00","flight":"US951"},{"day":1,"utc":"12:19:00","flight":"US237"},{"day":2,"utc":"16:47:00","flight":"US264"},{"day":2,"utc":"07:24:00","flight":"US675"},{"day":2,"utc":"06:29:00","flight":"US519"},{"day":2,"utc":"02:44:00","flight":"US466"},{"day":2,"utc":"13:21:00","flight":"US771"},{"day":3,"utc":"08:42:00","flight":"US229"},{"day":3,"utc":"00:13:00","flight":"US245"},{"day":3,"utc":"04:50:00","flight":"US477"},{"day":4,"utc":"20:32:00","flight":"US554"},{"day":5,"utc":"12:41:00","flight":"US773"},{"day":5,"utc":"12:32:00","flight":"US011"},{"day":5,"utc":"14:55:00","flight":"US634"},{"day":5,"utc":"01:15:00","flight":"US604"},{"day":6,"utc":"01:46:00","flight":"US294"},{"day":6,"utc":"03:04:00","flight":"US936"}],"distance":539.2981239218852}