{"id":20965,"type":"route","airline":"DL","airlineid":"airline_2009","sourceairport":"JFK","destinationairport":"MXP","stops":0,"equipment":"764 330","schedule":[{"day":0,"utc":"15:15:00","flight":"DL560"},{"day":0,"utc":"15:48:00","flight":"DL576"},{"day":0,"utc":"01:11:00","flight":"DL322"},{"day":0,"utc":"03:16:00","flight":"DL665"},{"day":1,"utc":"17:35:00","flight":"DL587"},{"day":1,"utc":"13:36:00","flight":"DL510"},{"day":2,"utc":"12:47:00","flight":"DL381"},{"day":2,"utc":"18:32:00","flight":"DL149"},{"day":2,"utc":"03:27:00","flight":"DL535"},{"day":3,"utc":"11:12:00","flight":"DL883"},{"day":3,"utc":"14:08:00","flight":"DL577"},{"day":3,"utc":"02:34:00","flight":"DL961"},{"day":3,"utc":"23:42:00","flight":"DL694"},{"day":3,"utc":"20:19:00","flight":"DL628"},{"day":4,"utc":"17:08:00","flight":"DL895"},{"day":4,"utc":"13:40:00","flight":"DL078"},{"day":4,"utc":"12:51:00","flight":"DL312"},{"day":4,"utc":"04:55:00","flight":"DL560"},{"day":5,"utc":"13:04:00","flight":"DL928"},{"day":5,"utc":"03:03:00","flight":"DL534"},{"day":6,"utc":"23:27:00","flight":"DL620"},{"day":6,"utc":"11:02:00","flight":"DL077"},{"day":6,"utc":"19:09:00","flight":"DL380"}],"distance":6412.751099946168}