{"id":62350,"type":"route","airline":"VY","airlineid":"airline_2439","sourceairport":"ORY","destinationairport":"BIO","stops":0,"equipment":"320","schedule":[{"day":0,"utc":"07:10:00","flight":"VY204"},{"day":0,"utc":"20:21:00","flight":"VY244"},{"day":0,"utc":"17:17:00","flight":"VY163"},{"day":0,"utc":"01:10:00","flight":"VY476"},{"day":1,"utc":"05:03:00","flight":"VY404"},{"day":1,"utc":"22:06:00","flight":"VY456"},{"day":1,"utc":"04:12:00","flight":"VY557"},{"day":2,"utc":"17:19:00","flight":"VY009"},{"day":2,"utc":"18:34:00","flight":"VY529"},{"day":2,"utc":"06:15:00","flight":"VY762"},{"day":2,"utc":"15:27:00","flight":"VY071"},{"day":2,"utc":"16:04:00","flight":"VY612"},{"day":3,"utc":"14:10:00","flight":"VY603"},{"day":3,"utc":"09:33:00","flight":"VY227"},{"day":3,"utc":"10:56:00","flight":"VY346"},{"day":3,"utc":"16:16:00","flight":"VY126"},{"day":4,"utc":"04:09:00","flight":"VY403"},{"day":4,"utc":"04:19:00","flight":"VY409"},{"day":5,"utc":"01:08:00","flight":"VY822"},{"day":5,"utc":"22:18:00","flight":"VY543"},{"day":5,"utc":"21:48:00","flight":"VY952"},{"day":5,"utc":"05:20:00","flight":"VY082"},{"day":6,"utc":"22:46:00","flight":"VY145"},{"day":6,"utc":"02:36:00","flight":"VY869"},{"day":6,"utc":"04:20:00","flight":"VY036"}],"distance":727.2038003176301}