{"id":5019,"type":"route","airline":"AA","airlineid":"airline_24","sourceairport":"CLT","destinationairport":"VPS","stops":0,"equipment":"CRJ","schedule":[{"day":0,"utc":"19:03:00","flight":"AA443"},{"day":0,"utc":"21:58:00","flight":"AA307"},{"day":1,"utc":"14:18:00","flight":"AA982"},{"day":1,"utc":"05:56:00","flight":"AA664"},{"day":1,"utc":"05:22:00","flight":"AA806"},{"day":2,"utc":"08:41:00","flight":"AA234"},{"day":2,"utc":"08:57:00","flight":"AA923"},{"day":2,"utc":"01:26:00","flight":"AA210"},{"day":2,"utc":"10:11:00","flight":"AA473"},{"day":3,"utc":"12:34:00","flight":"AA923"},{"day":3,"utc":"19:15:00","flight":"AA385"},{"day":3,"utc":"05:23:00","flight":"AA242"},{"day":4,"utc":"16:06:00","flight":"AA854"},{"day":5,"utc":"20:34:00","flight":"AA501"},{"day":5,"utc":"20:34:00","flight":"AA450"},{"day":5,"utc":"13:52:00","flight":"AA398"},{"day":5,"utc":"13:06:00","flight":"AA328"},{"day":6,"utc":"19:46:00","flight":"AA401"}]}