{"id":30433,"type":"route","airline":"GS","airlineid":"airline_690","sourceairport":"TXN","destinationairport":"HAK","stops":0,"equipment":"E90","schedule":[{"day":0,"utc":"02:26:00","flight":"GS757"},{"day":0,"utc":"04:31:00","flight":"GS286"},{"day":0,"utc":"20:43:00","flight":"GS783"},{"day":0,"utc":"22:52:00","flight":"GS598"},{"day":1,"utc":"06:40:00","flight":"GS555"},{"day":1,"utc":"12:42:00","flight":"GS150"},{"day":2,"utc":"10:26:00","flight":"GS100"},{"day":2,"utc":"11:42:00","flight":"GS940"},{"day":2,"utc":"18:24:00","flight":"GS161"},{"day":2,"utc":"04:55:00","flight":"GS416"},{"day":3,"utc":"04:38:00","flight":"GS682"},{"day":3,"utc":"18:27:00","flight":"GS787"},{"day":4,"utc":"15:13:00","flight":"GS014"},{"day":4,"utc":"21:16:00","flight":"GS278"},{"day":4,"utc":"23:28:00","flight":"GS156"},{"day":4,"utc":"18:44:00","flight":"GS346"},{"day":4,"utc":"02:08:00","flight":"GS262"},{"day":5,"utc":"02:54:00","flight":"GS617"},{"day":5,"utc":"23:44:00","flight":"GS751"},{"day":6,"utc":"11:19:00","flight":"GS897"}],"distance":1342.9534385288214}