{"id":55342,"type":"route","airline":"U2","airlineid":"airline_2297","sourceairport":"PSA","destinationairport":"ORY","stops":0,"equipment":"320","schedule":[{"day":0,"utc":"05:07:00","flight":"U2338"},{"day":0,"utc":"14:17:00","flight":"U2626"},{"day":0,"utc":"01:09:00","flight":"U2427"},{"day":0,"utc":"16:06:00","flight":"U2771"},{"day":0,"utc":"21:14:00","flight":"U2047"},{"day":1,"utc":"12:38:00","flight":"U2941"},{"day":2,"utc":"02:23:00","flight":"U2954"},{"day":2,"utc":"13:01:00","flight":"U2496"},{"day":2,"utc":"12:07:00","flight":"U2261"},{"day":2,"utc":"21:15:00","flight":"U2223"},{"day":3,"utc":"08:31:00","flight":"U2131"},{"day":3,"utc":"09:41:00","flight":"U2689"},{"day":3,"utc":"08:08:00","flight":"U2075"},{"day":3,"utc":"20:53:00","flight":"U2010"},{"day":4,"utc":"12:15:00","flight":"U2698"},{"day":4,"utc":"12:24:00","flight":"U2827"},{"day":4,"utc":"23:42:00","flight":"U2278"},{"day":4,"utc":"20:56:00","flight":"U2354"},{"day":4,"utc":"15:34:00","flight":"U2811"},{"day":5,"utc":"21:56:00","flight":"U2449"},{"day":6,"utc":"14:53:00","flight":"U2500"},{"day":6,"utc":"01:23:00","flight":"U2793"},{"day":6,"utc":"14:41:00","flight":"U2823"},{"day":6,"utc":"16:08:00","flight":"U2593"},{"day":6,"utc":"06:20:00","flight":"U2113"}],"distance":833.6987696468639}