{"id":20956,"type":"route","airline":"DL","airlineid":"airline_2009","sourceairport":"JFK","destinationairport":"LHR","stops":0,"equipment":"764 76W","schedule":[{"day":0,"utc":"03:17:00","flight":"DL531"},{"day":0,"utc":"02:11:00","flight":"DL229"},{"day":0,"utc":"00:59:00","flight":"DL524"},{"day":0,"utc":"05:27:00","flight":"DL300"},{"day":1,"utc":"13:05:00","flight":"DL731"},{"day":1,"utc":"03:36:00","flight":"DL572"},{"day":1,"utc":"12:12:00","flight":"DL596"},{"day":1,"utc":"06:25:00","flight":"DL451"},{"day":1,"utc":"13:49:00","flight":"DL089"},{"day":2,"utc":"02:50:00","flight":"DL535"},{"day":2,"utc":"22:45:00","flight":"DL596"},{"day":2,"utc":"06:35:00","flight":"DL305"},{"day":2,"utc":"16:40:00","flight":"DL826"},{"day":2,"utc":"01:21:00","flight":"DL553"},{"day":3,"utc":"08:28:00","flight":"DL353"},{"day":3,"utc":"18:48:00","flight":"DL512"},{"day":3,"utc":"05:03:00","flight":"DL255"},{"day":3,"utc":"02:11:00","flight":"DL626"},{"day":4,"utc":"07:27:00","flight":"DL033"},{"day":4,"utc":"11:48:00","flight":"DL773"},{"day":5,"utc":"19:50:00","flight":"DL315"},{"day":5,"utc":"03:30:00","flight":"DL812"},{"day":5,"utc":"03:17:00","flight":"DL546"},{"day":6,"utc":"06:06:00","flight":"DL738"},{"day":6,"utc":"00:58:00","flight":"DL897"}]}