{"id":52147,"type":"route","airline":"TG","airlineid":"airline_4940","sourceairport":"ICN","destinationairport":"LAX","stops":0,"equipment":"777","schedule":[{"day":0,"utc":"22:27:00","flight":"TG981"},{"day":0,"utc":"10:36:00","flight":"TG576"},{"day":0,"utc":"12:46:00","flight":"TG181"},{"day":0,"utc":"15:25:00","flight":"TG079"},{"day":0,"utc":"08:50:00","flight":"TG845"},{"day":1,"utc":"01:02:00","flight":"TG709"},{"day":1,"utc":"17:13:00","flight":"TG418"},{"day":2,"utc":"10:04:00","flight":"TG537"},{"day":2,"utc":"18:00:00","flight":"TG299"},{"day":3,"utc":"03:26:00","flight":"TG741"},{"day":3,"utc":"12:28:00","flight":"TG688"},{"day":3,"utc":"11:18:00","flight":"TG324"},{"day":3,"utc":"00:45:00","flight":"TG439"},{"day":4,"utc":"06:53:00","flight":"TG077"},{"day":5,"utc":"19:35:00","flight":"TG462"},{"day":5,"utc":"06:40:00","flight":"TG084"},{"day":6,"utc":"20:29:00","flight":"TG090"}],"distance":9625.499042911277}