{"id":25510,"type":"route","airline":"FL","airlineid":"airline_1316","sourceairport":"SNA","destinationairport":"DEN","stops":0,"equipment":"73W","schedule":[{"day":0,"utc":"06:54:00","flight":"FL945"},{"day":0,"utc":"16:11:00","flight":"FL804"},{"day":0,"utc":"23:04:00","flight":"FL442"},{"day":1,"utc":"15:46:00","flight":"FL168"},{"day":1,"utc":"02:20:00","flight":"FL099"},{"day":1,"utc":"15:03:00","flight":"FL370"},{"day":1,"utc":"14:16:00","flight":"FL464"},{"day":1,"utc":"00:29:00","flight":"FL889"},{"day":2,"utc":"02:32:00","flight":"FL843"},{"day":2,"utc":"11:16:00","flight":"FL432"},{"day":2,"utc":"13:25:00","flight":"FL723"},{"day":3,"utc":"23:26:00","flight":"FL782"},{"day":3,"utc":"20:41:00","flight":"FL555"},{"day":3,"utc":"21:42:00","flight":"FL694"},{"day":4,"utc":"15:49:00","flight":"FL433"},{"day":4,"utc":"03:19:00","flight":"FL531"},{"day":5,"utc":"23:32:00","flight":"FL053"},{"day":5,"utc":"15:03:00","flight":"FL019"},{"day":6,"utc":"02:31:00","flight":"FL968"},{"day":6,"utc":"20:41:00","flight":"FL194"},{"day":6,"utc":"03:19:00","flight":"FL469"}],"distance":1359.6891671598294}