{"id":30640,"type":"route","airline":"HA","airlineid":"airline_2688","sourceairport":"HNL","destinationairport":"PDX","stops":0,"equipment":"332","schedule":[{"day":0,"utc":"00:03:00","flight":"HA467"},{"day":0,"utc":"22:05:00","flight":"HA551"},{"day":0,"utc":"01:47:00","flight":"HA381"},{"day":0,"utc":"07:36:00","flight":"HA134"},{"day":0,"utc":"13:11:00","flight":"HA169"},{"day":1,"utc":"00:42:00","flight":"HA194"},{"day":1,"utc":"20:22:00","flight":"HA597"},{"day":1,"utc":"06:25:00","flight":"HA828"},{"day":1,"utc":"15:40:00","flight":"HA159"},{"day":1,"utc":"19:45:00","flight":"HA033"},{"day":2,"utc":"00:15:00","flight":"HA535"},{"day":3,"utc":"04:43:00","flight":"HA115"},{"day":4,"utc":"06:05:00","flight":"HA001"},{"day":4,"utc":"07:27:00","flight":"HA338"},{"day":4,"utc":"00:18:00","flight":"HA960"},{"day":5,"utc":"22:12:00","flight":"HA418"},{"day":6,"utc":"13:48:00","flight":"HA855"}]}