{"id":55893,"type":"route","airline":"UA","airlineid":"airline_5209","sourceairport":"BOS","destinationairport":"YYZ","stops":0,"equipment":"E90 E75","schedule":[{"day":0,"utc":"07:28:00","flight":"UA287"},{"day":0,"utc":"21:00:00","flight":"UA310"},{"day":1,"utc":"04:37:00","flight":"UA594"},{"day":1,"utc":"07:57:00","flight":"UA838"},{"day":1,"utc":"20:18:00","flight":"UA468"},{"day":2,"utc":"05:02:00","flight":"UA072"},{"day":2,"utc":"03:34:00","flight":"UA700"},{"day":3,"utc":"11:26:00","flight":"UA348"},{"day":3,"utc":"16:28:00","flight":"UA607"},{"day":3,"utc":"15:54:00","flight":"UA795"},{"day":4,"utc":"20:29:00","flight":"UA239"},{"day":4,"utc":"06:39:00","flight":"UA790"},{"day":4,"utc":"19:49:00","flight":"UA330"},{"day":5,"utc":"05:59:00","flight":"UA359"},{"day":5,"utc":"02:22:00","flight":"UA057"},{"day":5,"utc":"07:35:00","flight":"UA098"},{"day":5,"utc":"15:04:00","flight":"UA971"},{"day":6,"utc":"04:58:00","flight":"UA573"},{"day":6,"utc":"10:08:00","flight":"UA045"}]}