{"id":59013,"type":"route","airline":"US","airlineid":"airline_5265","sourceairport":"DFW","destinationairport":"ABI","stops":0,"equipment":"ERD ER4","schedule":[{"day":0,"utc":"05:44:00","flight":"US511"},{"day":0,"utc":"23:51:00","flight":"US124"},{"day":0,"utc":"18:55:00","flight":"US474"},{"day":1,"utc":"10:15:00","flight":"US179"},{"day":1,"utc":"00:39:00","flight":"US930"},{"day":1,"utc":"11:43:00","flight":"US831"},{"day":1,"utc":"22:20:00","flight":"US117"},{"day":1,"utc":"08:31:00","flight":"US693"},{"day":2,"utc":"09:37:00","flight":"US296"},{"day":2,"utc":"15:56:00","flight":"US595"},{"day":2,"utc":"22:25:00","flight":"US322"},{"day":3,"utc":"20:06:00","flight":"US053"},{"day":3,"utc":"02:26:00","flight":"US624"},{"day":3,"utc":"21:00:00","flight":"US239"},{"day":3,"utc":"16:48:00","flight":"US514"},{"day":3,"utc":"14:10:00","flight":"US896"},{"day":4,"utc":"06:51:00","flight":"US226"},{"day":4,"utc":"20:12:00","flight":"US404"},{"day":4,"utc":"12:41:00","flight":"US243"},{"day":5,"utc":"04:01:00","flight":"US823"},{"day":6,"utc":"02:05:00","flight":"US231"},{"day":6,"utc":"14:08:00","flight":"US632"},{"day":6,"utc":"05:39:00","flight":"US423"},{"day":6,"utc":"07:09:00","flight":"US872"},{"day":6,"utc":"09:16:00","flight":"US267"}]}