{"id":30336,"type":"route","airline":"GS","airlineid":"airline_690","sourceairport":"LYA","destinationairport":"BHY","stops":0,"equipment":"E90","schedule":[{"day":0,"utc":"08:15:00","flight":"GS766"},{"day":0,"utc":"01:07:00","flight":"GS292"},{"day":0,"utc":"21:53:00","flight":"GS586"},{"day":0,"utc":"22:37:00","flight":"GS771"},{"day":1,"utc":"17:25:00","flight":"GS325"},{"day":1,"utc":"11:42:00","flight":"GS209"},{"day":1,"utc":"10:22:00","flight":"GS787"},{"day":2,"utc":"22:14:00","flight":"GS565"},{"day":2,"utc":"21:56:00","flight":"GS127"},{"day":3,"utc":"16:13:00","flight":"GS615"},{"day":3,"utc":"22:54:00","flight":"GS492"},{"day":4,"utc":"17:52:00","flight":"GS811"},{"day":4,"utc":"19:49:00","flight":"GS674"},{"day":4,"utc":"06:10:00","flight":"GS713"},{"day":4,"utc":"13:14:00","flight":"GS534"},{"day":5,"utc":"12:24:00","flight":"GS771"},{"day":5,"utc":"16:43:00","flight":"GS035"},{"day":5,"utc":"16:37:00","flight":"GS247"},{"day":5,"utc":"02:47:00","flight":"GS926"},{"day":5,"utc":"09:14:00","flight":"GS816"},{"day":6,"utc":"05:09:00","flight":"GS844"},{"day":6,"utc":"02:23:00","flight":"GS670"}],"distance":1460.646716067885}