{"id":54615,"type":"route","airline":"U2","airlineid":"airline_2297","sourceairport":"BSL","destinationairport":"SXF","stops":0,"equipment":"320 319","schedule":[{"day":0,"utc":"00:06:00","flight":"U2321"},{"day":0,"utc":"09:00:00","flight":"U2143"},{"day":0,"utc":"17:09:00","flight":"U2308"},{"day":0,"utc":"06:17:00","flight":"U2641"},{"day":1,"utc":"14:02:00","flight":"U2865"},{"day":1,"utc":"11:29:00","flight":"U2588"},{"day":2,"utc":"17:28:00","flight":"U2453"},{"day":2,"utc":"08:07:00","flight":"U2863"},{"day":3,"utc":"14:08:00","flight":"U2824"},{"day":3,"utc":"10:42:00","flight":"U2473"},{"day":3,"utc":"01:20:00","flight":"U2986"},{"day":3,"utc":"01:49:00","flight":"U2120"},{"day":4,"utc":"19:46:00","flight":"U2050"},{"day":4,"utc":"07:24:00","flight":"U2165"},{"day":4,"utc":"16:02:00","flight":"U2838"},{"day":5,"utc":"14:24:00","flight":"U2878"},{"day":6,"utc":"05:34:00","flight":"U2100"},{"day":6,"utc":"13:13:00","flight":"U2703"},{"day":6,"utc":"10:40:00","flight":"U2188"},{"day":6,"utc":"11:41:00","flight":"U2489"},{"day":6,"utc":"19:38:00","flight":"U2870"}]}