{"id":9530,"type":"route","airline":"AF","airlineid":"airline_137","sourceairport":"FLR","destinationairport":"LYS","stops":0,"equipment":"AT5","schedule":[{"day":0,"utc":"08:59:00","flight":"AF292"},{"day":0,"utc":"07:15:00","flight":"AF332"},{"day":1,"utc":"09:49:00","flight":"AF134"},{"day":1,"utc":"13:27:00","flight":"AF233"},{"day":1,"utc":"02:15:00","flight":"AF833"},{"day":1,"utc":"12:06:00","flight":"AF713"},{"day":1,"utc":"23:34:00","flight":"AF962"},{"day":2,"utc":"03:19:00","flight":"AF291"},{"day":3,"utc":"02:50:00","flight":"AF548"},{"day":3,"utc":"06:31:00","flight":"AF512"},{"day":3,"utc":"04:22:00","flight":"AF470"},{"day":4,"utc":"05:59:00","flight":"AF129"},{"day":4,"utc":"17:42:00","flight":"AF859"},{"day":4,"utc":"16:13:00","flight":"AF080"},{"day":5,"utc":"18:11:00","flight":"AF685"},{"day":6,"utc":"14:28:00","flight":"AF158"},{"day":6,"utc":"22:41:00","flight":"AF005"},{"day":6,"utc":"16:23:00","flight":"AF681"},{"day":6,"utc":"17:51:00","flight":"AF272"}],"distance":527.4473362720669}