{"id":6038,"type":"route","airline":"AA","airlineid":"airline_24","sourceairport":"MIA","destinationairport":"EZE","stops":0,"equipment":"777","schedule":[{"day":0,"utc":"16:44:00","flight":"AA064"},{"day":1,"utc":"07:17:00","flight":"AA788"},{"day":1,"utc":"10:42:00","flight":"AA312"},{"day":1,"utc":"11:56:00","flight":"AA303"},{"day":1,"utc":"16:09:00","flight":"AA595"},{"day":2,"utc":"23:12:00","flight":"AA805"},{"day":2,"utc":"14:28:00","flight":"AA796"},{"day":2,"utc":"19:00:00","flight":"AA459"},{"day":2,"utc":"14:35:00","flight":"AA945"},{"day":3,"utc":"20:26:00","flight":"AA600"},{"day":3,"utc":"10:06:00","flight":"AA310"},{"day":3,"utc":"16:19:00","flight":"AA352"},{"day":4,"utc":"10:11:00","flight":"AA607"},{"day":4,"utc":"11:01:00","flight":"AA769"},{"day":4,"utc":"08:29:00","flight":"AA066"},{"day":4,"utc":"04:12:00","flight":"AA358"},{"day":4,"utc":"06:06:00","flight":"AA069"},{"day":5,"utc":"16:47:00","flight":"AA609"},{"day":5,"utc":"18:02:00","flight":"AA370"},{"day":5,"utc":"03:09:00","flight":"AA165"},{"day":6,"utc":"07:30:00","flight":"AA318"}],"distance":7118.919665892961}