{"id":59513,"type":"route","airline":"US","airlineid":"airline_5265","sourceairport":"LAX","destinationairport":"MIA","stops":0,"equipment":"757 777 763 738","schedule":[{"day":0,"utc":"20:12:00","flight":"US284"},{"day":1,"utc":"16:11:00","flight":"US000"},{"day":1,"utc":"20:14:00","flight":"US194"},{"day":1,"utc":"14:13:00","flight":"US055"},{"day":1,"utc":"10:00:00","flight":"US299"},{"day":2,"utc":"23:28:00","flight":"US866"},{"day":2,"utc":"15:44:00","flight":"US793"},{"day":2,"utc":"17:44:00","flight":"US612"},{"day":2,"utc":"02:03:00","flight":"US689"},{"day":3,"utc":"18:36:00","flight":"US203"},{"day":3,"utc":"13:40:00","flight":"US321"},{"day":3,"utc":"23:39:00","flight":"US964"},{"day":4,"utc":"23:13:00","flight":"US982"},{"day":4,"utc":"03:59:00","flight":"US373"},{"day":4,"utc":"20:55:00","flight":"US034"},{"day":4,"utc":"17:04:00","flight":"US079"},{"day":4,"utc":"15:03:00","flight":"US423"},{"day":5,"utc":"10:08:00","flight":"US031"},{"day":5,"utc":"14:41:00","flight":"US596"},{"day":5,"utc":"02:50:00","flight":"US712"},{"day":5,"utc":"04:47:00","flight":"US283"},{"day":5,"utc":"01:49:00","flight":"US742"},{"day":6,"utc":"10:31:00","flight":"US778"},{"day":6,"utc":"20:43:00","flight":"US379"},{"day":6,"utc":"06:12:00","flight":"US523"},{"day":6,"utc":"15:00:00","flight":"US617"}],"distance":3762.637481199252}