{"id":53372,"type":"route","airline":"TO","airlineid":"airline_8745","sourceairport":"ORY","destinationairport":"TUN","stops":0,"equipment":"73H","schedule":[{"day":0,"utc":"12:56:00","flight":"TO593"},{"day":0,"utc":"17:07:00","flight":"TO267"},{"day":1,"utc":"11:52:00","flight":"TO332"},{"day":2,"utc":"21:40:00","flight":"TO838"},{"day":2,"utc":"06:46:00","flight":"TO512"},{"day":3,"utc":"18:43:00","flight":"TO152"},{"day":4,"utc":"18:13:00","flight":"TO547"},{"day":4,"utc":"05:21:00","flight":"TO028"},{"day":5,"utc":"11:52:00","flight":"TO727"},{"day":5,"utc":"21:08:00","flight":"TO692"},{"day":5,"utc":"02:04:00","flight":"TO506"},{"day":6,"utc":"18:53:00","flight":"TO128"}],"distance":1466.275049596353}