{"id":54680,"type":"route","airline":"U2","airlineid":"airline_2297","sourceairport":"CPH","destinationairport":"MXP","stops":0,"equipment":"319","schedule":[{"day":0,"utc":"09:19:00","flight":"U2244"},{"day":0,"utc":"11:01:00","flight":"U2509"},{"day":0,"utc":"14:50:00","flight":"U2282"},{"day":0,"utc":"05:01:00","flight":"U2370"},{"day":0,"utc":"03:28:00","flight":"U2770"},{"day":1,"utc":"22:52:00","flight":"U2316"},{"day":1,"utc":"12:16:00","flight":"U2708"},{"day":1,"utc":"19:51:00","flight":"U2200"},{"day":1,"utc":"16:55:00","flight":"U2393"},{"day":2,"utc":"20:37:00","flight":"U2860"},{"day":2,"utc":"04:59:00","flight":"U2270"},{"day":2,"utc":"23:30:00","flight":"U2799"},{"day":2,"utc":"14:31:00","flight":"U2844"},{"day":2,"utc":"02:16:00","flight":"U2110"},{"day":3,"utc":"22:00:00","flight":"U2916"},{"day":4,"utc":"16:05:00","flight":"U2824"},{"day":4,"utc":"16:16:00","flight":"U2540"},{"day":4,"utc":"04:47:00","flight":"U2824"},{"day":5,"utc":"18:09:00","flight":"U2936"},{"day":6,"utc":"09:23:00","flight":"U2220"}],"distance":1144.1104602007113}