{"id":20523,"type":"route","airline":"DL","airlineid":"airline_2009","sourceairport":"DAB","destinationairport":"ATL","stops":0,"equipment":"M90 757 M88","schedule":[{"day":0,"utc":"10:29:00","flight":"DL013"},{"day":1,"utc":"08:17:00","flight":"DL450"},{"day":1,"utc":"21:15:00","flight":"DL290"},{"day":1,"utc":"02:47:00","flight":"DL520"},{"day":1,"utc":"04:39:00","flight":"DL386"},{"day":1,"utc":"23:27:00","flight":"DL334"},{"day":2,"utc":"10:29:00","flight":"DL407"},{"day":2,"utc":"23:23:00","flight":"DL316"},{"day":2,"utc":"23:15:00","flight":"DL629"},{"day":2,"utc":"17:15:00","flight":"DL357"},{"day":2,"utc":"11:23:00","flight":"DL362"},{"day":3,"utc":"21:03:00","flight":"DL595"},{"day":3,"utc":"19:34:00","flight":"DL892"},{"day":3,"utc":"23:43:00","flight":"DL902"},{"day":3,"utc":"17:31:00","flight":"DL820"},{"day":3,"utc":"01:00:00","flight":"DL719"},{"day":4,"utc":"09:21:00","flight":"DL203"},{"day":5,"utc":"02:16:00","flight":"DL022"},{"day":6,"utc":"09:15:00","flight":"DL101"},{"day":6,"utc":"10:10:00","flight":"DL483"},{"day":6,"utc":"15:38:00","flight":"DL013"},{"day":6,"utc":"08:52:00","flight":"DL246"},{"day":6,"utc":"01:25:00","flight":"DL353"}],"distance":589.71316406233}