{"id":25320,"type":"route","airline":"FL","airlineid":"airline_1316","sourceairport":"MKE","destinationairport":"FLL","stops":0,"equipment":"73W","schedule":[{"day":0,"utc":"12:58:00","flight":"FL847"},{"day":0,"utc":"09:21:00","flight":"FL674"},{"day":0,"utc":"20:12:00","flight":"FL280"},{"day":0,"utc":"06:20:00","flight":"FL539"},{"day":1,"utc":"11:15:00","flight":"FL862"},{"day":1,"utc":"15:50:00","flight":"FL227"},{"day":1,"utc":"15:47:00","flight":"FL082"},{"day":2,"utc":"14:37:00","flight":"FL326"},{"day":2,"utc":"07:31:00","flight":"FL030"},{"day":2,"utc":"10:08:00","flight":"FL027"},{"day":3,"utc":"00:55:00","flight":"FL369"},{"day":3,"utc":"07:16:00","flight":"FL420"},{"day":3,"utc":"01:27:00","flight":"FL756"},{"day":3,"utc":"09:24:00","flight":"FL972"},{"day":4,"utc":"05:35:00","flight":"FL798"},{"day":4,"utc":"20:51:00","flight":"FL082"},{"day":4,"utc":"18:50:00","flight":"FL672"},{"day":4,"utc":"21:49:00","flight":"FL892"},{"day":5,"utc":"03:43:00","flight":"FL753"},{"day":6,"utc":"02:03:00","flight":"FL294"}]}