{"id":1452,"type":"route","airline":"4U","airlineid":"airline_2548","sourceairport":"HAM","destinationairport":"MAN","stops":0,"equipment":"CRJ","schedule":[{"day":0,"utc":"20:54:00","flight":"4U139"},{"day":1,"utc":"18:24:00","flight":"4U170"},{"day":1,"utc":"17:12:00","flight":"4U062"},{"day":1,"utc":"07:40:00","flight":"4U125"},{"day":2,"utc":"02:06:00","flight":"4U242"},{"day":3,"utc":"21:14:00","flight":"4U627"},{"day":4,"utc":"19:38:00","flight":"4U088"},{"day":4,"utc":"12:23:00","flight":"4U398"},{"day":5,"utc":"18:45:00","flight":"4U714"},{"day":5,"utc":"07:03:00","flight":"4U100"},{"day":5,"utc":"05:54:00","flight":"4U398"},{"day":6,"utc":"09:26:00","flight":"4U203"}]}