{"id":9894,"type":"route","airline":"AF","airlineid":"airline_137","sourceairport":"PTP","destinationairport":"ORY","stops":0,"equipment":"77W","schedule":[{"day":0,"utc":"06:18:00","flight":"AF891"},{"day":0,"utc":"11:19:00","flight":"AF131"},{"day":0,"utc":"01:15:00","flight":"AF249"},{"day":0,"utc":"06:04:00","flight":"AF298"},{"day":0,"utc":"06:12:00","flight":"AF204"},{"day":1,"utc":"10:14:00","flight":"AF258"},{"day":1,"utc":"00:06:00","flight":"AF707"},{"day":1,"utc":"01:56:00","flight":"AF432"},{"day":1,"utc":"16:12:00","flight":"AF134"},{"day":2,"utc":"09:26:00","flight":"AF284"},{"day":2,"utc":"17:04:00","flight":"AF279"},{"day":3,"utc":"15:22:00","flight":"AF350"},{"day":3,"utc":"03:24:00","flight":"AF199"},{"day":3,"utc":"10:46:00","flight":"AF241"},{"day":3,"utc":"01:37:00","flight":"AF240"},{"day":3,"utc":"19:40:00","flight":"AF632"},{"day":4,"utc":"12:43:00","flight":"AF894"},{"day":5,"utc":"08:45:00","flight":"AF242"},{"day":6,"utc":"23:10:00","flight":"AF602"}]}