{"id":59984,"type":"route","airline":"US","airlineid":"airline_5265","sourceairport":"ORD","destinationairport":"XNA","stops":0,"equipment":"ER4 CR7","schedule":[{"day":0,"utc":"03:43:00","flight":"US754"},{"day":0,"utc":"18:36:00","flight":"US171"},{"day":0,"utc":"20:12:00","flight":"US160"},{"day":0,"utc":"13:23:00","flight":"US141"},{"day":1,"utc":"15:54:00","flight":"US171"},{"day":2,"utc":"02:52:00","flight":"US068"},{"day":2,"utc":"09:09:00","flight":"US693"},{"day":3,"utc":"03:17:00","flight":"US622"},{"day":3,"utc":"02:39:00","flight":"US934"},{"day":3,"utc":"17:25:00","flight":"US050"},{"day":4,"utc":"17:16:00","flight":"US760"},{"day":5,"utc":"22:03:00","flight":"US237"},{"day":5,"utc":"12:32:00","flight":"US756"},{"day":6,"utc":"18:21:00","flight":"US259"},{"day":6,"utc":"12:53:00","flight":"US746"},{"day":6,"utc":"02:15:00","flight":"US607"},{"day":6,"utc":"05:04:00","flight":"US211"},{"day":6,"utc":"19:07:00","flight":"US353"}]}