{"id":43460,"type":"route","airline":"NK","airlineid":"airline_4687","sourceairport":"LAS","destinationairport":"LAX","stops":0,"equipment":"319","schedule":[{"day":0,"utc":"06:43:00","flight":"NK324"},{"day":0,"utc":"09:45:00","flight":"NK397"},{"day":0,"utc":"09:18:00","flight":"NK799"},{"day":1,"utc":"17:08:00","flight":"NK268"},{"day":1,"utc":"23:45:00","flight":"NK935"},{"day":2,"utc":"08:10:00","flight":"NK748"},{"day":2,"utc":"02:03:00","flight":"NK156"},{"day":2,"utc":"06:51:00","flight":"NK387"},{"day":2,"utc":"18:30:00","flight":"NK143"},{"day":2,"utc":"07:23:00","flight":"NK778"},{"day":3,"utc":"10:13:00","flight":"NK431"},{"day":3,"utc":"05:33:00","flight":"NK757"},{"day":4,"utc":"05:14:00","flight":"NK444"},{"day":5,"utc":"21:12:00","flight":"NK693"},{"day":5,"utc":"18:11:00","flight":"NK952"},{"day":5,"utc":"17:29:00","flight":"NK139"},{"day":5,"utc":"16:24:00","flight":"NK299"},{"day":6,"utc":"07:42:00","flight":"NK408"},{"day":6,"utc":"11:35:00","flight":"NK447"},{"day":6,"utc":"18:15:00","flight":"NK972"}]}