{"id":53389,"type":"route","airline":"TO","airlineid":"airline_8745","sourceairport":"PMI","destinationairport":"DSA","stops":0,"equipment":"73H","schedule":[{"day":0,"utc":"21:31:00","flight":"TO379"},{"day":0,"utc":"18:07:00","flight":"TO492"},{"day":0,"utc":"23:27:00","flight":"TO252"},{"day":1,"utc":"02:24:00","flight":"TO637"},{"day":1,"utc":"19:10:00","flight":"TO073"},{"day":1,"utc":"02:32:00","flight":"TO950"},{"day":1,"utc":"11:15:00","flight":"TO892"},{"day":1,"utc":"09:29:00","flight":"TO597"},{"day":2,"utc":"18:29:00","flight":"TO293"},{"day":3,"utc":"03:00:00","flight":"TO779"},{"day":3,"utc":"23:42:00","flight":"TO725"},{"day":3,"utc":"12:14:00","flight":"TO680"},{"day":3,"utc":"01:47:00","flight":"TO075"},{"day":4,"utc":"15:44:00","flight":"TO864"},{"day":4,"utc":"08:09:00","flight":"TO710"},{"day":4,"utc":"22:30:00","flight":"TO096"},{"day":5,"utc":"06:02:00","flight":"TO386"},{"day":5,"utc":"18:40:00","flight":"TO811"},{"day":5,"utc":"17:01:00","flight":"TO131"},{"day":5,"utc":"14:36:00","flight":"TO990"},{"day":5,"utc":"20:33:00","flight":"TO006"},{"day":6,"utc":"04:56:00","flight":"TO823"},{"day":6,"utc":"09:24:00","flight":"TO939"},{"day":6,"utc":"19:15:00","flight":"TO735"},{"day":6,"utc":"14:15:00","flight":"TO474"},{"day":6,"utc":"08:58:00","flight":"TO531"}]}