{"id":26864,"type":"route","airline":"FR","airlineid":"airline_4296","sourceairport":"GDN","destinationairport":"EDI","stops":0,"equipment":"738","schedule":[{"day":0,"utc":"03:06:00","flight":"FR721"},{"day":0,"utc":"12:05:00","flight":"FR683"},{"day":1,"utc":"11:16:00","flight":"FR790"},{"day":1,"utc":"02:17:00","flight":"FR524"},{"day":2,"utc":"06:52:00","flight":"FR034"},{"day":3,"utc":"02:12:00","flight":"FR633"},{"day":4,"utc":"09:10:00","flight":"FR331"},{"day":4,"utc":"16:27:00","flight":"FR398"},{"day":4,"utc":"00:45:00","flight":"FR630"},{"day":4,"utc":"23:44:00","flight":"FR310"},{"day":4,"utc":"08:40:00","flight":"FR643"},{"day":5,"utc":"23:37:00","flight":"FR134"},{"day":5,"utc":"01:37:00","flight":"FR916"},{"day":5,"utc":"22:24:00","flight":"FR370"},{"day":6,"utc":"11:49:00","flight":"FR518"},{"day":6,"utc":"09:21:00","flight":"FR165"},{"day":6,"utc":"21:55:00","flight":"FR521"}],"distance":1392.1886463064823}