{"id":10064,"type":"route","airline":"AH","airlineid":"airline_794","sourceairport":"ALG","destinationairport":"CDG","stops":0,"equipment":"330 736 738","schedule":[{"day":0,"utc":"16:57:00","flight":"AH633"},{"day":0,"utc":"23:25:00","flight":"AH440"},{"day":0,"utc":"23:32:00","flight":"AH027"},{"day":1,"utc":"05:43:00","flight":"AH524"},{"day":1,"utc":"04:41:00","flight":"AH023"},{"day":2,"utc":"04:01:00","flight":"AH448"},{"day":2,"utc":"23:56:00","flight":"AH028"},{"day":2,"utc":"00:57:00","flight":"AH509"},{"day":2,"utc":"17:22:00","flight":"AH980"},{"day":2,"utc":"13:27:00","flight":"AH875"},{"day":3,"utc":"16:25:00","flight":"AH768"},{"day":3,"utc":"21:09:00","flight":"AH197"},{"day":4,"utc":"17:50:00","flight":"AH980"},{"day":5,"utc":"11:28:00","flight":"AH276"},{"day":5,"utc":"20:56:00","flight":"AH332"},{"day":5,"utc":"09:56:00","flight":"AH317"},{"day":6,"utc":"14:36:00","flight":"AH263"}]}