{"id":46969,"type":"route","airline":"QF","airlineid":"airline_4089","sourceairport":"LAX","destinationairport":"SYD","stops":0,"equipment":"388 744","schedule":[{"day":0,"utc":"15:38:00","flight":"QF760"},{"day":0,"utc":"03:54:00","flight":"QF939"},{"day":0,"utc":"04:57:00","flight":"QF077"},{"day":1,"utc":"21:22:00","flight":"QF811"},{"day":1,"utc":"19:14:00","flight":"QF566"},{"day":1,"utc":"14:53:00","flight":"QF597"},{"day":1,"utc":"11:33:00","flight":"QF187"},{"day":2,"utc":"22:48:00","flight":"QF302"},{"day":2,"utc":"20:17:00","flight":"QF685"},{"day":2,"utc":"06:29:00","flight":"QF882"},{"day":3,"utc":"14:32:00","flight":"QF018"},{"day":4,"utc":"00:32:00","flight":"QF338"},{"day":5,"utc":"09:46:00","flight":"QF481"},{"day":5,"utc":"15:54:00","flight":"QF950"},{"day":5,"utc":"10:04:00","flight":"QF039"},{"day":5,"utc":"05:56:00","flight":"QF867"},{"day":5,"utc":"02:38:00","flight":"QF253"},{"day":6,"utc":"15:14:00","flight":"QF591"},{"day":6,"utc":"04:44:00","flight":"QF197"},{"day":6,"utc":"14:21:00","flight":"QF351"},{"day":6,"utc":"03:05:00","flight":"QF833"},{"day":6,"utc":"13:39:00","flight":"QF742"}],"distance":12061.106374250106}