{"id":24500,"type":"route","airline":"F9","airlineid":"airline_2468","sourceairport":"RSW","destinationairport":"ILG","stops":0,"equipment":"320","schedule":[{"day":0,"utc":"12:03:00","flight":"F9996"},{"day":0,"utc":"16:39:00","flight":"F9827"},{"day":0,"utc":"10:03:00","flight":"F9430"},{"day":1,"utc":"19:09:00","flight":"F9824"},{"day":1,"utc":"23:07:00","flight":"F9616"},{"day":1,"utc":"04:54:00","flight":"F9655"},{"day":2,"utc":"10:28:00","flight":"F9223"},{"day":2,"utc":"11:49:00","flight":"F9409"},{"day":2,"utc":"22:35:00","flight":"F9341"},{"day":2,"utc":"16:14:00","flight":"F9706"},{"day":3,"utc":"09:29:00","flight":"F9503"},{"day":4,"utc":"19:40:00","flight":"F9844"},{"day":4,"utc":"11:12:00","flight":"F9166"},{"day":4,"utc":"14:27:00","flight":"F9351"},{"day":5,"utc":"21:02:00","flight":"F9661"},{"day":6,"utc":"08:23:00","flight":"F9367"},{"day":6,"utc":"01:55:00","flight":"F9987"},{"day":6,"utc":"19:44:00","flight":"F9935"},{"day":6,"utc":"05:28:00","flight":"F9616"},{"day":6,"utc":"17:07:00","flight":"F9943"}]}