{"id":63434,"type":"route","airline":"WN","airlineid":"airline_4547","sourceairport":"ALB","destinationairport":"MDW","stops":0,"equipment":"73W 73H","schedule":[{"day":0,"utc":"20:04:00","flight":"WN421"},{"day":0,"utc":"11:42:00","flight":"WN863"},{"day":0,"utc":"21:04:00","flight":"WN090"},{"day":1,"utc":"06:37:00","flight":"WN316"},{"day":1,"utc":"07:26:00","flight":"WN976"},{"day":1,"utc":"14:56:00","flight":"WN239"},{"day":2,"utc":"21:11:00","flight":"WN577"},{"day":2,"utc":"08:36:00","flight":"WN995"},{"day":3,"utc":"04:04:00","flight":"WN386"},{"day":3,"utc":"21:17:00","flight":"WN703"},{"day":3,"utc":"23:01:00","flight":"WN158"},{"day":4,"utc":"01:22:00","flight":"WN947"},{"day":5,"utc":"15:27:00","flight":"WN814"},{"day":6,"utc":"21:12:00","flight":"WN621"}],"distance":1151.5999463247028}