{"id":47489,"type":"route","airline":"QR","airlineid":"airline_4091","sourceairport":"JFK","destinationairport":"LAS","stops":0,"equipment":"738","schedule":[{"day":0,"utc":"03:37:00","flight":"QR385"},{"day":1,"utc":"13:52:00","flight":"QR256"},{"day":1,"utc":"22:40:00","flight":"QR521"},{"day":2,"utc":"02:53:00","flight":"QR127"},{"day":2,"utc":"17:52:00","flight":"QR213"},{"day":2,"utc":"00:06:00","flight":"QR061"},{"day":2,"utc":"18:21:00","flight":"QR037"},{"day":3,"utc":"12:34:00","flight":"QR639"},{"day":4,"utc":"03:58:00","flight":"QR092"},{"day":4,"utc":"11:33:00","flight":"QR108"},{"day":4,"utc":"14:43:00","flight":"QR095"},{"day":4,"utc":"12:03:00","flight":"QR079"},{"day":5,"utc":"00:04:00","flight":"QR569"},{"day":5,"utc":"06:38:00","flight":"QR988"},{"day":5,"utc":"15:19:00","flight":"QR889"},{"day":5,"utc":"02:17:00","flight":"QR171"},{"day":6,"utc":"01:04:00","flight":"QR120"},{"day":6,"utc":"17:27:00","flight":"QR063"},{"day":6,"utc":"06:00:00","flight":"QR517"},{"day":6,"utc":"11:03:00","flight":"QR169"}]}