{"id":5510,"type":"route","airline":"AA","airlineid":"airline_24","sourceairport":"HHH","destinationairport":"CLT","stops":0,"equipment":"DH3","schedule":[{"day":0,"utc":"21:55:00","flight":"AA595"},{"day":0,"utc":"10:07:00","flight":"AA098"},{"day":0,"utc":"06:21:00","flight":"AA649"},{"day":0,"utc":"13:10:00","flight":"AA294"},{"day":0,"utc":"15:35:00","flight":"AA763"},{"day":1,"utc":"22:43:00","flight":"AA616"},{"day":2,"utc":"14:44:00","flight":"AA003"},{"day":2,"utc":"08:06:00","flight":"AA901"},{"day":2,"utc":"00:21:00","flight":"AA273"},{"day":2,"utc":"13:51:00","flight":"AA335"},{"day":3,"utc":"15:39:00","flight":"AA110"},{"day":3,"utc":"18:20:00","flight":"AA741"},{"day":3,"utc":"03:28:00","flight":"AA743"},{"day":4,"utc":"16:48:00","flight":"AA583"},{"day":4,"utc":"06:20:00","flight":"AA139"},{"day":5,"utc":"09:05:00","flight":"AA782"},{"day":5,"utc":"22:50:00","flight":"AA833"},{"day":5,"utc":"12:02:00","flight":"AA713"},{"day":5,"utc":"14:41:00","flight":"AA185"},{"day":6,"utc":"16:18:00","flight":"AA562"},{"day":6,"utc":"03:27:00","flight":"AA714"},{"day":6,"utc":"23:56:00","flight":"AA140"}],"distance":333.83059123313376}