{"id":54628,"type":"route","airline":"U2","airlineid":"airline_2297","sourceairport":"CAG","destinationairport":"MXP","stops":0,"equipment":"320 319","schedule":[{"day":0,"utc":"23:45:00","flight":"U2643"},{"day":1,"utc":"09:13:00","flight":"U2065"},{"day":1,"utc":"02:26:00","flight":"U2994"},{"day":1,"utc":"22:21:00","flight":"U2112"},{"day":1,"utc":"19:47:00","flight":"U2939"},{"day":1,"utc":"17:25:00","flight":"U2641"},{"day":2,"utc":"01:11:00","flight":"U2111"},{"day":2,"utc":"02:21:00","flight":"U2119"},{"day":2,"utc":"19:55:00","flight":"U2201"},{"day":3,"utc":"07:16:00","flight":"U2572"},{"day":3,"utc":"09:45:00","flight":"U2727"},{"day":4,"utc":"14:23:00","flight":"U2339"},{"day":4,"utc":"02:35:00","flight":"U2071"},{"day":4,"utc":"12:49:00","flight":"U2674"},{"day":5,"utc":"16:55:00","flight":"U2100"},{"day":5,"utc":"19:40:00","flight":"U2218"},{"day":5,"utc":"21:46:00","flight":"U2368"},{"day":6,"utc":"05:21:00","flight":"U2817"},{"day":6,"utc":"19:19:00","flight":"U2676"},{"day":6,"utc":"21:33:00","flight":"U2058"},{"day":6,"utc":"16:09:00","flight":"U2793"}],"distance":709.830631123221}