{"id":61772,"type":"route","airline":"VS","airlineid":"airline_5347","sourceairport":"LHR","destinationairport":"HKG","stops":0,"equipment":"346","schedule":[{"day":0,"utc":"01:57:00","flight":"VS012"},{"day":0,"utc":"00:00:00","flight":"VS615"},{"day":0,"utc":"23:49:00","flight":"VS824"},{"day":0,"utc":"00:16:00","flight":"VS845"},{"day":1,"utc":"08:53:00","flight":"VS596"},{"day":1,"utc":"19:43:00","flight":"VS315"},{"day":1,"utc":"16:27:00","flight":"VS409"},{"day":1,"utc":"12:59:00","flight":"VS720"},{"day":2,"utc":"01:36:00","flight":"VS884"},{"day":2,"utc":"15:31:00","flight":"VS311"},{"day":2,"utc":"23:40:00","flight":"VS551"},{"day":3,"utc":"05:07:00","flight":"VS631"},{"day":3,"utc":"11:56:00","flight":"VS524"},{"day":3,"utc":"06:39:00","flight":"VS561"},{"day":4,"utc":"12:38:00","flight":"VS995"},{"day":4,"utc":"17:48:00","flight":"VS356"},{"day":4,"utc":"23:58:00","flight":"VS720"},{"day":5,"utc":"00:44:00","flight":"VS414"},{"day":6,"utc":"21:22:00","flight":"VS284"},{"day":6,"utc":"20:20:00","flight":"VS698"}],"distance":9630.333090436143}