{"id":57669,"type":"route","airline":"UA","airlineid":"airline_5209","sourceairport":"SFO","destinationairport":"MOD","stops":0,"equipment":"EM2","schedule":[{"day":0,"utc":"20:20:00","flight":"UA477"},{"day":0,"utc":"18:47:00","flight":"UA219"},{"day":0,"utc":"16:53:00","flight":"UA162"},{"day":1,"utc":"18:17:00","flight":"UA439"},{"day":1,"utc":"20:28:00","flight":"UA291"},{"day":2,"utc":"15:43:00","flight":"UA965"},{"day":2,"utc":"23:15:00","flight":"UA681"},{"day":2,"utc":"09:13:00","flight":"UA712"},{"day":2,"utc":"02:12:00","flight":"UA883"},{"day":3,"utc":"22:08:00","flight":"UA784"},{"day":3,"utc":"04:26:00","flight":"UA816"},{"day":3,"utc":"09:33:00","flight":"UA070"},{"day":3,"utc":"12:25:00","flight":"UA074"},{"day":4,"utc":"23:21:00","flight":"UA941"},{"day":4,"utc":"08:45:00","flight":"UA734"},{"day":5,"utc":"00:19:00","flight":"UA402"},{"day":5,"utc":"03:02:00","flight":"UA261"},{"day":5,"utc":"21:39:00","flight":"UA382"},{"day":6,"utc":"08:54:00","flight":"UA317"},{"day":6,"utc":"14:42:00","flight":"UA219"},{"day":6,"utc":"11:27:00","flight":"UA430"},{"day":6,"utc":"07:46:00","flight":"UA559"}]}