{"id":12750,"type":"route","airline":"AY","airlineid":"airline_2350","sourceairport":"JFK","destinationairport":"MXP","stops":0,"equipment":"763","schedule":[{"day":0,"utc":"21:14:00","flight":"AY070"},{"day":0,"utc":"17:45:00","flight":"AY234"},{"day":0,"utc":"18:44:00","flight":"AY063"},{"day":0,"utc":"06:03:00","flight":"AY964"},{"day":0,"utc":"06:58:00","flight":"AY666"},{"day":1,"utc":"11:45:00","flight":"AY059"},{"day":1,"utc":"14:39:00","flight":"AY446"},{"day":1,"utc":"05:33:00","flight":"AY433"},{"day":1,"utc":"19:50:00","flight":"AY998"},{"day":1,"utc":"08:40:00","flight":"AY936"},{"day":2,"utc":"06:35:00","flight":"AY326"},{"day":2,"utc":"15:19:00","flight":"AY894"},{"day":2,"utc":"10:02:00","flight":"AY024"},{"day":3,"utc":"12:22:00","flight":"AY014"},{"day":3,"utc":"01:16:00","flight":"AY740"},{"day":3,"utc":"19:00:00","flight":"AY608"},{"day":3,"utc":"09:43:00","flight":"AY005"},{"day":3,"utc":"07:14:00","flight":"AY167"},{"day":4,"utc":"09:05:00","flight":"AY033"},{"day":4,"utc":"20:56:00","flight":"AY775"},{"day":4,"utc":"00:25:00","flight":"AY191"},{"day":4,"utc":"22:21:00","flight":"AY714"},{"day":5,"utc":"09:40:00","flight":"AY121"},{"day":6,"utc":"03:49:00","flight":"AY673"}],"distance":6412.751099946168}