{"id":25349,"type":"route","airline":"FL","airlineid":"airline_1316","sourceairport":"MSY","destinationairport":"FLL","stops":0,"equipment":"73W 73C","schedule":[{"day":0,"utc":"03:47:00","flight":"FL895"},{"day":0,"utc":"14:09:00","flight":"FL608"},{"day":1,"utc":"01:16:00","flight":"FL486"},{"day":1,"utc":"10:46:00","flight":"FL543"},{"day":2,"utc":"03:45:00","flight":"FL390"},{"day":2,"utc":"10:06:00","flight":"FL008"},{"day":2,"utc":"12:49:00","flight":"FL494"},{"day":2,"utc":"01:14:00","flight":"FL715"},{"day":3,"utc":"23:43:00","flight":"FL684"},{"day":4,"utc":"17:34:00","flight":"FL628"},{"day":4,"utc":"13:52:00","flight":"FL956"},{"day":4,"utc":"17:07:00","flight":"FL952"},{"day":4,"utc":"11:26:00","flight":"FL658"},{"day":4,"utc":"20:43:00","flight":"FL514"},{"day":5,"utc":"10:12:00","flight":"FL698"},{"day":5,"utc":"01:38:00","flight":"FL369"},{"day":5,"utc":"02:57:00","flight":"FL037"},{"day":5,"utc":"08:12:00","flight":"FL937"},{"day":6,"utc":"11:10:00","flight":"FL690"},{"day":6,"utc":"10:40:00","flight":"FL217"}],"distance":1082.8272560591784}