{"id":62261,"type":"route","airline":"VY","airlineid":"airline_2439","sourceairport":"FCO","destinationairport":"NTE","stops":0,"equipment":"320","schedule":[{"day":0,"utc":"08:54:00","flight":"VY144"},{"day":0,"utc":"02:41:00","flight":"VY290"},{"day":0,"utc":"03:18:00","flight":"VY199"},{"day":1,"utc":"06:41:00","flight":"VY067"},{"day":2,"utc":"09:38:00","flight":"VY560"},{"day":2,"utc":"06:26:00","flight":"VY109"},{"day":2,"utc":"21:39:00","flight":"VY994"},{"day":3,"utc":"13:05:00","flight":"VY999"},{"day":3,"utc":"21:22:00","flight":"VY736"},{"day":3,"utc":"02:42:00","flight":"VY038"},{"day":4,"utc":"12:36:00","flight":"VY223"},{"day":4,"utc":"18:43:00","flight":"VY639"},{"day":4,"utc":"10:33:00","flight":"VY154"},{"day":4,"utc":"09:57:00","flight":"VY176"},{"day":5,"utc":"11:34:00","flight":"VY476"},{"day":5,"utc":"19:22:00","flight":"VY439"},{"day":5,"utc":"08:47:00","flight":"VY350"},{"day":6,"utc":"12:59:00","flight":"VY185"},{"day":6,"utc":"19:23:00","flight":"VY963"},{"day":6,"utc":"22:03:00","flight":"VY647"},{"day":6,"utc":"23:04:00","flight":"VY386"},{"day":6,"utc":"12:22:00","flight":"VY184"}]}