{"id":6063,"type":"route","airline":"AA","airlineid":"airline_24","sourceairport":"MIA","destinationairport":"LRM","stops":0,"equipment":"ER4","schedule":[{"day":0,"utc":"03:01:00","flight":"AA185"},{"day":0,"utc":"12:44:00","flight":"AA126"},{"day":0,"utc":"10:59:00","flight":"AA648"},{"day":1,"utc":"23:19:00","flight":"AA090"},{"day":1,"utc":"15:56:00","flight":"AA278"},{"day":2,"utc":"22:54:00","flight":"AA099"},{"day":2,"utc":"11:05:00","flight":"AA309"},{"day":3,"utc":"23:08:00","flight":"AA202"},{"day":3,"utc":"20:23:00","flight":"AA452"},{"day":4,"utc":"20:37:00","flight":"AA856"},{"day":5,"utc":"00:16:00","flight":"AA114"},{"day":5,"utc":"15:49:00","flight":"AA653"},{"day":5,"utc":"23:32:00","flight":"AA411"},{"day":5,"utc":"03:19:00","flight":"AA210"},{"day":6,"utc":"06:32:00","flight":"AA096"},{"day":6,"utc":"12:20:00","flight":"AA084"},{"day":6,"utc":"10:45:00","flight":"AA455"},{"day":6,"utc":"05:20:00","flight":"AA965"},{"day":6,"utc":"13:35:00","flight":"AA318"}],"distance":1427.2304396588563}