{"id":20361,"type":"route","airline":"DL","airlineid":"airline_2009","sourceairport":"BRD","destinationairport":"MSP","stops":0,"equipment":"CRJ","schedule":[{"day":0,"utc":"02:28:00","flight":"DL805"},{"day":0,"utc":"06:59:00","flight":"DL731"},{"day":0,"utc":"11:02:00","flight":"DL673"},{"day":0,"utc":"20:26:00","flight":"DL273"},{"day":0,"utc":"17:47:00","flight":"DL641"},{"day":1,"utc":"17:13:00","flight":"DL070"},{"day":2,"utc":"12:15:00","flight":"DL343"},{"day":2,"utc":"02:00:00","flight":"DL778"},{"day":2,"utc":"20:40:00","flight":"DL500"},{"day":2,"utc":"01:20:00","flight":"DL070"},{"day":3,"utc":"18:26:00","flight":"DL038"},{"day":3,"utc":"09:18:00","flight":"DL055"},{"day":3,"utc":"21:31:00","flight":"DL374"},{"day":4,"utc":"11:20:00","flight":"DL346"},{"day":4,"utc":"16:46:00","flight":"DL149"},{"day":4,"utc":"23:42:00","flight":"DL381"},{"day":4,"utc":"13:19:00","flight":"DL909"},{"day":5,"utc":"16:39:00","flight":"DL863"},{"day":6,"utc":"16:34:00","flight":"DL832"},{"day":6,"utc":"03:57:00","flight":"DL018"}],"distance":183.03822721115475}