{"id":36645,"type":"route","airline":"KL","airlineid":"airline_3090","sourceairport":"GPT","destinationairport":"ATL","stops":0,"equipment":"M88 CRJ CR7","schedule":[{"day":0,"utc":"07:41:00","flight":"KL555"},{"day":1,"utc":"05:54:00","flight":"KL417"},{"day":1,"utc":"08:54:00","flight":"KL764"},{"day":1,"utc":"17:03:00","flight":"KL434"},{"day":2,"utc":"12:53:00","flight":"KL341"},{"day":2,"utc":"00:36:00","flight":"KL722"},{"day":2,"utc":"03:02:00","flight":"KL192"},{"day":3,"utc":"21:36:00","flight":"KL708"},{"day":3,"utc":"13:47:00","flight":"KL774"},{"day":3,"utc":"03:58:00","flight":"KL316"},{"day":3,"utc":"10:36:00","flight":"KL537"},{"day":4,"utc":"07:13:00","flight":"KL604"},{"day":4,"utc":"10:27:00","flight":"KL687"},{"day":4,"utc":"20:34:00","flight":"KL550"},{"day":4,"utc":"08:56:00","flight":"KL165"},{"day":5,"utc":"07:40:00","flight":"KL940"},{"day":5,"utc":"16:03:00","flight":"KL558"},{"day":5,"utc":"04:43:00","flight":"KL463"},{"day":5,"utc":"20:20:00","flight":"KL934"},{"day":6,"utc":"02:42:00","flight":"KL105"},{"day":6,"utc":"21:58:00","flight":"KL297"}],"distance":565.980818087661}