{"id":14768,"type":"route","airline":"BA","airlineid":"airline_1355","sourceairport":"LHR","destinationairport":"RTM","stops":0,"equipment":"319","schedule":[{"day":0,"utc":"08:57:00","flight":"BA552"},{"day":0,"utc":"00:10:00","flight":"BA000"},{"day":1,"utc":"11:44:00","flight":"BA071"},{"day":1,"utc":"06:59:00","flight":"BA438"},{"day":2,"utc":"13:09:00","flight":"BA571"},{"day":3,"utc":"22:19:00","flight":"BA193"},{"day":3,"utc":"00:14:00","flight":"BA955"},{"day":3,"utc":"11:29:00","flight":"BA831"},{"day":4,"utc":"18:00:00","flight":"BA592"},{"day":4,"utc":"19:50:00","flight":"BA780"},{"day":4,"utc":"21:25:00","flight":"BA489"},{"day":4,"utc":"09:59:00","flight":"BA354"},{"day":5,"utc":"12:45:00","flight":"BA978"},{"day":5,"utc":"14:47:00","flight":"BA399"},{"day":5,"utc":"23:42:00","flight":"BA697"},{"day":5,"utc":"08:14:00","flight":"BA076"},{"day":5,"utc":"15:43:00","flight":"BA031"},{"day":6,"utc":"20:21:00","flight":"BA859"},{"day":6,"utc":"16:56:00","flight":"BA131"},{"day":6,"utc":"05:55:00","flight":"BA460"}]}