{"id":6009,"type":"route","airline":"AA","airlineid":"airline_24","sourceairport":"MIA","destinationairport":"BGI","stops":0,"equipment":"757","schedule":[{"day":0,"utc":"01:19:00","flight":"AA249"},{"day":0,"utc":"02:37:00","flight":"AA829"},{"day":0,"utc":"02:53:00","flight":"AA402"},{"day":1,"utc":"17:08:00","flight":"AA507"},{"day":1,"utc":"09:07:00","flight":"AA614"},{"day":1,"utc":"20:53:00","flight":"AA603"},{"day":2,"utc":"18:30:00","flight":"AA197"},{"day":3,"utc":"08:04:00","flight":"AA368"},{"day":3,"utc":"05:56:00","flight":"AA607"},{"day":4,"utc":"17:56:00","flight":"AA090"},{"day":4,"utc":"06:27:00","flight":"AA057"},{"day":5,"utc":"12:11:00","flight":"AA267"},{"day":5,"utc":"20:16:00","flight":"AA886"},{"day":5,"utc":"18:02:00","flight":"AA757"},{"day":5,"utc":"02:43:00","flight":"AA974"},{"day":6,"utc":"16:25:00","flight":"AA410"},{"day":6,"utc":"01:24:00","flight":"AA200"}],"distance":2592.981442749999}