{"id":9943,"type":"route","airline":"AF","airlineid":"airline_137","sourceairport":"SHE","destinationairport":"CAN","stops":0,"equipment":"320","schedule":[{"day":0,"utc":"04:03:00","flight":"AF013"},{"day":0,"utc":"13:03:00","flight":"AF029"},{"day":0,"utc":"13:07:00","flight":"AF552"},{"day":1,"utc":"19:24:00","flight":"AF519"},{"day":1,"utc":"05:06:00","flight":"AF649"},{"day":1,"utc":"15:23:00","flight":"AF326"},{"day":1,"utc":"15:45:00","flight":"AF707"},{"day":1,"utc":"03:15:00","flight":"AF930"},{"day":2,"utc":"16:00:00","flight":"AF391"},{"day":2,"utc":"12:59:00","flight":"AF972"},{"day":2,"utc":"21:32:00","flight":"AF327"},{"day":2,"utc":"12:18:00","flight":"AF712"},{"day":2,"utc":"10:36:00","flight":"AF719"},{"day":3,"utc":"15:53:00","flight":"AF905"},{"day":4,"utc":"18:33:00","flight":"AF101"},{"day":4,"utc":"02:34:00","flight":"AF565"},{"day":5,"utc":"05:06:00","flight":"AF218"},{"day":5,"utc":"08:43:00","flight":"AF118"},{"day":5,"utc":"05:17:00","flight":"AF449"},{"day":6,"utc":"14:58:00","flight":"AF691"},{"day":6,"utc":"23:26:00","flight":"AF526"},{"day":6,"utc":"00:08:00","flight":"AF679"},{"day":6,"utc":"02:49:00","flight":"AF778"}],"distance":2205.682127669382}