{"id":4725,"type":"route","airline":"AA","airlineid":"airline_24","sourceairport":"AUS","destinationairport":"PHL","stops":0,"equipment":"319 E90","schedule":[{"day":0,"utc":"08:01:00","flight":"AA725"},{"day":0,"utc":"01:56:00","flight":"AA998"},{"day":0,"utc":"11:34:00","flight":"AA668"},{"day":0,"utc":"11:39:00","flight":"AA806"},{"day":1,"utc":"13:01:00","flight":"AA238"},{"day":1,"utc":"16:31:00","flight":"AA108"},{"day":1,"utc":"09:29:00","flight":"AA620"},{"day":2,"utc":"23:55:00","flight":"AA689"},{"day":2,"utc":"16:28:00","flight":"AA226"},{"day":2,"utc":"04:08:00","flight":"AA549"},{"day":2,"utc":"03:52:00","flight":"AA529"},{"day":2,"utc":"21:34:00","flight":"AA092"},{"day":3,"utc":"08:26:00","flight":"AA819"},{"day":4,"utc":"05:50:00","flight":"AA503"},{"day":4,"utc":"21:59:00","flight":"AA777"},{"day":4,"utc":"08:31:00","flight":"AA297"},{"day":4,"utc":"10:16:00","flight":"AA492"},{"day":5,"utc":"09:29:00","flight":"AA287"},{"day":5,"utc":"17:02:00","flight":"AA285"},{"day":5,"utc":"23:53:00","flight":"AA768"},{"day":5,"utc":"19:32:00","flight":"AA788"},{"day":5,"utc":"03:58:00","flight":"AA989"},{"day":6,"utc":"13:53:00","flight":"AA640"},{"day":6,"utc":"22:34:00","flight":"AA788"},{"day":6,"utc":"22:06:00","flight":"AA713"},{"day":6,"utc":"05:59:00","flight":"AA590"},{"day":6,"utc":"21:30:00","flight":"AA353"}]}