{"id":4623,"type":"route","airline":"A5","airlineid":"airline_1203","sourceairport":"SXB","destinationairport":"LYS","stops":0,"equipment":"CR7 CRK","schedule":[{"day":0,"utc":"03:25:00","flight":"A5758"},{"day":0,"utc":"09:55:00","flight":"A5660"},{"day":0,"utc":"14:24:00","flight":"A5291"},{"day":1,"utc":"04:56:00","flight":"A5784"},{"day":1,"utc":"09:47:00","flight":"A5271"},{"day":1,"utc":"22:52:00","flight":"A5032"},{"day":1,"utc":"01:46:00","flight":"A5569"},{"day":1,"utc":"17:43:00","flight":"A5470"},{"day":2,"utc":"20:23:00","flight":"A5622"},{"day":3,"utc":"05:50:00","flight":"A5151"},{"day":3,"utc":"11:06:00","flight":"A5803"},{"day":4,"utc":"05:45:00","flight":"A5521"},{"day":4,"utc":"18:20:00","flight":"A5259"},{"day":5,"utc":"05:49:00","flight":"A5445"},{"day":5,"utc":"17:31:00","flight":"A5393"},{"day":6,"utc":"02:52:00","flight":"A5587"}],"distance":366.83919627087755}