{"id":32590,"type":"route","airline":"IB","airlineid":"airline_2822","sourceairport":"LHR","destinationairport":"AUS","stops":0,"equipment":"788","schedule":[{"day":0,"utc":"16:52:00","flight":"IB955"},{"day":0,"utc":"22:54:00","flight":"IB205"},{"day":0,"utc":"16:54:00","flight":"IB752"},{"day":1,"utc":"14:36:00","flight":"IB129"},{"day":1,"utc":"02:05:00","flight":"IB257"},{"day":2,"utc":"03:14:00","flight":"IB190"},{"day":2,"utc":"22:31:00","flight":"IB190"},{"day":3,"utc":"10:50:00","flight":"IB284"},{"day":3,"utc":"00:44:00","flight":"IB090"},{"day":3,"utc":"16:44:00","flight":"IB083"},{"day":3,"utc":"23:19:00","flight":"IB657"},{"day":3,"utc":"07:35:00","flight":"IB081"},{"day":4,"utc":"09:05:00","flight":"IB171"},{"day":4,"utc":"10:53:00","flight":"IB492"},{"day":4,"utc":"07:49:00","flight":"IB211"},{"day":5,"utc":"07:38:00","flight":"IB168"},{"day":5,"utc":"15:19:00","flight":"IB639"},{"day":6,"utc":"16:45:00","flight":"IB105"},{"day":6,"utc":"17:02:00","flight":"IB723"},{"day":6,"utc":"05:37:00","flight":"IB734"},{"day":6,"utc":"08:31:00","flight":"IB148"}],"distance":7892.3919321797275}