{"id":11789,"type":"route","airline":"AS","airlineid":"airline_439","sourceairport":"OGG","destinationairport":"OAK","stops":0,"equipment":"73H","schedule":[{"day":0,"utc":"00:01:00","flight":"AS372"},{"day":0,"utc":"11:16:00","flight":"AS395"},{"day":0,"utc":"19:45:00","flight":"AS388"},{"day":0,"utc":"05:30:00","flight":"AS270"},{"day":1,"utc":"11:17:00","flight":"AS940"},{"day":1,"utc":"16:38:00","flight":"AS847"},{"day":2,"utc":"10:47:00","flight":"AS882"},{"day":2,"utc":"05:30:00","flight":"AS925"},{"day":2,"utc":"10:03:00","flight":"AS222"},{"day":2,"utc":"23:43:00","flight":"AS308"},{"day":2,"utc":"17:44:00","flight":"AS598"},{"day":3,"utc":"01:26:00","flight":"AS651"},{"day":3,"utc":"12:19:00","flight":"AS193"},{"day":4,"utc":"00:15:00","flight":"AS223"},{"day":5,"utc":"09:03:00","flight":"AS737"},{"day":5,"utc":"14:41:00","flight":"AS771"},{"day":6,"utc":"16:26:00","flight":"AS215"}],"distance":3777.0172184553585}