{"id":54926,"type":"route","airline":"U2","airlineid":"airline_2297","sourceairport":"LGW","destinationairport":"BJV","stops":0,"equipment":"320","schedule":[{"day":0,"utc":"11:20:00","flight":"U2249"},{"day":1,"utc":"02:15:00","flight":"U2988"},{"day":1,"utc":"13:15:00","flight":"U2755"},{"day":1,"utc":"17:16:00","flight":"U2702"},{"day":1,"utc":"00:54:00","flight":"U2717"},{"day":2,"utc":"07:44:00","flight":"U2964"},{"day":2,"utc":"19:26:00","flight":"U2815"},{"day":2,"utc":"22:10:00","flight":"U2314"},{"day":2,"utc":"00:37:00","flight":"U2101"},{"day":3,"utc":"21:30:00","flight":"U2993"},{"day":3,"utc":"06:04:00","flight":"U2658"},{"day":3,"utc":"00:38:00","flight":"U2159"},{"day":3,"utc":"05:31:00","flight":"U2881"},{"day":3,"utc":"00:31:00","flight":"U2601"},{"day":4,"utc":"17:28:00","flight":"U2114"},{"day":4,"utc":"13:34:00","flight":"U2547"},{"day":4,"utc":"16:28:00","flight":"U2786"},{"day":5,"utc":"12:23:00","flight":"U2337"},{"day":5,"utc":"18:31:00","flight":"U2096"},{"day":5,"utc":"06:21:00","flight":"U2438"},{"day":5,"utc":"06:04:00","flight":"U2126"},{"day":5,"utc":"15:44:00","flight":"U2118"},{"day":6,"utc":"00:56:00","flight":"U2340"}],"distance":2679.4994946497113}