{"id":63793,"type":"route","airline":"WN","airlineid":"airline_4547","sourceairport":"FLL","destinationairport":"BWI","stops":0,"equipment":"73W 73C 733","schedule":[{"day":0,"utc":"04:34:00","flight":"WN690"},{"day":0,"utc":"19:47:00","flight":"WN184"},{"day":1,"utc":"17:13:00","flight":"WN746"},{"day":1,"utc":"15:09:00","flight":"WN567"},{"day":2,"utc":"15:33:00","flight":"WN354"},{"day":2,"utc":"20:17:00","flight":"WN134"},{"day":2,"utc":"19:54:00","flight":"WN582"},{"day":2,"utc":"16:03:00","flight":"WN192"},{"day":2,"utc":"19:34:00","flight":"WN091"},{"day":3,"utc":"09:06:00","flight":"WN035"},{"day":3,"utc":"07:11:00","flight":"WN442"},{"day":3,"utc":"16:44:00","flight":"WN868"},{"day":4,"utc":"04:19:00","flight":"WN732"},{"day":4,"utc":"05:56:00","flight":"WN868"},{"day":5,"utc":"05:05:00","flight":"WN216"},{"day":6,"utc":"14:10:00","flight":"WN747"},{"day":6,"utc":"04:55:00","flight":"WN902"},{"day":6,"utc":"20:23:00","flight":"WN924"}]}