{"id":14849,"type":"route","airline":"BA","airlineid":"airline_1355","sourceairport":"NCE","destinationairport":"LHR","stops":0,"equipment":"319 320 321","schedule":[{"day":0,"utc":"10:54:00","flight":"BA497"},{"day":0,"utc":"01:45:00","flight":"BA820"},{"day":0,"utc":"23:24:00","flight":"BA292"},{"day":0,"utc":"00:31:00","flight":"BA170"},{"day":1,"utc":"06:12:00","flight":"BA952"},{"day":1,"utc":"18:20:00","flight":"BA224"},{"day":1,"utc":"09:43:00","flight":"BA134"},{"day":1,"utc":"07:14:00","flight":"BA239"},{"day":1,"utc":"15:22:00","flight":"BA994"},{"day":2,"utc":"07:58:00","flight":"BA147"},{"day":2,"utc":"07:09:00","flight":"BA980"},{"day":2,"utc":"19:36:00","flight":"BA224"},{"day":2,"utc":"12:54:00","flight":"BA472"},{"day":3,"utc":"12:04:00","flight":"BA938"},{"day":3,"utc":"01:42:00","flight":"BA116"},{"day":3,"utc":"08:55:00","flight":"BA087"},{"day":3,"utc":"14:56:00","flight":"BA212"},{"day":3,"utc":"16:22:00","flight":"BA845"},{"day":4,"utc":"06:41:00","flight":"BA948"},{"day":4,"utc":"12:18:00","flight":"BA212"},{"day":5,"utc":"20:37:00","flight":"BA795"},{"day":5,"utc":"01:49:00","flight":"BA643"},{"day":5,"utc":"23:31:00","flight":"BA508"},{"day":5,"utc":"10:14:00","flight":"BA493"},{"day":6,"utc":"08:13:00","flight":"BA238"},{"day":6,"utc":"02:38:00","flight":"BA147"},{"day":6,"utc":"11:40:00","flight":"BA748"}],"distance":1041.6595691368445}