{"id":49882,"type":"route","airline":"SK","airlineid":"airline_4319","sourceairport":"CPH","destinationairport":"LHR","stops":0,"equipment":"321 320 CR9","schedule":[{"day":0,"utc":"21:50:00","flight":"SK013"},{"day":0,"utc":"13:52:00","flight":"SK606"},{"day":0,"utc":"05:16:00","flight":"SK023"},{"day":0,"utc":"15:57:00","flight":"SK356"},{"day":1,"utc":"21:06:00","flight":"SK900"},{"day":2,"utc":"02:26:00","flight":"SK806"},{"day":2,"utc":"14:30:00","flight":"SK252"},{"day":3,"utc":"23:48:00","flight":"SK890"},{"day":4,"utc":"02:04:00","flight":"SK889"},{"day":4,"utc":"19:09:00","flight":"SK132"},{"day":5,"utc":"23:50:00","flight":"SK367"},{"day":6,"utc":"10:05:00","flight":"SK827"},{"day":6,"utc":"15:33:00","flight":"SK927"}]}