{"id":63793,"type":"route","airline":"WN","airlineid":"airline_4547","sourceairport":"FLL","destinationairport":"BWI","stops":0,"equipment":"73W 73C 733","schedule":[{"day":0,"utc":"16:36:00","flight":"WN874"},{"day":1,"utc":"13:59:00","flight":"WN633"},{"day":1,"utc":"21:05:00","flight":"WN378"},{"day":1,"utc":"17:51:00","flight":"WN024"},{"day":2,"utc":"06:27:00","flight":"WN871"},{"day":2,"utc":"12:17:00","flight":"WN726"},{"day":2,"utc":"05:52:00","flight":"WN336"},{"day":2,"utc":"21:45:00","flight":"WN582"},{"day":3,"utc":"14:16:00","flight":"WN374"},{"day":3,"utc":"23:22:00","flight":"WN830"},{"day":3,"utc":"10:03:00","flight":"WN972"},{"day":4,"utc":"05:10:00","flight":"WN681"},{"day":4,"utc":"22:05:00","flight":"WN240"},{"day":4,"utc":"21:52:00","flight":"WN256"},{"day":4,"utc":"01:42:00","flight":"WN737"},{"day":5,"utc":"22:51:00","flight":"WN384"},{"day":6,"utc":"09:14:00","flight":"WN181"}],"distance":1492.7081117814166}