{"id":50340,"type":"route","airline":"SN","airlineid":"airline_1531","sourceairport":"LHR","destinationairport":"BRU","stops":0,"equipment":"319 AR1","schedule":[{"day":0,"utc":"17:52:00","flight":"SN752"},{"day":1,"utc":"09:22:00","flight":"SN970"},{"day":1,"utc":"01:21:00","flight":"SN696"},{"day":1,"utc":"02:36:00","flight":"SN758"},{"day":1,"utc":"04:53:00","flight":"SN432"},{"day":2,"utc":"14:03:00","flight":"SN266"},{"day":2,"utc":"06:54:00","flight":"SN947"},{"day":2,"utc":"14:47:00","flight":"SN402"},{"day":3,"utc":"09:33:00","flight":"SN150"},{"day":3,"utc":"08:15:00","flight":"SN233"},{"day":4,"utc":"10:54:00","flight":"SN121"},{"day":4,"utc":"03:35:00","flight":"SN408"},{"day":5,"utc":"15:12:00","flight":"SN239"},{"day":6,"utc":"19:14:00","flight":"SN116"},{"day":6,"utc":"07:20:00","flight":"SN194"}],"distance":350.51119192900126}