{"id":27748,"type":"route","airline":"FR","airlineid":"airline_4296","sourceairport":"RIX","destinationairport":"MAN","stops":0,"equipment":"738","schedule":[{"day":0,"utc":"16:11:00","flight":"FR141"},{"day":0,"utc":"20:10:00","flight":"FR856"},{"day":0,"utc":"12:43:00","flight":"FR634"},{"day":0,"utc":"07:07:00","flight":"FR499"},{"day":0,"utc":"17:07:00","flight":"FR975"},{"day":1,"utc":"16:27:00","flight":"FR127"},{"day":2,"utc":"03:21:00","flight":"FR977"},{"day":2,"utc":"21:52:00","flight":"FR651"},{"day":3,"utc":"15:14:00","flight":"FR317"},{"day":3,"utc":"10:00:00","flight":"FR680"},{"day":3,"utc":"23:18:00","flight":"FR962"},{"day":3,"utc":"07:08:00","flight":"FR783"},{"day":4,"utc":"00:51:00","flight":"FR672"},{"day":4,"utc":"07:20:00","flight":"FR834"},{"day":4,"utc":"03:39:00","flight":"FR576"},{"day":5,"utc":"19:05:00","flight":"FR151"},{"day":5,"utc":"08:15:00","flight":"FR946"},{"day":6,"utc":"11:50:00","flight":"FR259"},{"day":6,"utc":"18:42:00","flight":"FR875"},{"day":6,"utc":"18:38:00","flight":"FR571"}]}