{"id":14506,"type":"route","airline":"BA","airlineid":"airline_1355","sourceairport":"EDI","destinationairport":"LCY","stops":0,"equipment":"E90 E70","schedule":[{"day":0,"utc":"03:59:00","flight":"BA949"},{"day":0,"utc":"05:17:00","flight":"BA050"},{"day":0,"utc":"16:45:00","flight":"BA485"},{"day":0,"utc":"07:37:00","flight":"BA579"},{"day":0,"utc":"18:29:00","flight":"BA152"},{"day":1,"utc":"20:51:00","flight":"BA897"},{"day":1,"utc":"15:34:00","flight":"BA275"},{"day":1,"utc":"17:06:00","flight":"BA286"},{"day":2,"utc":"00:50:00","flight":"BA844"},{"day":2,"utc":"17:25:00","flight":"BA429"},{"day":2,"utc":"15:18:00","flight":"BA465"},{"day":3,"utc":"18:00:00","flight":"BA722"},{"day":3,"utc":"07:27:00","flight":"BA494"},{"day":3,"utc":"05:50:00","flight":"BA738"},{"day":4,"utc":"14:23:00","flight":"BA464"},{"day":4,"utc":"08:06:00","flight":"BA331"},{"day":4,"utc":"10:28:00","flight":"BA443"},{"day":4,"utc":"05:51:00","flight":"BA293"},{"day":5,"utc":"03:15:00","flight":"BA222"},{"day":6,"utc":"21:46:00","flight":"BA421"}]}