{"id":22697,"type":"route","airline":"DY","airlineid":"airline_3737","sourceairport":"SVG","destinationairport":"MAN","stops":0,"equipment":"73H","schedule":[{"day":0,"utc":"14:47:00","flight":"DY867"},{"day":0,"utc":"15:05:00","flight":"DY818"},{"day":1,"utc":"22:45:00","flight":"DY740"},{"day":1,"utc":"06:30:00","flight":"DY923"},{"day":2,"utc":"12:18:00","flight":"DY769"},{"day":2,"utc":"11:24:00","flight":"DY496"},{"day":3,"utc":"06:55:00","flight":"DY310"},{"day":4,"utc":"04:41:00","flight":"DY208"},{"day":5,"utc":"03:20:00","flight":"DY360"},{"day":6,"utc":"06:55:00","flight":"DY050"},{"day":6,"utc":"12:47:00","flight":"DY295"},{"day":6,"utc":"03:52:00","flight":"DY513"}],"distance":784.9235800810158}