{"id":9806,"type":"route","airline":"AF","airlineid":"airline_137","sourceairport":"NCE","destinationairport":"TLV","stops":0,"equipment":"320","schedule":[{"day":0,"utc":"18:35:00","flight":"AF191"},{"day":0,"utc":"22:13:00","flight":"AF634"},{"day":0,"utc":"15:56:00","flight":"AF133"},{"day":1,"utc":"05:13:00","flight":"AF367"},{"day":1,"utc":"16:50:00","flight":"AF852"},{"day":2,"utc":"05:20:00","flight":"AF870"},{"day":2,"utc":"07:16:00","flight":"AF106"},{"day":2,"utc":"17:30:00","flight":"AF492"},{"day":2,"utc":"09:24:00","flight":"AF065"},{"day":3,"utc":"12:16:00","flight":"AF408"},{"day":3,"utc":"01:29:00","flight":"AF245"},{"day":3,"utc":"07:59:00","flight":"AF008"},{"day":3,"utc":"17:28:00","flight":"AF312"},{"day":3,"utc":"14:11:00","flight":"AF478"},{"day":4,"utc":"10:04:00","flight":"AF827"},{"day":4,"utc":"06:44:00","flight":"AF779"},{"day":4,"utc":"00:06:00","flight":"AF910"},{"day":4,"utc":"06:24:00","flight":"AF341"},{"day":4,"utc":"17:12:00","flight":"AF410"},{"day":5,"utc":"01:58:00","flight":"AF150"},{"day":5,"utc":"00:07:00","flight":"AF537"},{"day":5,"utc":"00:07:00","flight":"AF155"},{"day":6,"utc":"03:10:00","flight":"AF562"},{"day":6,"utc":"14:01:00","flight":"AF700"},{"day":6,"utc":"08:54:00","flight":"AF762"},{"day":6,"utc":"03:02:00","flight":"AF576"},{"day":6,"utc":"13:55:00","flight":"AF527"}],"distance":2735.2013399811754}