{"id":35524,"type":"route","airline":"K3","airlineid":"airline_N","sourceairport":"KTN","destinationairport":"KTB","stops":0,"equipment":"DHP","schedule":[{"day":0,"utc":"01:18:00","flight":"K3422"},{"day":0,"utc":"20:01:00","flight":"K3982"},{"day":0,"utc":"00:36:00","flight":"K3068"},{"day":0,"utc":"02:51:00","flight":"K3567"},{"day":1,"utc":"11:23:00","flight":"K3827"},{"day":1,"utc":"14:29:00","flight":"K3248"},{"day":1,"utc":"08:17:00","flight":"K3549"},{"day":1,"utc":"19:05:00","flight":"K3931"},{"day":1,"utc":"09:02:00","flight":"K3445"},{"day":2,"utc":"00:26:00","flight":"K3657"},{"day":2,"utc":"11:23:00","flight":"K3392"},{"day":2,"utc":"15:22:00","flight":"K3665"},{"day":2,"utc":"17:37:00","flight":"K3881"},{"day":2,"utc":"07:17:00","flight":"K3402"},{"day":3,"utc":"05:19:00","flight":"K3031"},{"day":3,"utc":"00:08:00","flight":"K3954"},{"day":3,"utc":"18:27:00","flight":"K3411"},{"day":3,"utc":"14:28:00","flight":"K3127"},{"day":3,"utc":"07:37:00","flight":"K3395"},{"day":4,"utc":"12:55:00","flight":"K3523"},{"day":5,"utc":"05:50:00","flight":"K3205"},{"day":5,"utc":"14:51:00","flight":"K3375"},{"day":5,"utc":"08:02:00","flight":"K3836"},{"day":5,"utc":"22:12:00","flight":"K3846"},{"day":6,"utc":"01:16:00","flight":"K3034"},{"day":6,"utc":"02:18:00","flight":"K3381"}],"distance":63.640308584677314}