{"id":64553,"type":"route","airline":"WN","airlineid":"airline_4547","sourceairport":"TUL","destinationairport":"HOU","stops":0,"equipment":"73W","schedule":[{"day":0,"utc":"21:28:00","flight":"WN998"},{"day":0,"utc":"08:09:00","flight":"WN126"},{"day":1,"utc":"20:36:00","flight":"WN910"},{"day":2,"utc":"21:36:00","flight":"WN852"},{"day":2,"utc":"14:38:00","flight":"WN370"},{"day":2,"utc":"16:38:00","flight":"WN508"},{"day":2,"utc":"05:39:00","flight":"WN082"},{"day":2,"utc":"17:36:00","flight":"WN357"},{"day":3,"utc":"04:11:00","flight":"WN488"},{"day":3,"utc":"21:06:00","flight":"WN720"},{"day":3,"utc":"00:08:00","flight":"WN678"},{"day":3,"utc":"15:05:00","flight":"WN031"},{"day":4,"utc":"08:45:00","flight":"WN914"},{"day":4,"utc":"08:36:00","flight":"WN452"},{"day":5,"utc":"17:37:00","flight":"WN150"},{"day":6,"utc":"19:45:00","flight":"WN538"},{"day":6,"utc":"07:53:00","flight":"WN740"},{"day":6,"utc":"22:09:00","flight":"WN530"},{"day":6,"utc":"01:36:00","flight":"WN434"},{"day":6,"utc":"14:13:00","flight":"WN651"}],"distance":730.8669981406813}