{"id":24335,"type":"route","airline":"F9","airlineid":"airline_2468","sourceairport":"CLE","destinationairport":"TTN","stops":0,"equipment":"319","schedule":[{"day":0,"utc":"06:50:00","flight":"F9944"},{"day":1,"utc":"12:38:00","flight":"F9167"},{"day":1,"utc":"12:15:00","flight":"F9973"},{"day":1,"utc":"05:31:00","flight":"F9751"},{"day":1,"utc":"23:31:00","flight":"F9685"},{"day":2,"utc":"07:18:00","flight":"F9178"},{"day":2,"utc":"20:30:00","flight":"F9160"},{"day":3,"utc":"16:37:00","flight":"F9695"},{"day":3,"utc":"03:40:00","flight":"F9046"},{"day":3,"utc":"02:33:00","flight":"F9491"},{"day":3,"utc":"16:21:00","flight":"F9866"},{"day":4,"utc":"18:53:00","flight":"F9618"},{"day":4,"utc":"12:56:00","flight":"F9948"},{"day":5,"utc":"12:49:00","flight":"F9515"},{"day":6,"utc":"22:04:00","flight":"F9872"},{"day":6,"utc":"22:48:00","flight":"F9004"},{"day":6,"utc":"14:58:00","flight":"F9138"},{"day":6,"utc":"01:54:00","flight":"F9486"}],"distance":605.0005886604984}