{"id":56078,"type":"route","airline":"UA","airlineid":"airline_5209","sourceairport":"DEL","destinationairport":"EWR","stops":0,"equipment":"777","schedule":[{"day":0,"utc":"20:49:00","flight":"UA873"},{"day":0,"utc":"15:19:00","flight":"UA315"},{"day":0,"utc":"14:00:00","flight":"UA929"},{"day":1,"utc":"10:50:00","flight":"UA061"},{"day":1,"utc":"15:48:00","flight":"UA391"},{"day":2,"utc":"05:40:00","flight":"UA836"},{"day":2,"utc":"02:11:00","flight":"UA012"},{"day":3,"utc":"21:10:00","flight":"UA059"},{"day":3,"utc":"18:40:00","flight":"UA944"},{"day":3,"utc":"01:19:00","flight":"UA013"},{"day":4,"utc":"05:48:00","flight":"UA461"},{"day":4,"utc":"07:53:00","flight":"UA456"},{"day":4,"utc":"02:52:00","flight":"UA129"},{"day":5,"utc":"12:05:00","flight":"UA354"},{"day":5,"utc":"19:00:00","flight":"UA944"},{"day":6,"utc":"13:30:00","flight":"UA630"},{"day":6,"utc":"17:25:00","flight":"UA036"},{"day":6,"utc":"06:46:00","flight":"UA595"},{"day":6,"utc":"06:34:00","flight":"UA869"},{"day":6,"utc":"15:45:00","flight":"UA190"}],"distance":11763.733552519625}