{"id":3396,"type":"route","airline":"8V","airlineid":"airline_55","sourceairport":"NUL","destinationairport":"KYU","stops":0,"equipment":"CNC","schedule":[{"day":0,"utc":"07:30:00","flight":"8V219"},{"day":0,"utc":"03:03:00","flight":"8V405"},{"day":0,"utc":"18:44:00","flight":"8V094"},{"day":0,"utc":"11:35:00","flight":"8V712"},{"day":1,"utc":"08:27:00","flight":"8V743"},{"day":1,"utc":"09:18:00","flight":"8V287"},{"day":2,"utc":"06:51:00","flight":"8V578"},{"day":2,"utc":"15:40:00","flight":"8V681"},{"day":2,"utc":"16:27:00","flight":"8V435"},{"day":2,"utc":"12:04:00","flight":"8V279"},{"day":2,"utc":"05:55:00","flight":"8V872"},{"day":3,"utc":"19:28:00","flight":"8V791"},{"day":3,"utc":"07:18:00","flight":"8V800"},{"day":3,"utc":"17:33:00","flight":"8V827"},{"day":4,"utc":"00:22:00","flight":"8V851"},{"day":4,"utc":"21:53:00","flight":"8V796"},{"day":4,"utc":"10:50:00","flight":"8V726"},{"day":4,"utc":"00:11:00","flight":"8V868"},{"day":4,"utc":"06:51:00","flight":"8V788"},{"day":5,"utc":"08:04:00","flight":"8V544"},{"day":5,"utc":"03:45:00","flight":"8V703"},{"day":5,"utc":"16:30:00","flight":"8V424"},{"day":5,"utc":"03:56:00","flight":"8V656"},{"day":6,"utc":"04:51:00","flight":"8V119"},{"day":6,"utc":"13:42:00","flight":"8V301"},{"day":6,"utc":"19:58:00","flight":"8V714"},{"day":6,"utc":"07:53:00","flight":"8V962"}],"distance":23.012174783620935}