{"id":2564,"type":"route","airline":"7H","airlineid":"airline_16726","sourceairport":"ANC","destinationairport":"VDZ","stops":0,"equipment":"DH8 BE1","schedule":[{"day":0,"utc":"07:43:00","flight":"7H620"},{"day":0,"utc":"13:08:00","flight":"7H655"},{"day":0,"utc":"19:47:00","flight":"7H154"},{"day":0,"utc":"06:31:00","flight":"7H832"},{"day":1,"utc":"14:47:00","flight":"7H375"},{"day":2,"utc":"23:35:00","flight":"7H341"},{"day":2,"utc":"09:48:00","flight":"7H959"},{"day":2,"utc":"05:14:00","flight":"7H505"},{"day":3,"utc":"22:38:00","flight":"7H563"},{"day":3,"utc":"16:09:00","flight":"7H439"},{"day":3,"utc":"13:44:00","flight":"7H419"},{"day":3,"utc":"13:16:00","flight":"7H909"},{"day":3,"utc":"19:38:00","flight":"7H147"},{"day":4,"utc":"02:12:00","flight":"7H340"},{"day":4,"utc":"07:22:00","flight":"7H402"},{"day":4,"utc":"14:43:00","flight":"7H255"},{"day":4,"utc":"15:49:00","flight":"7H592"},{"day":5,"utc":"10:42:00","flight":"7H854"},{"day":6,"utc":"19:34:00","flight":"7H630"},{"day":6,"utc":"11:23:00","flight":"7H618"}]}