{"id":55783,"type":"route","airline":"UA","airlineid":"airline_5209","sourceairport":"ALB","destinationairport":"ORD","stops":0,"equipment":"319 73G 738 739","schedule":[{"day":0,"utc":"19:39:00","flight":"UA479"},{"day":0,"utc":"20:31:00","flight":"UA874"},{"day":0,"utc":"00:47:00","flight":"UA237"},{"day":0,"utc":"03:15:00","flight":"UA716"},{"day":0,"utc":"17:01:00","flight":"UA414"},{"day":1,"utc":"13:35:00","flight":"UA362"},{"day":2,"utc":"21:10:00","flight":"UA894"},{"day":2,"utc":"20:33:00","flight":"UA737"},{"day":2,"utc":"20:08:00","flight":"UA861"},{"day":2,"utc":"04:01:00","flight":"UA010"},{"day":3,"utc":"18:43:00","flight":"UA280"},{"day":3,"utc":"05:17:00","flight":"UA046"},{"day":4,"utc":"05:59:00","flight":"UA068"},{"day":4,"utc":"15:33:00","flight":"UA000"},{"day":4,"utc":"11:10:00","flight":"UA354"},{"day":4,"utc":"12:39:00","flight":"UA054"},{"day":5,"utc":"01:14:00","flight":"UA367"},{"day":5,"utc":"03:28:00","flight":"UA415"},{"day":5,"utc":"07:47:00","flight":"UA309"},{"day":6,"utc":"02:10:00","flight":"UA162"},{"day":6,"utc":"22:27:00","flight":"UA422"},{"day":6,"utc":"09:54:00","flight":"UA484"},{"day":6,"utc":"13:06:00","flight":"UA581"},{"day":6,"utc":"14:03:00","flight":"UA624"}],"distance":1160.5166955214324}