{"id":9756,"type":"route","airline":"AF","airlineid":"airline_137","sourceairport":"MRS","destinationairport":"TUN","stops":0,"equipment":"319 320","schedule":[{"day":0,"utc":"00:41:00","flight":"AF047"},{"day":1,"utc":"16:36:00","flight":"AF995"},{"day":1,"utc":"21:52:00","flight":"AF175"},{"day":2,"utc":"16:01:00","flight":"AF821"},{"day":2,"utc":"15:38:00","flight":"AF362"},{"day":3,"utc":"19:27:00","flight":"AF093"},{"day":3,"utc":"11:05:00","flight":"AF082"},{"day":3,"utc":"07:10:00","flight":"AF373"},{"day":4,"utc":"22:28:00","flight":"AF666"},{"day":4,"utc":"23:38:00","flight":"AF907"},{"day":4,"utc":"13:02:00","flight":"AF431"},{"day":4,"utc":"23:13:00","flight":"AF020"},{"day":4,"utc":"12:10:00","flight":"AF575"},{"day":5,"utc":"19:08:00","flight":"AF879"},{"day":5,"utc":"01:34:00","flight":"AF286"},{"day":5,"utc":"05:25:00","flight":"AF527"},{"day":5,"utc":"02:39:00","flight":"AF830"},{"day":6,"utc":"12:09:00","flight":"AF215"},{"day":6,"utc":"08:52:00","flight":"AF123"},{"day":6,"utc":"21:16:00","flight":"AF494"},{"day":6,"utc":"22:15:00","flight":"AF100"},{"day":6,"utc":"02:15:00","flight":"AF906"}],"distance":846.7619394818453}