{"id":21555,"type":"route","airline":"DL","airlineid":"airline_2009","sourceairport":"ORF","destinationairport":"MSP","stops":0,"equipment":"CR7","schedule":[{"day":0,"utc":"04:05:00","flight":"DL511"},{"day":0,"utc":"16:52:00","flight":"DL609"},{"day":0,"utc":"14:26:00","flight":"DL273"},{"day":1,"utc":"04:26:00","flight":"DL330"},{"day":2,"utc":"19:39:00","flight":"DL966"},{"day":2,"utc":"12:36:00","flight":"DL851"},{"day":2,"utc":"01:34:00","flight":"DL621"},{"day":2,"utc":"01:38:00","flight":"DL038"},{"day":3,"utc":"11:20:00","flight":"DL537"},{"day":3,"utc":"15:35:00","flight":"DL435"},{"day":3,"utc":"08:27:00","flight":"DL344"},{"day":3,"utc":"13:21:00","flight":"DL155"},{"day":3,"utc":"06:26:00","flight":"DL847"},{"day":4,"utc":"08:30:00","flight":"DL522"},{"day":4,"utc":"19:46:00","flight":"DL338"},{"day":4,"utc":"13:07:00","flight":"DL057"},{"day":4,"utc":"01:32:00","flight":"DL567"},{"day":4,"utc":"00:33:00","flight":"DL221"},{"day":5,"utc":"22:34:00","flight":"DL182"},{"day":5,"utc":"09:13:00","flight":"DL665"},{"day":5,"utc":"18:36:00","flight":"DL868"},{"day":6,"utc":"02:14:00","flight":"DL490"},{"day":6,"utc":"05:40:00","flight":"DL923"},{"day":6,"utc":"22:50:00","flight":"DL642"}],"distance":1678.8944510135498}