{"id":14726,"type":"route","airline":"BA","airlineid":"airline_1355","sourceairport":"LHR","destinationairport":"JMK","stops":0,"equipment":"320","schedule":[{"day":0,"utc":"15:58:00","flight":"BA724"},{"day":0,"utc":"13:46:00","flight":"BA855"},{"day":0,"utc":"22:58:00","flight":"BA332"},{"day":0,"utc":"18:21:00","flight":"BA981"},{"day":1,"utc":"07:18:00","flight":"BA155"},{"day":1,"utc":"09:30:00","flight":"BA388"},{"day":2,"utc":"13:37:00","flight":"BA503"},{"day":2,"utc":"06:52:00","flight":"BA834"},{"day":3,"utc":"11:55:00","flight":"BA447"},{"day":3,"utc":"11:30:00","flight":"BA229"},{"day":3,"utc":"02:56:00","flight":"BA410"},{"day":3,"utc":"08:36:00","flight":"BA013"},{"day":3,"utc":"13:10:00","flight":"BA680"},{"day":4,"utc":"14:06:00","flight":"BA252"},{"day":5,"utc":"13:47:00","flight":"BA098"},{"day":6,"utc":"10:35:00","flight":"BA680"},{"day":6,"utc":"09:31:00","flight":"BA901"}]}