{"id":13400,"type":"route","airline":"AZ","airlineid":"airline_596","sourceairport":"HUY","destinationairport":"AMS","stops":0,"equipment":"F70","schedule":[{"day":0,"utc":"18:54:00","flight":"AZ340"},{"day":0,"utc":"14:48:00","flight":"AZ035"},{"day":0,"utc":"06:49:00","flight":"AZ302"},{"day":0,"utc":"21:03:00","flight":"AZ013"},{"day":0,"utc":"09:55:00","flight":"AZ174"},{"day":1,"utc":"13:02:00","flight":"AZ409"},{"day":2,"utc":"12:56:00","flight":"AZ435"},{"day":2,"utc":"12:31:00","flight":"AZ751"},{"day":3,"utc":"22:50:00","flight":"AZ761"},{"day":4,"utc":"04:59:00","flight":"AZ423"},{"day":4,"utc":"13:14:00","flight":"AZ518"},{"day":4,"utc":"14:23:00","flight":"AZ530"},{"day":4,"utc":"07:12:00","flight":"AZ207"},{"day":5,"utc":"04:58:00","flight":"AZ857"},{"day":5,"utc":"16:15:00","flight":"AZ985"},{"day":5,"utc":"07:24:00","flight":"AZ589"},{"day":6,"utc":"19:53:00","flight":"AZ792"}],"distance":370.4036833305099}