{"id":58906,"type":"route","airline":"US","airlineid":"airline_5265","sourceairport":"CUN","destinationairport":"MIA","stops":0,"equipment":"738","schedule":[{"day":0,"utc":"02:48:00","flight":"US704"},{"day":0,"utc":"02:54:00","flight":"US578"},{"day":0,"utc":"13:20:00","flight":"US148"},{"day":1,"utc":"00:53:00","flight":"US244"},{"day":1,"utc":"13:10:00","flight":"US039"},{"day":2,"utc":"00:23:00","flight":"US671"},{"day":2,"utc":"15:56:00","flight":"US301"},{"day":3,"utc":"21:34:00","flight":"US523"},{"day":3,"utc":"02:41:00","flight":"US000"},{"day":3,"utc":"21:57:00","flight":"US563"},{"day":3,"utc":"16:15:00","flight":"US769"},{"day":3,"utc":"00:31:00","flight":"US231"},{"day":4,"utc":"14:52:00","flight":"US763"},{"day":4,"utc":"18:58:00","flight":"US492"},{"day":4,"utc":"22:55:00","flight":"US179"},{"day":5,"utc":"14:34:00","flight":"US251"},{"day":6,"utc":"12:31:00","flight":"US704"},{"day":6,"utc":"12:44:00","flight":"US063"},{"day":6,"utc":"03:32:00","flight":"US666"},{"day":6,"utc":"12:52:00","flight":"US303"}],"distance":854.9640094151454}