{"id":6935,"type":"route","airline":"AA","airlineid":"airline_24","sourceairport":"UIO","destinationairport":"MIA","stops":0,"equipment":"757","schedule":[{"day":0,"utc":"07:19:00","flight":"AA637"},{"day":0,"utc":"07:07:00","flight":"AA321"},{"day":1,"utc":"01:35:00","flight":"AA319"},{"day":1,"utc":"15:50:00","flight":"AA086"},{"day":1,"utc":"12:09:00","flight":"AA806"},{"day":1,"utc":"08:59:00","flight":"AA126"},{"day":2,"utc":"23:44:00","flight":"AA616"},{"day":2,"utc":"17:52:00","flight":"AA088"},{"day":2,"utc":"21:42:00","flight":"AA655"},{"day":2,"utc":"23:57:00","flight":"AA779"},{"day":2,"utc":"01:43:00","flight":"AA679"},{"day":3,"utc":"04:18:00","flight":"AA657"},{"day":3,"utc":"13:13:00","flight":"AA224"},{"day":4,"utc":"11:07:00","flight":"AA059"},{"day":5,"utc":"10:33:00","flight":"AA456"},{"day":5,"utc":"20:27:00","flight":"AA684"},{"day":6,"utc":"17:32:00","flight":"AA525"},{"day":6,"utc":"19:37:00","flight":"AA551"},{"day":6,"utc":"23:50:00","flight":"AA895"},{"day":6,"utc":"03:32:00","flight":"AA125"},{"day":6,"utc":"21:26:00","flight":"AA107"}],"distance":2890.255139111041}