{"id":26311,"type":"route","airline":"FR","airlineid":"airline_4296","sourceairport":"BVA","destinationairport":"NDR","stops":0,"equipment":"738","schedule":[{"day":0,"utc":"16:52:00","flight":"FR803"},{"day":0,"utc":"12:07:00","flight":"FR352"},{"day":0,"utc":"16:45:00","flight":"FR018"},{"day":0,"utc":"03:30:00","flight":"FR727"},{"day":1,"utc":"13:08:00","flight":"FR974"},{"day":1,"utc":"22:19:00","flight":"FR501"},{"day":1,"utc":"07:05:00","flight":"FR078"},{"day":2,"utc":"08:13:00","flight":"FR854"},{"day":2,"utc":"20:36:00","flight":"FR348"},{"day":3,"utc":"06:49:00","flight":"FR724"},{"day":4,"utc":"09:18:00","flight":"FR101"},{"day":4,"utc":"07:57:00","flight":"FR601"},{"day":4,"utc":"13:36:00","flight":"FR148"},{"day":5,"utc":"20:06:00","flight":"FR116"},{"day":5,"utc":"23:19:00","flight":"FR643"},{"day":5,"utc":"01:45:00","flight":"FR827"},{"day":6,"utc":"10:06:00","flight":"FR503"}],"distance":1662.268128596448}