{"id":63538,"type":"route","airline":"WN","airlineid":"airline_4547","sourceairport":"BNA","destinationairport":"HOU","stops":0,"equipment":"735 73C 73W","schedule":[{"day":0,"utc":"22:33:00","flight":"WN070"},{"day":0,"utc":"14:24:00","flight":"WN978"},{"day":0,"utc":"00:40:00","flight":"WN354"},{"day":0,"utc":"07:49:00","flight":"WN601"},{"day":1,"utc":"08:38:00","flight":"WN268"},{"day":2,"utc":"11:21:00","flight":"WN326"},{"day":2,"utc":"02:50:00","flight":"WN888"},{"day":2,"utc":"17:00:00","flight":"WN557"},{"day":2,"utc":"08:26:00","flight":"WN772"},{"day":2,"utc":"05:33:00","flight":"WN650"},{"day":3,"utc":"07:00:00","flight":"WN654"},{"day":3,"utc":"11:04:00","flight":"WN164"},{"day":3,"utc":"12:44:00","flight":"WN017"},{"day":3,"utc":"05:34:00","flight":"WN454"},{"day":3,"utc":"20:36:00","flight":"WN676"},{"day":4,"utc":"20:07:00","flight":"WN903"},{"day":4,"utc":"11:13:00","flight":"WN990"},{"day":4,"utc":"15:52:00","flight":"WN880"},{"day":4,"utc":"11:32:00","flight":"WN670"},{"day":4,"utc":"18:23:00","flight":"WN122"},{"day":5,"utc":"10:12:00","flight":"WN604"},{"day":5,"utc":"10:34:00","flight":"WN557"},{"day":6,"utc":"11:28:00","flight":"WN898"},{"day":6,"utc":"02:56:00","flight":"WN570"},{"day":6,"utc":"05:17:00","flight":"WN498"}]}