{"id":54926,"type":"route","airline":"U2","airlineid":"airline_2297","sourceairport":"LGW","destinationairport":"BJV","stops":0,"equipment":"320","schedule":[{"day":0,"utc":"17:02:00","flight":"U2740"},{"day":1,"utc":"07:18:00","flight":"U2096"},{"day":1,"utc":"21:08:00","flight":"U2362"},{"day":1,"utc":"12:48:00","flight":"U2267"},{"day":2,"utc":"23:56:00","flight":"U2746"},{"day":2,"utc":"04:46:00","flight":"U2233"},{"day":2,"utc":"00:58:00","flight":"U2907"},{"day":2,"utc":"00:56:00","flight":"U2221"},{"day":3,"utc":"19:39:00","flight":"U2560"},{"day":3,"utc":"05:53:00","flight":"U2671"},{"day":3,"utc":"07:05:00","flight":"U2213"},{"day":4,"utc":"01:13:00","flight":"U2666"},{"day":4,"utc":"22:39:00","flight":"U2973"},{"day":4,"utc":"20:12:00","flight":"U2483"},{"day":4,"utc":"10:19:00","flight":"U2443"},{"day":5,"utc":"19:14:00","flight":"U2013"},{"day":5,"utc":"20:40:00","flight":"U2320"},{"day":5,"utc":"20:32:00","flight":"U2404"},{"day":5,"utc":"15:31:00","flight":"U2562"},{"day":6,"utc":"09:25:00","flight":"U2836"},{"day":6,"utc":"10:24:00","flight":"U2618"},{"day":6,"utc":"22:19:00","flight":"U2721"}]}