{"id":20074,"type":"route","airline":"DL","airlineid":"airline_2009","sourceairport":"ATL","destinationairport":"BMI","stops":0,"equipment":"CR9 CR7","schedule":[{"day":0,"utc":"17:38:00","flight":"DL331"},{"day":1,"utc":"13:03:00","flight":"DL601"},{"day":1,"utc":"18:21:00","flight":"DL416"},{"day":1,"utc":"03:10:00","flight":"DL150"},{"day":2,"utc":"13:15:00","flight":"DL273"},{"day":3,"utc":"11:35:00","flight":"DL380"},{"day":4,"utc":"02:20:00","flight":"DL315"},{"day":4,"utc":"06:20:00","flight":"DL942"},{"day":4,"utc":"12:58:00","flight":"DL143"},{"day":5,"utc":"04:13:00","flight":"DL143"},{"day":5,"utc":"10:31:00","flight":"DL858"},{"day":5,"utc":"02:36:00","flight":"DL414"},{"day":5,"utc":"16:04:00","flight":"DL872"},{"day":5,"utc":"05:41:00","flight":"DL403"},{"day":6,"utc":"18:23:00","flight":"DL259"},{"day":6,"utc":"08:25:00","flight":"DL886"},{"day":6,"utc":"17:18:00","flight":"DL765"},{"day":6,"utc":"13:20:00","flight":"DL906"},{"day":6,"utc":"18:48:00","flight":"DL732"}],"distance":858.2504353531925}