{"id":25320,"type":"route","airline":"FL","airlineid":"airline_1316","sourceairport":"MKE","destinationairport":"FLL","stops":0,"equipment":"73W","schedule":[{"day":0,"utc":"06:56:00","flight":"FL050"},{"day":0,"utc":"16:35:00","flight":"FL021"},{"day":0,"utc":"00:36:00","flight":"FL886"},{"day":1,"utc":"02:00:00","flight":"FL954"},{"day":2,"utc":"21:45:00","flight":"FL135"},{"day":2,"utc":"20:01:00","flight":"FL650"},{"day":3,"utc":"19:56:00","flight":"FL917"},{"day":3,"utc":"02:00:00","flight":"FL182"},{"day":3,"utc":"17:26:00","flight":"FL345"},{"day":3,"utc":"04:18:00","flight":"FL714"},{"day":4,"utc":"13:53:00","flight":"FL619"},{"day":4,"utc":"01:37:00","flight":"FL935"},{"day":4,"utc":"11:15:00","flight":"FL060"},{"day":5,"utc":"06:43:00","flight":"FL661"},{"day":5,"utc":"00:48:00","flight":"FL936"},{"day":5,"utc":"15:52:00","flight":"FL548"},{"day":6,"utc":"05:23:00","flight":"FL059"},{"day":6,"utc":"15:16:00","flight":"FL749"},{"day":6,"utc":"06:46:00","flight":"FL339"}],"distance":2003.784101088423}