{"id":56130,"type":"route","airline":"UA","airlineid":"airline_5209","sourceairport":"DEN","destinationairport":"HDN","stops":0,"equipment":"DH4","schedule":[{"day":0,"utc":"17:45:00","flight":"UA251"},{"day":0,"utc":"23:37:00","flight":"UA322"},{"day":0,"utc":"05:49:00","flight":"UA123"},{"day":1,"utc":"10:43:00","flight":"UA423"},{"day":1,"utc":"10:01:00","flight":"UA137"},{"day":2,"utc":"05:40:00","flight":"UA722"},{"day":2,"utc":"01:01:00","flight":"UA431"},{"day":2,"utc":"01:24:00","flight":"UA454"},{"day":2,"utc":"00:01:00","flight":"UA684"},{"day":3,"utc":"22:20:00","flight":"UA394"},{"day":3,"utc":"03:59:00","flight":"UA961"},{"day":3,"utc":"19:20:00","flight":"UA888"},{"day":4,"utc":"09:18:00","flight":"UA601"},{"day":4,"utc":"09:21:00","flight":"UA939"},{"day":4,"utc":"18:29:00","flight":"UA375"},{"day":4,"utc":"06:12:00","flight":"UA515"},{"day":5,"utc":"05:45:00","flight":"UA584"},{"day":5,"utc":"16:13:00","flight":"UA288"},{"day":5,"utc":"03:15:00","flight":"UA953"},{"day":5,"utc":"05:36:00","flight":"UA544"},{"day":6,"utc":"20:00:00","flight":"UA271"},{"day":6,"utc":"07:19:00","flight":"UA894"},{"day":6,"utc":"06:48:00","flight":"UA284"},{"day":6,"utc":"12:56:00","flight":"UA825"}],"distance":226.89428868009568}