{"id":5461,"type":"route","airline":"AA","airlineid":"airline_24","sourceairport":"GIB","destinationairport":"LHR","stops":0,"equipment":"320","schedule":[{"day":0,"utc":"20:56:00","flight":"AA176"},{"day":1,"utc":"09:57:00","flight":"AA355"},{"day":1,"utc":"17:29:00","flight":"AA396"},{"day":1,"utc":"23:10:00","flight":"AA698"},{"day":1,"utc":"08:58:00","flight":"AA250"},{"day":1,"utc":"15:22:00","flight":"AA315"},{"day":2,"utc":"04:06:00","flight":"AA682"},{"day":2,"utc":"00:27:00","flight":"AA647"},{"day":2,"utc":"13:44:00","flight":"AA356"},{"day":2,"utc":"05:17:00","flight":"AA340"},{"day":2,"utc":"22:55:00","flight":"AA133"},{"day":3,"utc":"08:18:00","flight":"AA822"},{"day":3,"utc":"06:06:00","flight":"AA837"},{"day":3,"utc":"19:11:00","flight":"AA676"},{"day":3,"utc":"14:15:00","flight":"AA149"},{"day":3,"utc":"04:45:00","flight":"AA060"},{"day":4,"utc":"18:49:00","flight":"AA435"},{"day":4,"utc":"08:25:00","flight":"AA544"},{"day":4,"utc":"11:01:00","flight":"AA139"},{"day":4,"utc":"23:49:00","flight":"AA654"},{"day":5,"utc":"12:33:00","flight":"AA086"},{"day":5,"utc":"08:42:00","flight":"AA039"},{"day":5,"utc":"07:19:00","flight":"AA766"},{"day":6,"utc":"22:40:00","flight":"AA711"},{"day":6,"utc":"07:26:00","flight":"AA925"}]}