{"id":21154,"type":"route","airline":"DL","airlineid":"airline_2009","sourceairport":"LGA","destinationairport":"SDF","stops":0,"equipment":"ERJ","schedule":[{"day":0,"utc":"06:38:00","flight":"DL520"},{"day":0,"utc":"15:19:00","flight":"DL948"},{"day":0,"utc":"03:44:00","flight":"DL149"},{"day":0,"utc":"22:59:00","flight":"DL603"},{"day":0,"utc":"18:47:00","flight":"DL541"},{"day":1,"utc":"12:28:00","flight":"DL614"},{"day":2,"utc":"18:44:00","flight":"DL583"},{"day":2,"utc":"03:53:00","flight":"DL028"},{"day":2,"utc":"01:35:00","flight":"DL267"},{"day":2,"utc":"19:21:00","flight":"DL320"},{"day":3,"utc":"03:07:00","flight":"DL908"},{"day":3,"utc":"23:47:00","flight":"DL620"},{"day":3,"utc":"16:00:00","flight":"DL954"},{"day":4,"utc":"21:19:00","flight":"DL959"},{"day":4,"utc":"12:04:00","flight":"DL081"},{"day":4,"utc":"18:37:00","flight":"DL574"},{"day":5,"utc":"05:36:00","flight":"DL201"},{"day":5,"utc":"15:28:00","flight":"DL581"},{"day":6,"utc":"04:12:00","flight":"DL871"},{"day":6,"utc":"06:59:00","flight":"DL617"}],"distance":1057.6636237462287}