{"id":27543,"type":"route","airline":"FR","airlineid":"airline_4296","sourceairport":"PIK","destinationairport":"ALC","stops":0,"equipment":"738","schedule":[{"day":0,"utc":"13:18:00","flight":"FR079"},{"day":0,"utc":"07:13:00","flight":"FR602"},{"day":0,"utc":"02:01:00","flight":"FR683"},{"day":1,"utc":"06:01:00","flight":"FR973"},{"day":1,"utc":"23:44:00","flight":"FR833"},{"day":1,"utc":"07:17:00","flight":"FR672"},{"day":1,"utc":"06:53:00","flight":"FR653"},{"day":2,"utc":"08:30:00","flight":"FR325"},{"day":2,"utc":"03:45:00","flight":"FR071"},{"day":2,"utc":"06:21:00","flight":"FR485"},{"day":3,"utc":"14:56:00","flight":"FR811"},{"day":3,"utc":"05:40:00","flight":"FR811"},{"day":3,"utc":"08:53:00","flight":"FR442"},{"day":4,"utc":"14:02:00","flight":"FR188"},{"day":4,"utc":"09:35:00","flight":"FR810"},{"day":5,"utc":"14:09:00","flight":"FR837"},{"day":5,"utc":"12:01:00","flight":"FR135"},{"day":5,"utc":"23:01:00","flight":"FR586"},{"day":5,"utc":"19:06:00","flight":"FR530"},{"day":6,"utc":"23:45:00","flight":"FR775"},{"day":6,"utc":"13:49:00","flight":"FR797"},{"day":6,"utc":"07:41:00","flight":"FR715"},{"day":6,"utc":"15:01:00","flight":"FR319"},{"day":6,"utc":"06:58:00","flight":"FR294"}],"distance":1939.0719295258268}