{"id":6216,"type":"route","airline":"AA","airlineid":"airline_24","sourceairport":"OKC","destinationairport":"LAX","stops":0,"equipment":"CR7","schedule":[{"day":0,"utc":"09:14:00","flight":"AA890"},{"day":1,"utc":"00:48:00","flight":"AA768"},{"day":1,"utc":"08:15:00","flight":"AA254"},{"day":1,"utc":"08:49:00","flight":"AA582"},{"day":2,"utc":"11:31:00","flight":"AA725"},{"day":2,"utc":"03:44:00","flight":"AA120"},{"day":2,"utc":"01:26:00","flight":"AA406"},{"day":2,"utc":"20:46:00","flight":"AA919"},{"day":2,"utc":"03:52:00","flight":"AA298"},{"day":3,"utc":"13:33:00","flight":"AA148"},{"day":3,"utc":"00:00:00","flight":"AA014"},{"day":3,"utc":"06:26:00","flight":"AA020"},{"day":3,"utc":"21:50:00","flight":"AA928"},{"day":3,"utc":"07:31:00","flight":"AA420"},{"day":4,"utc":"23:38:00","flight":"AA227"},{"day":4,"utc":"09:29:00","flight":"AA702"},{"day":4,"utc":"23:58:00","flight":"AA075"},{"day":5,"utc":"06:30:00","flight":"AA445"},{"day":5,"utc":"17:14:00","flight":"AA841"},{"day":5,"utc":"02:21:00","flight":"AA372"},{"day":5,"utc":"02:15:00","flight":"AA060"},{"day":6,"utc":"14:05:00","flight":"AA160"}],"distance":1906.2105437249681}