{"id":6055,"type":"route","airline":"AA","airlineid":"airline_24","sourceairport":"MIA","destinationairport":"KIN","stops":0,"equipment":"738","schedule":[{"day":0,"utc":"14:08:00","flight":"AA319"},{"day":0,"utc":"12:24:00","flight":"AA419"},{"day":0,"utc":"13:09:00","flight":"AA185"},{"day":0,"utc":"21:33:00","flight":"AA332"},{"day":1,"utc":"18:00:00","flight":"AA778"},{"day":2,"utc":"05:14:00","flight":"AA302"},{"day":2,"utc":"03:45:00","flight":"AA877"},{"day":2,"utc":"19:52:00","flight":"AA461"},{"day":2,"utc":"00:34:00","flight":"AA739"},{"day":3,"utc":"22:11:00","flight":"AA300"},{"day":4,"utc":"00:03:00","flight":"AA458"},{"day":5,"utc":"09:20:00","flight":"AA889"},{"day":5,"utc":"15:49:00","flight":"AA843"},{"day":5,"utc":"11:17:00","flight":"AA345"},{"day":6,"utc":"08:16:00","flight":"AA969"}],"distance":945.3925604930843}