{"id":5049,"type":"route","airline":"AA","airlineid":"airline_24","sourceairport":"CUN","destinationairport":"JFK","stops":0,"equipment":"738","schedule":[{"day":0,"utc":"07:39:00","flight":"AA305"},{"day":0,"utc":"08:59:00","flight":"AA066"},{"day":1,"utc":"02:21:00","flight":"AA788"},{"day":1,"utc":"00:21:00","flight":"AA100"},{"day":1,"utc":"02:47:00","flight":"AA847"},{"day":2,"utc":"21:39:00","flight":"AA050"},{"day":2,"utc":"14:33:00","flight":"AA847"},{"day":2,"utc":"04:48:00","flight":"AA902"},{"day":2,"utc":"01:24:00","flight":"AA672"},{"day":2,"utc":"19:27:00","flight":"AA652"},{"day":3,"utc":"07:17:00","flight":"AA731"},{"day":3,"utc":"01:18:00","flight":"AA323"},{"day":3,"utc":"22:40:00","flight":"AA618"},{"day":3,"utc":"10:12:00","flight":"AA889"},{"day":4,"utc":"08:58:00","flight":"AA774"},{"day":4,"utc":"06:21:00","flight":"AA295"},{"day":4,"utc":"20:16:00","flight":"AA940"},{"day":4,"utc":"12:22:00","flight":"AA537"},{"day":4,"utc":"11:52:00","flight":"AA182"},{"day":5,"utc":"07:50:00","flight":"AA740"},{"day":5,"utc":"10:34:00","flight":"AA536"},{"day":5,"utc":"05:56:00","flight":"AA965"},{"day":5,"utc":"21:57:00","flight":"AA610"},{"day":5,"utc":"17:30:00","flight":"AA370"},{"day":6,"utc":"11:10:00","flight":"AA412"},{"day":6,"utc":"02:17:00","flight":"AA410"}],"distance":2506.3304849507094}