{"id":30349,"type":"route","airline":"GS","airlineid":"airline_690","sourceairport":"NGB","destinationairport":"SWA","stops":0,"equipment":"E90","schedule":[{"day":0,"utc":"09:19:00","flight":"GS658"},{"day":0,"utc":"10:16:00","flight":"GS143"},{"day":0,"utc":"21:00:00","flight":"GS465"},{"day":0,"utc":"15:56:00","flight":"GS767"},{"day":0,"utc":"18:29:00","flight":"GS979"},{"day":1,"utc":"22:30:00","flight":"GS266"},{"day":1,"utc":"21:52:00","flight":"GS421"},{"day":2,"utc":"17:41:00","flight":"GS406"},{"day":2,"utc":"16:12:00","flight":"GS916"},{"day":3,"utc":"17:14:00","flight":"GS466"},{"day":4,"utc":"09:50:00","flight":"GS414"},{"day":5,"utc":"18:21:00","flight":"GS361"},{"day":5,"utc":"15:50:00","flight":"GS762"},{"day":5,"utc":"16:49:00","flight":"GS731"},{"day":5,"utc":"10:29:00","flight":"GS478"},{"day":6,"utc":"06:49:00","flight":"GS005"},{"day":6,"utc":"17:04:00","flight":"GS368"},{"day":6,"utc":"15:38:00","flight":"GS339"},{"day":6,"utc":"16:09:00","flight":"GS921"},{"day":6,"utc":"21:54:00","flight":"GS144"}],"distance":857.8708189966605}