{"id":21154,"type":"route","airline":"DL","airlineid":"airline_2009","sourceairport":"LGA","destinationairport":"SDF","stops":0,"equipment":"ERJ","schedule":[{"day":0,"utc":"14:12:00","flight":"DL900"},{"day":1,"utc":"09:38:00","flight":"DL850"},{"day":1,"utc":"11:29:00","flight":"DL157"},{"day":1,"utc":"03:43:00","flight":"DL807"},{"day":1,"utc":"03:31:00","flight":"DL595"},{"day":1,"utc":"22:39:00","flight":"DL013"},{"day":2,"utc":"14:43:00","flight":"DL587"},{"day":3,"utc":"23:21:00","flight":"DL080"},{"day":3,"utc":"15:56:00","flight":"DL249"},{"day":4,"utc":"11:06:00","flight":"DL822"},{"day":4,"utc":"00:12:00","flight":"DL630"},{"day":4,"utc":"13:44:00","flight":"DL887"},{"day":4,"utc":"20:46:00","flight":"DL692"},{"day":4,"utc":"02:13:00","flight":"DL503"},{"day":5,"utc":"22:56:00","flight":"DL756"},{"day":5,"utc":"14:00:00","flight":"DL266"},{"day":6,"utc":"03:53:00","flight":"DL156"},{"day":6,"utc":"09:10:00","flight":"DL382"},{"day":6,"utc":"23:05:00","flight":"DL208"},{"day":6,"utc":"19:53:00","flight":"DL504"}]}