{"id":6338,"type":"route","airline":"AA","airlineid":"airline_24","sourceairport":"ORD","destinationairport":"TOL","stops":0,"equipment":"ERD ER4","schedule":[{"day":0,"utc":"06:53:00","flight":"AA852"},{"day":0,"utc":"04:59:00","flight":"AA100"},{"day":1,"utc":"22:58:00","flight":"AA715"},{"day":1,"utc":"00:00:00","flight":"AA499"},{"day":2,"utc":"07:34:00","flight":"AA659"},{"day":2,"utc":"05:49:00","flight":"AA081"},{"day":3,"utc":"02:24:00","flight":"AA881"},{"day":3,"utc":"02:33:00","flight":"AA457"},{"day":4,"utc":"22:26:00","flight":"AA211"},{"day":4,"utc":"21:36:00","flight":"AA631"},{"day":5,"utc":"10:21:00","flight":"AA208"},{"day":5,"utc":"01:47:00","flight":"AA790"},{"day":5,"utc":"14:14:00","flight":"AA342"},{"day":6,"utc":"15:22:00","flight":"AA647"}],"distance":342.453691729521}