{"id":56315,"type":"route","airline":"UA","airlineid":"airline_5209","sourceairport":"EWR","destinationairport":"DFW","stops":0,"equipment":"319 73G 738","schedule":[{"day":0,"utc":"07:29:00","flight":"UA092"},{"day":0,"utc":"09:34:00","flight":"UA213"},{"day":0,"utc":"00:51:00","flight":"UA766"},{"day":1,"utc":"02:36:00","flight":"UA262"},{"day":1,"utc":"14:55:00","flight":"UA169"},{"day":2,"utc":"03:42:00","flight":"UA905"},{"day":2,"utc":"18:14:00","flight":"UA770"},{"day":2,"utc":"19:35:00","flight":"UA745"},{"day":2,"utc":"23:54:00","flight":"UA479"},{"day":2,"utc":"02:30:00","flight":"UA568"},{"day":3,"utc":"01:17:00","flight":"UA154"},{"day":3,"utc":"18:07:00","flight":"UA768"},{"day":3,"utc":"04:17:00","flight":"UA861"},{"day":3,"utc":"19:35:00","flight":"UA230"},{"day":4,"utc":"18:28:00","flight":"UA290"},{"day":4,"utc":"06:30:00","flight":"UA436"},{"day":4,"utc":"10:59:00","flight":"UA927"},{"day":4,"utc":"22:08:00","flight":"UA615"},{"day":4,"utc":"02:38:00","flight":"UA023"},{"day":5,"utc":"03:30:00","flight":"UA524"},{"day":5,"utc":"15:48:00","flight":"UA453"},{"day":5,"utc":"22:23:00","flight":"UA320"},{"day":6,"utc":"12:31:00","flight":"UA563"},{"day":6,"utc":"17:29:00","flight":"UA831"},{"day":6,"utc":"12:24:00","flight":"UA654"}],"distance":2204.7909872247233}