{"id":4491,"type":"route","airline":"A5","airlineid":"airline_1203","sourceairport":"AUR","destinationairport":"ORY","stops":0,"equipment":"AT5","schedule":[{"day":0,"utc":"13:59:00","flight":"A5687"},{"day":0,"utc":"16:05:00","flight":"A5869"},{"day":0,"utc":"22:20:00","flight":"A5791"},{"day":0,"utc":"06:17:00","flight":"A5486"},{"day":0,"utc":"02:58:00","flight":"A5097"},{"day":1,"utc":"16:33:00","flight":"A5200"},{"day":1,"utc":"14:43:00","flight":"A5359"},{"day":1,"utc":"13:55:00","flight":"A5299"},{"day":2,"utc":"09:59:00","flight":"A5162"},{"day":2,"utc":"05:42:00","flight":"A5011"},{"day":2,"utc":"05:46:00","flight":"A5419"},{"day":2,"utc":"13:27:00","flight":"A5974"},{"day":3,"utc":"22:13:00","flight":"A5407"},{"day":4,"utc":"09:17:00","flight":"A5156"},{"day":4,"utc":"13:02:00","flight":"A5237"},{"day":4,"utc":"21:01:00","flight":"A5340"},{"day":5,"utc":"05:38:00","flight":"A5197"},{"day":5,"utc":"05:42:00","flight":"A5400"},{"day":5,"utc":"03:51:00","flight":"A5927"},{"day":6,"utc":"04:42:00","flight":"A5654"},{"day":6,"utc":"20:06:00","flight":"A5043"},{"day":6,"utc":"12:10:00","flight":"A5831"},{"day":6,"utc":"23:25:00","flight":"A5475"}],"distance":426.33560960524005}