{"id":6125,"type":"route","airline":"AA","airlineid":"airline_24","sourceairport":"MKE","destinationairport":"PHL","stops":0,"equipment":"CRJ","schedule":[{"day":0,"utc":"12:29:00","flight":"AA101"},{"day":1,"utc":"07:18:00","flight":"AA178"},{"day":2,"utc":"01:28:00","flight":"AA076"},{"day":3,"utc":"18:41:00","flight":"AA326"},{"day":3,"utc":"05:14:00","flight":"AA726"},{"day":3,"utc":"04:50:00","flight":"AA423"},{"day":3,"utc":"12:28:00","flight":"AA184"},{"day":4,"utc":"18:56:00","flight":"AA096"},{"day":4,"utc":"02:07:00","flight":"AA088"},{"day":4,"utc":"07:13:00","flight":"AA464"},{"day":4,"utc":"23:44:00","flight":"AA345"},{"day":5,"utc":"01:51:00","flight":"AA542"},{"day":6,"utc":"10:20:00","flight":"AA837"},{"day":6,"utc":"22:48:00","flight":"AA193"},{"day":6,"utc":"10:26:00","flight":"AA286"}]}