{"id":24497,"type":"route","airline":"F9","airlineid":"airline_2468","sourceairport":"PVR","destinationairport":"STL","stops":0,"equipment":"319","schedule":[{"day":0,"utc":"08:58:00","flight":"F9641"},{"day":0,"utc":"05:15:00","flight":"F9233"},{"day":0,"utc":"11:20:00","flight":"F9272"},{"day":0,"utc":"08:07:00","flight":"F9594"},{"day":1,"utc":"05:48:00","flight":"F9976"},{"day":1,"utc":"05:14:00","flight":"F9967"},{"day":1,"utc":"10:05:00","flight":"F9712"},{"day":1,"utc":"18:32:00","flight":"F9481"},{"day":1,"utc":"13:51:00","flight":"F9935"},{"day":2,"utc":"02:53:00","flight":"F9310"},{"day":2,"utc":"15:04:00","flight":"F9474"},{"day":2,"utc":"20:42:00","flight":"F9761"},{"day":2,"utc":"11:18:00","flight":"F9482"},{"day":2,"utc":"04:55:00","flight":"F9765"},{"day":3,"utc":"06:34:00","flight":"F9350"},{"day":3,"utc":"01:34:00","flight":"F9910"},{"day":3,"utc":"12:41:00","flight":"F9034"},{"day":3,"utc":"20:27:00","flight":"F9624"},{"day":3,"utc":"07:47:00","flight":"F9399"},{"day":4,"utc":"21:52:00","flight":"F9140"},{"day":5,"utc":"22:42:00","flight":"F9396"},{"day":5,"utc":"08:50:00","flight":"F9150"},{"day":5,"utc":"10:54:00","flight":"F9441"},{"day":5,"utc":"03:10:00","flight":"F9782"},{"day":6,"utc":"04:13:00","flight":"F9531"},{"day":6,"utc":"19:15:00","flight":"F9756"},{"day":6,"utc":"15:26:00","flight":"F9973"},{"day":6,"utc":"04:14:00","flight":"F9114"},{"day":6,"utc":"15:42:00","flight":"F9056"}]}