{"id":20985,"type":"route","airline":"DL","airlineid":"airline_2009","sourceairport":"JFK","destinationairport":"SDF","stops":0,"equipment":"CRJ ERJ","schedule":[{"day":0,"utc":"22:45:00","flight":"DL822"},{"day":1,"utc":"14:48:00","flight":"DL456"},{"day":1,"utc":"22:49:00","flight":"DL864"},{"day":2,"utc":"21:24:00","flight":"DL457"},{"day":2,"utc":"22:14:00","flight":"DL502"},{"day":2,"utc":"05:17:00","flight":"DL761"},{"day":2,"utc":"10:50:00","flight":"DL676"},{"day":3,"utc":"15:47:00","flight":"DL147"},{"day":3,"utc":"18:28:00","flight":"DL937"},{"day":4,"utc":"20:40:00","flight":"DL381"},{"day":4,"utc":"06:25:00","flight":"DL067"},{"day":4,"utc":"20:51:00","flight":"DL174"},{"day":4,"utc":"07:33:00","flight":"DL759"},{"day":5,"utc":"12:55:00","flight":"DL420"},{"day":6,"utc":"08:38:00","flight":"DL102"},{"day":6,"utc":"19:42:00","flight":"DL164"},{"day":6,"utc":"20:40:00","flight":"DL505"},{"day":6,"utc":"19:08:00","flight":"DL656"},{"day":6,"utc":"23:56:00","flight":"DL063"}],"distance":1062.3366949343842}