{"id":60049,"type":"route","airline":"US","airlineid":"airline_5265","sourceairport":"PHL","destinationairport":"DAY","stops":0,"equipment":"CRJ","schedule":[{"day":0,"utc":"20:29:00","flight":"US218"},{"day":0,"utc":"14:25:00","flight":"US678"},{"day":0,"utc":"01:39:00","flight":"US762"},{"day":0,"utc":"16:00:00","flight":"US957"},{"day":0,"utc":"14:38:00","flight":"US807"},{"day":1,"utc":"05:22:00","flight":"US713"},{"day":1,"utc":"12:03:00","flight":"US963"},{"day":1,"utc":"13:13:00","flight":"US313"},{"day":1,"utc":"17:12:00","flight":"US630"},{"day":2,"utc":"14:35:00","flight":"US253"},{"day":2,"utc":"19:30:00","flight":"US029"},{"day":3,"utc":"16:02:00","flight":"US888"},{"day":3,"utc":"10:25:00","flight":"US227"},{"day":4,"utc":"12:29:00","flight":"US875"},{"day":4,"utc":"11:22:00","flight":"US214"},{"day":5,"utc":"05:19:00","flight":"US426"},{"day":5,"utc":"12:39:00","flight":"US681"},{"day":5,"utc":"02:05:00","flight":"US042"},{"day":5,"utc":"02:27:00","flight":"US590"},{"day":6,"utc":"21:16:00","flight":"US675"},{"day":6,"utc":"12:30:00","flight":"US785"},{"day":6,"utc":"10:58:00","flight":"US716"}]}