{"id":56509,"type":"route","airline":"UA","airlineid":"airline_5209","sourceairport":"GPT","destinationairport":"IAH","stops":0,"equipment":"ERJ","schedule":[{"day":0,"utc":"18:52:00","flight":"UA083"},{"day":0,"utc":"12:02:00","flight":"UA015"},{"day":0,"utc":"04:44:00","flight":"UA096"},{"day":1,"utc":"12:25:00","flight":"UA907"},{"day":1,"utc":"14:00:00","flight":"UA310"},{"day":1,"utc":"20:16:00","flight":"UA089"},{"day":2,"utc":"02:03:00","flight":"UA438"},{"day":2,"utc":"10:38:00","flight":"UA719"},{"day":2,"utc":"18:00:00","flight":"UA513"},{"day":2,"utc":"06:11:00","flight":"UA005"},{"day":2,"utc":"01:14:00","flight":"UA292"},{"day":3,"utc":"03:14:00","flight":"UA610"},{"day":3,"utc":"02:43:00","flight":"UA744"},{"day":3,"utc":"05:01:00","flight":"UA023"},{"day":4,"utc":"02:33:00","flight":"UA851"},{"day":4,"utc":"13:57:00","flight":"UA887"},{"day":4,"utc":"21:58:00","flight":"UA954"},{"day":5,"utc":"03:06:00","flight":"UA434"},{"day":5,"utc":"01:13:00","flight":"UA000"},{"day":5,"utc":"11:56:00","flight":"UA442"},{"day":6,"utc":"03:34:00","flight":"UA451"},{"day":6,"utc":"19:48:00","flight":"UA528"},{"day":6,"utc":"07:17:00","flight":"UA429"},{"day":6,"utc":"20:29:00","flight":"UA049"},{"day":6,"utc":"06:44:00","flight":"UA115"}]}