{"id":38015,"type":"route","airline":"LH","airlineid":"airline_3320","sourceairport":"BHX","destinationairport":"DUS","stops":0,"equipment":"CR9","schedule":[{"day":0,"utc":"03:13:00","flight":"LH342"},{"day":0,"utc":"04:24:00","flight":"LH625"},{"day":0,"utc":"01:41:00","flight":"LH628"},{"day":0,"utc":"09:48:00","flight":"LH877"},{"day":1,"utc":"10:24:00","flight":"LH391"},{"day":1,"utc":"16:44:00","flight":"LH002"},{"day":1,"utc":"10:29:00","flight":"LH382"},{"day":2,"utc":"11:15:00","flight":"LH591"},{"day":3,"utc":"03:03:00","flight":"LH554"},{"day":3,"utc":"11:54:00","flight":"LH470"},{"day":3,"utc":"07:29:00","flight":"LH068"},{"day":4,"utc":"03:56:00","flight":"LH949"},{"day":5,"utc":"16:47:00","flight":"LH410"},{"day":5,"utc":"05:13:00","flight":"LH011"},{"day":5,"utc":"01:54:00","flight":"LH414"},{"day":5,"utc":"07:19:00","flight":"LH719"},{"day":6,"utc":"19:04:00","flight":"LH741"},{"day":6,"utc":"12:32:00","flight":"LH381"}]}