{"id":60043,"type":"route","airline":"US","airlineid":"airline_5265","sourceairport":"PHL","destinationairport":"CHS","stops":0,"equipment":"CRJ","schedule":[{"day":0,"utc":"17:56:00","flight":"US814"},{"day":1,"utc":"08:26:00","flight":"US850"},{"day":2,"utc":"21:55:00","flight":"US564"},{"day":2,"utc":"14:39:00","flight":"US185"},{"day":2,"utc":"07:10:00","flight":"US851"},{"day":3,"utc":"06:52:00","flight":"US554"},{"day":3,"utc":"17:00:00","flight":"US003"},{"day":4,"utc":"05:04:00","flight":"US895"},{"day":4,"utc":"18:26:00","flight":"US350"},{"day":5,"utc":"17:09:00","flight":"US354"},{"day":5,"utc":"21:40:00","flight":"US464"},{"day":5,"utc":"13:08:00","flight":"US720"},{"day":6,"utc":"13:43:00","flight":"US982"}]}