{"id":58986,"type":"route","airline":"US","airlineid":"airline_5265","sourceairport":"DCA","destinationairport":"PIT","stops":0,"equipment":"CRJ E75","schedule":[{"day":0,"utc":"16:49:00","flight":"US719"},{"day":0,"utc":"03:29:00","flight":"US585"},{"day":1,"utc":"18:18:00","flight":"US995"},{"day":2,"utc":"11:45:00","flight":"US104"},{"day":2,"utc":"14:13:00","flight":"US641"},{"day":2,"utc":"17:30:00","flight":"US171"},{"day":2,"utc":"05:03:00","flight":"US807"},{"day":3,"utc":"19:53:00","flight":"US939"},{"day":3,"utc":"03:08:00","flight":"US127"},{"day":3,"utc":"05:20:00","flight":"US073"},{"day":3,"utc":"16:04:00","flight":"US438"},{"day":3,"utc":"18:22:00","flight":"US670"},{"day":4,"utc":"22:02:00","flight":"US973"},{"day":4,"utc":"17:28:00","flight":"US256"},{"day":4,"utc":"03:44:00","flight":"US229"},{"day":5,"utc":"00:11:00","flight":"US962"},{"day":5,"utc":"01:14:00","flight":"US466"},{"day":5,"utc":"04:29:00","flight":"US332"},{"day":5,"utc":"10:27:00","flight":"US153"},{"day":6,"utc":"05:51:00","flight":"US244"},{"day":6,"utc":"04:46:00","flight":"US616"},{"day":6,"utc":"23:28:00","flight":"US050"},{"day":6,"utc":"13:01:00","flight":"US734"}],"distance":328.61984922983686}