{"id":9762,"type":"route","airline":"AF","airlineid":"airline_137","sourceairport":"MSN","destinationairport":"ATL","stops":0,"equipment":"CR7 320 CR9","schedule":[{"day":0,"utc":"03:45:00","flight":"AF076"},{"day":1,"utc":"21:13:00","flight":"AF760"},{"day":2,"utc":"02:27:00","flight":"AF230"},{"day":2,"utc":"03:38:00","flight":"AF119"},{"day":2,"utc":"21:27:00","flight":"AF850"},{"day":2,"utc":"12:05:00","flight":"AF896"},{"day":3,"utc":"10:27:00","flight":"AF077"},{"day":3,"utc":"20:13:00","flight":"AF673"},{"day":3,"utc":"05:59:00","flight":"AF148"},{"day":3,"utc":"06:17:00","flight":"AF856"},{"day":3,"utc":"21:46:00","flight":"AF071"},{"day":4,"utc":"08:19:00","flight":"AF732"},{"day":4,"utc":"04:39:00","flight":"AF788"},{"day":4,"utc":"04:15:00","flight":"AF721"},{"day":4,"utc":"04:06:00","flight":"AF328"},{"day":5,"utc":"16:52:00","flight":"AF104"},{"day":6,"utc":"19:07:00","flight":"AF060"},{"day":6,"utc":"21:55:00","flight":"AF942"},{"day":6,"utc":"13:35:00","flight":"AF212"},{"day":6,"utc":"20:09:00","flight":"AF895"},{"day":6,"utc":"07:06:00","flight":"AF045"}]}