{"id":56507,"type":"route","airline":"UA","airlineid":"airline_5209","sourceairport":"GNV","destinationairport":"TPA","stops":0,"equipment":"SF3","schedule":[{"day":0,"utc":"07:13:00","flight":"UA872"},{"day":0,"utc":"19:31:00","flight":"UA940"},{"day":0,"utc":"02:48:00","flight":"UA839"},{"day":0,"utc":"07:56:00","flight":"UA765"},{"day":0,"utc":"11:12:00","flight":"UA211"},{"day":1,"utc":"10:42:00","flight":"UA930"},{"day":1,"utc":"05:12:00","flight":"UA155"},{"day":1,"utc":"06:14:00","flight":"UA425"},{"day":1,"utc":"10:26:00","flight":"UA900"},{"day":2,"utc":"17:42:00","flight":"UA651"},{"day":2,"utc":"15:10:00","flight":"UA653"},{"day":2,"utc":"19:29:00","flight":"UA916"},{"day":2,"utc":"19:44:00","flight":"UA458"},{"day":2,"utc":"11:52:00","flight":"UA069"},{"day":3,"utc":"17:51:00","flight":"UA438"},{"day":3,"utc":"15:49:00","flight":"UA399"},{"day":4,"utc":"07:14:00","flight":"UA399"},{"day":4,"utc":"15:14:00","flight":"UA154"},{"day":4,"utc":"20:07:00","flight":"UA313"},{"day":4,"utc":"01:31:00","flight":"UA797"},{"day":4,"utc":"06:01:00","flight":"UA188"},{"day":5,"utc":"09:51:00","flight":"UA080"},{"day":6,"utc":"20:49:00","flight":"UA012"}],"distance":192.34659553480927}