{"id":39342,"type":"route","airline":"LS","airlineid":"airline_3026","sourceairport":"GLA","destinationairport":"TFS","stops":0,"equipment":"738 73H","schedule":[{"day":0,"utc":"12:45:00","flight":"LS538"},{"day":0,"utc":"17:21:00","flight":"LS228"},{"day":0,"utc":"08:25:00","flight":"LS140"},{"day":0,"utc":"14:38:00","flight":"LS083"},{"day":0,"utc":"16:58:00","flight":"LS026"},{"day":1,"utc":"18:50:00","flight":"LS607"},{"day":1,"utc":"19:30:00","flight":"LS026"},{"day":1,"utc":"16:51:00","flight":"LS862"},{"day":2,"utc":"02:41:00","flight":"LS294"},{"day":2,"utc":"11:00:00","flight":"LS992"},{"day":2,"utc":"07:58:00","flight":"LS923"},{"day":2,"utc":"05:34:00","flight":"LS261"},{"day":2,"utc":"03:18:00","flight":"LS309"},{"day":3,"utc":"23:33:00","flight":"LS276"},{"day":3,"utc":"03:25:00","flight":"LS336"},{"day":3,"utc":"07:28:00","flight":"LS779"},{"day":3,"utc":"05:13:00","flight":"LS502"},{"day":4,"utc":"12:16:00","flight":"LS646"},{"day":4,"utc":"09:06:00","flight":"LS878"},{"day":5,"utc":"01:11:00","flight":"LS483"},{"day":5,"utc":"11:01:00","flight":"LS998"},{"day":5,"utc":"21:51:00","flight":"LS858"},{"day":5,"utc":"20:27:00","flight":"LS159"},{"day":5,"utc":"23:57:00","flight":"LS462"},{"day":6,"utc":"08:37:00","flight":"LS333"}],"distance":3242.1533062695044}