{"id":28877,"type":"route","airline":"G4","airlineid":"airline_35","sourceairport":"AZA","destinationairport":"FAR","stops":0,"equipment":"M80 319","schedule":[{"day":0,"utc":"08:21:00","flight":"G4760"},{"day":1,"utc":"16:03:00","flight":"G4520"},{"day":2,"utc":"00:37:00","flight":"G4790"},{"day":2,"utc":"03:38:00","flight":"G4126"},{"day":2,"utc":"05:49:00","flight":"G4115"},{"day":3,"utc":"17:48:00","flight":"G4232"},{"day":3,"utc":"10:57:00","flight":"G4745"},{"day":3,"utc":"17:33:00","flight":"G4101"},{"day":3,"utc":"22:16:00","flight":"G4792"},{"day":4,"utc":"18:03:00","flight":"G4797"},{"day":4,"utc":"00:38:00","flight":"G4961"},{"day":4,"utc":"19:04:00","flight":"G4990"},{"day":4,"utc":"21:42:00","flight":"G4235"},{"day":4,"utc":"13:17:00","flight":"G4332"},{"day":5,"utc":"15:00:00","flight":"G4250"},{"day":5,"utc":"06:46:00","flight":"G4233"},{"day":5,"utc":"14:57:00","flight":"G4621"},{"day":5,"utc":"19:39:00","flight":"G4012"},{"day":5,"utc":"21:19:00","flight":"G4649"},{"day":6,"utc":"16:20:00","flight":"G4031"},{"day":6,"utc":"16:43:00","flight":"G4974"},{"day":6,"utc":"03:36:00","flight":"G4582"},{"day":6,"utc":"15:05:00","flight":"G4865"},{"day":6,"utc":"00:49:00","flight":"G4740"}],"distance":1963.760876589394}