{"id":13452,"type":"route","airline":"AZ","airlineid":"airline_596","sourceairport":"LGW","destinationairport":"PMO","stops":0,"equipment":"320","schedule":[{"day":0,"utc":"12:10:00","flight":"AZ514"},{"day":1,"utc":"14:57:00","flight":"AZ145"},{"day":1,"utc":"19:42:00","flight":"AZ494"},{"day":2,"utc":"11:23:00","flight":"AZ513"},{"day":2,"utc":"21:50:00","flight":"AZ363"},{"day":2,"utc":"16:44:00","flight":"AZ983"},{"day":2,"utc":"16:15:00","flight":"AZ149"},{"day":2,"utc":"20:11:00","flight":"AZ535"},{"day":3,"utc":"16:49:00","flight":"AZ431"},{"day":3,"utc":"14:06:00","flight":"AZ196"},{"day":3,"utc":"15:19:00","flight":"AZ502"},{"day":3,"utc":"22:49:00","flight":"AZ030"},{"day":3,"utc":"19:32:00","flight":"AZ168"},{"day":4,"utc":"15:40:00","flight":"AZ200"},{"day":4,"utc":"14:41:00","flight":"AZ514"},{"day":4,"utc":"06:43:00","flight":"AZ893"},{"day":5,"utc":"23:39:00","flight":"AZ580"},{"day":5,"utc":"07:51:00","flight":"AZ021"},{"day":6,"utc":"07:16:00","flight":"AZ052"},{"day":6,"utc":"01:52:00","flight":"AZ897"},{"day":6,"utc":"13:44:00","flight":"AZ344"},{"day":6,"utc":"17:38:00","flight":"AZ752"}],"distance":1778.4652588900385}