{"id":53239,"type":"route","airline":"TO","airlineid":"airline_8745","sourceairport":"LTN","destinationairport":"FAO","stops":0,"equipment":"75W 73H","schedule":[{"day":0,"utc":"12:23:00","flight":"TO369"},{"day":0,"utc":"04:58:00","flight":"TO655"},{"day":0,"utc":"16:47:00","flight":"TO518"},{"day":0,"utc":"08:09:00","flight":"TO478"},{"day":1,"utc":"13:53:00","flight":"TO405"},{"day":1,"utc":"09:23:00","flight":"TO883"},{"day":2,"utc":"03:42:00","flight":"TO853"},{"day":3,"utc":"00:53:00","flight":"TO263"},{"day":3,"utc":"14:55:00","flight":"TO047"},{"day":3,"utc":"19:08:00","flight":"TO867"},{"day":4,"utc":"08:19:00","flight":"TO935"},{"day":4,"utc":"18:08:00","flight":"TO834"},{"day":4,"utc":"03:47:00","flight":"TO464"},{"day":4,"utc":"11:54:00","flight":"TO429"},{"day":5,"utc":"06:40:00","flight":"TO481"},{"day":5,"utc":"22:06:00","flight":"TO218"},{"day":5,"utc":"16:30:00","flight":"TO682"},{"day":5,"utc":"16:16:00","flight":"TO537"},{"day":6,"utc":"18:39:00","flight":"TO721"},{"day":6,"utc":"10:18:00","flight":"TO936"},{"day":6,"utc":"18:51:00","flight":"TO746"}],"distance":1756.6853830859175}