{"id":14791,"type":"route","airline":"BA","airlineid":"airline_1355","sourceairport":"LIS","destinationairport":"LHR","stops":0,"equipment":"320","schedule":[{"day":0,"utc":"10:44:00","flight":"BA499"},{"day":0,"utc":"04:42:00","flight":"BA221"},{"day":0,"utc":"05:10:00","flight":"BA256"},{"day":0,"utc":"17:49:00","flight":"BA529"},{"day":1,"utc":"17:17:00","flight":"BA009"},{"day":1,"utc":"08:50:00","flight":"BA966"},{"day":1,"utc":"23:24:00","flight":"BA264"},{"day":1,"utc":"22:22:00","flight":"BA475"},{"day":1,"utc":"04:47:00","flight":"BA763"},{"day":2,"utc":"15:19:00","flight":"BA204"},{"day":2,"utc":"02:43:00","flight":"BA558"},{"day":2,"utc":"01:37:00","flight":"BA341"},{"day":2,"utc":"13:36:00","flight":"BA409"},{"day":2,"utc":"10:07:00","flight":"BA184"},{"day":3,"utc":"08:59:00","flight":"BA215"},{"day":3,"utc":"19:29:00","flight":"BA702"},{"day":4,"utc":"17:56:00","flight":"BA983"},{"day":4,"utc":"10:58:00","flight":"BA543"},{"day":4,"utc":"05:02:00","flight":"BA288"},{"day":4,"utc":"07:39:00","flight":"BA829"},{"day":5,"utc":"03:21:00","flight":"BA170"},{"day":5,"utc":"18:10:00","flight":"BA864"},{"day":6,"utc":"17:30:00","flight":"BA067"},{"day":6,"utc":"07:54:00","flight":"BA568"}],"distance":1564.6194724910558}