{"id":56780,"type":"route","airline":"UA","airlineid":"airline_5209","sourceairport":"IAH","destinationairport":"LIM","stops":0,"equipment":"763","schedule":[{"day":0,"utc":"19:02:00","flight":"UA166"},{"day":0,"utc":"18:10:00","flight":"UA663"},{"day":0,"utc":"13:23:00","flight":"UA673"},{"day":0,"utc":"15:49:00","flight":"UA985"},{"day":1,"utc":"15:15:00","flight":"UA633"},{"day":1,"utc":"04:37:00","flight":"UA536"},{"day":1,"utc":"16:15:00","flight":"UA482"},{"day":1,"utc":"18:59:00","flight":"UA957"},{"day":1,"utc":"16:36:00","flight":"UA809"},{"day":2,"utc":"18:50:00","flight":"UA625"},{"day":2,"utc":"22:57:00","flight":"UA211"},{"day":2,"utc":"20:40:00","flight":"UA361"},{"day":2,"utc":"19:07:00","flight":"UA885"},{"day":3,"utc":"02:52:00","flight":"UA539"},{"day":4,"utc":"00:04:00","flight":"UA380"},{"day":5,"utc":"01:45:00","flight":"UA627"},{"day":5,"utc":"18:21:00","flight":"UA364"},{"day":5,"utc":"23:32:00","flight":"UA014"},{"day":5,"utc":"08:34:00","flight":"UA255"},{"day":5,"utc":"10:02:00","flight":"UA565"},{"day":6,"utc":"03:07:00","flight":"UA167"},{"day":6,"utc":"04:13:00","flight":"UA866"},{"day":6,"utc":"15:23:00","flight":"UA708"},{"day":6,"utc":"09:56:00","flight":"UA943"},{"day":6,"utc":"03:09:00","flight":"UA570"}]}