{"id":5621,"type":"route","airline":"AA","airlineid":"airline_24","sourceairport":"JFK","destinationairport":"LAS","stops":0,"equipment":"738","schedule":[{"day":0,"utc":"06:35:00","flight":"AA044"},{"day":0,"utc":"17:38:00","flight":"AA468"},{"day":0,"utc":"05:03:00","flight":"AA305"},{"day":0,"utc":"00:35:00","flight":"AA665"},{"day":0,"utc":"08:52:00","flight":"AA331"},{"day":1,"utc":"00:49:00","flight":"AA309"},{"day":1,"utc":"04:16:00","flight":"AA743"},{"day":1,"utc":"15:19:00","flight":"AA191"},{"day":1,"utc":"13:51:00","flight":"AA706"},{"day":2,"utc":"21:18:00","flight":"AA309"},{"day":2,"utc":"16:15:00","flight":"AA937"},{"day":2,"utc":"02:05:00","flight":"AA628"},{"day":2,"utc":"16:03:00","flight":"AA167"},{"day":2,"utc":"10:32:00","flight":"AA255"},{"day":3,"utc":"18:02:00","flight":"AA198"},{"day":3,"utc":"20:08:00","flight":"AA365"},{"day":3,"utc":"04:16:00","flight":"AA718"},{"day":3,"utc":"05:17:00","flight":"AA823"},{"day":3,"utc":"20:36:00","flight":"AA822"},{"day":4,"utc":"02:20:00","flight":"AA904"},{"day":4,"utc":"10:47:00","flight":"AA694"},{"day":4,"utc":"03:43:00","flight":"AA569"},{"day":4,"utc":"02:16:00","flight":"AA172"},{"day":4,"utc":"03:12:00","flight":"AA068"},{"day":5,"utc":"21:54:00","flight":"AA032"},{"day":5,"utc":"06:26:00","flight":"AA720"},{"day":5,"utc":"23:54:00","flight":"AA597"},{"day":5,"utc":"11:30:00","flight":"AA076"},{"day":5,"utc":"08:38:00","flight":"AA456"},{"day":6,"utc":"22:28:00","flight":"AA897"},{"day":6,"utc":"09:09:00","flight":"AA532"},{"day":6,"utc":"08:09:00","flight":"AA171"},{"day":6,"utc":"11:24:00","flight":"AA405"},{"day":6,"utc":"19:03:00","flight":"AA790"}]}