{"id":56927,"type":"route","airline":"UA","airlineid":"airline_5209","sourceairport":"KIX","destinationairport":"SFO","stops":0,"equipment":"777 788","schedule":[{"day":0,"utc":"22:48:00","flight":"UA474"},{"day":0,"utc":"12:40:00","flight":"UA175"},{"day":0,"utc":"05:28:00","flight":"UA851"},{"day":0,"utc":"20:26:00","flight":"UA712"},{"day":0,"utc":"16:40:00","flight":"UA865"},{"day":1,"utc":"14:30:00","flight":"UA940"},{"day":2,"utc":"01:46:00","flight":"UA021"},{"day":2,"utc":"12:30:00","flight":"UA295"},{"day":2,"utc":"06:47:00","flight":"UA683"},{"day":2,"utc":"20:45:00","flight":"UA899"},{"day":2,"utc":"09:49:00","flight":"UA245"},{"day":3,"utc":"13:31:00","flight":"UA943"},{"day":3,"utc":"08:05:00","flight":"UA021"},{"day":3,"utc":"18:41:00","flight":"UA273"},{"day":3,"utc":"09:40:00","flight":"UA564"},{"day":4,"utc":"14:14:00","flight":"UA247"},{"day":4,"utc":"17:19:00","flight":"UA356"},{"day":5,"utc":"00:02:00","flight":"UA271"},{"day":5,"utc":"01:22:00","flight":"UA827"},{"day":5,"utc":"21:35:00","flight":"UA297"},{"day":5,"utc":"16:45:00","flight":"UA115"},{"day":6,"utc":"01:43:00","flight":"UA699"},{"day":6,"utc":"15:43:00","flight":"UA211"},{"day":6,"utc":"22:22:00","flight":"UA927"}],"distance":8691.558791714975}