{"id":28914,"type":"route","airline":"G4","airlineid":"airline_35","sourceairport":"BLV","destinationairport":"SFB","stops":0,"equipment":"M80","schedule":[{"day":0,"utc":"22:00:00","flight":"G4963"},{"day":0,"utc":"13:50:00","flight":"G4021"},{"day":0,"utc":"04:29:00","flight":"G4837"},{"day":1,"utc":"00:17:00","flight":"G4935"},{"day":1,"utc":"06:17:00","flight":"G4999"},{"day":1,"utc":"12:16:00","flight":"G4504"},{"day":1,"utc":"16:46:00","flight":"G4099"},{"day":1,"utc":"18:38:00","flight":"G4077"},{"day":2,"utc":"16:01:00","flight":"G4988"},{"day":3,"utc":"02:28:00","flight":"G4432"},{"day":4,"utc":"19:17:00","flight":"G4264"},{"day":4,"utc":"16:29:00","flight":"G4512"},{"day":5,"utc":"09:11:00","flight":"G4866"},{"day":5,"utc":"23:56:00","flight":"G4825"},{"day":5,"utc":"22:06:00","flight":"G4644"},{"day":5,"utc":"07:53:00","flight":"G4191"},{"day":5,"utc":"14:32:00","flight":"G4569"},{"day":6,"utc":"06:20:00","flight":"G4254"},{"day":6,"utc":"22:26:00","flight":"G4864"},{"day":6,"utc":"09:28:00","flight":"G4503"},{"day":6,"utc":"13:22:00","flight":"G4513"},{"day":6,"utc":"01:38:00","flight":"G4389"}]}