{"id":6753,"type":"route","airline":"AA","airlineid":"airline_24","sourceairport":"SEA","destinationairport":"MCI","stops":0,"equipment":"737","schedule":[{"day":0,"utc":"17:05:00","flight":"AA505"},{"day":0,"utc":"18:54:00","flight":"AA554"},{"day":0,"utc":"03:29:00","flight":"AA168"},{"day":1,"utc":"22:13:00","flight":"AA603"},{"day":1,"utc":"07:04:00","flight":"AA868"},{"day":1,"utc":"16:31:00","flight":"AA742"},{"day":1,"utc":"15:27:00","flight":"AA696"},{"day":1,"utc":"01:42:00","flight":"AA573"},{"day":2,"utc":"17:34:00","flight":"AA303"},{"day":2,"utc":"07:19:00","flight":"AA522"},{"day":2,"utc":"16:36:00","flight":"AA358"},{"day":2,"utc":"16:55:00","flight":"AA917"},{"day":3,"utc":"18:08:00","flight":"AA364"},{"day":3,"utc":"22:28:00","flight":"AA656"},{"day":4,"utc":"08:13:00","flight":"AA052"},{"day":5,"utc":"10:36:00","flight":"AA681"},{"day":5,"utc":"00:53:00","flight":"AA382"},{"day":6,"utc":"19:04:00","flight":"AA378"}]}