{"id":21743,"type":"route","airline":"DL","airlineid":"airline_2009","sourceairport":"SEA","destinationairport":"SAN","stops":0,"equipment":"73H 73J 734 739 73G","schedule":[{"day":0,"utc":"01:23:00","flight":"DL991"},{"day":0,"utc":"19:16:00","flight":"DL664"},{"day":0,"utc":"22:14:00","flight":"DL044"},{"day":1,"utc":"13:13:00","flight":"DL580"},{"day":1,"utc":"11:38:00","flight":"DL057"},{"day":1,"utc":"03:13:00","flight":"DL418"},{"day":1,"utc":"14:12:00","flight":"DL694"},{"day":2,"utc":"08:29:00","flight":"DL430"},{"day":2,"utc":"07:46:00","flight":"DL775"},{"day":2,"utc":"19:20:00","flight":"DL441"},{"day":3,"utc":"13:20:00","flight":"DL474"},{"day":3,"utc":"09:31:00","flight":"DL997"},{"day":3,"utc":"21:37:00","flight":"DL963"},{"day":3,"utc":"04:27:00","flight":"DL048"},{"day":4,"utc":"18:32:00","flight":"DL083"},{"day":4,"utc":"06:12:00","flight":"DL184"},{"day":4,"utc":"20:34:00","flight":"DL938"},{"day":4,"utc":"09:02:00","flight":"DL155"},{"day":4,"utc":"20:12:00","flight":"DL245"},{"day":5,"utc":"11:21:00","flight":"DL440"},{"day":5,"utc":"13:19:00","flight":"DL747"},{"day":6,"utc":"22:32:00","flight":"DL884"},{"day":6,"utc":"16:13:00","flight":"DL014"},{"day":6,"utc":"20:45:00","flight":"DL085"},{"day":6,"utc":"19:36:00","flight":"DL559"},{"day":6,"utc":"12:29:00","flight":"DL100"}],"distance":1692.265935860798}