{"id":59625,"type":"route","airline":"US","airlineid":"airline_5265","sourceairport":"MAN","destinationairport":"ORD","stops":0,"equipment":"763","schedule":[{"day":0,"utc":"16:38:00","flight":"US064"},{"day":0,"utc":"00:31:00","flight":"US175"},{"day":1,"utc":"01:46:00","flight":"US047"},{"day":1,"utc":"22:24:00","flight":"US809"},{"day":2,"utc":"07:25:00","flight":"US811"},{"day":2,"utc":"15:42:00","flight":"US242"},{"day":3,"utc":"13:19:00","flight":"US354"},{"day":4,"utc":"17:16:00","flight":"US152"},{"day":4,"utc":"21:10:00","flight":"US344"},{"day":5,"utc":"00:08:00","flight":"US076"},{"day":5,"utc":"01:48:00","flight":"US883"},{"day":5,"utc":"19:04:00","flight":"US211"},{"day":6,"utc":"01:49:00","flight":"US390"},{"day":6,"utc":"17:14:00","flight":"US108"},{"day":6,"utc":"23:25:00","flight":"US703"},{"day":6,"utc":"07:22:00","flight":"US431"}]}