{"id":9120,"type":"route","airline":"AF","airlineid":"airline_137","sourceairport":"ATL","destinationairport":"MSP","stops":0,"equipment":"320 M90 757","schedule":[{"day":0,"utc":"21:26:00","flight":"AF567"},{"day":1,"utc":"14:07:00","flight":"AF265"},{"day":2,"utc":"00:04:00","flight":"AF504"},{"day":2,"utc":"23:28:00","flight":"AF668"},{"day":2,"utc":"11:37:00","flight":"AF487"},{"day":2,"utc":"10:58:00","flight":"AF519"},{"day":3,"utc":"16:08:00","flight":"AF875"},{"day":4,"utc":"13:06:00","flight":"AF623"},{"day":5,"utc":"13:47:00","flight":"AF091"},{"day":5,"utc":"14:02:00","flight":"AF256"},{"day":5,"utc":"09:59:00","flight":"AF232"},{"day":5,"utc":"15:53:00","flight":"AF374"},{"day":6,"utc":"16:40:00","flight":"AF541"},{"day":6,"utc":"17:46:00","flight":"AF164"},{"day":6,"utc":"01:26:00","flight":"AF684"},{"day":6,"utc":"01:05:00","flight":"AF603"},{"day":6,"utc":"14:40:00","flight":"AF388"}],"distance":1459.7121738368726}