{"id":53795,"type":"route","airline":"TP","airlineid":"airline_4869","sourceairport":"OPO","destinationairport":"ORY","stops":0,"equipment":"320 319","schedule":[{"day":0,"utc":"12:37:00","flight":"TP016"},{"day":0,"utc":"20:26:00","flight":"TP691"},{"day":0,"utc":"03:05:00","flight":"TP908"},{"day":0,"utc":"08:51:00","flight":"TP131"},{"day":1,"utc":"05:30:00","flight":"TP344"},{"day":1,"utc":"04:19:00","flight":"TP049"},{"day":2,"utc":"12:59:00","flight":"TP487"},{"day":2,"utc":"04:27:00","flight":"TP510"},{"day":3,"utc":"10:50:00","flight":"TP987"},{"day":3,"utc":"12:43:00","flight":"TP531"},{"day":3,"utc":"06:39:00","flight":"TP279"},{"day":3,"utc":"09:16:00","flight":"TP985"},{"day":4,"utc":"02:07:00","flight":"TP301"},{"day":4,"utc":"04:24:00","flight":"TP503"},{"day":4,"utc":"18:35:00","flight":"TP443"},{"day":4,"utc":"17:11:00","flight":"TP575"},{"day":4,"utc":"11:27:00","flight":"TP574"},{"day":5,"utc":"20:28:00","flight":"TP785"},{"day":5,"utc":"15:53:00","flight":"TP830"},{"day":5,"utc":"06:41:00","flight":"TP310"},{"day":5,"utc":"17:41:00","flight":"TP898"},{"day":5,"utc":"12:00:00","flight":"TP723"},{"day":6,"utc":"18:00:00","flight":"TP668"},{"day":6,"utc":"03:52:00","flight":"TP396"},{"day":6,"utc":"04:35:00","flight":"TP101"}],"distance":1199.9091737352014}