{"id":48458,"type":"route","airline":"S5","airlineid":"airline_4822","sourceairport":"STZ","destinationairport":"SXO","stops":0,"equipment":"CNC","schedule":[{"day":0,"utc":"08:37:00","flight":"S5574"},{"day":1,"utc":"13:24:00","flight":"S5240"},{"day":1,"utc":"04:08:00","flight":"S5119"},{"day":2,"utc":"00:56:00","flight":"S5206"},{"day":2,"utc":"21:34:00","flight":"S5758"},{"day":2,"utc":"15:56:00","flight":"S5419"},{"day":3,"utc":"23:44:00","flight":"S5105"},{"day":3,"utc":"13:32:00","flight":"S5885"},{"day":4,"utc":"13:44:00","flight":"S5774"},{"day":4,"utc":"18:46:00","flight":"S5363"},{"day":4,"utc":"14:36:00","flight":"S5777"},{"day":4,"utc":"03:43:00","flight":"S5226"},{"day":4,"utc":"19:16:00","flight":"S5568"},{"day":5,"utc":"16:54:00","flight":"S5253"},{"day":5,"utc":"18:36:00","flight":"S5864"},{"day":5,"utc":"00:40:00","flight":"S5617"},{"day":6,"utc":"22:33:00","flight":"S5050"},{"day":6,"utc":"00:00:00","flight":"S5436"}],"distance":130.85941529235077}