{"id":6405,"type":"route","airline":"AA","airlineid":"airline_24","sourceairport":"PHL","destinationairport":"AUA","stops":0,"equipment":"320","schedule":[{"day":0,"utc":"14:08:00","flight":"AA223"},{"day":1,"utc":"03:22:00","flight":"AA523"},{"day":1,"utc":"11:26:00","flight":"AA764"},{"day":1,"utc":"22:58:00","flight":"AA811"},{"day":1,"utc":"13:04:00","flight":"AA863"},{"day":1,"utc":"09:16:00","flight":"AA003"},{"day":2,"utc":"16:59:00","flight":"AA318"},{"day":2,"utc":"06:47:00","flight":"AA828"},{"day":3,"utc":"06:32:00","flight":"AA960"},{"day":3,"utc":"10:42:00","flight":"AA404"},{"day":3,"utc":"23:07:00","flight":"AA762"},{"day":3,"utc":"03:04:00","flight":"AA280"},{"day":4,"utc":"21:39:00","flight":"AA559"},{"day":4,"utc":"19:48:00","flight":"AA645"},{"day":4,"utc":"14:47:00","flight":"AA292"},{"day":5,"utc":"09:56:00","flight":"AA020"},{"day":5,"utc":"09:01:00","flight":"AA137"},{"day":5,"utc":"08:18:00","flight":"AA168"},{"day":5,"utc":"13:58:00","flight":"AA662"},{"day":5,"utc":"16:33:00","flight":"AA220"},{"day":6,"utc":"15:09:00","flight":"AA707"},{"day":6,"utc":"17:23:00","flight":"AA589"},{"day":6,"utc":"04:38:00","flight":"AA931"},{"day":6,"utc":"22:13:00","flight":"AA383"},{"day":6,"utc":"00:07:00","flight":"AA676"}]}