{"id":5269,"type":"route","airline":"AA","airlineid":"airline_24","sourceairport":"DFW","destinationairport":"MLM","stops":0,"equipment":"ER4","schedule":[{"day":0,"utc":"12:23:00","flight":"AA901"},{"day":0,"utc":"23:51:00","flight":"AA245"},{"day":0,"utc":"01:41:00","flight":"AA095"},{"day":0,"utc":"04:03:00","flight":"AA132"},{"day":1,"utc":"23:00:00","flight":"AA900"},{"day":1,"utc":"15:27:00","flight":"AA005"},{"day":1,"utc":"06:52:00","flight":"AA113"},{"day":2,"utc":"19:47:00","flight":"AA645"},{"day":2,"utc":"19:40:00","flight":"AA980"},{"day":2,"utc":"10:36:00","flight":"AA981"},{"day":2,"utc":"15:14:00","flight":"AA410"},{"day":2,"utc":"12:04:00","flight":"AA947"},{"day":3,"utc":"07:20:00","flight":"AA081"},{"day":3,"utc":"09:19:00","flight":"AA438"},{"day":3,"utc":"06:05:00","flight":"AA228"},{"day":4,"utc":"21:16:00","flight":"AA298"},{"day":4,"utc":"21:18:00","flight":"AA577"},{"day":4,"utc":"00:01:00","flight":"AA564"},{"day":4,"utc":"23:10:00","flight":"AA169"},{"day":4,"utc":"16:35:00","flight":"AA251"},{"day":5,"utc":"12:30:00","flight":"AA978"},{"day":5,"utc":"22:52:00","flight":"AA962"},{"day":5,"utc":"22:34:00","flight":"AA836"},{"day":5,"utc":"15:19:00","flight":"AA306"},{"day":5,"utc":"11:49:00","flight":"AA850"},{"day":6,"utc":"08:09:00","flight":"AA405"},{"day":6,"utc":"14:54:00","flight":"AA401"},{"day":6,"utc":"19:04:00","flight":"AA287"}]}