{"id":5902,"type":"route","airline":"AA","airlineid":"airline_24","sourceairport":"LIM","destinationairport":"JFK","stops":0,"equipment":"763","schedule":[{"day":0,"utc":"12:53:00","flight":"AA510"},{"day":1,"utc":"19:49:00","flight":"AA772"},{"day":2,"utc":"11:18:00","flight":"AA088"},{"day":2,"utc":"23:16:00","flight":"AA233"},{"day":3,"utc":"16:43:00","flight":"AA836"},{"day":4,"utc":"11:06:00","flight":"AA821"},{"day":5,"utc":"12:16:00","flight":"AA361"},{"day":5,"utc":"19:40:00","flight":"AA263"},{"day":6,"utc":"23:30:00","flight":"AA403"},{"day":6,"utc":"06:43:00","flight":"AA166"},{"day":6,"utc":"12:26:00","flight":"AA626"}],"distance":5865.775262992451}