{"id":64638,"type":"route","airline":"WS","airlineid":"airline_5416","sourceairport":"ORD","destinationairport":"YYC","stops":0,"equipment":"73W","schedule":[{"day":0,"utc":"23:14:00","flight":"WS540"},{"day":0,"utc":"15:39:00","flight":"WS139"},{"day":0,"utc":"04:11:00","flight":"WS817"},{"day":0,"utc":"03:37:00","flight":"WS025"},{"day":0,"utc":"08:43:00","flight":"WS895"},{"day":1,"utc":"12:03:00","flight":"WS929"},{"day":2,"utc":"14:16:00","flight":"WS583"},{"day":3,"utc":"12:38:00","flight":"WS469"},{"day":4,"utc":"22:51:00","flight":"WS591"},{"day":4,"utc":"09:19:00","flight":"WS434"},{"day":5,"utc":"11:08:00","flight":"WS353"},{"day":6,"utc":"16:11:00","flight":"WS393"},{"day":6,"utc":"23:43:00","flight":"WS450"},{"day":6,"utc":"17:20:00","flight":"WS499"}],"distance":2224.2830153767445}