{"id":27748,"type":"route","airline":"FR","airlineid":"airline_4296","sourceairport":"RIX","destinationairport":"MAN","stops":0,"equipment":"738","schedule":[{"day":0,"utc":"20:49:00","flight":"FR065"},{"day":0,"utc":"08:27:00","flight":"FR279"},{"day":0,"utc":"23:43:00","flight":"FR994"},{"day":0,"utc":"20:15:00","flight":"FR731"},{"day":0,"utc":"09:23:00","flight":"FR931"},{"day":1,"utc":"04:25:00","flight":"FR931"},{"day":2,"utc":"12:13:00","flight":"FR154"},{"day":2,"utc":"16:23:00","flight":"FR035"},{"day":2,"utc":"02:43:00","flight":"FR326"},{"day":2,"utc":"18:22:00","flight":"FR128"},{"day":2,"utc":"05:03:00","flight":"FR827"},{"day":3,"utc":"19:31:00","flight":"FR853"},{"day":3,"utc":"11:46:00","flight":"FR968"},{"day":4,"utc":"14:05:00","flight":"FR038"},{"day":4,"utc":"05:06:00","flight":"FR496"},{"day":4,"utc":"18:46:00","flight":"FR732"},{"day":4,"utc":"16:03:00","flight":"FR860"},{"day":4,"utc":"11:05:00","flight":"FR785"},{"day":5,"utc":"03:23:00","flight":"FR036"},{"day":5,"utc":"18:50:00","flight":"FR833"},{"day":5,"utc":"09:05:00","flight":"FR206"},{"day":5,"utc":"15:20:00","flight":"FR616"},{"day":6,"utc":"09:54:00","flight":"FR210"},{"day":6,"utc":"04:22:00","flight":"FR270"},{"day":6,"utc":"18:58:00","flight":"FR090"},{"day":6,"utc":"10:54:00","flight":"FR536"},{"day":6,"utc":"17:14:00","flight":"FR100"}],"distance":1703.2449358725307}