{"id":5902,"type":"route","airline":"AA","airlineid":"airline_24","sourceairport":"LIM","destinationairport":"JFK","stops":0,"equipment":"763","schedule":[{"day":0,"utc":"00:36:00","flight":"AA743"},{"day":0,"utc":"18:00:00","flight":"AA918"},{"day":0,"utc":"09:22:00","flight":"AA767"},{"day":0,"utc":"14:25:00","flight":"AA761"},{"day":1,"utc":"00:22:00","flight":"AA776"},{"day":1,"utc":"10:01:00","flight":"AA551"},{"day":1,"utc":"00:41:00","flight":"AA162"},{"day":1,"utc":"23:42:00","flight":"AA343"},{"day":1,"utc":"10:19:00","flight":"AA482"},{"day":2,"utc":"16:17:00","flight":"AA721"},{"day":2,"utc":"14:06:00","flight":"AA163"},{"day":2,"utc":"12:03:00","flight":"AA914"},{"day":3,"utc":"02:00:00","flight":"AA171"},{"day":3,"utc":"13:40:00","flight":"AA572"},{"day":3,"utc":"23:21:00","flight":"AA370"},{"day":4,"utc":"00:31:00","flight":"AA273"},{"day":4,"utc":"23:24:00","flight":"AA091"},{"day":4,"utc":"16:52:00","flight":"AA677"},{"day":5,"utc":"07:29:00","flight":"AA851"},{"day":5,"utc":"14:51:00","flight":"AA286"},{"day":5,"utc":"07:47:00","flight":"AA056"},{"day":5,"utc":"06:28:00","flight":"AA909"},{"day":6,"utc":"18:29:00","flight":"AA645"},{"day":6,"utc":"15:53:00","flight":"AA811"}]}