{"id":61776,"type":"route","airline":"VS","airlineid":"airline_5347","sourceairport":"LHR","destinationairport":"JNB","stops":0,"equipment":"346","schedule":[{"day":0,"utc":"22:21:00","flight":"VS910"},{"day":0,"utc":"19:13:00","flight":"VS234"},{"day":0,"utc":"10:16:00","flight":"VS617"},{"day":1,"utc":"20:11:00","flight":"VS379"},{"day":1,"utc":"07:57:00","flight":"VS642"},{"day":1,"utc":"11:17:00","flight":"VS088"},{"day":1,"utc":"20:53:00","flight":"VS793"},{"day":2,"utc":"14:03:00","flight":"VS542"},{"day":3,"utc":"23:54:00","flight":"VS086"},{"day":3,"utc":"07:45:00","flight":"VS202"},{"day":4,"utc":"02:02:00","flight":"VS799"},{"day":5,"utc":"14:48:00","flight":"VS562"},{"day":6,"utc":"17:30:00","flight":"VS917"},{"day":6,"utc":"14:24:00","flight":"VS705"}],"distance":9075.804673747234}