{"id":6038,"type":"route","airline":"AA","airlineid":"airline_24","sourceairport":"MIA","destinationairport":"EZE","stops":0,"equipment":"777","schedule":[{"day":0,"utc":"10:07:00","flight":"AA428"},{"day":1,"utc":"08:33:00","flight":"AA617"},{"day":1,"utc":"09:15:00","flight":"AA443"},{"day":1,"utc":"14:17:00","flight":"AA309"},{"day":1,"utc":"19:23:00","flight":"AA866"},{"day":1,"utc":"04:44:00","flight":"AA657"},{"day":2,"utc":"00:58:00","flight":"AA532"},{"day":2,"utc":"01:55:00","flight":"AA182"},{"day":2,"utc":"03:48:00","flight":"AA547"},{"day":2,"utc":"04:15:00","flight":"AA315"},{"day":2,"utc":"08:15:00","flight":"AA161"},{"day":3,"utc":"01:28:00","flight":"AA647"},{"day":3,"utc":"06:12:00","flight":"AA219"},{"day":3,"utc":"02:48:00","flight":"AA027"},{"day":3,"utc":"23:35:00","flight":"AA956"},{"day":4,"utc":"01:19:00","flight":"AA929"},{"day":4,"utc":"06:02:00","flight":"AA825"},{"day":5,"utc":"04:36:00","flight":"AA338"},{"day":5,"utc":"19:56:00","flight":"AA137"},{"day":6,"utc":"06:51:00","flight":"AA078"},{"day":6,"utc":"23:37:00","flight":"AA853"},{"day":6,"utc":"02:35:00","flight":"AA033"},{"day":6,"utc":"01:20:00","flight":"AA199"}]}