{"id":20794,"type":"route","airline":"DL","airlineid":"airline_2009","sourceairport":"GRB","destinationairport":"MSP","stops":0,"equipment":"CR9 CRJ","schedule":[{"day":0,"utc":"06:19:00","flight":"DL447"},{"day":0,"utc":"11:29:00","flight":"DL196"},{"day":0,"utc":"07:54:00","flight":"DL393"},{"day":0,"utc":"18:10:00","flight":"DL917"},{"day":0,"utc":"22:00:00","flight":"DL766"},{"day":1,"utc":"14:58:00","flight":"DL278"},{"day":1,"utc":"18:53:00","flight":"DL593"},{"day":1,"utc":"13:24:00","flight":"DL823"},{"day":1,"utc":"02:45:00","flight":"DL467"},{"day":1,"utc":"17:41:00","flight":"DL549"},{"day":2,"utc":"14:57:00","flight":"DL143"},{"day":2,"utc":"05:02:00","flight":"DL449"},{"day":2,"utc":"09:33:00","flight":"DL632"},{"day":3,"utc":"11:28:00","flight":"DL880"},{"day":3,"utc":"07:56:00","flight":"DL922"},{"day":3,"utc":"15:53:00","flight":"DL334"},{"day":4,"utc":"05:56:00","flight":"DL413"},{"day":5,"utc":"06:46:00","flight":"DL465"},{"day":6,"utc":"23:41:00","flight":"DL527"}]}