{"id":9575,"type":"route","airline":"AF","airlineid":"airline_137","sourceairport":"HRE","destinationairport":"LUN","stops":0,"equipment":"763 332 330","schedule":[{"day":0,"utc":"00:58:00","flight":"AF402"},{"day":0,"utc":"20:07:00","flight":"AF944"},{"day":0,"utc":"06:54:00","flight":"AF912"},{"day":0,"utc":"09:29:00","flight":"AF724"},{"day":1,"utc":"17:16:00","flight":"AF479"},{"day":1,"utc":"18:08:00","flight":"AF020"},{"day":1,"utc":"09:58:00","flight":"AF590"},{"day":1,"utc":"08:08:00","flight":"AF893"},{"day":2,"utc":"03:15:00","flight":"AF203"},{"day":2,"utc":"11:36:00","flight":"AF290"},{"day":3,"utc":"10:31:00","flight":"AF320"},{"day":3,"utc":"01:58:00","flight":"AF110"},{"day":3,"utc":"10:47:00","flight":"AF611"},{"day":3,"utc":"10:13:00","flight":"AF248"},{"day":4,"utc":"09:48:00","flight":"AF692"},{"day":5,"utc":"09:59:00","flight":"AF677"},{"day":5,"utc":"20:07:00","flight":"AF176"},{"day":5,"utc":"01:27:00","flight":"AF784"},{"day":5,"utc":"18:52:00","flight":"AF341"},{"day":6,"utc":"13:41:00","flight":"AF222"},{"day":6,"utc":"23:39:00","flight":"AF986"},{"day":6,"utc":"13:38:00","flight":"AF567"},{"day":6,"utc":"18:59:00","flight":"AF918"},{"day":6,"utc":"20:11:00","flight":"AF602"}],"distance":403.4305829826569}