{"id":25562,"type":"route","airline":"FL","airlineid":"airline_1316","sourceairport":"TPA","destinationairport":"SAT","stops":0,"equipment":"73W","schedule":[{"day":0,"utc":"11:02:00","flight":"FL088"},{"day":1,"utc":"03:55:00","flight":"FL623"},{"day":1,"utc":"20:29:00","flight":"FL766"},{"day":1,"utc":"01:25:00","flight":"FL346"},{"day":2,"utc":"02:20:00","flight":"FL202"},{"day":2,"utc":"17:55:00","flight":"FL882"},{"day":2,"utc":"03:38:00","flight":"FL642"},{"day":2,"utc":"10:35:00","flight":"FL467"},{"day":2,"utc":"10:34:00","flight":"FL729"},{"day":3,"utc":"04:54:00","flight":"FL591"},{"day":3,"utc":"01:35:00","flight":"FL777"},{"day":3,"utc":"16:58:00","flight":"FL431"},{"day":3,"utc":"05:53:00","flight":"FL281"},{"day":4,"utc":"09:12:00","flight":"FL247"},{"day":4,"utc":"21:32:00","flight":"FL864"},{"day":4,"utc":"19:17:00","flight":"FL395"},{"day":5,"utc":"15:54:00","flight":"FL892"},{"day":5,"utc":"00:13:00","flight":"FL020"},{"day":5,"utc":"05:29:00","flight":"FL715"},{"day":5,"utc":"11:01:00","flight":"FL623"},{"day":6,"utc":"13:33:00","flight":"FL213"}],"distance":1561.9283214645338}