{"id":5958,"type":"route","airline":"AA","airlineid":"airline_24","sourceairport":"MCO","destinationairport":"JFK","stops":0,"equipment":"763 757","schedule":[{"day":0,"utc":"14:48:00","flight":"AA194"},{"day":0,"utc":"20:48:00","flight":"AA458"},{"day":0,"utc":"23:23:00","flight":"AA196"},{"day":0,"utc":"19:46:00","flight":"AA078"},{"day":1,"utc":"20:17:00","flight":"AA376"},{"day":1,"utc":"18:32:00","flight":"AA390"},{"day":2,"utc":"01:50:00","flight":"AA644"},{"day":3,"utc":"02:29:00","flight":"AA991"},{"day":3,"utc":"09:45:00","flight":"AA779"},{"day":4,"utc":"07:45:00","flight":"AA435"},{"day":4,"utc":"12:17:00","flight":"AA565"},{"day":4,"utc":"02:43:00","flight":"AA777"},{"day":4,"utc":"10:13:00","flight":"AA532"},{"day":4,"utc":"11:49:00","flight":"AA019"},{"day":5,"utc":"05:28:00","flight":"AA508"},{"day":5,"utc":"21:11:00","flight":"AA957"},{"day":5,"utc":"21:41:00","flight":"AA471"},{"day":5,"utc":"00:32:00","flight":"AA034"},{"day":5,"utc":"18:35:00","flight":"AA767"},{"day":6,"utc":"16:15:00","flight":"AA767"},{"day":6,"utc":"04:05:00","flight":"AA984"},{"day":6,"utc":"20:48:00","flight":"AA611"},{"day":6,"utc":"18:01:00","flight":"AA882"},{"day":6,"utc":"09:35:00","flight":"AA495"}],"distance":1521.3831194901231}