{"id":36275,"type":"route","airline":"KL","airlineid":"airline_3090","sourceairport":"AMS","destinationairport":"NWI","stops":0,"equipment":"F70","schedule":[{"day":0,"utc":"01:57:00","flight":"KL517"},{"day":0,"utc":"01:46:00","flight":"KL242"},{"day":0,"utc":"08:31:00","flight":"KL875"},{"day":1,"utc":"09:25:00","flight":"KL828"},{"day":1,"utc":"01:32:00","flight":"KL676"},{"day":2,"utc":"15:51:00","flight":"KL943"},{"day":3,"utc":"22:30:00","flight":"KL384"},{"day":3,"utc":"18:51:00","flight":"KL278"},{"day":3,"utc":"23:39:00","flight":"KL511"},{"day":3,"utc":"18:51:00","flight":"KL429"},{"day":4,"utc":"10:08:00","flight":"KL518"},{"day":5,"utc":"18:40:00","flight":"KL011"},{"day":5,"utc":"09:11:00","flight":"KL839"},{"day":5,"utc":"14:32:00","flight":"KL767"},{"day":6,"utc":"17:49:00","flight":"KL958"},{"day":6,"utc":"02:06:00","flight":"KL055"},{"day":6,"utc":"12:09:00","flight":"KL718"},{"day":6,"utc":"19:50:00","flight":"KL544"},{"day":6,"utc":"02:53:00","flight":"KL221"}],"distance":239.16839739656012}