{"id":13926,"type":"route","airline":"B6","airlineid":"airline_3029","sourceairport":"BOS","destinationairport":"EWR","stops":0,"equipment":"E90","schedule":[{"day":0,"utc":"17:54:00","flight":"B6881"},{"day":1,"utc":"06:23:00","flight":"B6858"},{"day":1,"utc":"01:26:00","flight":"B6750"},{"day":2,"utc":"19:46:00","flight":"B6495"},{"day":3,"utc":"00:17:00","flight":"B6314"},{"day":4,"utc":"13:42:00","flight":"B6658"},{"day":4,"utc":"21:46:00","flight":"B6972"},{"day":5,"utc":"03:57:00","flight":"B6854"},{"day":5,"utc":"21:18:00","flight":"B6374"},{"day":5,"utc":"19:46:00","flight":"B6617"},{"day":5,"utc":"11:40:00","flight":"B6412"},{"day":5,"utc":"20:28:00","flight":"B6992"},{"day":6,"utc":"08:57:00","flight":"B6038"},{"day":6,"utc":"22:11:00","flight":"B6147"}]}