{"id":27692,"type":"route","airline":"FR","airlineid":"airline_4296","sourceairport":"PUY","destinationairport":"STN","stops":0,"equipment":"738","schedule":[{"day":0,"utc":"07:19:00","flight":"FR043"},{"day":0,"utc":"10:50:00","flight":"FR811"},{"day":1,"utc":"18:35:00","flight":"FR012"},{"day":1,"utc":"07:35:00","flight":"FR477"},{"day":1,"utc":"15:33:00","flight":"FR487"},{"day":1,"utc":"09:42:00","flight":"FR321"},{"day":2,"utc":"16:39:00","flight":"FR142"},{"day":2,"utc":"09:04:00","flight":"FR899"},{"day":3,"utc":"02:30:00","flight":"FR650"},{"day":3,"utc":"12:45:00","flight":"FR239"},{"day":3,"utc":"10:25:00","flight":"FR831"},{"day":4,"utc":"03:46:00","flight":"FR221"},{"day":4,"utc":"10:42:00","flight":"FR753"},{"day":5,"utc":"06:26:00","flight":"FR990"},{"day":5,"utc":"04:39:00","flight":"FR966"},{"day":5,"utc":"22:48:00","flight":"FR834"},{"day":5,"utc":"07:04:00","flight":"FR911"},{"day":6,"utc":"20:49:00","flight":"FR055"}]}