{"id":6685,"type":"route","airline":"AA","airlineid":"airline_24","sourceairport":"RSW","destinationairport":"ORD","stops":0,"equipment":"738 M80","schedule":[{"day":0,"utc":"22:02:00","flight":"AA562"},{"day":0,"utc":"15:45:00","flight":"AA087"},{"day":0,"utc":"08:53:00","flight":"AA020"},{"day":0,"utc":"23:56:00","flight":"AA311"},{"day":0,"utc":"13:36:00","flight":"AA640"},{"day":1,"utc":"20:36:00","flight":"AA362"},{"day":1,"utc":"20:21:00","flight":"AA587"},{"day":2,"utc":"05:41:00","flight":"AA017"},{"day":2,"utc":"06:18:00","flight":"AA247"},{"day":3,"utc":"07:17:00","flight":"AA654"},{"day":4,"utc":"23:20:00","flight":"AA779"},{"day":4,"utc":"16:33:00","flight":"AA922"},{"day":4,"utc":"11:18:00","flight":"AA049"},{"day":4,"utc":"00:28:00","flight":"AA174"},{"day":5,"utc":"12:06:00","flight":"AA892"},{"day":5,"utc":"14:38:00","flight":"AA099"},{"day":5,"utc":"10:11:00","flight":"AA638"},{"day":5,"utc":"11:05:00","flight":"AA990"},{"day":5,"utc":"08:43:00","flight":"AA920"},{"day":6,"utc":"22:33:00","flight":"AA619"},{"day":6,"utc":"15:40:00","flight":"AA245"},{"day":6,"utc":"04:24:00","flight":"AA525"},{"day":6,"utc":"05:32:00","flight":"AA583"},{"day":6,"utc":"21:51:00","flight":"AA736"}],"distance":1806.4311857124194}