{"id":7870,"type":"route","airline":"AC","airlineid":"airline_330","sourceairport":"DEN","destinationairport":"MSY","stops":0,"equipment":"738 739","schedule":[{"day":0,"utc":"21:28:00","flight":"AC196"},{"day":0,"utc":"18:03:00","flight":"AC287"},{"day":1,"utc":"02:47:00","flight":"AC229"},{"day":1,"utc":"18:49:00","flight":"AC400"},{"day":1,"utc":"01:22:00","flight":"AC740"},{"day":1,"utc":"07:41:00","flight":"AC155"},{"day":1,"utc":"04:58:00","flight":"AC887"},{"day":2,"utc":"01:29:00","flight":"AC541"},{"day":2,"utc":"15:49:00","flight":"AC894"},{"day":2,"utc":"17:00:00","flight":"AC262"},{"day":2,"utc":"19:26:00","flight":"AC387"},{"day":3,"utc":"11:29:00","flight":"AC521"},{"day":3,"utc":"10:18:00","flight":"AC220"},{"day":3,"utc":"22:00:00","flight":"AC495"},{"day":3,"utc":"10:28:00","flight":"AC058"},{"day":3,"utc":"03:05:00","flight":"AC311"},{"day":4,"utc":"01:13:00","flight":"AC193"},{"day":4,"utc":"13:46:00","flight":"AC776"},{"day":4,"utc":"08:31:00","flight":"AC732"},{"day":5,"utc":"08:19:00","flight":"AC718"},{"day":5,"utc":"07:53:00","flight":"AC368"},{"day":5,"utc":"05:47:00","flight":"AC851"},{"day":6,"utc":"07:15:00","flight":"AC998"},{"day":6,"utc":"17:17:00","flight":"AC744"},{"day":6,"utc":"06:51:00","flight":"AC477"}],"distance":1708.0943122555059}