{"id":13173,"type":"route","airline":"AZ","airlineid":"airline_596","sourceairport":"CDG","destinationairport":"MPL","stops":0,"equipment":"318 319 320 32A","schedule":[{"day":0,"utc":"21:42:00","flight":"AZ518"},{"day":0,"utc":"22:25:00","flight":"AZ118"},{"day":0,"utc":"13:54:00","flight":"AZ545"},{"day":0,"utc":"08:26:00","flight":"AZ258"},{"day":0,"utc":"21:08:00","flight":"AZ426"},{"day":1,"utc":"04:57:00","flight":"AZ463"},{"day":1,"utc":"22:40:00","flight":"AZ509"},{"day":1,"utc":"07:55:00","flight":"AZ083"},{"day":1,"utc":"13:36:00","flight":"AZ431"},{"day":2,"utc":"09:28:00","flight":"AZ280"},{"day":3,"utc":"16:53:00","flight":"AZ247"},{"day":3,"utc":"02:58:00","flight":"AZ883"},{"day":3,"utc":"20:53:00","flight":"AZ461"},{"day":4,"utc":"08:47:00","flight":"AZ336"},{"day":4,"utc":"07:07:00","flight":"AZ468"},{"day":5,"utc":"05:49:00","flight":"AZ626"},{"day":5,"utc":"09:46:00","flight":"AZ448"},{"day":5,"utc":"09:02:00","flight":"AZ609"},{"day":5,"utc":"16:08:00","flight":"AZ513"},{"day":5,"utc":"03:21:00","flight":"AZ149"},{"day":6,"utc":"18:13:00","flight":"AZ870"},{"day":6,"utc":"23:32:00","flight":"AZ943"},{"day":6,"utc":"08:04:00","flight":"AZ640"},{"day":6,"utc":"06:39:00","flight":"AZ442"}],"distance":614.1602498124356}