{"id":4841,"type":"route","airline":"AA","airlineid":"airline_24","sourceairport":"BZE","destinationairport":"CLT","stops":0,"equipment":"319","schedule":[{"day":0,"utc":"06:53:00","flight":"AA459"},{"day":0,"utc":"08:28:00","flight":"AA466"},{"day":0,"utc":"15:39:00","flight":"AA933"},{"day":0,"utc":"17:13:00","flight":"AA514"},{"day":0,"utc":"01:25:00","flight":"AA854"},{"day":1,"utc":"15:37:00","flight":"AA034"},{"day":1,"utc":"12:02:00","flight":"AA975"},{"day":1,"utc":"04:17:00","flight":"AA011"},{"day":1,"utc":"18:12:00","flight":"AA476"},{"day":1,"utc":"17:43:00","flight":"AA430"},{"day":2,"utc":"20:01:00","flight":"AA582"},{"day":2,"utc":"04:25:00","flight":"AA836"},{"day":2,"utc":"13:04:00","flight":"AA548"},{"day":2,"utc":"00:36:00","flight":"AA837"},{"day":3,"utc":"16:59:00","flight":"AA894"},{"day":3,"utc":"19:07:00","flight":"AA536"},{"day":3,"utc":"05:07:00","flight":"AA445"},{"day":3,"utc":"18:38:00","flight":"AA606"},{"day":3,"utc":"12:46:00","flight":"AA138"},{"day":4,"utc":"11:09:00","flight":"AA572"},{"day":4,"utc":"01:20:00","flight":"AA632"},{"day":4,"utc":"12:49:00","flight":"AA240"},{"day":5,"utc":"12:54:00","flight":"AA757"},{"day":6,"utc":"17:41:00","flight":"AA813"},{"day":6,"utc":"02:33:00","flight":"AA863"},{"day":6,"utc":"04:15:00","flight":"AA536"},{"day":6,"utc":"05:34:00","flight":"AA636"},{"day":6,"utc":"20:05:00","flight":"AA854"}],"distance":2096.027795783665}