{"id":9712,"type":"route","airline":"AF","airlineid":"airline_137","sourceairport":"MDW","destinationairport":"ATL","stops":0,"equipment":"320 319 717","schedule":[{"day":0,"utc":"14:11:00","flight":"AF667"},{"day":0,"utc":"18:55:00","flight":"AF769"},{"day":0,"utc":"23:00:00","flight":"AF900"},{"day":0,"utc":"06:03:00","flight":"AF322"},{"day":1,"utc":"15:45:00","flight":"AF604"},{"day":1,"utc":"21:59:00","flight":"AF483"},{"day":1,"utc":"11:32:00","flight":"AF879"},{"day":1,"utc":"10:18:00","flight":"AF671"},{"day":2,"utc":"05:41:00","flight":"AF903"},{"day":3,"utc":"13:51:00","flight":"AF706"},{"day":3,"utc":"14:27:00","flight":"AF784"},{"day":3,"utc":"18:06:00","flight":"AF211"},{"day":4,"utc":"07:29:00","flight":"AF501"},{"day":4,"utc":"09:05:00","flight":"AF080"},{"day":5,"utc":"17:08:00","flight":"AF025"},{"day":5,"utc":"19:08:00","flight":"AF922"},{"day":6,"utc":"16:22:00","flight":"AF033"},{"day":6,"utc":"09:57:00","flight":"AF061"},{"day":6,"utc":"01:58:00","flight":"AF235"}],"distance":951.956955455869}