{"id":24497,"type":"route","airline":"F9","airlineid":"airline_2468","sourceairport":"PVR","destinationairport":"STL","stops":0,"equipment":"319","schedule":[{"day":0,"utc":"13:45:00","flight":"F9073"},{"day":0,"utc":"12:38:00","flight":"F9567"},{"day":1,"utc":"11:23:00","flight":"F9178"},{"day":1,"utc":"22:18:00","flight":"F9668"},{"day":1,"utc":"01:31:00","flight":"F9483"},{"day":1,"utc":"11:04:00","flight":"F9504"},{"day":2,"utc":"14:15:00","flight":"F9387"},{"day":2,"utc":"21:14:00","flight":"F9885"},{"day":2,"utc":"01:07:00","flight":"F9743"},{"day":2,"utc":"16:12:00","flight":"F9259"},{"day":3,"utc":"14:48:00","flight":"F9842"},{"day":3,"utc":"10:29:00","flight":"F9079"},{"day":3,"utc":"03:03:00","flight":"F9780"},{"day":3,"utc":"06:41:00","flight":"F9227"},{"day":4,"utc":"04:40:00","flight":"F9655"},{"day":4,"utc":"09:52:00","flight":"F9508"},{"day":4,"utc":"18:50:00","flight":"F9508"},{"day":4,"utc":"22:27:00","flight":"F9901"},{"day":4,"utc":"17:02:00","flight":"F9105"},{"day":5,"utc":"09:21:00","flight":"F9874"},{"day":5,"utc":"20:35:00","flight":"F9196"},{"day":5,"utc":"09:35:00","flight":"F9613"},{"day":6,"utc":"22:49:00","flight":"F9392"},{"day":6,"utc":"07:31:00","flight":"F9401"}],"distance":2462.8980391634623}