{"id":62350,"type":"route","airline":"VY","airlineid":"airline_2439","sourceairport":"ORY","destinationairport":"BIO","stops":0,"equipment":"320","schedule":[{"day":0,"utc":"04:14:00","flight":"VY057"},{"day":0,"utc":"21:34:00","flight":"VY146"},{"day":0,"utc":"16:04:00","flight":"VY513"},{"day":0,"utc":"10:09:00","flight":"VY072"},{"day":0,"utc":"23:34:00","flight":"VY108"},{"day":1,"utc":"04:49:00","flight":"VY479"},{"day":2,"utc":"11:20:00","flight":"VY784"},{"day":2,"utc":"18:32:00","flight":"VY115"},{"day":2,"utc":"00:36:00","flight":"VY134"},{"day":2,"utc":"20:10:00","flight":"VY695"},{"day":3,"utc":"21:44:00","flight":"VY671"},{"day":3,"utc":"22:01:00","flight":"VY615"},{"day":3,"utc":"14:48:00","flight":"VY954"},{"day":4,"utc":"03:16:00","flight":"VY497"},{"day":4,"utc":"14:34:00","flight":"VY651"},{"day":5,"utc":"12:34:00","flight":"VY166"},{"day":6,"utc":"11:40:00","flight":"VY111"},{"day":6,"utc":"21:29:00","flight":"VY706"},{"day":6,"utc":"19:52:00","flight":"VY150"},{"day":6,"utc":"16:57:00","flight":"VY757"}]}