{"id":36558,"type":"route","airline":"KL","airlineid":"airline_3090","sourceairport":"CRW","destinationairport":"ATL","stops":0,"equipment":"CRJ","schedule":[{"day":0,"utc":"01:27:00","flight":"KL554"},{"day":0,"utc":"12:24:00","flight":"KL449"},{"day":0,"utc":"22:39:00","flight":"KL284"},{"day":1,"utc":"02:00:00","flight":"KL444"},{"day":1,"utc":"16:55:00","flight":"KL471"},{"day":2,"utc":"06:07:00","flight":"KL337"},{"day":2,"utc":"15:27:00","flight":"KL842"},{"day":3,"utc":"21:40:00","flight":"KL496"},{"day":3,"utc":"17:15:00","flight":"KL542"},{"day":3,"utc":"23:26:00","flight":"KL762"},{"day":4,"utc":"04:06:00","flight":"KL908"},{"day":5,"utc":"12:48:00","flight":"KL426"},{"day":5,"utc":"18:33:00","flight":"KL406"},{"day":6,"utc":"15:15:00","flight":"KL143"}],"distance":585.0687536250066}