{"id":5269,"type":"route","airline":"AA","airlineid":"airline_24","sourceairport":"DFW","destinationairport":"MLM","stops":0,"equipment":"ER4","schedule":[{"day":0,"utc":"14:52:00","flight":"AA774"},{"day":0,"utc":"03:56:00","flight":"AA536"},{"day":0,"utc":"04:08:00","flight":"AA893"},{"day":0,"utc":"06:24:00","flight":"AA780"},{"day":1,"utc":"21:45:00","flight":"AA025"},{"day":2,"utc":"15:50:00","flight":"AA240"},{"day":2,"utc":"15:00:00","flight":"AA147"},{"day":2,"utc":"03:30:00","flight":"AA639"},{"day":3,"utc":"15:45:00","flight":"AA208"},{"day":3,"utc":"01:29:00","flight":"AA194"},{"day":3,"utc":"18:17:00","flight":"AA052"},{"day":3,"utc":"09:22:00","flight":"AA362"},{"day":4,"utc":"18:57:00","flight":"AA618"},{"day":4,"utc":"13:05:00","flight":"AA034"},{"day":4,"utc":"19:21:00","flight":"AA446"},{"day":4,"utc":"07:32:00","flight":"AA579"},{"day":5,"utc":"12:27:00","flight":"AA242"},{"day":6,"utc":"02:36:00","flight":"AA847"},{"day":6,"utc":"08:19:00","flight":"AA134"}],"distance":1503.75136363049}