{"id":14458,"type":"route","airline":"BA","airlineid":"airline_1355","sourceairport":"BRU","destinationairport":"LHR","stops":0,"equipment":"319 320 321","schedule":[{"day":0,"utc":"03:24:00","flight":"BA507"},{"day":1,"utc":"04:43:00","flight":"BA265"},{"day":1,"utc":"22:00:00","flight":"BA648"},{"day":2,"utc":"05:41:00","flight":"BA036"},{"day":3,"utc":"06:38:00","flight":"BA941"},{"day":3,"utc":"05:27:00","flight":"BA192"},{"day":4,"utc":"20:35:00","flight":"BA246"},{"day":4,"utc":"01:09:00","flight":"BA893"},{"day":4,"utc":"03:14:00","flight":"BA826"},{"day":4,"utc":"15:22:00","flight":"BA975"},{"day":5,"utc":"17:11:00","flight":"BA220"},{"day":5,"utc":"03:42:00","flight":"BA621"},{"day":6,"utc":"11:49:00","flight":"BA788"}]}