{"id":54541,"type":"route","airline":"U2","airlineid":"airline_2297","sourceairport":"BRS","destinationairport":"EDI","stops":0,"equipment":"320 319","schedule":[{"day":0,"utc":"20:40:00","flight":"U2489"},{"day":1,"utc":"06:13:00","flight":"U2864"},{"day":1,"utc":"21:06:00","flight":"U2097"},{"day":1,"utc":"15:53:00","flight":"U2347"},{"day":2,"utc":"06:50:00","flight":"U2104"},{"day":2,"utc":"04:30:00","flight":"U2622"},{"day":2,"utc":"03:08:00","flight":"U2074"},{"day":2,"utc":"03:09:00","flight":"U2963"},{"day":3,"utc":"12:40:00","flight":"U2814"},{"day":3,"utc":"21:18:00","flight":"U2068"},{"day":3,"utc":"14:31:00","flight":"U2766"},{"day":4,"utc":"16:22:00","flight":"U2919"},{"day":4,"utc":"04:38:00","flight":"U2078"},{"day":4,"utc":"14:39:00","flight":"U2691"},{"day":4,"utc":"17:56:00","flight":"U2095"},{"day":4,"utc":"22:07:00","flight":"U2218"},{"day":5,"utc":"06:48:00","flight":"U2565"},{"day":6,"utc":"03:44:00","flight":"U2662"}],"distance":509.67886315196114}