{"id":59412,"type":"route","airline":"US","airlineid":"airline_5265","sourceairport":"JAX","destinationairport":"PHL","stops":0,"equipment":"E90","schedule":[{"day":0,"utc":"10:44:00","flight":"US870"},{"day":1,"utc":"20:34:00","flight":"US893"},{"day":1,"utc":"16:58:00","flight":"US207"},{"day":2,"utc":"14:16:00","flight":"US019"},{"day":2,"utc":"08:18:00","flight":"US663"},{"day":2,"utc":"06:01:00","flight":"US301"},{"day":3,"utc":"05:57:00","flight":"US502"},{"day":3,"utc":"15:34:00","flight":"US969"},{"day":3,"utc":"16:15:00","flight":"US753"},{"day":3,"utc":"01:12:00","flight":"US844"},{"day":4,"utc":"19:35:00","flight":"US154"},{"day":4,"utc":"12:09:00","flight":"US110"},{"day":4,"utc":"13:37:00","flight":"US926"},{"day":4,"utc":"19:23:00","flight":"US980"},{"day":4,"utc":"11:52:00","flight":"US239"},{"day":5,"utc":"00:35:00","flight":"US483"},{"day":5,"utc":"20:38:00","flight":"US312"},{"day":5,"utc":"19:14:00","flight":"US996"},{"day":5,"utc":"08:26:00","flight":"US259"},{"day":5,"utc":"10:12:00","flight":"US635"},{"day":6,"utc":"13:07:00","flight":"US412"},{"day":6,"utc":"12:04:00","flight":"US307"},{"day":6,"utc":"03:50:00","flight":"US533"}]}