{"id":27006,"type":"route","airline":"FR","airlineid":"airline_4296","sourceairport":"IBZ","destinationairport":"PIK","stops":0,"equipment":"738","schedule":[{"day":0,"utc":"13:36:00","flight":"FR605"},{"day":0,"utc":"14:27:00","flight":"FR982"},{"day":0,"utc":"15:11:00","flight":"FR489"},{"day":0,"utc":"10:04:00","flight":"FR626"},{"day":1,"utc":"17:29:00","flight":"FR133"},{"day":1,"utc":"19:24:00","flight":"FR420"},{"day":1,"utc":"13:41:00","flight":"FR680"},{"day":2,"utc":"22:55:00","flight":"FR883"},{"day":3,"utc":"16:11:00","flight":"FR297"},{"day":3,"utc":"01:00:00","flight":"FR491"},{"day":3,"utc":"17:15:00","flight":"FR923"},{"day":4,"utc":"05:15:00","flight":"FR673"},{"day":4,"utc":"22:50:00","flight":"FR544"},{"day":4,"utc":"15:04:00","flight":"FR521"},{"day":4,"utc":"16:32:00","flight":"FR979"},{"day":4,"utc":"12:16:00","flight":"FR625"},{"day":5,"utc":"06:13:00","flight":"FR465"},{"day":5,"utc":"15:56:00","flight":"FR877"},{"day":5,"utc":"20:14:00","flight":"FR921"},{"day":5,"utc":"11:24:00","flight":"FR585"},{"day":6,"utc":"08:20:00","flight":"FR796"},{"day":6,"utc":"01:28:00","flight":"FR702"},{"day":6,"utc":"02:16:00","flight":"FR948"},{"day":6,"utc":"08:00:00","flight":"FR845"},{"day":6,"utc":"01:04:00","flight":"FR785"}]}