{"id":43516,"type":"route","airline":"NK","airlineid":"airline_4687","sourceairport":"OAK","destinationairport":"LAS","stops":0,"equipment":"320 319","schedule":[{"day":0,"utc":"11:23:00","flight":"NK653"},{"day":0,"utc":"01:17:00","flight":"NK714"},{"day":0,"utc":"09:02:00","flight":"NK134"},{"day":1,"utc":"06:26:00","flight":"NK555"},{"day":1,"utc":"04:42:00","flight":"NK535"},{"day":2,"utc":"12:26:00","flight":"NK620"},{"day":2,"utc":"03:38:00","flight":"NK083"},{"day":3,"utc":"01:41:00","flight":"NK700"},{"day":3,"utc":"17:12:00","flight":"NK507"},{"day":3,"utc":"10:07:00","flight":"NK244"},{"day":3,"utc":"23:35:00","flight":"NK946"},{"day":4,"utc":"17:29:00","flight":"NK158"},{"day":4,"utc":"02:55:00","flight":"NK790"},{"day":5,"utc":"17:35:00","flight":"NK729"},{"day":6,"utc":"06:52:00","flight":"NK395"},{"day":6,"utc":"18:20:00","flight":"NK663"},{"day":6,"utc":"12:53:00","flight":"NK327"},{"day":6,"utc":"06:21:00","flight":"NK719"},{"day":6,"utc":"07:31:00","flight":"NK972"}]}