{"id":61133,"type":"route","airline":"VA","airlineid":"airline_5360","sourceairport":"MUC","destinationairport":"MAN","stops":0,"equipment":"77W","schedule":[{"day":0,"utc":"15:17:00","flight":"VA738"},{"day":0,"utc":"18:57:00","flight":"VA613"},{"day":1,"utc":"10:51:00","flight":"VA535"},{"day":1,"utc":"08:48:00","flight":"VA990"},{"day":1,"utc":"13:53:00","flight":"VA298"},{"day":2,"utc":"19:29:00","flight":"VA864"},{"day":2,"utc":"10:17:00","flight":"VA628"},{"day":2,"utc":"06:21:00","flight":"VA237"},{"day":2,"utc":"20:12:00","flight":"VA978"},{"day":2,"utc":"13:59:00","flight":"VA279"},{"day":3,"utc":"19:59:00","flight":"VA586"},{"day":3,"utc":"05:33:00","flight":"VA131"},{"day":3,"utc":"04:21:00","flight":"VA813"},{"day":3,"utc":"15:28:00","flight":"VA854"},{"day":4,"utc":"06:09:00","flight":"VA601"},{"day":4,"utc":"21:30:00","flight":"VA133"},{"day":4,"utc":"20:49:00","flight":"VA865"},{"day":5,"utc":"00:44:00","flight":"VA804"},{"day":5,"utc":"06:08:00","flight":"VA906"},{"day":5,"utc":"11:46:00","flight":"VA176"},{"day":5,"utc":"15:01:00","flight":"VA772"},{"day":6,"utc":"10:54:00","flight":"VA783"},{"day":6,"utc":"10:01:00","flight":"VA573"},{"day":6,"utc":"22:43:00","flight":"VA753"},{"day":6,"utc":"16:40:00","flight":"VA660"},{"day":6,"utc":"14:50:00","flight":"VA281"}],"distance":1130.0496790136208}