{"id":58937,"type":"route","airline":"US","airlineid":"airline_5265","sourceairport":"DCA","destinationairport":"BNA","stops":0,"equipment":"ERD CRJ","schedule":[{"day":0,"utc":"17:41:00","flight":"US904"},{"day":1,"utc":"15:52:00","flight":"US800"},{"day":1,"utc":"08:36:00","flight":"US668"},{"day":2,"utc":"18:55:00","flight":"US345"},{"day":3,"utc":"22:13:00","flight":"US680"},{"day":3,"utc":"17:43:00","flight":"US033"},{"day":4,"utc":"03:26:00","flight":"US144"},{"day":4,"utc":"16:14:00","flight":"US677"},{"day":5,"utc":"22:45:00","flight":"US355"},{"day":6,"utc":"19:03:00","flight":"US001"},{"day":6,"utc":"06:08:00","flight":"US647"},{"day":6,"utc":"08:39:00","flight":"US501"}],"distance":902.4820297714213}