{"id":64345,"type":"route","airline":"WN","airlineid":"airline_4547","sourceairport":"RDU","destinationairport":"TPA","stops":0,"equipment":"73W 73C","schedule":[{"day":0,"utc":"08:10:00","flight":"WN176"},{"day":0,"utc":"10:52:00","flight":"WN534"},{"day":1,"utc":"09:25:00","flight":"WN607"},{"day":1,"utc":"09:43:00","flight":"WN788"},{"day":1,"utc":"18:21:00","flight":"WN107"},{"day":1,"utc":"19:10:00","flight":"WN837"},{"day":2,"utc":"16:48:00","flight":"WN547"},{"day":2,"utc":"14:35:00","flight":"WN823"},{"day":2,"utc":"15:58:00","flight":"WN762"},{"day":3,"utc":"16:54:00","flight":"WN782"},{"day":4,"utc":"01:14:00","flight":"WN436"},{"day":5,"utc":"22:08:00","flight":"WN834"},{"day":5,"utc":"16:03:00","flight":"WN343"},{"day":5,"utc":"22:50:00","flight":"WN970"},{"day":6,"utc":"16:08:00","flight":"WN445"}],"distance":946.891631296483}