{"id":38015,"type":"route","airline":"LH","airlineid":"airline_3320","sourceairport":"BHX","destinationairport":"DUS","stops":0,"equipment":"CR9","schedule":[{"day":0,"utc":"19:59:00","flight":"LH672"},{"day":0,"utc":"19:29:00","flight":"LH729"},{"day":0,"utc":"16:05:00","flight":"LH508"},{"day":0,"utc":"21:21:00","flight":"LH266"},{"day":1,"utc":"02:01:00","flight":"LH592"},{"day":1,"utc":"21:14:00","flight":"LH617"},{"day":1,"utc":"09:46:00","flight":"LH224"},{"day":1,"utc":"03:00:00","flight":"LH181"},{"day":2,"utc":"07:05:00","flight":"LH696"},{"day":2,"utc":"06:38:00","flight":"LH300"},{"day":2,"utc":"12:21:00","flight":"LH382"},{"day":2,"utc":"02:42:00","flight":"LH168"},{"day":3,"utc":"22:19:00","flight":"LH714"},{"day":3,"utc":"20:25:00","flight":"LH150"},{"day":3,"utc":"12:15:00","flight":"LH255"},{"day":4,"utc":"12:34:00","flight":"LH241"},{"day":5,"utc":"11:46:00","flight":"LH965"},{"day":5,"utc":"22:36:00","flight":"LH987"},{"day":5,"utc":"09:49:00","flight":"LH107"},{"day":5,"utc":"16:58:00","flight":"LH247"},{"day":6,"utc":"23:00:00","flight":"LH257"},{"day":6,"utc":"02:07:00","flight":"LH547"}]}