{"id":63716,"type":"route","airline":"WN","airlineid":"airline_4547","sourceairport":"DEN","destinationairport":"GEG","stops":0,"equipment":"73W","schedule":[{"day":0,"utc":"21:06:00","flight":"WN548"},{"day":0,"utc":"05:09:00","flight":"WN237"},{"day":0,"utc":"14:28:00","flight":"WN963"},{"day":1,"utc":"08:02:00","flight":"WN289"},{"day":1,"utc":"18:41:00","flight":"WN280"},{"day":1,"utc":"11:12:00","flight":"WN620"},{"day":1,"utc":"18:52:00","flight":"WN646"},{"day":2,"utc":"13:58:00","flight":"WN683"},{"day":3,"utc":"04:17:00","flight":"WN818"},{"day":3,"utc":"02:27:00","flight":"WN321"},{"day":3,"utc":"06:20:00","flight":"WN026"},{"day":3,"utc":"09:05:00","flight":"WN913"},{"day":4,"utc":"05:27:00","flight":"WN379"},{"day":5,"utc":"23:31:00","flight":"WN659"},{"day":5,"utc":"00:42:00","flight":"WN960"},{"day":5,"utc":"10:11:00","flight":"WN167"},{"day":6,"utc":"23:00:00","flight":"WN091"}]}