{"id":20694,"type":"route","airline":"DL","airlineid":"airline_2009","sourceairport":"DTW","destinationairport":"SLC","stops":0,"equipment":"320 73H 319 738","schedule":[{"day":0,"utc":"11:43:00","flight":"DL576"},{"day":0,"utc":"17:54:00","flight":"DL354"},{"day":0,"utc":"09:21:00","flight":"DL814"},{"day":0,"utc":"16:36:00","flight":"DL039"},{"day":1,"utc":"00:09:00","flight":"DL984"},{"day":1,"utc":"23:57:00","flight":"DL420"},{"day":1,"utc":"11:23:00","flight":"DL776"},{"day":2,"utc":"12:31:00","flight":"DL603"},{"day":2,"utc":"12:05:00","flight":"DL398"},{"day":2,"utc":"12:54:00","flight":"DL091"},{"day":3,"utc":"06:07:00","flight":"DL797"},{"day":4,"utc":"07:39:00","flight":"DL990"},{"day":4,"utc":"21:54:00","flight":"DL349"},{"day":4,"utc":"08:54:00","flight":"DL990"},{"day":4,"utc":"09:23:00","flight":"DL682"},{"day":4,"utc":"11:26:00","flight":"DL930"},{"day":5,"utc":"19:26:00","flight":"DL302"},{"day":5,"utc":"22:26:00","flight":"DL039"},{"day":5,"utc":"12:30:00","flight":"DL518"},{"day":6,"utc":"13:04:00","flight":"DL493"},{"day":6,"utc":"15:13:00","flight":"DL031"},{"day":6,"utc":"01:07:00","flight":"DL489"},{"day":6,"utc":"07:33:00","flight":"DL355"}],"distance":2377.8738485638346}