{"id":10064,"type":"route","airline":"AH","airlineid":"airline_794","sourceairport":"ALG","destinationairport":"CDG","stops":0,"equipment":"330 736 738","schedule":[{"day":0,"utc":"10:05:00","flight":"AH840"},{"day":0,"utc":"10:06:00","flight":"AH806"},{"day":0,"utc":"22:01:00","flight":"AH984"},{"day":1,"utc":"15:25:00","flight":"AH429"},{"day":1,"utc":"07:40:00","flight":"AH930"},{"day":1,"utc":"10:04:00","flight":"AH410"},{"day":1,"utc":"22:26:00","flight":"AH502"},{"day":2,"utc":"06:15:00","flight":"AH748"},{"day":2,"utc":"18:45:00","flight":"AH436"},{"day":3,"utc":"05:37:00","flight":"AH181"},{"day":3,"utc":"03:34:00","flight":"AH676"},{"day":3,"utc":"01:31:00","flight":"AH106"},{"day":3,"utc":"21:09:00","flight":"AH309"},{"day":4,"utc":"10:22:00","flight":"AH622"},{"day":4,"utc":"19:22:00","flight":"AH077"},{"day":5,"utc":"17:51:00","flight":"AH923"},{"day":5,"utc":"08:51:00","flight":"AH209"},{"day":6,"utc":"04:50:00","flight":"AH107"}],"distance":1371.176218947926}