{"id":62023,"type":"route","airline":"VX","airlineid":"airline_5331","sourceairport":"ORD","destinationairport":"SFO","stops":0,"equipment":"320","schedule":[{"day":0,"utc":"14:03:00","flight":"VX166"},{"day":0,"utc":"19:28:00","flight":"VX289"},{"day":0,"utc":"06:55:00","flight":"VX626"},{"day":0,"utc":"09:11:00","flight":"VX245"},{"day":0,"utc":"03:01:00","flight":"VX937"},{"day":1,"utc":"09:00:00","flight":"VX287"},{"day":1,"utc":"09:38:00","flight":"VX194"},{"day":1,"utc":"11:14:00","flight":"VX330"},{"day":1,"utc":"01:36:00","flight":"VX817"},{"day":1,"utc":"02:40:00","flight":"VX606"},{"day":2,"utc":"23:50:00","flight":"VX538"},{"day":3,"utc":"21:57:00","flight":"VX436"},{"day":3,"utc":"04:09:00","flight":"VX855"},{"day":3,"utc":"04:03:00","flight":"VX400"},{"day":4,"utc":"11:42:00","flight":"VX204"},{"day":4,"utc":"01:51:00","flight":"VX111"},{"day":4,"utc":"05:50:00","flight":"VX173"},{"day":4,"utc":"05:29:00","flight":"VX442"},{"day":4,"utc":"19:59:00","flight":"VX855"},{"day":5,"utc":"09:54:00","flight":"VX737"},{"day":5,"utc":"20:23:00","flight":"VX310"},{"day":5,"utc":"15:37:00","flight":"VX726"},{"day":5,"utc":"10:26:00","flight":"VX419"},{"day":5,"utc":"06:02:00","flight":"VX045"},{"day":6,"utc":"21:52:00","flight":"VX528"},{"day":6,"utc":"03:41:00","flight":"VX444"},{"day":6,"utc":"11:58:00","flight":"VX831"},{"day":6,"utc":"16:43:00","flight":"VX786"}]}