{"id":55893,"type":"route","airline":"UA","airlineid":"airline_5209","sourceairport":"BOS","destinationairport":"YYZ","stops":0,"equipment":"E90 E75","schedule":[{"day":0,"utc":"06:00:00","flight":"UA111"},{"day":0,"utc":"09:59:00","flight":"UA627"},{"day":0,"utc":"03:51:00","flight":"UA181"},{"day":0,"utc":"14:54:00","flight":"UA440"},{"day":1,"utc":"10:48:00","flight":"UA097"},{"day":1,"utc":"14:32:00","flight":"UA978"},{"day":1,"utc":"05:29:00","flight":"UA769"},{"day":1,"utc":"18:29:00","flight":"UA631"},{"day":2,"utc":"00:16:00","flight":"UA060"},{"day":2,"utc":"05:33:00","flight":"UA998"},{"day":2,"utc":"05:34:00","flight":"UA181"},{"day":2,"utc":"12:14:00","flight":"UA587"},{"day":3,"utc":"16:16:00","flight":"UA179"},{"day":3,"utc":"03:58:00","flight":"UA422"},{"day":3,"utc":"14:20:00","flight":"UA964"},{"day":3,"utc":"00:57:00","flight":"UA587"},{"day":4,"utc":"22:43:00","flight":"UA348"},{"day":5,"utc":"11:48:00","flight":"UA897"},{"day":5,"utc":"10:00:00","flight":"UA993"},{"day":5,"utc":"16:11:00","flight":"UA144"},{"day":5,"utc":"12:12:00","flight":"UA620"},{"day":6,"utc":"03:32:00","flight":"UA070"},{"day":6,"utc":"09:24:00","flight":"UA147"},{"day":6,"utc":"12:41:00","flight":"UA729"},{"day":6,"utc":"16:08:00","flight":"UA183"}],"distance":715.8814731417608}