{"id":46652,"type":"route","airline":"Q7","airlineid":"airline_N","sourceairport":"MHH","destinationairport":"FLL","stops":0,"equipment":"SF3","schedule":[{"day":0,"utc":"04:20:00","flight":"Q7480"},{"day":1,"utc":"23:08:00","flight":"Q7859"},{"day":1,"utc":"00:33:00","flight":"Q7856"},{"day":1,"utc":"08:29:00","flight":"Q7656"},{"day":2,"utc":"12:39:00","flight":"Q7268"},{"day":2,"utc":"23:59:00","flight":"Q7152"},{"day":2,"utc":"16:12:00","flight":"Q7877"},{"day":2,"utc":"05:25:00","flight":"Q7027"},{"day":3,"utc":"03:33:00","flight":"Q7055"},{"day":4,"utc":"23:43:00","flight":"Q7212"},{"day":4,"utc":"19:56:00","flight":"Q7328"},{"day":4,"utc":"00:50:00","flight":"Q7361"},{"day":5,"utc":"16:23:00","flight":"Q7503"},{"day":5,"utc":"07:33:00","flight":"Q7326"},{"day":6,"utc":"12:42:00","flight":"Q7032"},{"day":6,"utc":"02:44:00","flight":"Q7242"},{"day":6,"utc":"22:36:00","flight":"Q7342"}],"distance":309.83918247207083}