{"id":21877,"type":"route","airline":"DL","airlineid":"airline_2009","sourceairport":"SNA","destinationairport":"YVR","stops":0,"equipment":"73W","schedule":[{"day":0,"utc":"11:50:00","flight":"DL799"},{"day":0,"utc":"18:02:00","flight":"DL120"},{"day":0,"utc":"19:31:00","flight":"DL500"},{"day":0,"utc":"08:08:00","flight":"DL872"},{"day":0,"utc":"06:05:00","flight":"DL687"},{"day":1,"utc":"05:19:00","flight":"DL496"},{"day":1,"utc":"10:26:00","flight":"DL108"},{"day":1,"utc":"22:18:00","flight":"DL985"},{"day":1,"utc":"15:31:00","flight":"DL324"},{"day":1,"utc":"05:53:00","flight":"DL509"},{"day":2,"utc":"21:03:00","flight":"DL181"},{"day":2,"utc":"19:41:00","flight":"DL602"},{"day":2,"utc":"19:59:00","flight":"DL329"},{"day":2,"utc":"19:06:00","flight":"DL473"},{"day":2,"utc":"15:03:00","flight":"DL949"},{"day":3,"utc":"15:16:00","flight":"DL511"},{"day":4,"utc":"07:14:00","flight":"DL391"},{"day":4,"utc":"17:50:00","flight":"DL039"},{"day":5,"utc":"10:13:00","flight":"DL050"},{"day":5,"utc":"23:07:00","flight":"DL711"},{"day":5,"utc":"15:20:00","flight":"DL888"},{"day":5,"utc":"02:36:00","flight":"DL578"},{"day":5,"utc":"14:46:00","flight":"DL560"},{"day":6,"utc":"06:05:00","flight":"DL247"},{"day":6,"utc":"23:43:00","flight":"DL397"},{"day":6,"utc":"09:23:00","flight":"DL230"},{"day":6,"utc":"13:39:00","flight":"DL882"}],"distance":1780.4033677974096}