{"id":38105,"type":"route","airline":"LH","airlineid":"airline_3320","sourceairport":"DEN","destinationairport":"FRA","stops":0,"equipment":"744","schedule":[{"day":0,"utc":"13:47:00","flight":"LH553"},{"day":0,"utc":"04:09:00","flight":"LH459"},{"day":0,"utc":"06:16:00","flight":"LH961"},{"day":0,"utc":"15:38:00","flight":"LH154"},{"day":1,"utc":"09:20:00","flight":"LH443"},{"day":1,"utc":"04:24:00","flight":"LH381"},{"day":1,"utc":"17:41:00","flight":"LH144"},{"day":2,"utc":"15:42:00","flight":"LH725"},{"day":3,"utc":"18:48:00","flight":"LH522"},{"day":3,"utc":"17:53:00","flight":"LH634"},{"day":3,"utc":"23:26:00","flight":"LH586"},{"day":4,"utc":"18:32:00","flight":"LH079"},{"day":4,"utc":"08:22:00","flight":"LH554"},{"day":4,"utc":"11:50:00","flight":"LH957"},{"day":5,"utc":"17:43:00","flight":"LH862"},{"day":5,"utc":"22:03:00","flight":"LH168"},{"day":5,"utc":"09:10:00","flight":"LH771"},{"day":5,"utc":"03:54:00","flight":"LH905"},{"day":6,"utc":"05:57:00","flight":"LH303"},{"day":6,"utc":"11:53:00","flight":"LH181"}],"distance":8087.824566520286}