{"id":2564,"type":"route","airline":"7H","airlineid":"airline_16726","sourceairport":"ANC","destinationairport":"VDZ","stops":0,"equipment":"DH8 BE1","schedule":[{"day":0,"utc":"12:44:00","flight":"7H264"},{"day":0,"utc":"15:49:00","flight":"7H191"},{"day":0,"utc":"01:13:00","flight":"7H220"},{"day":0,"utc":"04:02:00","flight":"7H299"},{"day":0,"utc":"02:13:00","flight":"7H973"},{"day":1,"utc":"19:45:00","flight":"7H974"},{"day":1,"utc":"15:30:00","flight":"7H660"},{"day":2,"utc":"03:25:00","flight":"7H266"},{"day":2,"utc":"12:45:00","flight":"7H852"},{"day":3,"utc":"20:40:00","flight":"7H199"},{"day":3,"utc":"18:27:00","flight":"7H004"},{"day":4,"utc":"17:55:00","flight":"7H770"},{"day":4,"utc":"00:56:00","flight":"7H231"},{"day":4,"utc":"06:44:00","flight":"7H460"},{"day":4,"utc":"04:58:00","flight":"7H458"},{"day":5,"utc":"16:38:00","flight":"7H466"},{"day":5,"utc":"05:11:00","flight":"7H014"},{"day":5,"utc":"07:23:00","flight":"7H714"},{"day":5,"utc":"03:21:00","flight":"7H595"},{"day":5,"utc":"07:59:00","flight":"7H531"},{"day":6,"utc":"06:11:00","flight":"7H376"},{"day":6,"utc":"08:14:00","flight":"7H176"},{"day":6,"utc":"16:34:00","flight":"7H804"},{"day":6,"utc":"00:39:00","flight":"7H284"},{"day":6,"utc":"08:26:00","flight":"7H845"}],"distance":201.0908158248591}