{"id":28171,"type":"route","airline":"FR","airlineid":"airline_4296","sourceairport":"VLC","destinationairport":"BRS","stops":0,"equipment":"738","schedule":[{"day":0,"utc":"04:30:00","flight":"FR960"},{"day":0,"utc":"00:19:00","flight":"FR412"},{"day":0,"utc":"14:37:00","flight":"FR262"},{"day":1,"utc":"03:58:00","flight":"FR273"},{"day":1,"utc":"11:38:00","flight":"FR372"},{"day":1,"utc":"05:05:00","flight":"FR174"},{"day":2,"utc":"06:27:00","flight":"FR913"},{"day":2,"utc":"04:29:00","flight":"FR578"},{"day":2,"utc":"11:03:00","flight":"FR633"},{"day":2,"utc":"23:04:00","flight":"FR565"},{"day":2,"utc":"17:33:00","flight":"FR913"},{"day":3,"utc":"01:34:00","flight":"FR589"},{"day":3,"utc":"06:53:00","flight":"FR028"},{"day":3,"utc":"02:25:00","flight":"FR242"},{"day":3,"utc":"17:39:00","flight":"FR932"},{"day":4,"utc":"12:17:00","flight":"FR532"},{"day":4,"utc":"01:05:00","flight":"FR151"},{"day":5,"utc":"12:13:00","flight":"FR600"},{"day":5,"utc":"18:22:00","flight":"FR278"},{"day":6,"utc":"00:39:00","flight":"FR267"},{"day":6,"utc":"13:02:00","flight":"FR490"},{"day":6,"utc":"20:25:00","flight":"FR633"},{"day":6,"utc":"06:05:00","flight":"FR032"}]}