{"id":30147,"type":"route","airline":"GR","airlineid":"airline_508","sourceairport":"GCI","destinationairport":"ACI","stops":0,"equipment":"BNT","schedule":[{"day":0,"utc":"21:59:00","flight":"GR876"},{"day":0,"utc":"18:02:00","flight":"GR038"},{"day":1,"utc":"16:11:00","flight":"GR521"},{"day":1,"utc":"06:12:00","flight":"GR182"},{"day":2,"utc":"15:40:00","flight":"GR284"},{"day":3,"utc":"14:39:00","flight":"GR662"},{"day":3,"utc":"20:20:00","flight":"GR901"},{"day":3,"utc":"12:36:00","flight":"GR119"},{"day":3,"utc":"08:10:00","flight":"GR380"},{"day":4,"utc":"07:07:00","flight":"GR222"},{"day":4,"utc":"22:13:00","flight":"GR963"},{"day":4,"utc":"03:33:00","flight":"GR308"},{"day":5,"utc":"18:42:00","flight":"GR460"},{"day":5,"utc":"10:41:00","flight":"GR505"},{"day":5,"utc":"14:52:00","flight":"GR677"},{"day":6,"utc":"15:11:00","flight":"GR793"}],"distance":41.09591142080796}