{"id":39849,"type":"route","airline":"LY","airlineid":"airline_2150","sourceairport":"LHR","destinationairport":"TLV","stops":0,"equipment":"772 763","schedule":[{"day":0,"utc":"07:02:00","flight":"LY318"},{"day":1,"utc":"04:25:00","flight":"LY675"},{"day":2,"utc":"05:50:00","flight":"LY447"},{"day":2,"utc":"00:59:00","flight":"LY462"},{"day":2,"utc":"02:58:00","flight":"LY710"},{"day":2,"utc":"01:46:00","flight":"LY900"},{"day":3,"utc":"19:38:00","flight":"LY509"},{"day":4,"utc":"17:22:00","flight":"LY645"},{"day":4,"utc":"03:56:00","flight":"LY740"},{"day":5,"utc":"03:13:00","flight":"LY060"},{"day":5,"utc":"22:54:00","flight":"LY792"},{"day":5,"utc":"19:00:00","flight":"LY231"},{"day":5,"utc":"11:36:00","flight":"LY665"},{"day":6,"utc":"16:51:00","flight":"LY734"}],"distance":3588.973528279649}