{"id":13892,"type":"route","airline":"B5","airlineid":"airline_2395","sourceairport":"WJR","destinationairport":"MGQ","stops":0,"equipment":"CRJ","schedule":[{"day":0,"utc":"17:13:00","flight":"B5358"},{"day":0,"utc":"06:47:00","flight":"B5975"},{"day":0,"utc":"03:51:00","flight":"B5198"},{"day":1,"utc":"11:25:00","flight":"B5696"},{"day":1,"utc":"09:24:00","flight":"B5495"},{"day":1,"utc":"16:40:00","flight":"B5062"},{"day":1,"utc":"11:20:00","flight":"B5267"},{"day":2,"utc":"17:11:00","flight":"B5928"},{"day":2,"utc":"21:04:00","flight":"B5384"},{"day":2,"utc":"08:01:00","flight":"B5921"},{"day":2,"utc":"11:12:00","flight":"B5170"},{"day":2,"utc":"22:10:00","flight":"B5951"},{"day":3,"utc":"03:05:00","flight":"B5480"},{"day":3,"utc":"04:40:00","flight":"B5317"},{"day":3,"utc":"07:35:00","flight":"B5209"},{"day":3,"utc":"22:38:00","flight":"B5836"},{"day":4,"utc":"21:24:00","flight":"B5401"},{"day":4,"utc":"11:28:00","flight":"B5414"},{"day":4,"utc":"15:06:00","flight":"B5417"},{"day":4,"utc":"02:02:00","flight":"B5913"},{"day":4,"utc":"01:19:00","flight":"B5967"},{"day":5,"utc":"15:43:00","flight":"B5850"},{"day":5,"utc":"05:01:00","flight":"B5075"},{"day":5,"utc":"04:22:00","flight":"B5652"},{"day":5,"utc":"06:49:00","flight":"B5248"},{"day":6,"utc":"08:41:00","flight":"B5137"},{"day":6,"utc":"04:15:00","flight":"B5511"}]}