{"id":57422,"type":"route","airline":"UA","airlineid":"airline_5209","sourceairport":"PBC","destinationairport":"IAH","stops":0,"equipment":"ERJ","schedule":[{"day":0,"utc":"15:34:00","flight":"UA212"},{"day":0,"utc":"20:43:00","flight":"UA413"},{"day":0,"utc":"11:42:00","flight":"UA190"},{"day":0,"utc":"16:09:00","flight":"UA587"},{"day":1,"utc":"05:06:00","flight":"UA661"},{"day":1,"utc":"04:07:00","flight":"UA887"},{"day":1,"utc":"03:46:00","flight":"UA263"},{"day":1,"utc":"22:22:00","flight":"UA085"},{"day":2,"utc":"03:40:00","flight":"UA789"},{"day":2,"utc":"02:30:00","flight":"UA941"},{"day":2,"utc":"19:12:00","flight":"UA444"},{"day":3,"utc":"05:59:00","flight":"UA213"},{"day":3,"utc":"23:17:00","flight":"UA639"},{"day":3,"utc":"16:01:00","flight":"UA410"},{"day":4,"utc":"22:31:00","flight":"UA783"},{"day":5,"utc":"17:14:00","flight":"UA058"},{"day":5,"utc":"00:59:00","flight":"UA039"},{"day":5,"utc":"14:55:00","flight":"UA873"},{"day":6,"utc":"07:32:00","flight":"UA570"},{"day":6,"utc":"00:37:00","flight":"UA062"},{"day":6,"utc":"03:17:00","flight":"UA386"}]}