{"id":30383,"type":"route","airline":"GS","airlineid":"airline_690","sourceairport":"SWA","destinationairport":"CSX","stops":0,"equipment":"E90","schedule":[{"day":0,"utc":"11:22:00","flight":"GS643"},{"day":0,"utc":"03:23:00","flight":"GS945"},{"day":0,"utc":"22:46:00","flight":"GS621"},{"day":1,"utc":"15:22:00","flight":"GS724"},{"day":2,"utc":"01:14:00","flight":"GS835"},{"day":2,"utc":"19:18:00","flight":"GS604"},{"day":3,"utc":"23:29:00","flight":"GS903"},{"day":3,"utc":"06:04:00","flight":"GS465"},{"day":3,"utc":"04:28:00","flight":"GS371"},{"day":3,"utc":"21:32:00","flight":"GS673"},{"day":3,"utc":"15:30:00","flight":"GS169"},{"day":4,"utc":"11:27:00","flight":"GS757"},{"day":4,"utc":"14:32:00","flight":"GS076"},{"day":4,"utc":"08:24:00","flight":"GS990"},{"day":5,"utc":"00:22:00","flight":"GS777"},{"day":5,"utc":"00:33:00","flight":"GS750"},{"day":5,"utc":"14:30:00","flight":"GS887"},{"day":6,"utc":"04:27:00","flight":"GS444"},{"day":6,"utc":"14:34:00","flight":"GS436"},{"day":6,"utc":"17:01:00","flight":"GS221"},{"day":6,"utc":"05:33:00","flight":"GS576"}],"distance":635.3648564547505}