{"id":64586,"type":"route","airline":"WS","airlineid":"airline_5416","sourceairport":"DFW","destinationairport":"YVR","stops":0,"equipment":"738","schedule":[{"day":0,"utc":"06:13:00","flight":"WS609"},{"day":0,"utc":"00:03:00","flight":"WS390"},{"day":0,"utc":"08:56:00","flight":"WS563"},{"day":1,"utc":"01:59:00","flight":"WS717"},{"day":1,"utc":"19:57:00","flight":"WS345"},{"day":2,"utc":"12:22:00","flight":"WS095"},{"day":3,"utc":"10:27:00","flight":"WS697"},{"day":3,"utc":"17:02:00","flight":"WS036"},{"day":4,"utc":"11:20:00","flight":"WS427"},{"day":5,"utc":"19:08:00","flight":"WS203"},{"day":5,"utc":"00:07:00","flight":"WS122"},{"day":5,"utc":"18:48:00","flight":"WS816"},{"day":6,"utc":"23:22:00","flight":"WS615"},{"day":6,"utc":"13:13:00","flight":"WS100"}],"distance":2819.371084516147}