{"id":56509,"type":"route","airline":"UA","airlineid":"airline_5209","sourceairport":"GPT","destinationairport":"IAH","stops":0,"equipment":"ERJ","schedule":[{"day":0,"utc":"08:21:00","flight":"UA036"},{"day":0,"utc":"15:53:00","flight":"UA093"},{"day":0,"utc":"20:08:00","flight":"UA722"},{"day":0,"utc":"03:44:00","flight":"UA396"},{"day":0,"utc":"00:51:00","flight":"UA880"},{"day":1,"utc":"06:58:00","flight":"UA711"},{"day":1,"utc":"20:04:00","flight":"UA698"},{"day":1,"utc":"08:28:00","flight":"UA153"},{"day":1,"utc":"21:26:00","flight":"UA780"},{"day":1,"utc":"19:12:00","flight":"UA661"},{"day":2,"utc":"08:46:00","flight":"UA225"},{"day":2,"utc":"09:40:00","flight":"UA680"},{"day":2,"utc":"06:17:00","flight":"UA951"},{"day":2,"utc":"02:05:00","flight":"UA464"},{"day":3,"utc":"13:26:00","flight":"UA958"},{"day":4,"utc":"02:30:00","flight":"UA608"},{"day":5,"utc":"15:09:00","flight":"UA383"},{"day":6,"utc":"09:35:00","flight":"UA407"},{"day":6,"utc":"05:11:00","flight":"UA630"}],"distance":604.4714012033849}