{"id":53460,"type":"route","airline":"TO","airlineid":"airline_8745","sourceairport":"TLV","destinationairport":"ORY","stops":0,"equipment":"73H","schedule":[{"day":0,"utc":"17:37:00","flight":"TO854"},{"day":1,"utc":"06:44:00","flight":"TO763"},{"day":2,"utc":"19:50:00","flight":"TO753"},{"day":2,"utc":"08:13:00","flight":"TO764"},{"day":2,"utc":"11:04:00","flight":"TO856"},{"day":2,"utc":"14:38:00","flight":"TO100"},{"day":2,"utc":"04:23:00","flight":"TO355"},{"day":3,"utc":"17:18:00","flight":"TO974"},{"day":4,"utc":"15:54:00","flight":"TO774"},{"day":4,"utc":"21:11:00","flight":"TO778"},{"day":4,"utc":"16:01:00","flight":"TO996"},{"day":4,"utc":"00:54:00","flight":"TO603"},{"day":5,"utc":"10:36:00","flight":"TO119"},{"day":5,"utc":"19:25:00","flight":"TO119"},{"day":6,"utc":"16:10:00","flight":"TO175"},{"day":6,"utc":"12:24:00","flight":"TO462"},{"day":6,"utc":"11:29:00","flight":"TO595"}]}