{"id":6911,"type":"route","airline":"AA","airlineid":"airline_24","sourceairport":"TRC","destinationairport":"DFW","stops":0,"equipment":"ER4","schedule":[{"day":0,"utc":"10:30:00","flight":"AA564"},{"day":0,"utc":"03:05:00","flight":"AA606"},{"day":0,"utc":"16:11:00","flight":"AA180"},{"day":0,"utc":"18:34:00","flight":"AA283"},{"day":1,"utc":"04:16:00","flight":"AA780"},{"day":1,"utc":"10:05:00","flight":"AA204"},{"day":2,"utc":"19:01:00","flight":"AA750"},{"day":2,"utc":"02:46:00","flight":"AA214"},{"day":3,"utc":"01:51:00","flight":"AA073"},{"day":3,"utc":"20:34:00","flight":"AA794"},{"day":4,"utc":"01:42:00","flight":"AA868"},{"day":4,"utc":"23:30:00","flight":"AA882"},{"day":4,"utc":"11:49:00","flight":"AA526"},{"day":4,"utc":"13:02:00","flight":"AA659"},{"day":5,"utc":"15:26:00","flight":"AA712"},{"day":5,"utc":"07:30:00","flight":"AA049"},{"day":5,"utc":"21:10:00","flight":"AA437"},{"day":6,"utc":"09:33:00","flight":"AA739"},{"day":6,"utc":"16:28:00","flight":"AA135"}],"distance":1022.4066101325706}