{"id":47256,"type":"route","airline":"QH","airlineid":"airline_882","sourceairport":"SVX","destinationairport":"FRU","stops":0,"equipment":"735","schedule":[{"day":0,"utc":"21:59:00","flight":"QH870"},{"day":0,"utc":"05:51:00","flight":"QH976"},{"day":0,"utc":"03:53:00","flight":"QH951"},{"day":1,"utc":"18:11:00","flight":"QH868"},{"day":1,"utc":"10:19:00","flight":"QH269"},{"day":1,"utc":"04:43:00","flight":"QH060"},{"day":2,"utc":"01:36:00","flight":"QH057"},{"day":2,"utc":"14:20:00","flight":"QH965"},{"day":2,"utc":"14:04:00","flight":"QH321"},{"day":2,"utc":"19:43:00","flight":"QH274"},{"day":2,"utc":"08:57:00","flight":"QH753"},{"day":3,"utc":"00:57:00","flight":"QH221"},{"day":4,"utc":"00:25:00","flight":"QH732"},{"day":5,"utc":"02:30:00","flight":"QH622"},{"day":5,"utc":"14:31:00","flight":"QH485"},{"day":5,"utc":"02:46:00","flight":"QH324"},{"day":5,"utc":"01:28:00","flight":"QH429"},{"day":6,"utc":"20:08:00","flight":"QH758"},{"day":6,"utc":"00:03:00","flight":"QH505"},{"day":6,"utc":"07:31:00","flight":"QH217"},{"day":6,"utc":"08:37:00","flight":"QH210"}],"distance":1801.9774038533412}