{"id":9343,"type":"route","airline":"AF","airlineid":"airline_137","sourceairport":"CDG","destinationairport":"LBV","stops":0,"equipment":"772 77W","schedule":[{"day":0,"utc":"21:51:00","flight":"AF415"},{"day":0,"utc":"09:14:00","flight":"AF158"},{"day":1,"utc":"03:04:00","flight":"AF032"},{"day":2,"utc":"20:45:00","flight":"AF339"},{"day":2,"utc":"19:20:00","flight":"AF707"},{"day":2,"utc":"21:58:00","flight":"AF315"},{"day":2,"utc":"08:22:00","flight":"AF932"},{"day":2,"utc":"12:14:00","flight":"AF679"},{"day":3,"utc":"22:08:00","flight":"AF697"},{"day":3,"utc":"13:58:00","flight":"AF077"},{"day":3,"utc":"21:16:00","flight":"AF744"},{"day":4,"utc":"22:19:00","flight":"AF705"},{"day":4,"utc":"04:02:00","flight":"AF954"},{"day":4,"utc":"07:17:00","flight":"AF778"},{"day":4,"utc":"13:04:00","flight":"AF074"},{"day":5,"utc":"15:02:00","flight":"AF606"},{"day":5,"utc":"19:59:00","flight":"AF859"},{"day":5,"utc":"07:39:00","flight":"AF750"},{"day":6,"utc":"16:20:00","flight":"AF308"},{"day":6,"utc":"06:27:00","flight":"AF834"},{"day":6,"utc":"21:23:00","flight":"AF512"},{"day":6,"utc":"10:19:00","flight":"AF629"}]}