{"id":30188,"type":"route","airline":"GS","airlineid":"airline_690","sourceairport":"CIF","destinationairport":"HET","stops":0,"equipment":"E90 ERJ","schedule":[{"day":0,"utc":"09:14:00","flight":"GS129"},{"day":0,"utc":"07:49:00","flight":"GS330"},{"day":0,"utc":"08:20:00","flight":"GS639"},{"day":0,"utc":"22:25:00","flight":"GS450"},{"day":1,"utc":"10:20:00","flight":"GS055"},{"day":2,"utc":"09:01:00","flight":"GS845"},{"day":2,"utc":"06:34:00","flight":"GS122"},{"day":2,"utc":"04:42:00","flight":"GS538"},{"day":2,"utc":"21:15:00","flight":"GS159"},{"day":3,"utc":"06:12:00","flight":"GS706"},{"day":3,"utc":"23:28:00","flight":"GS220"},{"day":4,"utc":"00:10:00","flight":"GS809"},{"day":4,"utc":"02:08:00","flight":"GS834"},{"day":4,"utc":"05:37:00","flight":"GS635"},{"day":4,"utc":"01:40:00","flight":"GS436"},{"day":5,"utc":"09:11:00","flight":"GS101"},{"day":6,"utc":"00:19:00","flight":"GS509"},{"day":6,"utc":"09:58:00","flight":"GS725"}]}