{"id":36539,"type":"route","airline":"KL","airlineid":"airline_3090","sourceairport":"CFE","destinationairport":"AMS","stops":0,"equipment":"ERJ","schedule":[{"day":0,"utc":"08:11:00","flight":"KL435"},{"day":1,"utc":"22:21:00","flight":"KL963"},{"day":2,"utc":"06:05:00","flight":"KL432"},{"day":2,"utc":"18:32:00","flight":"KL842"},{"day":3,"utc":"05:57:00","flight":"KL526"},{"day":3,"utc":"04:08:00","flight":"KL380"},{"day":3,"utc":"03:55:00","flight":"KL499"},{"day":3,"utc":"10:15:00","flight":"KL663"},{"day":4,"utc":"21:37:00","flight":"KL867"},{"day":4,"utc":"06:00:00","flight":"KL893"},{"day":4,"utc":"07:05:00","flight":"KL689"},{"day":5,"utc":"04:12:00","flight":"KL434"},{"day":6,"utc":"06:22:00","flight":"KL679"},{"day":6,"utc":"22:20:00","flight":"KL552"}]}