{"id":13124,"type":"route","airline":"AZ","airlineid":"airline_596","sourceairport":"BWI","destinationairport":"ATL","stops":0,"equipment":"M88 757 M90 717","schedule":[{"day":0,"utc":"08:04:00","flight":"AZ872"},{"day":0,"utc":"04:57:00","flight":"AZ058"},{"day":0,"utc":"02:11:00","flight":"AZ336"},{"day":0,"utc":"16:37:00","flight":"AZ835"},{"day":1,"utc":"23:39:00","flight":"AZ911"},{"day":1,"utc":"19:06:00","flight":"AZ086"},{"day":2,"utc":"17:01:00","flight":"AZ468"},{"day":3,"utc":"20:50:00","flight":"AZ091"},{"day":3,"utc":"11:28:00","flight":"AZ537"},{"day":4,"utc":"11:51:00","flight":"AZ682"},{"day":4,"utc":"17:00:00","flight":"AZ024"},{"day":5,"utc":"05:55:00","flight":"AZ798"},{"day":5,"utc":"22:29:00","flight":"AZ347"},{"day":6,"utc":"16:49:00","flight":"AZ672"},{"day":6,"utc":"16:09:00","flight":"AZ316"},{"day":6,"utc":"08:02:00","flight":"AZ629"}],"distance":927.5218892734717}