{"id":36645,"type":"route","airline":"KL","airlineid":"airline_3090","sourceairport":"GPT","destinationairport":"ATL","stops":0,"equipment":"M88 CRJ CR7","schedule":[{"day":0,"utc":"08:59:00","flight":"KL602"},{"day":1,"utc":"20:19:00","flight":"KL145"},{"day":1,"utc":"20:41:00","flight":"KL213"},{"day":2,"utc":"10:01:00","flight":"KL173"},{"day":2,"utc":"21:15:00","flight":"KL923"},{"day":3,"utc":"23:50:00","flight":"KL511"},{"day":4,"utc":"12:41:00","flight":"KL185"},{"day":5,"utc":"15:48:00","flight":"KL472"},{"day":5,"utc":"23:36:00","flight":"KL173"},{"day":6,"utc":"06:05:00","flight":"KL584"},{"day":6,"utc":"11:36:00","flight":"KL832"},{"day":6,"utc":"03:10:00","flight":"KL063"}]}