{"id":15242,"type":"route","airline":"BE","airlineid":"airline_2421","sourceairport":"MRS","destinationairport":"ORY","stops":0,"equipment":"32S","schedule":[{"day":0,"utc":"08:20:00","flight":"BE678"},{"day":0,"utc":"07:02:00","flight":"BE744"},{"day":0,"utc":"07:58:00","flight":"BE317"},{"day":0,"utc":"07:31:00","flight":"BE131"},{"day":0,"utc":"16:36:00","flight":"BE175"},{"day":1,"utc":"12:32:00","flight":"BE290"},{"day":1,"utc":"22:13:00","flight":"BE515"},{"day":2,"utc":"19:48:00","flight":"BE627"},{"day":2,"utc":"15:46:00","flight":"BE046"},{"day":2,"utc":"06:08:00","flight":"BE021"},{"day":2,"utc":"00:49:00","flight":"BE460"},{"day":3,"utc":"17:42:00","flight":"BE156"},{"day":4,"utc":"10:40:00","flight":"BE800"},{"day":4,"utc":"06:01:00","flight":"BE241"},{"day":4,"utc":"23:20:00","flight":"BE951"},{"day":4,"utc":"15:38:00","flight":"BE050"},{"day":4,"utc":"20:08:00","flight":"BE413"},{"day":5,"utc":"15:50:00","flight":"BE939"},{"day":6,"utc":"03:37:00","flight":"BE311"},{"day":6,"utc":"10:52:00","flight":"BE680"}],"distance":627.9167753777458}