{"id":9943,"type":"route","airline":"AF","airlineid":"airline_137","sourceairport":"SHE","destinationairport":"CAN","stops":0,"equipment":"320","schedule":[{"day":0,"utc":"11:41:00","flight":"AF468"},{"day":0,"utc":"19:25:00","flight":"AF223"},{"day":0,"utc":"00:53:00","flight":"AF786"},{"day":0,"utc":"09:09:00","flight":"AF883"},{"day":0,"utc":"14:57:00","flight":"AF160"},{"day":1,"utc":"21:23:00","flight":"AF317"},{"day":2,"utc":"18:27:00","flight":"AF542"},{"day":2,"utc":"19:29:00","flight":"AF752"},{"day":2,"utc":"14:56:00","flight":"AF765"},{"day":3,"utc":"18:21:00","flight":"AF195"},{"day":3,"utc":"02:30:00","flight":"AF738"},{"day":3,"utc":"12:02:00","flight":"AF265"},{"day":4,"utc":"12:29:00","flight":"AF921"},{"day":5,"utc":"05:50:00","flight":"AF972"},{"day":5,"utc":"05:16:00","flight":"AF212"},{"day":5,"utc":"06:26:00","flight":"AF873"},{"day":5,"utc":"14:27:00","flight":"AF290"},{"day":5,"utc":"11:13:00","flight":"AF711"},{"day":6,"utc":"10:55:00","flight":"AF813"},{"day":6,"utc":"22:58:00","flight":"AF686"}]}