{"id":63822,"type":"route","airline":"WN","airlineid":"airline_4547","sourceairport":"GRR","destinationairport":"BWI","stops":0,"equipment":"73W","schedule":[{"day":0,"utc":"23:55:00","flight":"WN186"},{"day":0,"utc":"00:47:00","flight":"WN895"},{"day":0,"utc":"23:32:00","flight":"WN617"},{"day":0,"utc":"05:42:00","flight":"WN359"},{"day":1,"utc":"08:30:00","flight":"WN174"},{"day":1,"utc":"23:26:00","flight":"WN553"},{"day":1,"utc":"16:19:00","flight":"WN647"},{"day":1,"utc":"21:38:00","flight":"WN111"},{"day":1,"utc":"12:43:00","flight":"WN429"},{"day":2,"utc":"17:51:00","flight":"WN342"},{"day":2,"utc":"01:03:00","flight":"WN816"},{"day":2,"utc":"02:50:00","flight":"WN993"},{"day":2,"utc":"14:07:00","flight":"WN989"},{"day":2,"utc":"17:05:00","flight":"WN012"},{"day":3,"utc":"07:09:00","flight":"WN399"},{"day":4,"utc":"13:27:00","flight":"WN047"},{"day":5,"utc":"15:28:00","flight":"WN922"},{"day":6,"utc":"04:00:00","flight":"WN726"},{"day":6,"utc":"08:39:00","flight":"WN356"}],"distance":848.7298606794344}