{"id":14791,"type":"route","airline":"BA","airlineid":"airline_1355","sourceairport":"LIS","destinationairport":"LHR","stops":0,"equipment":"320","schedule":[{"day":0,"utc":"22:59:00","flight":"BA166"},{"day":0,"utc":"09:47:00","flight":"BA727"},{"day":0,"utc":"03:49:00","flight":"BA032"},{"day":1,"utc":"18:22:00","flight":"BA381"},{"day":1,"utc":"06:01:00","flight":"BA362"},{"day":1,"utc":"04:42:00","flight":"BA096"},{"day":1,"utc":"04:00:00","flight":"BA187"},{"day":2,"utc":"09:37:00","flight":"BA975"},{"day":2,"utc":"18:48:00","flight":"BA394"},{"day":2,"utc":"13:09:00","flight":"BA721"},{"day":3,"utc":"12:03:00","flight":"BA409"},{"day":3,"utc":"19:29:00","flight":"BA867"},{"day":3,"utc":"09:47:00","flight":"BA021"},{"day":3,"utc":"13:43:00","flight":"BA447"},{"day":3,"utc":"02:53:00","flight":"BA642"},{"day":4,"utc":"11:05:00","flight":"BA846"},{"day":4,"utc":"08:18:00","flight":"BA446"},{"day":5,"utc":"08:24:00","flight":"BA186"},{"day":5,"utc":"00:09:00","flight":"BA603"},{"day":5,"utc":"22:57:00","flight":"BA495"},{"day":6,"utc":"14:06:00","flight":"BA499"},{"day":6,"utc":"16:53:00","flight":"BA344"}],"distance":1564.6194724910558}