{"id":54871,"type":"route","airline":"U2","airlineid":"airline_2297","sourceairport":"IBZ","destinationairport":"MXP","stops":0,"equipment":"319","schedule":[{"day":0,"utc":"20:00:00","flight":"U2599"},{"day":0,"utc":"18:13:00","flight":"U2267"},{"day":1,"utc":"21:28:00","flight":"U2682"},{"day":1,"utc":"20:29:00","flight":"U2995"},{"day":1,"utc":"20:06:00","flight":"U2442"},{"day":1,"utc":"07:49:00","flight":"U2509"},{"day":1,"utc":"11:11:00","flight":"U2399"},{"day":2,"utc":"13:18:00","flight":"U2958"},{"day":2,"utc":"22:22:00","flight":"U2040"},{"day":2,"utc":"02:38:00","flight":"U2564"},{"day":3,"utc":"15:05:00","flight":"U2522"},{"day":3,"utc":"13:42:00","flight":"U2006"},{"day":4,"utc":"16:55:00","flight":"U2100"},{"day":4,"utc":"22:59:00","flight":"U2091"},{"day":5,"utc":"08:55:00","flight":"U2268"},{"day":5,"utc":"05:22:00","flight":"U2437"},{"day":6,"utc":"04:46:00","flight":"U2357"},{"day":6,"utc":"04:05:00","flight":"U2350"},{"day":6,"utc":"00:09:00","flight":"U2853"},{"day":6,"utc":"02:34:00","flight":"U2807"},{"day":6,"utc":"05:57:00","flight":"U2558"}],"distance":964.0542577676207}