{"id":26839,"type":"route","airline":"FR","airlineid":"airline_4296","sourceairport":"FNI","destinationairport":"LTN","stops":0,"equipment":"738","schedule":[{"day":0,"utc":"14:39:00","flight":"FR644"},{"day":0,"utc":"04:58:00","flight":"FR909"},{"day":0,"utc":"19:07:00","flight":"FR912"},{"day":1,"utc":"22:14:00","flight":"FR344"},{"day":1,"utc":"12:53:00","flight":"FR317"},{"day":1,"utc":"23:48:00","flight":"FR397"},{"day":2,"utc":"01:41:00","flight":"FR841"},{"day":2,"utc":"09:50:00","flight":"FR297"},{"day":3,"utc":"00:35:00","flight":"FR961"},{"day":3,"utc":"13:51:00","flight":"FR519"},{"day":3,"utc":"23:04:00","flight":"FR626"},{"day":3,"utc":"04:21:00","flight":"FR795"},{"day":4,"utc":"21:21:00","flight":"FR943"},{"day":4,"utc":"10:19:00","flight":"FR447"},{"day":4,"utc":"13:26:00","flight":"FR203"},{"day":4,"utc":"04:07:00","flight":"FR173"},{"day":4,"utc":"00:10:00","flight":"FR902"},{"day":5,"utc":"08:17:00","flight":"FR054"},{"day":5,"utc":"01:07:00","flight":"FR606"},{"day":5,"utc":"08:12:00","flight":"FR262"},{"day":5,"utc":"09:55:00","flight":"FR090"},{"day":5,"utc":"14:45:00","flight":"FR073"},{"day":6,"utc":"17:10:00","flight":"FR475"},{"day":6,"utc":"11:26:00","flight":"FR402"},{"day":6,"utc":"07:52:00","flight":"FR214"},{"day":6,"utc":"10:26:00","flight":"FR043"}],"distance":970.2014417293924}