{"id":27138,"type":"route","airline":"FR","airlineid":"airline_4296","sourceairport":"LPA","destinationairport":"BHX","stops":0,"equipment":"738","schedule":[{"day":0,"utc":"09:46:00","flight":"FR456"},{"day":0,"utc":"06:24:00","flight":"FR352"},{"day":0,"utc":"10:20:00","flight":"FR214"},{"day":0,"utc":"09:12:00","flight":"FR812"},{"day":1,"utc":"19:50:00","flight":"FR537"},{"day":1,"utc":"15:56:00","flight":"FR686"},{"day":2,"utc":"01:29:00","flight":"FR690"},{"day":2,"utc":"15:56:00","flight":"FR614"},{"day":3,"utc":"19:29:00","flight":"FR050"},{"day":3,"utc":"20:37:00","flight":"FR710"},{"day":3,"utc":"04:38:00","flight":"FR777"},{"day":3,"utc":"04:17:00","flight":"FR561"},{"day":3,"utc":"03:12:00","flight":"FR053"},{"day":4,"utc":"12:43:00","flight":"FR930"},{"day":4,"utc":"20:41:00","flight":"FR072"},{"day":4,"utc":"10:26:00","flight":"FR457"},{"day":4,"utc":"01:08:00","flight":"FR341"},{"day":5,"utc":"10:18:00","flight":"FR736"},{"day":5,"utc":"03:09:00","flight":"FR766"},{"day":5,"utc":"03:22:00","flight":"FR734"},{"day":5,"utc":"05:11:00","flight":"FR124"},{"day":5,"utc":"22:14:00","flight":"FR618"},{"day":6,"utc":"09:05:00","flight":"FR671"},{"day":6,"utc":"11:28:00","flight":"FR593"},{"day":6,"utc":"04:39:00","flight":"FR815"},{"day":6,"utc":"19:40:00","flight":"FR916"}],"distance":2951.144600192742}