{"id":56473,"type":"route","airline":"UA","airlineid":"airline_5209","sourceairport":"FRA","destinationairport":"GYD","stops":0,"equipment":"333","schedule":[{"day":0,"utc":"08:16:00","flight":"UA788"},{"day":1,"utc":"12:31:00","flight":"UA295"},{"day":1,"utc":"12:20:00","flight":"UA483"},{"day":1,"utc":"17:56:00","flight":"UA369"},{"day":2,"utc":"21:15:00","flight":"UA367"},{"day":2,"utc":"04:19:00","flight":"UA222"},{"day":2,"utc":"20:56:00","flight":"UA960"},{"day":2,"utc":"23:23:00","flight":"UA679"},{"day":3,"utc":"18:07:00","flight":"UA251"},{"day":3,"utc":"02:24:00","flight":"UA371"},{"day":3,"utc":"17:09:00","flight":"UA598"},{"day":3,"utc":"18:00:00","flight":"UA834"},{"day":4,"utc":"13:53:00","flight":"UA963"},{"day":4,"utc":"13:03:00","flight":"UA654"},{"day":5,"utc":"02:27:00","flight":"UA080"},{"day":5,"utc":"01:19:00","flight":"UA307"},{"day":5,"utc":"08:39:00","flight":"UA337"},{"day":6,"utc":"21:45:00","flight":"UA864"},{"day":6,"utc":"15:32:00","flight":"UA805"},{"day":6,"utc":"02:25:00","flight":"UA485"},{"day":6,"utc":"22:46:00","flight":"UA405"}]}