{"id":56403,"type":"route","airline":"UA","airlineid":"airline_5209","sourceairport":"EWR","destinationairport":"STT","stops":0,"equipment":"73G","schedule":[{"day":0,"utc":"00:42:00","flight":"UA971"},{"day":0,"utc":"15:34:00","flight":"UA708"},{"day":0,"utc":"20:16:00","flight":"UA718"},{"day":0,"utc":"07:15:00","flight":"UA086"},{"day":1,"utc":"13:15:00","flight":"UA736"},{"day":1,"utc":"04:49:00","flight":"UA931"},{"day":2,"utc":"23:25:00","flight":"UA688"},{"day":3,"utc":"01:43:00","flight":"UA611"},{"day":4,"utc":"20:08:00","flight":"UA764"},{"day":4,"utc":"09:14:00","flight":"UA584"},{"day":4,"utc":"09:13:00","flight":"UA487"},{"day":4,"utc":"06:52:00","flight":"UA704"},{"day":5,"utc":"22:48:00","flight":"UA423"},{"day":5,"utc":"07:58:00","flight":"UA120"},{"day":5,"utc":"04:07:00","flight":"UA538"},{"day":5,"utc":"04:44:00","flight":"UA504"},{"day":5,"utc":"08:51:00","flight":"UA329"},{"day":6,"utc":"14:27:00","flight":"UA195"},{"day":6,"utc":"14:10:00","flight":"UA694"},{"day":6,"utc":"13:43:00","flight":"UA087"}],"distance":2636.3922515200816}