{"id":58986,"type":"route","airline":"US","airlineid":"airline_5265","sourceairport":"DCA","destinationairport":"PIT","stops":0,"equipment":"CRJ E75","schedule":[{"day":0,"utc":"20:55:00","flight":"US026"},{"day":0,"utc":"03:39:00","flight":"US045"},{"day":0,"utc":"14:51:00","flight":"US705"},{"day":1,"utc":"15:19:00","flight":"US449"},{"day":1,"utc":"01:13:00","flight":"US768"},{"day":2,"utc":"06:36:00","flight":"US425"},{"day":2,"utc":"09:35:00","flight":"US871"},{"day":2,"utc":"15:26:00","flight":"US634"},{"day":3,"utc":"12:32:00","flight":"US361"},{"day":4,"utc":"20:18:00","flight":"US560"},{"day":4,"utc":"23:17:00","flight":"US906"},{"day":4,"utc":"17:08:00","flight":"US044"},{"day":4,"utc":"14:17:00","flight":"US822"},{"day":5,"utc":"12:44:00","flight":"US387"},{"day":6,"utc":"17:25:00","flight":"US309"},{"day":6,"utc":"09:13:00","flight":"US076"},{"day":6,"utc":"03:08:00","flight":"US521"}]}