{"id":5269,"type":"route","airline":"AA","airlineid":"airline_24","sourceairport":"DFW","destinationairport":"MLM","stops":0,"equipment":"ER4","schedule":[{"day":0,"utc":"21:58:00","flight":"AA202"},{"day":0,"utc":"16:08:00","flight":"AA126"},{"day":1,"utc":"18:26:00","flight":"AA315"},{"day":1,"utc":"21:45:00","flight":"AA215"},{"day":1,"utc":"12:16:00","flight":"AA446"},{"day":1,"utc":"10:14:00","flight":"AA235"},{"day":2,"utc":"09:46:00","flight":"AA851"},{"day":2,"utc":"16:13:00","flight":"AA392"},{"day":3,"utc":"23:57:00","flight":"AA564"},{"day":3,"utc":"04:10:00","flight":"AA457"},{"day":3,"utc":"03:24:00","flight":"AA195"},{"day":4,"utc":"00:24:00","flight":"AA185"},{"day":4,"utc":"06:14:00","flight":"AA091"},{"day":5,"utc":"08:33:00","flight":"AA511"},{"day":5,"utc":"07:52:00","flight":"AA477"},{"day":5,"utc":"11:26:00","flight":"AA726"},{"day":5,"utc":"16:51:00","flight":"AA061"},{"day":6,"utc":"13:24:00","flight":"AA232"},{"day":6,"utc":"03:23:00","flight":"AA266"},{"day":6,"utc":"16:50:00","flight":"AA787"}],"distance":1503.75136363049}