{"id":6155,"type":"route","airline":"AA","airlineid":"airline_24","sourceairport":"MTY","destinationairport":"DFW","stops":0,"equipment":"M80 M83","schedule":[{"day":0,"utc":"11:17:00","flight":"AA918"},{"day":0,"utc":"07:59:00","flight":"AA638"},{"day":0,"utc":"02:20:00","flight":"AA950"},{"day":1,"utc":"23:42:00","flight":"AA922"},{"day":2,"utc":"12:33:00","flight":"AA326"},{"day":2,"utc":"11:08:00","flight":"AA283"},{"day":3,"utc":"04:52:00","flight":"AA774"},{"day":3,"utc":"11:09:00","flight":"AA581"},{"day":3,"utc":"13:34:00","flight":"AA876"},{"day":3,"utc":"03:40:00","flight":"AA185"},{"day":3,"utc":"21:25:00","flight":"AA611"},{"day":4,"utc":"07:35:00","flight":"AA930"},{"day":4,"utc":"20:50:00","flight":"AA704"},{"day":4,"utc":"22:40:00","flight":"AA075"},{"day":4,"utc":"00:14:00","flight":"AA422"},{"day":4,"utc":"10:57:00","flight":"AA527"},{"day":5,"utc":"15:35:00","flight":"AA772"},{"day":5,"utc":"10:02:00","flight":"AA225"},{"day":5,"utc":"18:30:00","flight":"AA236"},{"day":5,"utc":"12:34:00","flight":"AA819"},{"day":6,"utc":"19:09:00","flight":"AA890"},{"day":6,"utc":"20:41:00","flight":"AA814"},{"day":6,"utc":"09:24:00","flight":"AA481"},{"day":6,"utc":"08:18:00","flight":"AA847"}],"distance":845.4439659909215}