{"id":36539,"type":"route","airline":"KL","airlineid":"airline_3090","sourceairport":"CFE","destinationairport":"AMS","stops":0,"equipment":"ERJ","schedule":[{"day":0,"utc":"16:01:00","flight":"KL819"},{"day":0,"utc":"18:48:00","flight":"KL935"},{"day":0,"utc":"18:48:00","flight":"KL791"},{"day":0,"utc":"11:36:00","flight":"KL163"},{"day":1,"utc":"02:43:00","flight":"KL036"},{"day":1,"utc":"05:07:00","flight":"KL357"},{"day":1,"utc":"02:42:00","flight":"KL982"},{"day":1,"utc":"04:38:00","flight":"KL093"},{"day":2,"utc":"15:30:00","flight":"KL027"},{"day":2,"utc":"12:36:00","flight":"KL374"},{"day":2,"utc":"08:41:00","flight":"KL033"},{"day":2,"utc":"22:16:00","flight":"KL318"},{"day":2,"utc":"15:40:00","flight":"KL318"},{"day":3,"utc":"14:48:00","flight":"KL677"},{"day":3,"utc":"19:06:00","flight":"KL821"},{"day":3,"utc":"14:07:00","flight":"KL812"},{"day":3,"utc":"00:16:00","flight":"KL333"},{"day":3,"utc":"17:11:00","flight":"KL170"},{"day":4,"utc":"06:55:00","flight":"KL186"},{"day":5,"utc":"05:23:00","flight":"KL024"},{"day":5,"utc":"17:51:00","flight":"KL377"},{"day":5,"utc":"09:47:00","flight":"KL388"},{"day":5,"utc":"19:13:00","flight":"KL084"},{"day":5,"utc":"06:08:00","flight":"KL331"},{"day":6,"utc":"22:01:00","flight":"KL970"},{"day":6,"utc":"00:28:00","flight":"KL341"},{"day":6,"utc":"03:54:00","flight":"KL351"}],"distance":734.4122990915198}