{"id":12772,"type":"route","airline":"AY","airlineid":"airline_2350","sourceairport":"LGW","destinationairport":"MCO","stops":0,"equipment":"777","schedule":[{"day":0,"utc":"12:29:00","flight":"AY366"},{"day":1,"utc":"02:53:00","flight":"AY717"},{"day":1,"utc":"05:33:00","flight":"AY925"},{"day":1,"utc":"07:53:00","flight":"AY153"},{"day":1,"utc":"16:14:00","flight":"AY155"},{"day":1,"utc":"13:54:00","flight":"AY459"},{"day":2,"utc":"15:25:00","flight":"AY933"},{"day":2,"utc":"10:03:00","flight":"AY818"},{"day":2,"utc":"02:06:00","flight":"AY871"},{"day":2,"utc":"20:11:00","flight":"AY764"},{"day":3,"utc":"15:10:00","flight":"AY958"},{"day":3,"utc":"10:53:00","flight":"AY005"},{"day":3,"utc":"06:32:00","flight":"AY653"},{"day":4,"utc":"22:40:00","flight":"AY826"},{"day":4,"utc":"06:34:00","flight":"AY609"},{"day":4,"utc":"22:17:00","flight":"AY758"},{"day":4,"utc":"10:38:00","flight":"AY677"},{"day":4,"utc":"04:52:00","flight":"AY904"},{"day":5,"utc":"10:33:00","flight":"AY875"},{"day":5,"utc":"07:23:00","flight":"AY571"},{"day":6,"utc":"07:39:00","flight":"AY786"},{"day":6,"utc":"05:11:00","flight":"AY486"},{"day":6,"utc":"02:13:00","flight":"AY269"},{"day":6,"utc":"22:39:00","flight":"AY804"},{"day":6,"utc":"08:23:00","flight":"AY123"}],"distance":6991.458706698709}