{"id":27692,"type":"route","airline":"FR","airlineid":"airline_4296","sourceairport":"PUY","destinationairport":"STN","stops":0,"equipment":"738","schedule":[{"day":0,"utc":"05:41:00","flight":"FR285"},{"day":0,"utc":"02:02:00","flight":"FR031"},{"day":0,"utc":"00:47:00","flight":"FR443"},{"day":0,"utc":"09:03:00","flight":"FR751"},{"day":1,"utc":"06:29:00","flight":"FR903"},{"day":1,"utc":"09:08:00","flight":"FR434"},{"day":2,"utc":"10:00:00","flight":"FR947"},{"day":2,"utc":"11:40:00","flight":"FR955"},{"day":3,"utc":"06:27:00","flight":"FR330"},{"day":3,"utc":"11:57:00","flight":"FR944"},{"day":3,"utc":"13:11:00","flight":"FR720"},{"day":4,"utc":"09:26:00","flight":"FR723"},{"day":4,"utc":"16:02:00","flight":"FR457"},{"day":5,"utc":"21:49:00","flight":"FR424"},{"day":5,"utc":"09:17:00","flight":"FR417"},{"day":6,"utc":"20:24:00","flight":"FR577"}],"distance":1271.6241167109981}