{"id":59340,"type":"route","airline":"US","airlineid":"airline_5265","sourceairport":"HNL","destinationairport":"KOA","stops":0,"equipment":"717","schedule":[{"day":0,"utc":"16:12:00","flight":"US822"},{"day":0,"utc":"19:08:00","flight":"US369"},{"day":1,"utc":"22:27:00","flight":"US145"},{"day":1,"utc":"10:50:00","flight":"US866"},{"day":2,"utc":"10:34:00","flight":"US333"},{"day":2,"utc":"03:02:00","flight":"US308"},{"day":2,"utc":"00:36:00","flight":"US717"},{"day":2,"utc":"21:27:00","flight":"US014"},{"day":3,"utc":"14:50:00","flight":"US589"},{"day":3,"utc":"11:42:00","flight":"US007"},{"day":3,"utc":"13:46:00","flight":"US393"},{"day":3,"utc":"21:35:00","flight":"US701"},{"day":4,"utc":"10:53:00","flight":"US862"},{"day":4,"utc":"23:33:00","flight":"US116"},{"day":5,"utc":"12:50:00","flight":"US035"},{"day":5,"utc":"02:33:00","flight":"US660"},{"day":6,"utc":"14:44:00","flight":"US286"},{"day":6,"utc":"15:28:00","flight":"US237"}],"distance":262.7831037793321}