{"id":7928,"type":"route","airline":"AC","airlineid":"airline_330","sourceairport":"IAD","destinationairport":"YOW","stops":0,"equipment":"ERJ","schedule":[{"day":0,"utc":"07:06:00","flight":"AC399"},{"day":1,"utc":"12:29:00","flight":"AC604"},{"day":1,"utc":"03:28:00","flight":"AC142"},{"day":1,"utc":"11:54:00","flight":"AC441"},{"day":1,"utc":"04:00:00","flight":"AC322"},{"day":1,"utc":"16:29:00","flight":"AC460"},{"day":2,"utc":"07:31:00","flight":"AC257"},{"day":2,"utc":"12:02:00","flight":"AC307"},{"day":2,"utc":"01:55:00","flight":"AC494"},{"day":2,"utc":"05:16:00","flight":"AC794"},{"day":3,"utc":"20:16:00","flight":"AC325"},{"day":3,"utc":"13:30:00","flight":"AC690"},{"day":3,"utc":"16:31:00","flight":"AC821"},{"day":3,"utc":"22:36:00","flight":"AC772"},{"day":3,"utc":"10:48:00","flight":"AC229"},{"day":4,"utc":"11:16:00","flight":"AC890"},{"day":4,"utc":"12:11:00","flight":"AC526"},{"day":4,"utc":"15:53:00","flight":"AC949"},{"day":4,"utc":"04:08:00","flight":"AC945"},{"day":4,"utc":"23:00:00","flight":"AC997"},{"day":5,"utc":"15:20:00","flight":"AC277"},{"day":5,"utc":"12:07:00","flight":"AC853"},{"day":6,"utc":"19:58:00","flight":"AC474"},{"day":6,"utc":"19:16:00","flight":"AC560"},{"day":6,"utc":"15:36:00","flight":"AC919"},{"day":6,"utc":"06:55:00","flight":"AC514"},{"day":6,"utc":"00:51:00","flight":"AC937"}],"distance":724.2846281887029}