{"id":8379,"type":"route","airline":"AC","airlineid":"airline_330","sourceairport":"YYT","destinationairport":"LHR","stops":0,"equipment":"319","schedule":[{"day":0,"utc":"16:50:00","flight":"AC728"},{"day":0,"utc":"11:33:00","flight":"AC012"},{"day":0,"utc":"21:32:00","flight":"AC808"},{"day":0,"utc":"16:34:00","flight":"AC255"},{"day":0,"utc":"19:47:00","flight":"AC827"},{"day":1,"utc":"02:36:00","flight":"AC442"},{"day":2,"utc":"00:07:00","flight":"AC114"},{"day":2,"utc":"07:33:00","flight":"AC846"},{"day":2,"utc":"15:35:00","flight":"AC017"},{"day":2,"utc":"19:23:00","flight":"AC858"},{"day":3,"utc":"12:44:00","flight":"AC077"},{"day":3,"utc":"10:07:00","flight":"AC840"},{"day":3,"utc":"11:04:00","flight":"AC922"},{"day":4,"utc":"06:50:00","flight":"AC619"},{"day":4,"utc":"03:45:00","flight":"AC862"},{"day":4,"utc":"19:37:00","flight":"AC180"},{"day":4,"utc":"11:01:00","flight":"AC419"},{"day":4,"utc":"11:04:00","flight":"AC633"},{"day":5,"utc":"09:07:00","flight":"AC689"},{"day":5,"utc":"14:34:00","flight":"AC469"},{"day":5,"utc":"23:40:00","flight":"AC069"},{"day":5,"utc":"04:50:00","flight":"AC637"},{"day":6,"utc":"09:02:00","flight":"AC148"},{"day":6,"utc":"04:08:00","flight":"AC459"},{"day":6,"utc":"11:27:00","flight":"AC409"}]}