{"id":13892,"type":"route","airline":"B5","airlineid":"airline_2395","sourceairport":"WJR","destinationairport":"MGQ","stops":0,"equipment":"CRJ","schedule":[{"day":0,"utc":"19:41:00","flight":"B5142"},{"day":0,"utc":"09:32:00","flight":"B5696"},{"day":0,"utc":"15:18:00","flight":"B5193"},{"day":0,"utc":"14:40:00","flight":"B5766"},{"day":1,"utc":"16:59:00","flight":"B5339"},{"day":1,"utc":"23:01:00","flight":"B5797"},{"day":1,"utc":"12:06:00","flight":"B5250"},{"day":2,"utc":"07:45:00","flight":"B5996"},{"day":2,"utc":"02:26:00","flight":"B5658"},{"day":3,"utc":"15:15:00","flight":"B5551"},{"day":4,"utc":"01:40:00","flight":"B5315"},{"day":4,"utc":"22:58:00","flight":"B5303"},{"day":4,"utc":"06:51:00","flight":"B5991"},{"day":5,"utc":"07:46:00","flight":"B5860"},{"day":6,"utc":"05:50:00","flight":"B5206"},{"day":6,"utc":"09:04:00","flight":"B5512"}]}