{"id":36803,"type":"route","airline":"KL","airlineid":"airline_3090","sourceairport":"MSP","destinationairport":"ATL","stops":0,"equipment":"320 757 739","schedule":[{"day":0,"utc":"07:13:00","flight":"KL583"},{"day":0,"utc":"21:38:00","flight":"KL043"},{"day":0,"utc":"07:48:00","flight":"KL311"},{"day":0,"utc":"06:26:00","flight":"KL612"},{"day":0,"utc":"19:25:00","flight":"KL950"},{"day":1,"utc":"01:37:00","flight":"KL653"},{"day":1,"utc":"16:15:00","flight":"KL840"},{"day":1,"utc":"07:15:00","flight":"KL001"},{"day":1,"utc":"07:13:00","flight":"KL883"},{"day":1,"utc":"07:56:00","flight":"KL120"},{"day":2,"utc":"08:47:00","flight":"KL288"},{"day":2,"utc":"14:54:00","flight":"KL561"},{"day":2,"utc":"09:08:00","flight":"KL782"},{"day":2,"utc":"04:18:00","flight":"KL034"},{"day":3,"utc":"05:40:00","flight":"KL121"},{"day":3,"utc":"15:11:00","flight":"KL878"},{"day":3,"utc":"18:30:00","flight":"KL566"},{"day":4,"utc":"07:46:00","flight":"KL616"},{"day":4,"utc":"07:12:00","flight":"KL206"},{"day":4,"utc":"19:02:00","flight":"KL759"},{"day":4,"utc":"13:02:00","flight":"KL091"},{"day":5,"utc":"06:25:00","flight":"KL800"},{"day":6,"utc":"22:31:00","flight":"KL776"}],"distance":1459.7121738368726}