{"id":24500,"type":"route","airline":"F9","airlineid":"airline_2468","sourceairport":"RSW","destinationairport":"ILG","stops":0,"equipment":"320","schedule":[{"day":0,"utc":"00:32:00","flight":"F9352"},{"day":0,"utc":"03:36:00","flight":"F9446"},{"day":0,"utc":"05:59:00","flight":"F9500"},{"day":0,"utc":"10:41:00","flight":"F9746"},{"day":0,"utc":"06:49:00","flight":"F9064"},{"day":1,"utc":"16:51:00","flight":"F9317"},{"day":1,"utc":"10:01:00","flight":"F9981"},{"day":1,"utc":"19:28:00","flight":"F9190"},{"day":1,"utc":"05:12:00","flight":"F9930"},{"day":2,"utc":"12:57:00","flight":"F9245"},{"day":2,"utc":"03:56:00","flight":"F9070"},{"day":2,"utc":"21:22:00","flight":"F9822"},{"day":2,"utc":"13:20:00","flight":"F9319"},{"day":3,"utc":"18:47:00","flight":"F9030"},{"day":3,"utc":"04:10:00","flight":"F9028"},{"day":3,"utc":"11:25:00","flight":"F9427"},{"day":4,"utc":"06:43:00","flight":"F9984"},{"day":4,"utc":"14:33:00","flight":"F9707"},{"day":4,"utc":"14:10:00","flight":"F9338"},{"day":4,"utc":"06:38:00","flight":"F9709"},{"day":4,"utc":"00:22:00","flight":"F9632"},{"day":5,"utc":"01:32:00","flight":"F9782"},{"day":5,"utc":"17:15:00","flight":"F9107"},{"day":5,"utc":"06:24:00","flight":"F9895"},{"day":6,"utc":"11:21:00","flight":"F9658"},{"day":6,"utc":"00:49:00","flight":"F9379"},{"day":6,"utc":"11:59:00","flight":"F9564"}],"distance":1568.519578041057}