{"id":46969,"type":"route","airline":"QF","airlineid":"airline_4089","sourceairport":"LAX","destinationairport":"SYD","stops":0,"equipment":"388 744","schedule":[{"day":0,"utc":"14:16:00","flight":"QF033"},{"day":0,"utc":"21:23:00","flight":"QF154"},{"day":0,"utc":"11:50:00","flight":"QF414"},{"day":0,"utc":"07:18:00","flight":"QF675"},{"day":0,"utc":"11:13:00","flight":"QF382"},{"day":1,"utc":"05:04:00","flight":"QF049"},{"day":2,"utc":"02:11:00","flight":"QF039"},{"day":2,"utc":"02:42:00","flight":"QF624"},{"day":2,"utc":"12:39:00","flight":"QF774"},{"day":3,"utc":"10:51:00","flight":"QF906"},{"day":3,"utc":"10:25:00","flight":"QF336"},{"day":3,"utc":"21:15:00","flight":"QF980"},{"day":3,"utc":"06:54:00","flight":"QF309"},{"day":3,"utc":"21:39:00","flight":"QF367"},{"day":4,"utc":"12:34:00","flight":"QF236"},{"day":4,"utc":"21:28:00","flight":"QF013"},{"day":4,"utc":"09:28:00","flight":"QF946"},{"day":4,"utc":"11:34:00","flight":"QF170"},{"day":5,"utc":"21:46:00","flight":"QF917"},{"day":6,"utc":"15:06:00","flight":"QF398"},{"day":6,"utc":"15:27:00","flight":"QF774"}]}