{"id":56837,"type":"route","airline":"UA","airlineid":"airline_5209","sourceairport":"IAH","destinationairport":"SJC","stops":0,"equipment":"319 320 739 738","schedule":[{"day":0,"utc":"04:51:00","flight":"UA709"},{"day":1,"utc":"07:33:00","flight":"UA125"},{"day":1,"utc":"09:06:00","flight":"UA990"},{"day":2,"utc":"17:12:00","flight":"UA827"},{"day":2,"utc":"21:17:00","flight":"UA891"},{"day":3,"utc":"16:11:00","flight":"UA027"},{"day":3,"utc":"23:25:00","flight":"UA206"},{"day":3,"utc":"23:57:00","flight":"UA192"},{"day":3,"utc":"19:06:00","flight":"UA480"},{"day":4,"utc":"14:51:00","flight":"UA016"},{"day":4,"utc":"02:33:00","flight":"UA313"},{"day":5,"utc":"07:14:00","flight":"UA639"},{"day":5,"utc":"08:10:00","flight":"UA513"},{"day":5,"utc":"04:33:00","flight":"UA648"},{"day":6,"utc":"22:10:00","flight":"UA304"}]}