{"id":27165,"type":"route","airline":"FR","airlineid":"airline_4296","sourceairport":"LPL","destinationairport":"BCN","stops":0,"equipment":"738","schedule":[{"day":0,"utc":"04:52:00","flight":"FR434"},{"day":1,"utc":"07:20:00","flight":"FR498"},{"day":1,"utc":"02:24:00","flight":"FR228"},{"day":1,"utc":"13:37:00","flight":"FR617"},{"day":2,"utc":"03:58:00","flight":"FR225"},{"day":2,"utc":"21:22:00","flight":"FR254"},{"day":2,"utc":"22:20:00","flight":"FR890"},{"day":2,"utc":"05:54:00","flight":"FR498"},{"day":3,"utc":"18:53:00","flight":"FR186"},{"day":4,"utc":"03:18:00","flight":"FR407"},{"day":4,"utc":"08:08:00","flight":"FR426"},{"day":4,"utc":"05:40:00","flight":"FR086"},{"day":4,"utc":"02:37:00","flight":"FR552"},{"day":5,"utc":"09:59:00","flight":"FR137"},{"day":5,"utc":"03:02:00","flight":"FR566"},{"day":5,"utc":"18:51:00","flight":"FR465"},{"day":6,"utc":"14:10:00","flight":"FR498"},{"day":6,"utc":"04:32:00","flight":"FR932"},{"day":6,"utc":"22:40:00","flight":"FR799"},{"day":6,"utc":"09:35:00","flight":"FR772"}]}