{"id":26864,"type":"route","airline":"FR","airlineid":"airline_4296","sourceairport":"GDN","destinationairport":"EDI","stops":0,"equipment":"738","schedule":[{"day":0,"utc":"11:50:00","flight":"FR736"},{"day":0,"utc":"18:23:00","flight":"FR922"},{"day":0,"utc":"07:08:00","flight":"FR196"},{"day":0,"utc":"14:53:00","flight":"FR657"},{"day":0,"utc":"10:45:00","flight":"FR792"},{"day":1,"utc":"14:13:00","flight":"FR768"},{"day":1,"utc":"00:25:00","flight":"FR913"},{"day":1,"utc":"00:39:00","flight":"FR886"},{"day":1,"utc":"18:44:00","flight":"FR483"},{"day":2,"utc":"21:33:00","flight":"FR548"},{"day":3,"utc":"05:37:00","flight":"FR298"},{"day":3,"utc":"04:11:00","flight":"FR531"},{"day":3,"utc":"10:54:00","flight":"FR574"},{"day":4,"utc":"11:54:00","flight":"FR874"},{"day":4,"utc":"02:54:00","flight":"FR553"},{"day":4,"utc":"12:31:00","flight":"FR277"},{"day":4,"utc":"12:58:00","flight":"FR349"},{"day":5,"utc":"03:30:00","flight":"FR816"},{"day":6,"utc":"06:59:00","flight":"FR840"}],"distance":1392.1886463064823}