{"id":4515,"type":"route","airline":"A5","airlineid":"airline_1203","sourceairport":"CFR","destinationairport":"ORY","stops":0,"equipment":"BEH","schedule":[{"day":0,"utc":"11:15:00","flight":"A5502"},{"day":0,"utc":"10:44:00","flight":"A5435"},{"day":0,"utc":"19:39:00","flight":"A5398"},{"day":1,"utc":"05:48:00","flight":"A5689"},{"day":1,"utc":"08:35:00","flight":"A5054"},{"day":1,"utc":"11:48:00","flight":"A5014"},{"day":2,"utc":"14:35:00","flight":"A5179"},{"day":2,"utc":"22:35:00","flight":"A5550"},{"day":2,"utc":"02:23:00","flight":"A5614"},{"day":2,"utc":"11:07:00","flight":"A5289"},{"day":2,"utc":"07:05:00","flight":"A5236"},{"day":3,"utc":"14:47:00","flight":"A5531"},{"day":3,"utc":"10:27:00","flight":"A5459"},{"day":3,"utc":"11:22:00","flight":"A5039"},{"day":3,"utc":"16:43:00","flight":"A5065"},{"day":3,"utc":"07:09:00","flight":"A5749"},{"day":4,"utc":"15:14:00","flight":"A5361"},{"day":4,"utc":"04:50:00","flight":"A5387"},{"day":4,"utc":"05:25:00","flight":"A5718"},{"day":4,"utc":"04:08:00","flight":"A5752"},{"day":4,"utc":"17:02:00","flight":"A5373"},{"day":5,"utc":"08:33:00","flight":"A5668"},{"day":6,"utc":"14:09:00","flight":"A5270"},{"day":6,"utc":"20:15:00","flight":"A5535"}],"distance":211.10756501795382}