{"id":32763,"type":"route","airline":"IB","airlineid":"airline_2822","sourceairport":"MAN","destinationairport":"ORD","stops":0,"equipment":"763","schedule":[{"day":0,"utc":"06:25:00","flight":"IB440"},{"day":0,"utc":"02:41:00","flight":"IB515"},{"day":0,"utc":"14:03:00","flight":"IB667"},{"day":0,"utc":"09:05:00","flight":"IB000"},{"day":0,"utc":"17:30:00","flight":"IB196"},{"day":1,"utc":"11:37:00","flight":"IB080"},{"day":1,"utc":"05:20:00","flight":"IB400"},{"day":1,"utc":"05:54:00","flight":"IB072"},{"day":1,"utc":"09:05:00","flight":"IB960"},{"day":1,"utc":"22:23:00","flight":"IB226"},{"day":2,"utc":"04:21:00","flight":"IB730"},{"day":2,"utc":"02:44:00","flight":"IB576"},{"day":3,"utc":"03:42:00","flight":"IB432"},{"day":3,"utc":"00:07:00","flight":"IB890"},{"day":3,"utc":"14:48:00","flight":"IB225"},{"day":3,"utc":"06:10:00","flight":"IB824"},{"day":4,"utc":"18:01:00","flight":"IB139"},{"day":4,"utc":"22:00:00","flight":"IB096"},{"day":5,"utc":"19:37:00","flight":"IB321"},{"day":6,"utc":"21:59:00","flight":"IB958"},{"day":6,"utc":"09:33:00","flight":"IB642"},{"day":6,"utc":"11:14:00","flight":"IB162"},{"day":6,"utc":"07:14:00","flight":"IB464"},{"day":6,"utc":"12:39:00","flight":"IB591"}],"distance":6139.9648921034795}