{"id":24767,"type":"route","airline":"FI","airlineid":"airline_2835","sourceairport":"LGW","destinationairport":"KEF","stops":0,"equipment":"75W","schedule":[{"day":0,"utc":"02:19:00","flight":"FI098"},{"day":1,"utc":"09:42:00","flight":"FI665"},{"day":1,"utc":"16:08:00","flight":"FI584"},{"day":1,"utc":"05:07:00","flight":"FI574"},{"day":1,"utc":"12:59:00","flight":"FI563"},{"day":1,"utc":"20:14:00","flight":"FI925"},{"day":2,"utc":"06:46:00","flight":"FI715"},{"day":3,"utc":"19:57:00","flight":"FI408"},{"day":3,"utc":"13:24:00","flight":"FI335"},{"day":3,"utc":"20:44:00","flight":"FI205"},{"day":4,"utc":"08:47:00","flight":"FI906"},{"day":4,"utc":"19:20:00","flight":"FI672"},{"day":4,"utc":"06:07:00","flight":"FI177"},{"day":4,"utc":"23:43:00","flight":"FI524"},{"day":4,"utc":"08:40:00","flight":"FI796"},{"day":5,"utc":"11:39:00","flight":"FI212"},{"day":5,"utc":"11:41:00","flight":"FI187"},{"day":6,"utc":"03:35:00","flight":"FI731"},{"day":6,"utc":"03:01:00","flight":"FI002"},{"day":6,"utc":"14:04:00","flight":"FI394"},{"day":6,"utc":"06:26:00","flight":"FI765"},{"day":6,"utc":"13:53:00","flight":"FI351"}]}