{"id":7928,"type":"route","airline":"AC","airlineid":"airline_330","sourceairport":"IAD","destinationairport":"YOW","stops":0,"equipment":"ERJ","schedule":[{"day":0,"utc":"05:39:00","flight":"AC902"},{"day":0,"utc":"11:00:00","flight":"AC364"},{"day":0,"utc":"19:30:00","flight":"AC039"},{"day":0,"utc":"08:34:00","flight":"AC321"},{"day":0,"utc":"16:14:00","flight":"AC854"},{"day":1,"utc":"15:13:00","flight":"AC061"},{"day":2,"utc":"03:48:00","flight":"AC924"},{"day":2,"utc":"08:11:00","flight":"AC114"},{"day":2,"utc":"04:12:00","flight":"AC940"},{"day":3,"utc":"19:34:00","flight":"AC671"},{"day":3,"utc":"07:46:00","flight":"AC481"},{"day":3,"utc":"05:19:00","flight":"AC101"},{"day":3,"utc":"07:03:00","flight":"AC852"},{"day":4,"utc":"18:53:00","flight":"AC371"},{"day":4,"utc":"04:46:00","flight":"AC499"},{"day":4,"utc":"07:35:00","flight":"AC524"},{"day":5,"utc":"09:56:00","flight":"AC924"},{"day":5,"utc":"09:08:00","flight":"AC958"},{"day":5,"utc":"16:16:00","flight":"AC481"},{"day":5,"utc":"02:27:00","flight":"AC888"},{"day":6,"utc":"00:17:00","flight":"AC379"},{"day":6,"utc":"03:14:00","flight":"AC445"},{"day":6,"utc":"01:43:00","flight":"AC803"},{"day":6,"utc":"19:41:00","flight":"AC705"}]}