{"id":55243,"type":"route","airline":"U2","airlineid":"airline_2297","sourceairport":"NCE","destinationairport":"LGW","stops":0,"equipment":"320 319","schedule":[{"day":0,"utc":"16:58:00","flight":"U2386"},{"day":1,"utc":"17:59:00","flight":"U2130"},{"day":1,"utc":"14:24:00","flight":"U2624"},{"day":2,"utc":"02:33:00","flight":"U2428"},{"day":2,"utc":"01:40:00","flight":"U2479"},{"day":3,"utc":"02:00:00","flight":"U2876"},{"day":3,"utc":"15:22:00","flight":"U2888"},{"day":3,"utc":"08:12:00","flight":"U2542"},{"day":3,"utc":"04:45:00","flight":"U2594"},{"day":4,"utc":"11:39:00","flight":"U2739"},{"day":4,"utc":"01:26:00","flight":"U2529"},{"day":4,"utc":"21:20:00","flight":"U2908"},{"day":4,"utc":"13:27:00","flight":"U2926"},{"day":4,"utc":"19:27:00","flight":"U2910"},{"day":5,"utc":"23:29:00","flight":"U2730"},{"day":5,"utc":"23:19:00","flight":"U2667"},{"day":5,"utc":"00:40:00","flight":"U2238"},{"day":5,"utc":"23:16:00","flight":"U2619"},{"day":5,"utc":"06:58:00","flight":"U2731"},{"day":6,"utc":"17:27:00","flight":"U2125"},{"day":6,"utc":"12:04:00","flight":"U2806"},{"day":6,"utc":"01:44:00","flight":"U2857"}]}