{"id":6745,"type":"route","airline":"AA","airlineid":"airline_24","sourceairport":"SEA","destinationairport":"DEN","stops":0,"equipment":"737","schedule":[{"day":0,"utc":"15:38:00","flight":"AA317"},{"day":0,"utc":"05:11:00","flight":"AA152"},{"day":0,"utc":"17:13:00","flight":"AA631"},{"day":0,"utc":"23:10:00","flight":"AA860"},{"day":0,"utc":"14:35:00","flight":"AA800"},{"day":1,"utc":"03:11:00","flight":"AA741"},{"day":1,"utc":"21:51:00","flight":"AA864"},{"day":2,"utc":"03:54:00","flight":"AA925"},{"day":2,"utc":"21:51:00","flight":"AA801"},{"day":2,"utc":"09:26:00","flight":"AA569"},{"day":2,"utc":"05:18:00","flight":"AA897"},{"day":3,"utc":"13:18:00","flight":"AA512"},{"day":3,"utc":"22:34:00","flight":"AA887"},{"day":3,"utc":"22:33:00","flight":"AA224"},{"day":3,"utc":"16:34:00","flight":"AA943"},{"day":4,"utc":"04:26:00","flight":"AA363"},{"day":5,"utc":"00:34:00","flight":"AA736"},{"day":5,"utc":"13:33:00","flight":"AA992"},{"day":5,"utc":"05:46:00","flight":"AA625"},{"day":6,"utc":"16:51:00","flight":"AA859"},{"day":6,"utc":"18:04:00","flight":"AA494"},{"day":6,"utc":"19:31:00","flight":"AA497"},{"day":6,"utc":"16:38:00","flight":"AA781"},{"day":6,"utc":"12:45:00","flight":"AA232"}]}