{"id":6077,"type":"route","airline":"AA","airlineid":"airline_24","sourceairport":"MIA","destinationairport":"MXP","stops":0,"equipment":"763","schedule":[{"day":0,"utc":"01:42:00","flight":"AA314"},{"day":1,"utc":"07:01:00","flight":"AA386"},{"day":1,"utc":"19:17:00","flight":"AA105"},{"day":1,"utc":"22:21:00","flight":"AA749"},{"day":1,"utc":"06:18:00","flight":"AA927"},{"day":1,"utc":"16:26:00","flight":"AA854"},{"day":2,"utc":"13:50:00","flight":"AA771"},{"day":3,"utc":"03:17:00","flight":"AA297"},{"day":4,"utc":"08:04:00","flight":"AA838"},{"day":4,"utc":"17:22:00","flight":"AA235"},{"day":4,"utc":"15:06:00","flight":"AA503"},{"day":5,"utc":"18:48:00","flight":"AA626"},{"day":5,"utc":"00:56:00","flight":"AA865"},{"day":5,"utc":"05:07:00","flight":"AA036"},{"day":6,"utc":"11:36:00","flight":"AA303"},{"day":6,"utc":"19:29:00","flight":"AA412"},{"day":6,"utc":"02:54:00","flight":"AA257"},{"day":6,"utc":"18:40:00","flight":"AA587"},{"day":6,"utc":"03:13:00","flight":"AA877"}]}