{"id":63761,"type":"route","airline":"WN","airlineid":"airline_4547","sourceairport":"DTW","destinationairport":"LAS","stops":0,"equipment":"73H 73W","schedule":[{"day":0,"utc":"04:50:00","flight":"WN004"},{"day":0,"utc":"20:29:00","flight":"WN083"},{"day":0,"utc":"23:25:00","flight":"WN537"},{"day":0,"utc":"13:48:00","flight":"WN219"},{"day":1,"utc":"01:39:00","flight":"WN249"},{"day":1,"utc":"19:23:00","flight":"WN612"},{"day":1,"utc":"11:35:00","flight":"WN019"},{"day":2,"utc":"07:51:00","flight":"WN979"},{"day":2,"utc":"01:26:00","flight":"WN565"},{"day":3,"utc":"10:24:00","flight":"WN728"},{"day":3,"utc":"05:11:00","flight":"WN852"},{"day":3,"utc":"20:04:00","flight":"WN323"},{"day":3,"utc":"21:42:00","flight":"WN883"},{"day":4,"utc":"14:42:00","flight":"WN032"},{"day":4,"utc":"04:53:00","flight":"WN978"},{"day":5,"utc":"02:09:00","flight":"WN650"},{"day":5,"utc":"02:43:00","flight":"WN215"},{"day":6,"utc":"23:06:00","flight":"WN647"}]}