{"id":58586,"type":"route","airline":"US","airlineid":"airline_5265","sourceairport":"ALB","destinationairport":"PHL","stops":0,"equipment":"CRJ E75 DH8 E70","schedule":[{"day":0,"utc":"03:41:00","flight":"US196"},{"day":0,"utc":"21:38:00","flight":"US127"},{"day":0,"utc":"20:46:00","flight":"US028"},{"day":0,"utc":"09:31:00","flight":"US581"},{"day":1,"utc":"03:11:00","flight":"US441"},{"day":1,"utc":"04:43:00","flight":"US627"},{"day":2,"utc":"12:49:00","flight":"US718"},{"day":2,"utc":"10:05:00","flight":"US866"},{"day":3,"utc":"09:30:00","flight":"US883"},{"day":4,"utc":"04:14:00","flight":"US828"},{"day":4,"utc":"09:08:00","flight":"US249"},{"day":5,"utc":"05:23:00","flight":"US413"},{"day":5,"utc":"08:46:00","flight":"US447"},{"day":5,"utc":"00:56:00","flight":"US631"},{"day":6,"utc":"02:52:00","flight":"US479"}],"distance":341.66831683807015}