{"id":21877,"type":"route","airline":"DL","airlineid":"airline_2009","sourceairport":"SNA","destinationairport":"YVR","stops":0,"equipment":"73W","schedule":[{"day":0,"utc":"16:31:00","flight":"DL451"},{"day":0,"utc":"16:11:00","flight":"DL599"},{"day":0,"utc":"16:48:00","flight":"DL302"},{"day":1,"utc":"06:48:00","flight":"DL891"},{"day":1,"utc":"21:28:00","flight":"DL244"},{"day":1,"utc":"13:49:00","flight":"DL331"},{"day":1,"utc":"08:50:00","flight":"DL944"},{"day":2,"utc":"05:31:00","flight":"DL724"},{"day":3,"utc":"22:03:00","flight":"DL136"},{"day":3,"utc":"17:04:00","flight":"DL593"},{"day":4,"utc":"16:15:00","flight":"DL301"},{"day":4,"utc":"13:03:00","flight":"DL978"},{"day":5,"utc":"17:19:00","flight":"DL230"},{"day":5,"utc":"12:41:00","flight":"DL291"},{"day":5,"utc":"19:25:00","flight":"DL779"},{"day":5,"utc":"21:07:00","flight":"DL498"},{"day":5,"utc":"06:29:00","flight":"DL616"},{"day":6,"utc":"21:15:00","flight":"DL808"},{"day":6,"utc":"16:02:00","flight":"DL509"}]}