{"id":58986,"type":"route","airline":"US","airlineid":"airline_5265","sourceairport":"DCA","destinationairport":"PIT","stops":0,"equipment":"CRJ E75","schedule":[{"day":0,"utc":"18:27:00","flight":"US244"},{"day":1,"utc":"22:14:00","flight":"US442"},{"day":1,"utc":"07:17:00","flight":"US225"},{"day":1,"utc":"16:34:00","flight":"US903"},{"day":1,"utc":"00:17:00","flight":"US841"},{"day":2,"utc":"05:35:00","flight":"US579"},{"day":2,"utc":"02:06:00","flight":"US209"},{"day":2,"utc":"00:44:00","flight":"US288"},{"day":2,"utc":"17:14:00","flight":"US758"},{"day":2,"utc":"23:02:00","flight":"US174"},{"day":3,"utc":"12:14:00","flight":"US718"},{"day":3,"utc":"23:48:00","flight":"US385"},{"day":3,"utc":"12:25:00","flight":"US975"},{"day":3,"utc":"21:51:00","flight":"US330"},{"day":4,"utc":"12:57:00","flight":"US073"},{"day":4,"utc":"04:35:00","flight":"US647"},{"day":5,"utc":"05:09:00","flight":"US508"},{"day":5,"utc":"09:15:00","flight":"US600"},{"day":5,"utc":"02:13:00","flight":"US791"},{"day":6,"utc":"06:20:00","flight":"US934"},{"day":6,"utc":"23:43:00","flight":"US458"},{"day":6,"utc":"07:20:00","flight":"US581"}]}