{"id":32311,"type":"route","airline":"IB","airlineid":"airline_2822","sourceairport":"BCN","destinationairport":"LIL","stops":0,"equipment":"320","schedule":[{"day":0,"utc":"11:51:00","flight":"IB532"},{"day":0,"utc":"22:31:00","flight":"IB182"},{"day":0,"utc":"03:44:00","flight":"IB700"},{"day":1,"utc":"10:53:00","flight":"IB322"},{"day":1,"utc":"09:46:00","flight":"IB856"},{"day":1,"utc":"14:01:00","flight":"IB312"},{"day":1,"utc":"13:13:00","flight":"IB713"},{"day":1,"utc":"09:49:00","flight":"IB761"},{"day":2,"utc":"15:48:00","flight":"IB318"},{"day":2,"utc":"18:58:00","flight":"IB724"},{"day":2,"utc":"20:38:00","flight":"IB705"},{"day":3,"utc":"18:31:00","flight":"IB112"},{"day":3,"utc":"18:32:00","flight":"IB725"},{"day":3,"utc":"22:30:00","flight":"IB197"},{"day":3,"utc":"07:18:00","flight":"IB334"},{"day":3,"utc":"23:10:00","flight":"IB713"},{"day":4,"utc":"19:37:00","flight":"IB908"},{"day":4,"utc":"12:09:00","flight":"IB926"},{"day":5,"utc":"01:30:00","flight":"IB706"},{"day":6,"utc":"09:19:00","flight":"IB168"}],"distance":1033.1416532309377}