{"id":40687,"type":"route","airline":"MH","airlineid":"airline_3378","sourceairport":"LAX","destinationairport":"NRT","stops":0,"equipment":"773","schedule":[{"day":0,"utc":"22:29:00","flight":"MH343"},{"day":0,"utc":"00:27:00","flight":"MH331"},{"day":1,"utc":"08:43:00","flight":"MH173"},{"day":1,"utc":"13:13:00","flight":"MH402"},{"day":1,"utc":"12:08:00","flight":"MH324"},{"day":1,"utc":"05:27:00","flight":"MH106"},{"day":2,"utc":"06:42:00","flight":"MH459"},{"day":2,"utc":"15:51:00","flight":"MH091"},{"day":3,"utc":"07:11:00","flight":"MH220"},{"day":3,"utc":"12:17:00","flight":"MH203"},{"day":4,"utc":"07:43:00","flight":"MH690"},{"day":5,"utc":"19:36:00","flight":"MH706"},{"day":5,"utc":"07:57:00","flight":"MH261"},{"day":5,"utc":"08:01:00","flight":"MH663"},{"day":5,"utc":"08:25:00","flight":"MH766"},{"day":5,"utc":"10:02:00","flight":"MH283"},{"day":6,"utc":"15:04:00","flight":"MH674"}]}