{"id":2564,"type":"route","airline":"7H","airlineid":"airline_16726","sourceairport":"ANC","destinationairport":"VDZ","stops":0,"equipment":"DH8 BE1","schedule":[{"day":0,"utc":"10:02:00","flight":"7H503"},{"day":0,"utc":"20:50:00","flight":"7H001"},{"day":0,"utc":"23:16:00","flight":"7H609"},{"day":1,"utc":"22:19:00","flight":"7H297"},{"day":1,"utc":"19:17:00","flight":"7H512"},{"day":1,"utc":"11:00:00","flight":"7H876"},{"day":1,"utc":"09:14:00","flight":"7H892"},{"day":2,"utc":"04:26:00","flight":"7H436"},{"day":2,"utc":"15:20:00","flight":"7H884"},{"day":2,"utc":"14:06:00","flight":"7H204"},{"day":2,"utc":"02:25:00","flight":"7H328"},{"day":2,"utc":"13:15:00","flight":"7H997"},{"day":3,"utc":"04:44:00","flight":"7H806"},{"day":3,"utc":"05:06:00","flight":"7H386"},{"day":4,"utc":"12:51:00","flight":"7H843"},{"day":4,"utc":"09:56:00","flight":"7H489"},{"day":4,"utc":"20:19:00","flight":"7H055"},{"day":4,"utc":"17:52:00","flight":"7H821"},{"day":5,"utc":"07:56:00","flight":"7H160"},{"day":5,"utc":"19:25:00","flight":"7H419"},{"day":5,"utc":"11:21:00","flight":"7H590"},{"day":5,"utc":"18:40:00","flight":"7H613"},{"day":5,"utc":"00:55:00","flight":"7H296"},{"day":6,"utc":"07:40:00","flight":"7H042"}]}