{"id":60128,"type":"route","airline":"US","airlineid":"airline_5265","sourceairport":"PHL","destinationairport":"VCE","stops":0,"equipment":"332","schedule":[{"day":0,"utc":"13:29:00","flight":"US825"},{"day":1,"utc":"07:04:00","flight":"US660"},{"day":1,"utc":"22:13:00","flight":"US068"},{"day":1,"utc":"14:18:00","flight":"US356"},{"day":1,"utc":"12:58:00","flight":"US110"},{"day":1,"utc":"02:32:00","flight":"US878"},{"day":2,"utc":"04:24:00","flight":"US495"},{"day":2,"utc":"18:57:00","flight":"US187"},{"day":2,"utc":"06:28:00","flight":"US305"},{"day":2,"utc":"21:40:00","flight":"US621"},{"day":2,"utc":"23:33:00","flight":"US215"},{"day":3,"utc":"07:41:00","flight":"US931"},{"day":3,"utc":"04:48:00","flight":"US548"},{"day":4,"utc":"03:53:00","flight":"US963"},{"day":5,"utc":"22:07:00","flight":"US243"},{"day":5,"utc":"22:12:00","flight":"US420"},{"day":5,"utc":"18:00:00","flight":"US166"},{"day":5,"utc":"15:02:00","flight":"US387"},{"day":6,"utc":"22:00:00","flight":"US889"},{"day":6,"utc":"12:50:00","flight":"US118"}],"distance":6818.767571971522}