{"id":45885,"type":"route","airline":"PK","airlineid":"airline_3871","sourceairport":"LHR","destinationairport":"KHI","stops":0,"equipment":"777","schedule":[{"day":0,"utc":"07:25:00","flight":"PK015"},{"day":0,"utc":"19:23:00","flight":"PK501"},{"day":0,"utc":"08:01:00","flight":"PK739"},{"day":1,"utc":"04:27:00","flight":"PK443"},{"day":1,"utc":"08:57:00","flight":"PK624"},{"day":1,"utc":"03:30:00","flight":"PK178"},{"day":2,"utc":"13:49:00","flight":"PK536"},{"day":2,"utc":"20:27:00","flight":"PK283"},{"day":2,"utc":"23:30:00","flight":"PK325"},{"day":3,"utc":"23:29:00","flight":"PK546"},{"day":3,"utc":"23:05:00","flight":"PK252"},{"day":4,"utc":"14:54:00","flight":"PK315"},{"day":5,"utc":"04:23:00","flight":"PK028"},{"day":5,"utc":"12:29:00","flight":"PK166"},{"day":5,"utc":"16:58:00","flight":"PK224"},{"day":5,"utc":"07:34:00","flight":"PK979"},{"day":6,"utc":"21:50:00","flight":"PK248"},{"day":6,"utc":"04:25:00","flight":"PK865"},{"day":6,"utc":"07:52:00","flight":"PK458"},{"day":6,"utc":"11:33:00","flight":"PK475"}],"distance":6338.806681870277}