{"id":6745,"type":"route","airline":"AA","airlineid":"airline_24","sourceairport":"SEA","destinationairport":"DEN","stops":0,"equipment":"737","schedule":[{"day":0,"utc":"07:38:00","flight":"AA995"},{"day":0,"utc":"16:42:00","flight":"AA815"},{"day":0,"utc":"21:19:00","flight":"AA411"},{"day":0,"utc":"13:23:00","flight":"AA082"},{"day":1,"utc":"09:12:00","flight":"AA719"},{"day":2,"utc":"14:58:00","flight":"AA791"},{"day":3,"utc":"09:28:00","flight":"AA550"},{"day":3,"utc":"05:10:00","flight":"AA855"},{"day":4,"utc":"20:45:00","flight":"AA229"},{"day":4,"utc":"13:49:00","flight":"AA414"},{"day":4,"utc":"20:13:00","flight":"AA728"},{"day":4,"utc":"01:17:00","flight":"AA486"},{"day":4,"utc":"20:41:00","flight":"AA885"},{"day":5,"utc":"11:31:00","flight":"AA431"},{"day":5,"utc":"17:35:00","flight":"AA817"},{"day":5,"utc":"07:34:00","flight":"AA169"},{"day":6,"utc":"15:57:00","flight":"AA214"},{"day":6,"utc":"11:43:00","flight":"AA115"}],"distance":1645.0772471400903}