{"id":59817,"type":"route","airline":"US","airlineid":"airline_5265","sourceairport":"MSY","destinationairport":"DFW","stops":0,"equipment":"M80 M83","schedule":[{"day":0,"utc":"04:20:00","flight":"US334"},{"day":0,"utc":"12:50:00","flight":"US110"},{"day":0,"utc":"15:39:00","flight":"US381"},{"day":0,"utc":"20:16:00","flight":"US988"},{"day":0,"utc":"09:19:00","flight":"US187"},{"day":1,"utc":"18:23:00","flight":"US294"},{"day":1,"utc":"09:18:00","flight":"US471"},{"day":2,"utc":"08:24:00","flight":"US914"},{"day":2,"utc":"04:54:00","flight":"US884"},{"day":2,"utc":"10:48:00","flight":"US619"},{"day":3,"utc":"03:45:00","flight":"US666"},{"day":3,"utc":"13:10:00","flight":"US255"},{"day":3,"utc":"19:23:00","flight":"US562"},{"day":4,"utc":"12:14:00","flight":"US734"},{"day":5,"utc":"12:29:00","flight":"US223"},{"day":5,"utc":"20:14:00","flight":"US783"},{"day":5,"utc":"01:43:00","flight":"US707"},{"day":5,"utc":"11:37:00","flight":"US882"},{"day":5,"utc":"07:36:00","flight":"US615"},{"day":6,"utc":"03:24:00","flight":"US745"},{"day":6,"utc":"23:33:00","flight":"US830"},{"day":6,"utc":"14:51:00","flight":"US127"}],"distance":719.4393375629916}