{"id":53207,"type":"route","airline":"TO","airlineid":"airline_8745","sourceairport":"LGW","destinationairport":"PFO","stops":0,"equipment":"75W 73H","schedule":[{"day":0,"utc":"21:10:00","flight":"TO647"},{"day":0,"utc":"00:55:00","flight":"TO076"},{"day":0,"utc":"06:07:00","flight":"TO810"},{"day":0,"utc":"05:15:00","flight":"TO798"},{"day":0,"utc":"12:14:00","flight":"TO802"},{"day":1,"utc":"21:45:00","flight":"TO614"},{"day":1,"utc":"01:51:00","flight":"TO295"},{"day":2,"utc":"09:47:00","flight":"TO974"},{"day":2,"utc":"13:23:00","flight":"TO837"},{"day":3,"utc":"15:17:00","flight":"TO949"},{"day":3,"utc":"18:59:00","flight":"TO708"},{"day":3,"utc":"19:10:00","flight":"TO929"},{"day":3,"utc":"13:03:00","flight":"TO046"},{"day":3,"utc":"20:09:00","flight":"TO239"},{"day":4,"utc":"07:07:00","flight":"TO931"},{"day":5,"utc":"16:40:00","flight":"TO568"},{"day":5,"utc":"02:50:00","flight":"TO846"},{"day":6,"utc":"16:25:00","flight":"TO245"},{"day":6,"utc":"14:13:00","flight":"TO248"},{"day":6,"utc":"07:05:00","flight":"TO134"}],"distance":3185.7833372857167}