{"id":63735,"type":"route","airline":"WN","airlineid":"airline_4547","sourceairport":"DEN","destinationairport":"PDX","stops":0,"equipment":"73W","schedule":[{"day":0,"utc":"06:11:00","flight":"WN480"},{"day":0,"utc":"17:10:00","flight":"WN463"},{"day":0,"utc":"11:04:00","flight":"WN334"},{"day":0,"utc":"15:18:00","flight":"WN519"},{"day":1,"utc":"00:01:00","flight":"WN155"},{"day":1,"utc":"12:00:00","flight":"WN121"},{"day":1,"utc":"10:44:00","flight":"WN201"},{"day":1,"utc":"13:09:00","flight":"WN557"},{"day":1,"utc":"00:46:00","flight":"WN360"},{"day":2,"utc":"10:53:00","flight":"WN696"},{"day":2,"utc":"09:00:00","flight":"WN655"},{"day":2,"utc":"00:05:00","flight":"WN125"},{"day":2,"utc":"06:46:00","flight":"WN266"},{"day":2,"utc":"23:58:00","flight":"WN208"},{"day":3,"utc":"21:51:00","flight":"WN305"},{"day":3,"utc":"04:57:00","flight":"WN735"},{"day":3,"utc":"07:34:00","flight":"WN948"},{"day":3,"utc":"00:13:00","flight":"WN839"},{"day":4,"utc":"17:22:00","flight":"WN316"},{"day":4,"utc":"17:35:00","flight":"WN776"},{"day":5,"utc":"18:31:00","flight":"WN265"},{"day":5,"utc":"04:55:00","flight":"WN873"},{"day":5,"utc":"01:09:00","flight":"WN804"},{"day":5,"utc":"14:38:00","flight":"WN091"},{"day":5,"utc":"14:15:00","flight":"WN825"},{"day":6,"utc":"04:58:00","flight":"WN302"}]}