{"id":30349,"type":"route","airline":"GS","airlineid":"airline_690","sourceairport":"NGB","destinationairport":"SWA","stops":0,"equipment":"E90","schedule":[{"day":0,"utc":"19:46:00","flight":"GS552"},{"day":0,"utc":"13:01:00","flight":"GS214"},{"day":0,"utc":"20:01:00","flight":"GS920"},{"day":0,"utc":"15:38:00","flight":"GS834"},{"day":1,"utc":"13:44:00","flight":"GS040"},{"day":1,"utc":"01:28:00","flight":"GS589"},{"day":1,"utc":"20:17:00","flight":"GS522"},{"day":1,"utc":"10:56:00","flight":"GS139"},{"day":1,"utc":"20:15:00","flight":"GS163"},{"day":2,"utc":"23:00:00","flight":"GS762"},{"day":3,"utc":"23:25:00","flight":"GS733"},{"day":3,"utc":"04:18:00","flight":"GS535"},{"day":4,"utc":"04:30:00","flight":"GS018"},{"day":4,"utc":"20:14:00","flight":"GS659"},{"day":4,"utc":"17:32:00","flight":"GS354"},{"day":4,"utc":"14:23:00","flight":"GS957"},{"day":4,"utc":"02:52:00","flight":"GS758"},{"day":5,"utc":"07:26:00","flight":"GS242"},{"day":5,"utc":"09:44:00","flight":"GS652"},{"day":5,"utc":"23:43:00","flight":"GS498"},{"day":5,"utc":"08:16:00","flight":"GS089"},{"day":6,"utc":"11:32:00","flight":"GS541"},{"day":6,"utc":"11:40:00","flight":"GS327"},{"day":6,"utc":"22:34:00","flight":"GS972"},{"day":6,"utc":"21:00:00","flight":"GS542"},{"day":6,"utc":"01:52:00","flight":"GS995"}],"distance":857.8708189966605}