{"id":6685,"type":"route","airline":"AA","airlineid":"airline_24","sourceairport":"RSW","destinationairport":"ORD","stops":0,"equipment":"738 M80","schedule":[{"day":0,"utc":"21:02:00","flight":"AA137"},{"day":0,"utc":"18:03:00","flight":"AA074"},{"day":1,"utc":"14:53:00","flight":"AA493"},{"day":1,"utc":"09:44:00","flight":"AA468"},{"day":1,"utc":"14:11:00","flight":"AA245"},{"day":1,"utc":"07:29:00","flight":"AA548"},{"day":2,"utc":"10:01:00","flight":"AA917"},{"day":2,"utc":"06:40:00","flight":"AA335"},{"day":3,"utc":"11:24:00","flight":"AA996"},{"day":3,"utc":"03:01:00","flight":"AA191"},{"day":4,"utc":"05:01:00","flight":"AA386"},{"day":4,"utc":"08:10:00","flight":"AA631"},{"day":5,"utc":"17:09:00","flight":"AA458"},{"day":5,"utc":"19:45:00","flight":"AA765"},{"day":6,"utc":"12:05:00","flight":"AA797"},{"day":6,"utc":"15:19:00","flight":"AA053"},{"day":6,"utc":"06:06:00","flight":"AA816"},{"day":6,"utc":"20:43:00","flight":"AA219"},{"day":6,"utc":"03:21:00","flight":"AA179"}],"distance":1806.4311857124194}