{"id":53348,"type":"route","airline":"TO","airlineid":"airline_8745","sourceairport":"ORY","destinationairport":"ATH","stops":0,"equipment":"73H","schedule":[{"day":0,"utc":"14:17:00","flight":"TO164"},{"day":0,"utc":"02:13:00","flight":"TO244"},{"day":1,"utc":"15:31:00","flight":"TO619"},{"day":1,"utc":"16:26:00","flight":"TO437"},{"day":1,"utc":"07:51:00","flight":"TO785"},{"day":1,"utc":"02:44:00","flight":"TO529"},{"day":2,"utc":"12:24:00","flight":"TO929"},{"day":2,"utc":"08:10:00","flight":"TO807"},{"day":3,"utc":"08:27:00","flight":"TO586"},{"day":3,"utc":"00:36:00","flight":"TO006"},{"day":3,"utc":"00:00:00","flight":"TO287"},{"day":3,"utc":"00:24:00","flight":"TO206"},{"day":4,"utc":"03:13:00","flight":"TO045"},{"day":4,"utc":"11:18:00","flight":"TO134"},{"day":5,"utc":"04:17:00","flight":"TO401"},{"day":5,"utc":"16:32:00","flight":"TO884"},{"day":5,"utc":"19:56:00","flight":"TO951"},{"day":5,"utc":"03:51:00","flight":"TO383"},{"day":5,"utc":"09:43:00","flight":"TO916"},{"day":6,"utc":"11:32:00","flight":"TO627"},{"day":6,"utc":"10:06:00","flight":"TO779"},{"day":6,"utc":"11:57:00","flight":"TO049"},{"day":6,"utc":"21:57:00","flight":"TO134"},{"day":6,"utc":"06:21:00","flight":"TO944"}],"distance":2106.4484308849446}