{"id":21010,"type":"route","airline":"DL","airlineid":"airline_2009","sourceairport":"KOA","destinationairport":"LAX","stops":0,"equipment":"757","schedule":[{"day":0,"utc":"09:37:00","flight":"DL378"},{"day":1,"utc":"04:39:00","flight":"DL844"},{"day":1,"utc":"19:48:00","flight":"DL949"},{"day":1,"utc":"03:20:00","flight":"DL519"},{"day":1,"utc":"05:36:00","flight":"DL117"},{"day":1,"utc":"22:57:00","flight":"DL018"},{"day":2,"utc":"05:04:00","flight":"DL212"},{"day":2,"utc":"12:45:00","flight":"DL058"},{"day":2,"utc":"16:47:00","flight":"DL790"},{"day":2,"utc":"09:54:00","flight":"DL938"},{"day":2,"utc":"03:18:00","flight":"DL534"},{"day":3,"utc":"05:09:00","flight":"DL785"},{"day":3,"utc":"08:26:00","flight":"DL346"},{"day":3,"utc":"11:19:00","flight":"DL046"},{"day":4,"utc":"07:55:00","flight":"DL970"},{"day":4,"utc":"01:27:00","flight":"DL717"},{"day":5,"utc":"22:51:00","flight":"DL915"},{"day":6,"utc":"02:48:00","flight":"DL716"},{"day":6,"utc":"03:47:00","flight":"DL454"},{"day":6,"utc":"04:31:00","flight":"DL573"},{"day":6,"utc":"04:07:00","flight":"DL944"},{"day":6,"utc":"05:02:00","flight":"DL548"}]}