{"id":58806,"type":"route","airline":"US","airlineid":"airline_5265","sourceairport":"CLT","destinationairport":"ILM","stops":0,"equipment":"319 CRJ CR7","schedule":[{"day":0,"utc":"06:39:00","flight":"US877"},{"day":0,"utc":"08:12:00","flight":"US703"},{"day":0,"utc":"05:42:00","flight":"US750"},{"day":0,"utc":"06:08:00","flight":"US859"},{"day":1,"utc":"10:01:00","flight":"US300"},{"day":1,"utc":"03:23:00","flight":"US781"},{"day":1,"utc":"02:26:00","flight":"US929"},{"day":1,"utc":"02:56:00","flight":"US873"},{"day":1,"utc":"02:51:00","flight":"US187"},{"day":2,"utc":"09:20:00","flight":"US728"},{"day":2,"utc":"20:23:00","flight":"US813"},{"day":2,"utc":"08:56:00","flight":"US534"},{"day":2,"utc":"04:04:00","flight":"US704"},{"day":2,"utc":"23:36:00","flight":"US044"},{"day":3,"utc":"22:38:00","flight":"US867"},{"day":3,"utc":"12:24:00","flight":"US173"},{"day":4,"utc":"17:30:00","flight":"US078"},{"day":4,"utc":"12:07:00","flight":"US497"},{"day":4,"utc":"02:01:00","flight":"US361"},{"day":4,"utc":"10:46:00","flight":"US900"},{"day":5,"utc":"09:10:00","flight":"US880"},{"day":5,"utc":"12:20:00","flight":"US951"},{"day":5,"utc":"08:39:00","flight":"US459"},{"day":5,"utc":"19:31:00","flight":"US138"},{"day":5,"utc":"13:42:00","flight":"US984"},{"day":6,"utc":"03:32:00","flight":"US347"},{"day":6,"utc":"12:33:00","flight":"US570"}],"distance":296.9486600615296}