{"id":9762,"type":"route","airline":"AF","airlineid":"airline_137","sourceairport":"MSN","destinationairport":"ATL","stops":0,"equipment":"CR7 320 CR9","schedule":[{"day":0,"utc":"07:27:00","flight":"AF884"},{"day":0,"utc":"22:36:00","flight":"AF242"},{"day":0,"utc":"20:43:00","flight":"AF364"},{"day":0,"utc":"00:53:00","flight":"AF370"},{"day":0,"utc":"12:30:00","flight":"AF149"},{"day":1,"utc":"12:11:00","flight":"AF363"},{"day":1,"utc":"15:42:00","flight":"AF200"},{"day":1,"utc":"03:24:00","flight":"AF437"},{"day":2,"utc":"10:30:00","flight":"AF919"},{"day":2,"utc":"19:47:00","flight":"AF408"},{"day":2,"utc":"15:58:00","flight":"AF933"},{"day":3,"utc":"15:35:00","flight":"AF068"},{"day":3,"utc":"11:15:00","flight":"AF860"},{"day":3,"utc":"15:52:00","flight":"AF536"},{"day":3,"utc":"11:38:00","flight":"AF219"},{"day":4,"utc":"03:56:00","flight":"AF469"},{"day":5,"utc":"11:45:00","flight":"AF021"},{"day":5,"utc":"02:15:00","flight":"AF265"},{"day":6,"utc":"20:47:00","flight":"AF310"},{"day":6,"utc":"01:52:00","flight":"AF423"},{"day":6,"utc":"22:37:00","flight":"AF257"}],"distance":1139.4967412059755}