{"id":57369,"type":"route","airline":"UA","airlineid":"airline_5209","sourceairport":"ORD","destinationairport":"ROA","stops":0,"equipment":"ERJ ER4","schedule":[{"day":0,"utc":"12:52:00","flight":"UA951"},{"day":0,"utc":"05:49:00","flight":"UA943"},{"day":0,"utc":"13:28:00","flight":"UA508"},{"day":1,"utc":"11:24:00","flight":"UA788"},{"day":1,"utc":"00:28:00","flight":"UA906"},{"day":1,"utc":"01:40:00","flight":"UA705"},{"day":2,"utc":"03:17:00","flight":"UA032"},{"day":2,"utc":"22:13:00","flight":"UA199"},{"day":2,"utc":"17:11:00","flight":"UA541"},{"day":2,"utc":"14:02:00","flight":"UA947"},{"day":2,"utc":"19:55:00","flight":"UA966"},{"day":3,"utc":"19:41:00","flight":"UA517"},{"day":3,"utc":"06:24:00","flight":"UA814"},{"day":3,"utc":"13:18:00","flight":"UA449"},{"day":4,"utc":"15:52:00","flight":"UA089"},{"day":5,"utc":"00:23:00","flight":"UA819"},{"day":5,"utc":"03:25:00","flight":"UA092"},{"day":5,"utc":"12:25:00","flight":"UA124"},{"day":6,"utc":"06:43:00","flight":"UA252"},{"day":6,"utc":"02:47:00","flight":"UA580"},{"day":6,"utc":"18:07:00","flight":"UA521"},{"day":6,"utc":"01:26:00","flight":"UA997"}],"distance":852.9260605210259}