{"id":12463,"type":"route","airline":"AV","airlineid":"airline_515","sourceairport":"MCO","destinationairport":"SAL","stops":0,"equipment":"E90","schedule":[{"day":0,"utc":"00:45:00","flight":"AV287"},{"day":1,"utc":"13:50:00","flight":"AV970"},{"day":1,"utc":"07:47:00","flight":"AV506"},{"day":1,"utc":"16:24:00","flight":"AV858"},{"day":1,"utc":"10:17:00","flight":"AV767"},{"day":1,"utc":"13:18:00","flight":"AV330"},{"day":2,"utc":"08:38:00","flight":"AV927"},{"day":3,"utc":"09:14:00","flight":"AV813"},{"day":4,"utc":"08:19:00","flight":"AV772"},{"day":4,"utc":"08:32:00","flight":"AV539"},{"day":4,"utc":"12:48:00","flight":"AV157"},{"day":4,"utc":"00:00:00","flight":"AV602"},{"day":4,"utc":"04:53:00","flight":"AV695"},{"day":5,"utc":"20:35:00","flight":"AV246"},{"day":5,"utc":"04:19:00","flight":"AV352"},{"day":5,"utc":"09:22:00","flight":"AV386"},{"day":5,"utc":"18:22:00","flight":"AV015"},{"day":6,"utc":"17:25:00","flight":"AV605"},{"day":6,"utc":"11:03:00","flight":"AV394"}]}