{"id":53987,"type":"route","airline":"TS","airlineid":"airline_1317","sourceairport":"YHZ","destinationairport":"MCO","stops":0,"equipment":"738","schedule":[{"day":0,"utc":"15:54:00","flight":"TS114"},{"day":0,"utc":"16:43:00","flight":"TS759"},{"day":0,"utc":"20:02:00","flight":"TS085"},{"day":1,"utc":"06:01:00","flight":"TS072"},{"day":2,"utc":"16:51:00","flight":"TS275"},{"day":3,"utc":"09:29:00","flight":"TS885"},{"day":4,"utc":"00:57:00","flight":"TS895"},{"day":5,"utc":"02:30:00","flight":"TS096"},{"day":5,"utc":"10:53:00","flight":"TS497"},{"day":6,"utc":"13:52:00","flight":"TS516"},{"day":6,"utc":"07:04:00","flight":"TS057"},{"day":6,"utc":"11:46:00","flight":"TS820"},{"day":6,"utc":"19:03:00","flight":"TS060"}],"distance":2411.259782086779}