{"id":63513,"type":"route","airline":"WN","airlineid":"airline_4547","sourceairport":"BDL","destinationairport":"MDW","stops":0,"equipment":"73W","schedule":[{"day":0,"utc":"14:24:00","flight":"WN447"},{"day":0,"utc":"20:40:00","flight":"WN922"},{"day":0,"utc":"17:51:00","flight":"WN393"},{"day":0,"utc":"05:18:00","flight":"WN623"},{"day":1,"utc":"21:01:00","flight":"WN355"},{"day":1,"utc":"09:07:00","flight":"WN455"},{"day":2,"utc":"00:13:00","flight":"WN452"},{"day":2,"utc":"21:15:00","flight":"WN293"},{"day":2,"utc":"21:12:00","flight":"WN317"},{"day":2,"utc":"03:28:00","flight":"WN256"},{"day":2,"utc":"14:53:00","flight":"WN501"},{"day":3,"utc":"03:09:00","flight":"WN958"},{"day":4,"utc":"13:31:00","flight":"WN977"},{"day":5,"utc":"02:47:00","flight":"WN816"},{"day":6,"utc":"20:03:00","flight":"WN821"}],"distance":1246.4227231957668}