{"id":45749,"type":"route","airline":"PK","airlineid":"airline_3871","sourceairport":"BHX","destinationairport":"ISB","stops":0,"equipment":"777","schedule":[{"day":0,"utc":"12:40:00","flight":"PK527"},{"day":0,"utc":"05:39:00","flight":"PK841"},{"day":0,"utc":"20:06:00","flight":"PK915"},{"day":0,"utc":"16:21:00","flight":"PK298"},{"day":1,"utc":"17:02:00","flight":"PK010"},{"day":1,"utc":"12:33:00","flight":"PK066"},{"day":2,"utc":"19:25:00","flight":"PK665"},{"day":2,"utc":"15:27:00","flight":"PK312"},{"day":3,"utc":"02:36:00","flight":"PK618"},{"day":4,"utc":"00:04:00","flight":"PK660"},{"day":5,"utc":"14:07:00","flight":"PK501"},{"day":5,"utc":"11:57:00","flight":"PK386"},{"day":5,"utc":"23:18:00","flight":"PK507"},{"day":5,"utc":"03:02:00","flight":"PK683"},{"day":5,"utc":"07:40:00","flight":"PK369"},{"day":6,"utc":"05:13:00","flight":"PK630"},{"day":6,"utc":"16:45:00","flight":"PK510"}],"distance":6131.014707730741}