{"id":9343,"type":"route","airline":"AF","airlineid":"airline_137","sourceairport":"CDG","destinationairport":"LBV","stops":0,"equipment":"772 77W","schedule":[{"day":0,"utc":"08:26:00","flight":"AF211"},{"day":0,"utc":"20:53:00","flight":"AF054"},{"day":0,"utc":"09:27:00","flight":"AF598"},{"day":1,"utc":"06:36:00","flight":"AF701"},{"day":1,"utc":"23:45:00","flight":"AF128"},{"day":2,"utc":"04:00:00","flight":"AF916"},{"day":2,"utc":"23:01:00","flight":"AF230"},{"day":2,"utc":"00:32:00","flight":"AF372"},{"day":2,"utc":"09:26:00","flight":"AF809"},{"day":3,"utc":"19:56:00","flight":"AF620"},{"day":3,"utc":"23:51:00","flight":"AF837"},{"day":3,"utc":"05:17:00","flight":"AF115"},{"day":4,"utc":"08:24:00","flight":"AF437"},{"day":4,"utc":"23:04:00","flight":"AF621"},{"day":4,"utc":"07:12:00","flight":"AF664"},{"day":4,"utc":"16:38:00","flight":"AF589"},{"day":4,"utc":"21:31:00","flight":"AF524"},{"day":5,"utc":"21:37:00","flight":"AF126"},{"day":5,"utc":"19:33:00","flight":"AF730"},{"day":5,"utc":"04:32:00","flight":"AF214"},{"day":5,"utc":"18:32:00","flight":"AF433"},{"day":5,"utc":"22:53:00","flight":"AF682"},{"day":6,"utc":"23:26:00","flight":"AF074"},{"day":6,"utc":"04:08:00","flight":"AF830"},{"day":6,"utc":"13:07:00","flight":"AF012"},{"day":6,"utc":"09:56:00","flight":"AF530"},{"day":6,"utc":"06:36:00","flight":"AF868"}],"distance":5438.803268853821}