{"id":14089,"type":"route","airline":"B6","airlineid":"airline_3029","sourceairport":"JFK","destinationairport":"POP","stops":0,"equipment":"320","schedule":[{"day":0,"utc":"23:04:00","flight":"B6426"},{"day":0,"utc":"10:00:00","flight":"B6772"},{"day":1,"utc":"07:24:00","flight":"B6079"},{"day":1,"utc":"00:50:00","flight":"B6299"},{"day":1,"utc":"12:25:00","flight":"B6066"},{"day":1,"utc":"05:19:00","flight":"B6810"},{"day":1,"utc":"23:20:00","flight":"B6084"},{"day":2,"utc":"07:10:00","flight":"B6661"},{"day":2,"utc":"15:16:00","flight":"B6439"},{"day":2,"utc":"16:37:00","flight":"B6795"},{"day":2,"utc":"02:31:00","flight":"B6676"},{"day":3,"utc":"03:55:00","flight":"B6630"},{"day":4,"utc":"18:39:00","flight":"B6187"},{"day":4,"utc":"03:05:00","flight":"B6149"},{"day":4,"utc":"22:47:00","flight":"B6620"},{"day":4,"utc":"05:24:00","flight":"B6444"},{"day":4,"utc":"06:26:00","flight":"B6928"},{"day":5,"utc":"11:21:00","flight":"B6727"},{"day":5,"utc":"17:36:00","flight":"B6889"},{"day":6,"utc":"18:45:00","flight":"B6783"},{"day":6,"utc":"17:48:00","flight":"B6813"}],"distance":2341.887921979445}