{"id":13896,"type":"route","airline":"B6","airlineid":"airline_3029","sourceairport":"AUA","destinationairport":"BOS","stops":0,"equipment":"320","schedule":[{"day":0,"utc":"18:34:00","flight":"B6319"},{"day":1,"utc":"23:07:00","flight":"B6305"},{"day":1,"utc":"07:04:00","flight":"B6777"},{"day":1,"utc":"04:08:00","flight":"B6999"},{"day":1,"utc":"17:25:00","flight":"B6970"},{"day":2,"utc":"17:39:00","flight":"B6594"},{"day":3,"utc":"22:00:00","flight":"B6623"},{"day":3,"utc":"05:09:00","flight":"B6127"},{"day":3,"utc":"16:24:00","flight":"B6214"},{"day":3,"utc":"12:21:00","flight":"B6742"},{"day":3,"utc":"11:13:00","flight":"B6447"},{"day":4,"utc":"06:08:00","flight":"B6696"},{"day":4,"utc":"16:31:00","flight":"B6753"},{"day":4,"utc":"04:31:00","flight":"B6601"},{"day":4,"utc":"08:47:00","flight":"B6642"},{"day":5,"utc":"23:58:00","flight":"B6247"},{"day":6,"utc":"00:06:00","flight":"B6816"},{"day":6,"utc":"12:25:00","flight":"B6195"}],"distance":3321.986821642865}