{"id":21788,"type":"route","airline":"DL","airlineid":"airline_2009","sourceairport":"SLC","destinationairport":"BTM","stops":0,"equipment":"CRJ","schedule":[{"day":0,"utc":"16:55:00","flight":"DL213"},{"day":0,"utc":"11:20:00","flight":"DL109"},{"day":0,"utc":"01:00:00","flight":"DL820"},{"day":0,"utc":"21:00:00","flight":"DL073"},{"day":1,"utc":"01:59:00","flight":"DL837"},{"day":1,"utc":"08:49:00","flight":"DL416"},{"day":2,"utc":"08:53:00","flight":"DL196"},{"day":3,"utc":"19:10:00","flight":"DL353"},{"day":3,"utc":"01:17:00","flight":"DL759"},{"day":3,"utc":"23:36:00","flight":"DL524"},{"day":3,"utc":"07:53:00","flight":"DL581"},{"day":3,"utc":"20:25:00","flight":"DL160"},{"day":4,"utc":"13:54:00","flight":"DL958"},{"day":4,"utc":"07:00:00","flight":"DL046"},{"day":4,"utc":"09:10:00","flight":"DL112"},{"day":4,"utc":"16:35:00","flight":"DL674"},{"day":5,"utc":"02:31:00","flight":"DL165"},{"day":5,"utc":"17:04:00","flight":"DL405"},{"day":6,"utc":"16:17:00","flight":"DL229"},{"day":6,"utc":"18:27:00","flight":"DL482"},{"day":6,"utc":"09:16:00","flight":"DL409"},{"day":6,"utc":"23:27:00","flight":"DL037"}],"distance":576.0093015902012}