{"id":14229,"type":"route","airline":"B6","airlineid":"airline_3029","sourceairport":"SAV","destinationairport":"JFK","stops":0,"equipment":"320","schedule":[{"day":0,"utc":"01:02:00","flight":"B6675"},{"day":0,"utc":"04:00:00","flight":"B6375"},{"day":0,"utc":"11:03:00","flight":"B6794"},{"day":0,"utc":"07:59:00","flight":"B6668"},{"day":0,"utc":"05:34:00","flight":"B6394"},{"day":1,"utc":"15:06:00","flight":"B6012"},{"day":1,"utc":"05:59:00","flight":"B6617"},{"day":1,"utc":"08:46:00","flight":"B6904"},{"day":2,"utc":"19:37:00","flight":"B6029"},{"day":2,"utc":"21:36:00","flight":"B6376"},{"day":2,"utc":"19:23:00","flight":"B6142"},{"day":2,"utc":"09:51:00","flight":"B6300"},{"day":2,"utc":"15:16:00","flight":"B6006"},{"day":3,"utc":"11:35:00","flight":"B6747"},{"day":3,"utc":"06:53:00","flight":"B6110"},{"day":3,"utc":"15:40:00","flight":"B6700"},{"day":3,"utc":"23:54:00","flight":"B6363"},{"day":4,"utc":"17:44:00","flight":"B6083"},{"day":4,"utc":"18:15:00","flight":"B6432"},{"day":4,"utc":"03:52:00","flight":"B6644"},{"day":4,"utc":"14:58:00","flight":"B6540"},{"day":5,"utc":"03:33:00","flight":"B6855"},{"day":6,"utc":"03:43:00","flight":"B6519"},{"day":6,"utc":"14:15:00","flight":"B6964"},{"day":6,"utc":"08:55:00","flight":"B6374"},{"day":6,"utc":"18:50:00","flight":"B6160"},{"day":6,"utc":"18:53:00","flight":"B6033"}],"distance":1155.469418189331}