{"id":45885,"type":"route","airline":"PK","airlineid":"airline_3871","sourceairport":"LHR","destinationairport":"KHI","stops":0,"equipment":"777","schedule":[{"day":0,"utc":"12:15:00","flight":"PK091"},{"day":0,"utc":"01:28:00","flight":"PK188"},{"day":1,"utc":"14:49:00","flight":"PK825"},{"day":1,"utc":"05:36:00","flight":"PK479"},{"day":1,"utc":"07:57:00","flight":"PK398"},{"day":1,"utc":"23:50:00","flight":"PK454"},{"day":1,"utc":"06:33:00","flight":"PK444"},{"day":2,"utc":"17:55:00","flight":"PK979"},{"day":2,"utc":"04:50:00","flight":"PK823"},{"day":3,"utc":"18:38:00","flight":"PK668"},{"day":3,"utc":"07:30:00","flight":"PK424"},{"day":3,"utc":"15:24:00","flight":"PK645"},{"day":3,"utc":"22:54:00","flight":"PK496"},{"day":3,"utc":"01:41:00","flight":"PK637"},{"day":4,"utc":"08:39:00","flight":"PK621"},{"day":5,"utc":"07:27:00","flight":"PK042"},{"day":5,"utc":"15:17:00","flight":"PK339"},{"day":5,"utc":"14:26:00","flight":"PK342"},{"day":5,"utc":"09:28:00","flight":"PK883"},{"day":5,"utc":"20:30:00","flight":"PK976"},{"day":6,"utc":"17:05:00","flight":"PK047"},{"day":6,"utc":"09:33:00","flight":"PK838"},{"day":6,"utc":"09:13:00","flight":"PK033"}],"distance":6338.806681870277}