{"id":19747,"type":"route","airline":"DE","airlineid":"airline_1868","sourceairport":"FRA","destinationairport":"SEA","stops":0,"equipment":"767","schedule":[{"day":0,"utc":"21:23:00","flight":"DE544"},{"day":0,"utc":"16:10:00","flight":"DE731"},{"day":0,"utc":"00:25:00","flight":"DE532"},{"day":1,"utc":"09:55:00","flight":"DE881"},{"day":1,"utc":"13:55:00","flight":"DE795"},{"day":1,"utc":"18:31:00","flight":"DE852"},{"day":1,"utc":"08:14:00","flight":"DE041"},{"day":1,"utc":"01:38:00","flight":"DE734"},{"day":2,"utc":"18:12:00","flight":"DE223"},{"day":2,"utc":"09:30:00","flight":"DE467"},{"day":2,"utc":"10:00:00","flight":"DE127"},{"day":3,"utc":"17:04:00","flight":"DE136"},{"day":3,"utc":"16:56:00","flight":"DE348"},{"day":3,"utc":"16:25:00","flight":"DE024"},{"day":4,"utc":"17:17:00","flight":"DE043"},{"day":4,"utc":"09:42:00","flight":"DE067"},{"day":4,"utc":"07:30:00","flight":"DE788"},{"day":4,"utc":"20:35:00","flight":"DE418"},{"day":4,"utc":"18:25:00","flight":"DE430"},{"day":5,"utc":"13:15:00","flight":"DE578"},{"day":6,"utc":"03:54:00","flight":"DE891"},{"day":6,"utc":"20:31:00","flight":"DE716"},{"day":6,"utc":"08:53:00","flight":"DE046"}],"distance":8197.04021818662}