{"id":450,"type":"route","airline":"3M","airlineid":"airline_N","sourceairport":"BIM","destinationairport":"FLL","stops":0,"equipment":"SF3","schedule":[{"day":0,"utc":"11:36:00","flight":"3M967"},{"day":1,"utc":"05:25:00","flight":"3M418"},{"day":1,"utc":"06:26:00","flight":"3M436"},{"day":1,"utc":"10:43:00","flight":"3M799"},{"day":2,"utc":"14:27:00","flight":"3M818"},{"day":2,"utc":"06:05:00","flight":"3M022"},{"day":2,"utc":"08:35:00","flight":"3M571"},{"day":2,"utc":"18:37:00","flight":"3M624"},{"day":3,"utc":"11:41:00","flight":"3M071"},{"day":3,"utc":"17:50:00","flight":"3M230"},{"day":4,"utc":"07:54:00","flight":"3M565"},{"day":4,"utc":"23:09:00","flight":"3M116"},{"day":4,"utc":"17:25:00","flight":"3M897"},{"day":5,"utc":"18:32:00","flight":"3M312"},{"day":5,"utc":"17:55:00","flight":"3M934"},{"day":5,"utc":"03:05:00","flight":"3M260"},{"day":6,"utc":"11:04:00","flight":"3M317"}]}