{"id":7870,"type":"route","airline":"AC","airlineid":"airline_330","sourceairport":"DEN","destinationairport":"MSY","stops":0,"equipment":"738 739","schedule":[{"day":0,"utc":"05:09:00","flight":"AC102"},{"day":0,"utc":"06:11:00","flight":"AC827"},{"day":0,"utc":"08:01:00","flight":"AC165"},{"day":0,"utc":"14:42:00","flight":"AC606"},{"day":0,"utc":"07:47:00","flight":"AC022"},{"day":1,"utc":"13:14:00","flight":"AC543"},{"day":1,"utc":"07:53:00","flight":"AC586"},{"day":2,"utc":"12:03:00","flight":"AC924"},{"day":2,"utc":"18:45:00","flight":"AC736"},{"day":2,"utc":"16:10:00","flight":"AC781"},{"day":2,"utc":"03:25:00","flight":"AC119"},{"day":2,"utc":"10:03:00","flight":"AC831"},{"day":3,"utc":"20:52:00","flight":"AC793"},{"day":3,"utc":"01:01:00","flight":"AC171"},{"day":3,"utc":"22:36:00","flight":"AC776"},{"day":3,"utc":"15:13:00","flight":"AC408"},{"day":3,"utc":"04:41:00","flight":"AC292"},{"day":4,"utc":"18:49:00","flight":"AC528"},{"day":4,"utc":"09:26:00","flight":"AC743"},{"day":4,"utc":"08:23:00","flight":"AC611"},{"day":4,"utc":"07:05:00","flight":"AC086"},{"day":4,"utc":"10:23:00","flight":"AC122"},{"day":5,"utc":"19:06:00","flight":"AC663"},{"day":6,"utc":"11:13:00","flight":"AC903"}],"distance":1708.0943122555059}