{"id":9513,"type":"route","airline":"AF","airlineid":"airline_137","sourceairport":"FCO","destinationairport":"BOD","stops":0,"equipment":"E70 E90 CR7","schedule":[{"day":0,"utc":"09:04:00","flight":"AF502"},{"day":1,"utc":"11:35:00","flight":"AF323"},{"day":1,"utc":"04:18:00","flight":"AF171"},{"day":2,"utc":"13:04:00","flight":"AF306"},{"day":2,"utc":"18:37:00","flight":"AF432"},{"day":3,"utc":"10:50:00","flight":"AF734"},{"day":3,"utc":"20:53:00","flight":"AF744"},{"day":4,"utc":"15:24:00","flight":"AF415"},{"day":4,"utc":"05:56:00","flight":"AF854"},{"day":4,"utc":"06:33:00","flight":"AF645"},{"day":5,"utc":"18:30:00","flight":"AF554"},{"day":5,"utc":"10:30:00","flight":"AF162"},{"day":5,"utc":"12:26:00","flight":"AF466"},{"day":5,"utc":"15:07:00","flight":"AF550"},{"day":5,"utc":"21:10:00","flight":"AF465"},{"day":6,"utc":"05:47:00","flight":"AF112"}],"distance":1100.152586707022}