{"id":8984,"type":"route","airline":"AF","airlineid":"airline_137","sourceairport":"AJA","destinationairport":"ORY","stops":0,"equipment":"321 320 319","schedule":[{"day":0,"utc":"16:37:00","flight":"AF748"},{"day":0,"utc":"16:16:00","flight":"AF026"},{"day":0,"utc":"12:33:00","flight":"AF341"},{"day":1,"utc":"04:35:00","flight":"AF705"},{"day":1,"utc":"10:35:00","flight":"AF560"},{"day":1,"utc":"06:44:00","flight":"AF288"},{"day":1,"utc":"05:14:00","flight":"AF507"},{"day":1,"utc":"13:17:00","flight":"AF612"},{"day":2,"utc":"03:15:00","flight":"AF550"},{"day":2,"utc":"01:37:00","flight":"AF091"},{"day":2,"utc":"06:31:00","flight":"AF478"},{"day":2,"utc":"14:18:00","flight":"AF913"},{"day":2,"utc":"20:55:00","flight":"AF041"},{"day":3,"utc":"10:09:00","flight":"AF010"},{"day":3,"utc":"03:03:00","flight":"AF953"},{"day":3,"utc":"05:17:00","flight":"AF189"},{"day":3,"utc":"01:19:00","flight":"AF665"},{"day":3,"utc":"18:36:00","flight":"AF957"},{"day":4,"utc":"11:12:00","flight":"AF542"},{"day":4,"utc":"17:09:00","flight":"AF554"},{"day":4,"utc":"04:02:00","flight":"AF931"},{"day":4,"utc":"11:47:00","flight":"AF469"},{"day":5,"utc":"11:54:00","flight":"AF851"},{"day":5,"utc":"17:23:00","flight":"AF938"},{"day":5,"utc":"02:58:00","flight":"AF299"},{"day":5,"utc":"17:34:00","flight":"AF769"},{"day":5,"utc":"10:52:00","flight":"AF075"},{"day":6,"utc":"07:21:00","flight":"AF984"},{"day":6,"utc":"06:23:00","flight":"AF426"},{"day":6,"utc":"05:07:00","flight":"AF183"}],"distance":907.9751386342235}