{"id":6009,"type":"route","airline":"AA","airlineid":"airline_24","sourceairport":"MIA","destinationairport":"BGI","stops":0,"equipment":"757","schedule":[{"day":0,"utc":"19:16:00","flight":"AA921"},{"day":0,"utc":"21:43:00","flight":"AA706"},{"day":0,"utc":"14:16:00","flight":"AA964"},{"day":0,"utc":"15:14:00","flight":"AA512"},{"day":0,"utc":"20:07:00","flight":"AA823"},{"day":1,"utc":"12:48:00","flight":"AA614"},{"day":1,"utc":"21:43:00","flight":"AA829"},{"day":1,"utc":"08:59:00","flight":"AA525"},{"day":1,"utc":"14:06:00","flight":"AA405"},{"day":1,"utc":"08:05:00","flight":"AA374"},{"day":2,"utc":"22:10:00","flight":"AA324"},{"day":3,"utc":"15:15:00","flight":"AA516"},{"day":4,"utc":"01:10:00","flight":"AA794"},{"day":5,"utc":"15:46:00","flight":"AA244"},{"day":5,"utc":"10:06:00","flight":"AA954"},{"day":5,"utc":"14:47:00","flight":"AA265"},{"day":5,"utc":"03:29:00","flight":"AA401"},{"day":5,"utc":"21:04:00","flight":"AA323"},{"day":6,"utc":"08:20:00","flight":"AA941"},{"day":6,"utc":"03:41:00","flight":"AA787"}]}