{"id":47250,"type":"route","airline":"QH","airlineid":"airline_882","sourceairport":"OSS","destinationairport":"OVB","stops":0,"equipment":"734","schedule":[{"day":0,"utc":"19:32:00","flight":"QH697"},{"day":0,"utc":"10:14:00","flight":"QH662"},{"day":0,"utc":"09:25:00","flight":"QH257"},{"day":1,"utc":"14:57:00","flight":"QH413"},{"day":2,"utc":"04:03:00","flight":"QH211"},{"day":3,"utc":"06:24:00","flight":"QH358"},{"day":3,"utc":"07:00:00","flight":"QH943"},{"day":4,"utc":"08:26:00","flight":"QH268"},{"day":4,"utc":"17:35:00","flight":"QH037"},{"day":5,"utc":"08:31:00","flight":"QH692"},{"day":5,"utc":"09:04:00","flight":"QH478"},{"day":5,"utc":"15:31:00","flight":"QH404"},{"day":5,"utc":"17:46:00","flight":"QH244"},{"day":6,"utc":"11:24:00","flight":"QH261"},{"day":6,"utc":"11:03:00","flight":"QH679"}]}