{"id":32375,"type":"route","airline":"IB","airlineid":"airline_2822","sourceairport":"BIO","destinationairport":"LHR","stops":0,"equipment":"320","schedule":[{"day":0,"utc":"19:54:00","flight":"IB012"},{"day":0,"utc":"14:14:00","flight":"IB502"},{"day":1,"utc":"16:45:00","flight":"IB440"},{"day":2,"utc":"11:30:00","flight":"IB657"},{"day":2,"utc":"14:05:00","flight":"IB587"},{"day":2,"utc":"15:46:00","flight":"IB112"},{"day":2,"utc":"03:12:00","flight":"IB285"},{"day":2,"utc":"20:02:00","flight":"IB244"},{"day":3,"utc":"03:30:00","flight":"IB125"},{"day":3,"utc":"13:08:00","flight":"IB261"},{"day":3,"utc":"00:48:00","flight":"IB550"},{"day":3,"utc":"08:25:00","flight":"IB192"},{"day":3,"utc":"00:59:00","flight":"IB503"},{"day":4,"utc":"04:52:00","flight":"IB003"},{"day":5,"utc":"13:04:00","flight":"IB244"},{"day":6,"utc":"01:36:00","flight":"IB219"}],"distance":927.5388444553745}