{"id":56315,"type":"route","airline":"UA","airlineid":"airline_5209","sourceairport":"EWR","destinationairport":"DFW","stops":0,"equipment":"319 73G 738","schedule":[{"day":0,"utc":"10:17:00","flight":"UA192"},{"day":0,"utc":"00:29:00","flight":"UA436"},{"day":1,"utc":"21:32:00","flight":"UA919"},{"day":2,"utc":"14:27:00","flight":"UA530"},{"day":3,"utc":"06:50:00","flight":"UA187"},{"day":3,"utc":"04:43:00","flight":"UA886"},{"day":3,"utc":"19:51:00","flight":"UA136"},{"day":3,"utc":"06:28:00","flight":"UA266"},{"day":3,"utc":"12:03:00","flight":"UA802"},{"day":4,"utc":"23:59:00","flight":"UA146"},{"day":5,"utc":"07:45:00","flight":"UA028"},{"day":5,"utc":"07:32:00","flight":"UA495"},{"day":5,"utc":"06:49:00","flight":"UA021"},{"day":6,"utc":"02:03:00","flight":"UA713"},{"day":6,"utc":"00:43:00","flight":"UA876"}]}