{"id":57597,"type":"route","airline":"UA","airlineid":"airline_5209","sourceairport":"SBA","destinationairport":"DEN","stops":0,"equipment":"CRJ","schedule":[{"day":0,"utc":"22:26:00","flight":"UA313"},{"day":1,"utc":"09:33:00","flight":"UA895"},{"day":1,"utc":"19:07:00","flight":"UA421"},{"day":1,"utc":"15:39:00","flight":"UA793"},{"day":1,"utc":"15:12:00","flight":"UA061"},{"day":1,"utc":"11:48:00","flight":"UA276"},{"day":2,"utc":"21:50:00","flight":"UA034"},{"day":2,"utc":"17:23:00","flight":"UA060"},{"day":2,"utc":"02:55:00","flight":"UA247"},{"day":2,"utc":"00:40:00","flight":"UA331"},{"day":2,"utc":"00:31:00","flight":"UA007"},{"day":3,"utc":"09:15:00","flight":"UA780"},{"day":4,"utc":"07:52:00","flight":"UA051"},{"day":4,"utc":"06:05:00","flight":"UA600"},{"day":5,"utc":"11:53:00","flight":"UA001"},{"day":5,"utc":"21:11:00","flight":"UA700"},{"day":5,"utc":"03:56:00","flight":"UA355"},{"day":5,"utc":"10:04:00","flight":"UA868"},{"day":6,"utc":"22:58:00","flight":"UA391"},{"day":6,"utc":"17:38:00","flight":"UA990"}],"distance":1471.405129750008}