{"id":53460,"type":"route","airline":"TO","airlineid":"airline_8745","sourceairport":"TLV","destinationairport":"ORY","stops":0,"equipment":"73H","schedule":[{"day":0,"utc":"04:49:00","flight":"TO944"},{"day":0,"utc":"19:39:00","flight":"TO829"},{"day":1,"utc":"18:05:00","flight":"TO818"},{"day":1,"utc":"14:59:00","flight":"TO868"},{"day":1,"utc":"06:36:00","flight":"TO139"},{"day":1,"utc":"22:43:00","flight":"TO758"},{"day":1,"utc":"02:42:00","flight":"TO930"},{"day":2,"utc":"20:13:00","flight":"TO035"},{"day":2,"utc":"03:05:00","flight":"TO166"},{"day":2,"utc":"21:17:00","flight":"TO786"},{"day":2,"utc":"23:01:00","flight":"TO125"},{"day":3,"utc":"10:42:00","flight":"TO036"},{"day":3,"utc":"11:06:00","flight":"TO056"},{"day":3,"utc":"19:00:00","flight":"TO649"},{"day":3,"utc":"03:03:00","flight":"TO914"},{"day":4,"utc":"03:38:00","flight":"TO233"},{"day":4,"utc":"00:02:00","flight":"TO368"},{"day":5,"utc":"20:26:00","flight":"TO764"},{"day":5,"utc":"23:57:00","flight":"TO121"},{"day":5,"utc":"14:34:00","flight":"TO037"},{"day":6,"utc":"00:44:00","flight":"TO683"}],"distance":3284.7331148498442}