{"id":9943,"type":"route","airline":"AF","airlineid":"airline_137","sourceairport":"SHE","destinationairport":"CAN","stops":0,"equipment":"320","schedule":[{"day":0,"utc":"23:05:00","flight":"AF092"},{"day":0,"utc":"07:10:00","flight":"AF040"},{"day":0,"utc":"20:09:00","flight":"AF599"},{"day":0,"utc":"07:43:00","flight":"AF961"},{"day":1,"utc":"19:16:00","flight":"AF134"},{"day":1,"utc":"08:05:00","flight":"AF303"},{"day":1,"utc":"03:48:00","flight":"AF245"},{"day":2,"utc":"01:19:00","flight":"AF821"},{"day":2,"utc":"05:44:00","flight":"AF449"},{"day":2,"utc":"13:38:00","flight":"AF017"},{"day":3,"utc":"16:48:00","flight":"AF337"},{"day":3,"utc":"04:57:00","flight":"AF658"},{"day":3,"utc":"16:19:00","flight":"AF706"},{"day":3,"utc":"14:02:00","flight":"AF660"},{"day":3,"utc":"13:42:00","flight":"AF749"},{"day":4,"utc":"01:15:00","flight":"AF055"},{"day":4,"utc":"01:28:00","flight":"AF153"},{"day":5,"utc":"15:59:00","flight":"AF079"},{"day":5,"utc":"20:42:00","flight":"AF954"},{"day":5,"utc":"03:41:00","flight":"AF492"},{"day":5,"utc":"14:22:00","flight":"AF078"},{"day":5,"utc":"09:38:00","flight":"AF555"},{"day":6,"utc":"00:15:00","flight":"AF523"},{"day":6,"utc":"00:49:00","flight":"AF839"},{"day":6,"utc":"20:00:00","flight":"AF970"}],"distance":2205.682127669382}