{"id":59177,"type":"route","airline":"US","airlineid":"airline_5265","sourceairport":"DFW","destinationairport":"TLH","stops":0,"equipment":"ER4 ERD","schedule":[{"day":0,"utc":"12:08:00","flight":"US419"},{"day":0,"utc":"03:47:00","flight":"US984"},{"day":0,"utc":"18:25:00","flight":"US814"},{"day":0,"utc":"14:50:00","flight":"US008"},{"day":1,"utc":"05:52:00","flight":"US299"},{"day":2,"utc":"02:05:00","flight":"US660"},{"day":3,"utc":"05:20:00","flight":"US034"},{"day":4,"utc":"03:19:00","flight":"US609"},{"day":4,"utc":"20:37:00","flight":"US385"},{"day":5,"utc":"21:36:00","flight":"US043"},{"day":5,"utc":"08:54:00","flight":"US857"},{"day":5,"utc":"04:10:00","flight":"US726"},{"day":5,"utc":"20:32:00","flight":"US772"},{"day":5,"utc":"13:51:00","flight":"US605"},{"day":6,"utc":"18:08:00","flight":"US466"},{"day":6,"utc":"02:13:00","flight":"US411"}],"distance":1231.9169953810786}