{"id":64553,"type":"route","airline":"WN","airlineid":"airline_4547","sourceairport":"TUL","destinationairport":"HOU","stops":0,"equipment":"73W","schedule":[{"day":0,"utc":"10:11:00","flight":"WN915"},{"day":0,"utc":"05:36:00","flight":"WN150"},{"day":0,"utc":"15:05:00","flight":"WN290"},{"day":0,"utc":"01:17:00","flight":"WN185"},{"day":0,"utc":"16:36:00","flight":"WN381"},{"day":1,"utc":"18:13:00","flight":"WN257"},{"day":1,"utc":"23:22:00","flight":"WN896"},{"day":2,"utc":"17:32:00","flight":"WN838"},{"day":2,"utc":"16:39:00","flight":"WN063"},{"day":2,"utc":"04:02:00","flight":"WN607"},{"day":3,"utc":"03:19:00","flight":"WN121"},{"day":3,"utc":"01:34:00","flight":"WN259"},{"day":3,"utc":"06:06:00","flight":"WN410"},{"day":4,"utc":"20:01:00","flight":"WN718"},{"day":4,"utc":"13:06:00","flight":"WN903"},{"day":5,"utc":"11:29:00","flight":"WN506"},{"day":5,"utc":"20:54:00","flight":"WN428"},{"day":5,"utc":"02:23:00","flight":"WN834"},{"day":5,"utc":"10:09:00","flight":"WN842"},{"day":5,"utc":"11:09:00","flight":"WN266"},{"day":6,"utc":"14:35:00","flight":"WN704"},{"day":6,"utc":"05:39:00","flight":"WN963"},{"day":6,"utc":"18:04:00","flight":"WN638"},{"day":6,"utc":"12:41:00","flight":"WN957"}]}