{"id":54968,"type":"route","airline":"U2","airlineid":"airline_2297","sourceairport":"LGW","destinationairport":"LIS","stops":0,"equipment":"319 320","schedule":[{"day":0,"utc":"17:57:00","flight":"U2382"},{"day":0,"utc":"08:13:00","flight":"U2290"},{"day":0,"utc":"10:20:00","flight":"U2042"},{"day":0,"utc":"04:30:00","flight":"U2057"},{"day":0,"utc":"13:12:00","flight":"U2763"},{"day":1,"utc":"19:39:00","flight":"U2221"},{"day":1,"utc":"16:37:00","flight":"U2930"},{"day":1,"utc":"07:55:00","flight":"U2533"},{"day":1,"utc":"03:34:00","flight":"U2042"},{"day":1,"utc":"03:54:00","flight":"U2900"},{"day":2,"utc":"15:41:00","flight":"U2109"},{"day":2,"utc":"11:28:00","flight":"U2078"},{"day":3,"utc":"23:46:00","flight":"U2451"},{"day":3,"utc":"22:18:00","flight":"U2022"},{"day":3,"utc":"22:36:00","flight":"U2101"},{"day":3,"utc":"20:24:00","flight":"U2092"},{"day":3,"utc":"09:41:00","flight":"U2263"},{"day":4,"utc":"20:06:00","flight":"U2304"},{"day":4,"utc":"14:02:00","flight":"U2178"},{"day":4,"utc":"13:40:00","flight":"U2470"},{"day":4,"utc":"03:58:00","flight":"U2180"},{"day":5,"utc":"12:46:00","flight":"U2383"},{"day":6,"utc":"11:00:00","flight":"U2902"},{"day":6,"utc":"08:58:00","flight":"U2378"},{"day":6,"utc":"07:04:00","flight":"U2417"},{"day":6,"utc":"01:53:00","flight":"U2812"}],"distance":1542.103699323988}