{"id":54680,"type":"route","airline":"U2","airlineid":"airline_2297","sourceairport":"CPH","destinationairport":"MXP","stops":0,"equipment":"319","schedule":[{"day":0,"utc":"23:26:00","flight":"U2596"},{"day":0,"utc":"09:38:00","flight":"U2406"},{"day":0,"utc":"09:10:00","flight":"U2403"},{"day":0,"utc":"15:51:00","flight":"U2700"},{"day":0,"utc":"14:36:00","flight":"U2200"},{"day":1,"utc":"01:49:00","flight":"U2412"},{"day":1,"utc":"05:38:00","flight":"U2226"},{"day":1,"utc":"03:56:00","flight":"U2074"},{"day":1,"utc":"17:34:00","flight":"U2585"},{"day":1,"utc":"13:22:00","flight":"U2272"},{"day":2,"utc":"05:36:00","flight":"U2323"},{"day":2,"utc":"16:55:00","flight":"U2162"},{"day":2,"utc":"07:29:00","flight":"U2122"},{"day":2,"utc":"20:24:00","flight":"U2254"},{"day":2,"utc":"13:59:00","flight":"U2822"},{"day":3,"utc":"19:18:00","flight":"U2336"},{"day":3,"utc":"12:26:00","flight":"U2793"},{"day":3,"utc":"09:01:00","flight":"U2697"},{"day":3,"utc":"22:31:00","flight":"U2700"},{"day":3,"utc":"00:14:00","flight":"U2438"},{"day":4,"utc":"01:12:00","flight":"U2515"},{"day":5,"utc":"18:06:00","flight":"U2917"},{"day":5,"utc":"11:44:00","flight":"U2767"},{"day":6,"utc":"18:44:00","flight":"U2664"},{"day":6,"utc":"14:42:00","flight":"U2817"}],"distance":1144.1104602007113}