{"id":3636,"type":"route","airline":"9K","airlineid":"airline_1629","sourceairport":"EWB","destinationairport":"ACK","stops":0,"equipment":"CNA","schedule":[{"day":0,"utc":"15:50:00","flight":"9K718"},{"day":0,"utc":"11:17:00","flight":"9K549"},{"day":0,"utc":"07:30:00","flight":"9K060"},{"day":0,"utc":"00:23:00","flight":"9K611"},{"day":1,"utc":"01:11:00","flight":"9K279"},{"day":2,"utc":"00:32:00","flight":"9K949"},{"day":2,"utc":"16:15:00","flight":"9K503"},{"day":3,"utc":"00:15:00","flight":"9K555"},{"day":3,"utc":"02:22:00","flight":"9K280"},{"day":3,"utc":"12:25:00","flight":"9K748"},{"day":3,"utc":"15:45:00","flight":"9K739"},{"day":3,"utc":"10:53:00","flight":"9K129"},{"day":4,"utc":"13:29:00","flight":"9K846"},{"day":4,"utc":"02:57:00","flight":"9K661"},{"day":4,"utc":"05:54:00","flight":"9K777"},{"day":4,"utc":"12:35:00","flight":"9K523"},{"day":4,"utc":"00:58:00","flight":"9K536"},{"day":5,"utc":"02:09:00","flight":"9K482"},{"day":6,"utc":"02:44:00","flight":"9K218"},{"day":6,"utc":"06:43:00","flight":"9K653"}],"distance":88.29336655168295}