{"id":58594,"type":"route","airline":"US","airlineid":"airline_5265","sourceairport":"ANC","destinationairport":"PHX","stops":0,"equipment":"319 320","schedule":[{"day":0,"utc":"15:26:00","flight":"US100"},{"day":0,"utc":"23:18:00","flight":"US092"},{"day":0,"utc":"06:04:00","flight":"US846"},{"day":0,"utc":"00:38:00","flight":"US304"},{"day":0,"utc":"20:51:00","flight":"US553"},{"day":1,"utc":"02:06:00","flight":"US560"},{"day":1,"utc":"20:03:00","flight":"US855"},{"day":1,"utc":"17:44:00","flight":"US188"},{"day":1,"utc":"10:26:00","flight":"US747"},{"day":2,"utc":"11:28:00","flight":"US307"},{"day":3,"utc":"05:04:00","flight":"US321"},{"day":3,"utc":"03:15:00","flight":"US696"},{"day":3,"utc":"14:17:00","flight":"US208"},{"day":3,"utc":"14:53:00","flight":"US923"},{"day":3,"utc":"15:27:00","flight":"US134"},{"day":4,"utc":"15:16:00","flight":"US991"},{"day":4,"utc":"09:59:00","flight":"US134"},{"day":4,"utc":"16:00:00","flight":"US121"},{"day":4,"utc":"17:53:00","flight":"US820"},{"day":5,"utc":"20:32:00","flight":"US032"},{"day":5,"utc":"03:13:00","flight":"US236"},{"day":5,"utc":"04:28:00","flight":"US076"},{"day":5,"utc":"10:28:00","flight":"US383"},{"day":6,"utc":"21:28:00","flight":"US983"},{"day":6,"utc":"16:16:00","flight":"US718"},{"day":6,"utc":"23:46:00","flight":"US788"},{"day":6,"utc":"15:36:00","flight":"US966"}],"distance":4101.46405917856}