{"id":6250,"type":"route","airline":"AA","airlineid":"airline_24","sourceairport":"ORD","destinationairport":"CUN","stops":0,"equipment":"738","schedule":[{"day":0,"utc":"17:53:00","flight":"AA455"},{"day":0,"utc":"12:40:00","flight":"AA193"},{"day":0,"utc":"13:21:00","flight":"AA454"},{"day":0,"utc":"00:04:00","flight":"AA612"},{"day":0,"utc":"08:21:00","flight":"AA582"},{"day":1,"utc":"13:37:00","flight":"AA397"},{"day":1,"utc":"02:39:00","flight":"AA276"},{"day":1,"utc":"09:42:00","flight":"AA603"},{"day":1,"utc":"08:29:00","flight":"AA971"},{"day":2,"utc":"09:02:00","flight":"AA616"},{"day":2,"utc":"10:37:00","flight":"AA091"},{"day":3,"utc":"22:57:00","flight":"AA911"},{"day":3,"utc":"04:43:00","flight":"AA241"},{"day":4,"utc":"07:58:00","flight":"AA294"},{"day":4,"utc":"23:57:00","flight":"AA364"},{"day":5,"utc":"07:40:00","flight":"AA726"},{"day":5,"utc":"15:44:00","flight":"AA535"},{"day":6,"utc":"21:27:00","flight":"AA390"}],"distance":2330.6413677752407}