{"id":59412,"type":"route","airline":"US","airlineid":"airline_5265","sourceairport":"JAX","destinationairport":"PHL","stops":0,"equipment":"E90","schedule":[{"day":0,"utc":"15:36:00","flight":"US860"},{"day":1,"utc":"04:00:00","flight":"US928"},{"day":1,"utc":"20:22:00","flight":"US568"},{"day":2,"utc":"15:01:00","flight":"US951"},{"day":2,"utc":"02:56:00","flight":"US472"},{"day":2,"utc":"16:30:00","flight":"US181"},{"day":3,"utc":"11:39:00","flight":"US999"},{"day":3,"utc":"11:14:00","flight":"US667"},{"day":3,"utc":"00:14:00","flight":"US964"},{"day":4,"utc":"13:23:00","flight":"US160"},{"day":4,"utc":"20:25:00","flight":"US245"},{"day":5,"utc":"22:50:00","flight":"US367"},{"day":6,"utc":"13:01:00","flight":"US116"},{"day":6,"utc":"20:20:00","flight":"US762"},{"day":6,"utc":"07:19:00","flight":"US213"},{"day":6,"utc":"08:34:00","flight":"US273"},{"day":6,"utc":"20:26:00","flight":"US494"}],"distance":1195.243882038972}