{"id":53460,"type":"route","airline":"TO","airlineid":"airline_8745","sourceairport":"TLV","destinationairport":"ORY","stops":0,"equipment":"73H","schedule":[{"day":0,"utc":"21:02:00","flight":"TO073"},{"day":0,"utc":"02:26:00","flight":"TO073"},{"day":1,"utc":"15:08:00","flight":"TO589"},{"day":1,"utc":"05:02:00","flight":"TO181"},{"day":1,"utc":"04:12:00","flight":"TO372"},{"day":1,"utc":"18:37:00","flight":"TO697"},{"day":1,"utc":"04:44:00","flight":"TO175"},{"day":2,"utc":"23:30:00","flight":"TO238"},{"day":2,"utc":"01:14:00","flight":"TO786"},{"day":2,"utc":"03:55:00","flight":"TO429"},{"day":3,"utc":"16:24:00","flight":"TO892"},{"day":3,"utc":"15:19:00","flight":"TO479"},{"day":3,"utc":"11:08:00","flight":"TO788"},{"day":4,"utc":"15:52:00","flight":"TO573"},{"day":4,"utc":"17:33:00","flight":"TO237"},{"day":4,"utc":"12:11:00","flight":"TO824"},{"day":4,"utc":"09:32:00","flight":"TO356"},{"day":5,"utc":"14:46:00","flight":"TO869"},{"day":5,"utc":"17:33:00","flight":"TO932"},{"day":5,"utc":"15:13:00","flight":"TO465"},{"day":6,"utc":"18:33:00","flight":"TO992"},{"day":6,"utc":"01:36:00","flight":"TO085"}],"distance":3284.7331148498442}