{"id":14889,"type":"route","airline":"BA","airlineid":"airline_1355","sourceairport":"RDU","destinationairport":"LHR","stops":0,"equipment":"763","schedule":[{"day":0,"utc":"09:04:00","flight":"BA004"},{"day":0,"utc":"02:02:00","flight":"BA562"},{"day":0,"utc":"09:00:00","flight":"BA705"},{"day":1,"utc":"12:53:00","flight":"BA558"},{"day":1,"utc":"06:21:00","flight":"BA001"},{"day":1,"utc":"04:01:00","flight":"BA177"},{"day":1,"utc":"12:48:00","flight":"BA647"},{"day":2,"utc":"07:41:00","flight":"BA968"},{"day":2,"utc":"23:07:00","flight":"BA660"},{"day":2,"utc":"13:50:00","flight":"BA120"},{"day":2,"utc":"07:55:00","flight":"BA412"},{"day":3,"utc":"14:04:00","flight":"BA965"},{"day":3,"utc":"09:48:00","flight":"BA554"},{"day":3,"utc":"20:50:00","flight":"BA618"},{"day":3,"utc":"19:03:00","flight":"BA565"},{"day":3,"utc":"19:52:00","flight":"BA411"},{"day":4,"utc":"10:13:00","flight":"BA423"},{"day":4,"utc":"13:40:00","flight":"BA963"},{"day":5,"utc":"01:31:00","flight":"BA067"},{"day":5,"utc":"16:55:00","flight":"BA414"},{"day":5,"utc":"21:07:00","flight":"BA882"},{"day":5,"utc":"00:34:00","flight":"BA328"},{"day":6,"utc":"05:00:00","flight":"BA398"},{"day":6,"utc":"00:42:00","flight":"BA824"},{"day":6,"utc":"22:48:00","flight":"BA915"},{"day":6,"utc":"14:14:00","flight":"BA630"}]}