{"id":43466,"type":"route","airline":"NK","airlineid":"airline_4687","sourceairport":"LAS","destinationairport":"SAN","stops":0,"equipment":"320 319","schedule":[{"day":0,"utc":"05:01:00","flight":"NK508"},{"day":0,"utc":"17:58:00","flight":"NK584"},{"day":0,"utc":"05:48:00","flight":"NK763"},{"day":0,"utc":"21:08:00","flight":"NK968"},{"day":1,"utc":"17:21:00","flight":"NK581"},{"day":2,"utc":"15:45:00","flight":"NK610"},{"day":2,"utc":"17:44:00","flight":"NK431"},{"day":2,"utc":"01:01:00","flight":"NK952"},{"day":2,"utc":"15:37:00","flight":"NK567"},{"day":3,"utc":"17:41:00","flight":"NK611"},{"day":3,"utc":"14:16:00","flight":"NK765"},{"day":3,"utc":"12:40:00","flight":"NK216"},{"day":4,"utc":"12:16:00","flight":"NK817"},{"day":4,"utc":"22:39:00","flight":"NK384"},{"day":4,"utc":"07:08:00","flight":"NK587"},{"day":4,"utc":"04:21:00","flight":"NK893"},{"day":4,"utc":"06:56:00","flight":"NK267"},{"day":5,"utc":"05:56:00","flight":"NK859"},{"day":6,"utc":"16:58:00","flight":"NK609"},{"day":6,"utc":"21:37:00","flight":"NK245"}],"distance":416.39005859202024}