{"id":61762,"type":"route","airline":"VS","airlineid":"airline_5347","sourceairport":"LGW","destinationairport":"UVF","stops":0,"equipment":"333","schedule":[{"day":0,"utc":"21:05:00","flight":"VS875"},{"day":0,"utc":"22:11:00","flight":"VS367"},{"day":0,"utc":"20:59:00","flight":"VS511"},{"day":0,"utc":"17:11:00","flight":"VS748"},{"day":1,"utc":"00:47:00","flight":"VS794"},{"day":1,"utc":"12:49:00","flight":"VS405"},{"day":1,"utc":"12:49:00","flight":"VS496"},{"day":1,"utc":"01:07:00","flight":"VS989"},{"day":1,"utc":"20:34:00","flight":"VS062"},{"day":2,"utc":"03:21:00","flight":"VS039"},{"day":2,"utc":"12:11:00","flight":"VS051"},{"day":2,"utc":"15:13:00","flight":"VS893"},{"day":2,"utc":"07:50:00","flight":"VS507"},{"day":2,"utc":"12:14:00","flight":"VS664"},{"day":3,"utc":"18:52:00","flight":"VS399"},{"day":3,"utc":"08:05:00","flight":"VS296"},{"day":3,"utc":"11:16:00","flight":"VS256"},{"day":3,"utc":"17:54:00","flight":"VS897"},{"day":4,"utc":"09:53:00","flight":"VS378"},{"day":4,"utc":"01:03:00","flight":"VS304"},{"day":5,"utc":"02:32:00","flight":"VS574"},{"day":5,"utc":"17:25:00","flight":"VS812"},{"day":5,"utc":"23:12:00","flight":"VS475"},{"day":5,"utc":"00:32:00","flight":"VS373"},{"day":5,"utc":"14:09:00","flight":"VS839"},{"day":6,"utc":"02:17:00","flight":"VS042"}],"distance":6799.55254660854}