{"id":20394,"type":"route","airline":"DL","airlineid":"airline_2009","sourceairport":"CAN","destinationairport":"LAX","stops":0,"equipment":"380","schedule":[{"day":0,"utc":"09:30:00","flight":"DL397"},{"day":0,"utc":"03:05:00","flight":"DL209"},{"day":0,"utc":"20:25:00","flight":"DL341"},{"day":0,"utc":"13:05:00","flight":"DL324"},{"day":0,"utc":"06:55:00","flight":"DL074"},{"day":1,"utc":"05:14:00","flight":"DL262"},{"day":1,"utc":"15:01:00","flight":"DL886"},{"day":1,"utc":"17:26:00","flight":"DL989"},{"day":1,"utc":"16:37:00","flight":"DL295"},{"day":2,"utc":"09:58:00","flight":"DL515"},{"day":2,"utc":"12:06:00","flight":"DL272"},{"day":2,"utc":"10:11:00","flight":"DL302"},{"day":2,"utc":"14:08:00","flight":"DL979"},{"day":3,"utc":"19:45:00","flight":"DL440"},{"day":3,"utc":"08:48:00","flight":"DL115"},{"day":4,"utc":"15:37:00","flight":"DL241"},{"day":4,"utc":"15:05:00","flight":"DL530"},{"day":4,"utc":"20:29:00","flight":"DL938"},{"day":5,"utc":"13:02:00","flight":"DL583"},{"day":6,"utc":"19:49:00","flight":"DL270"},{"day":6,"utc":"00:55:00","flight":"DL179"},{"day":6,"utc":"06:07:00","flight":"DL889"},{"day":6,"utc":"06:37:00","flight":"DL237"}],"distance":11618.360537939538}