{"id":20361,"type":"route","airline":"DL","airlineid":"airline_2009","sourceairport":"BRD","destinationairport":"MSP","stops":0,"equipment":"CRJ","schedule":[{"day":0,"utc":"14:54:00","flight":"DL719"},{"day":0,"utc":"06:18:00","flight":"DL945"},{"day":0,"utc":"04:45:00","flight":"DL127"},{"day":0,"utc":"16:45:00","flight":"DL005"},{"day":1,"utc":"09:11:00","flight":"DL652"},{"day":1,"utc":"17:46:00","flight":"DL103"},{"day":1,"utc":"20:46:00","flight":"DL201"},{"day":1,"utc":"21:47:00","flight":"DL884"},{"day":2,"utc":"11:55:00","flight":"DL472"},{"day":3,"utc":"20:10:00","flight":"DL970"},{"day":4,"utc":"08:06:00","flight":"DL753"},{"day":4,"utc":"04:37:00","flight":"DL282"},{"day":5,"utc":"06:37:00","flight":"DL707"},{"day":5,"utc":"09:14:00","flight":"DL490"},{"day":5,"utc":"02:23:00","flight":"DL437"},{"day":5,"utc":"08:33:00","flight":"DL083"},{"day":5,"utc":"05:55:00","flight":"DL669"},{"day":6,"utc":"09:16:00","flight":"DL488"},{"day":6,"utc":"22:19:00","flight":"DL554"},{"day":6,"utc":"13:31:00","flight":"DL523"},{"day":6,"utc":"02:52:00","flight":"DL843"}]}