{"id":11765,"type":"route","airline":"AS","airlineid":"airline_439","sourceairport":"MFR","destinationairport":"PDX","stops":0,"equipment":"DH4","schedule":[{"day":0,"utc":"03:31:00","flight":"AS058"},{"day":0,"utc":"07:52:00","flight":"AS826"},{"day":0,"utc":"11:14:00","flight":"AS485"},{"day":1,"utc":"05:43:00","flight":"AS089"},{"day":1,"utc":"01:53:00","flight":"AS740"},{"day":1,"utc":"11:41:00","flight":"AS875"},{"day":1,"utc":"16:48:00","flight":"AS858"},{"day":2,"utc":"18:49:00","flight":"AS538"},{"day":2,"utc":"20:01:00","flight":"AS164"},{"day":3,"utc":"17:21:00","flight":"AS324"},{"day":3,"utc":"04:21:00","flight":"AS063"},{"day":3,"utc":"07:33:00","flight":"AS638"},{"day":3,"utc":"03:03:00","flight":"AS988"},{"day":4,"utc":"07:54:00","flight":"AS062"},{"day":5,"utc":"21:00:00","flight":"AS127"},{"day":5,"utc":"04:18:00","flight":"AS739"},{"day":5,"utc":"21:03:00","flight":"AS811"},{"day":5,"utc":"22:30:00","flight":"AS843"},{"day":6,"utc":"15:06:00","flight":"AS191"},{"day":6,"utc":"05:19:00","flight":"AS380"},{"day":6,"utc":"18:07:00","flight":"AS411"}],"distance":358.1162777090122}