{"id":49840,"type":"route","airline":"SK","airlineid":"airline_4319","sourceairport":"CDG","destinationairport":"ARN","stops":0,"equipment":"73H 73G 736 73W 717","schedule":[{"day":0,"utc":"05:30:00","flight":"SK941"},{"day":0,"utc":"09:56:00","flight":"SK647"},{"day":0,"utc":"01:44:00","flight":"SK911"},{"day":0,"utc":"03:56:00","flight":"SK556"},{"day":0,"utc":"20:43:00","flight":"SK037"},{"day":1,"utc":"22:04:00","flight":"SK620"},{"day":2,"utc":"19:26:00","flight":"SK901"},{"day":2,"utc":"05:42:00","flight":"SK496"},{"day":2,"utc":"03:23:00","flight":"SK325"},{"day":2,"utc":"07:46:00","flight":"SK926"},{"day":2,"utc":"16:40:00","flight":"SK190"},{"day":3,"utc":"04:04:00","flight":"SK509"},{"day":3,"utc":"05:53:00","flight":"SK137"},{"day":4,"utc":"14:46:00","flight":"SK626"},{"day":4,"utc":"13:57:00","flight":"SK847"},{"day":4,"utc":"08:43:00","flight":"SK028"},{"day":5,"utc":"12:10:00","flight":"SK604"},{"day":5,"utc":"20:46:00","flight":"SK191"},{"day":5,"utc":"14:49:00","flight":"SK220"},{"day":6,"utc":"09:49:00","flight":"SK997"},{"day":6,"utc":"05:53:00","flight":"SK494"},{"day":6,"utc":"23:15:00","flight":"SK837"},{"day":6,"utc":"04:42:00","flight":"SK787"}],"distance":1539.161263568401}