{"id":55010,"type":"route","airline":"U2","airlineid":"airline_2297","sourceairport":"LGW","destinationairport":"ZAG","stops":0,"equipment":"319","schedule":[{"day":0,"utc":"09:21:00","flight":"U2237"},{"day":0,"utc":"19:44:00","flight":"U2811"},{"day":0,"utc":"19:22:00","flight":"U2354"},{"day":0,"utc":"21:57:00","flight":"U2597"},{"day":0,"utc":"19:21:00","flight":"U2772"},{"day":1,"utc":"14:47:00","flight":"U2305"},{"day":1,"utc":"10:03:00","flight":"U2475"},{"day":1,"utc":"03:32:00","flight":"U2679"},{"day":1,"utc":"14:10:00","flight":"U2613"},{"day":1,"utc":"23:23:00","flight":"U2549"},{"day":2,"utc":"14:39:00","flight":"U2553"},{"day":2,"utc":"11:10:00","flight":"U2192"},{"day":2,"utc":"06:49:00","flight":"U2014"},{"day":2,"utc":"22:31:00","flight":"U2727"},{"day":3,"utc":"11:06:00","flight":"U2644"},{"day":3,"utc":"13:05:00","flight":"U2491"},{"day":3,"utc":"22:12:00","flight":"U2348"},{"day":3,"utc":"00:15:00","flight":"U2332"},{"day":3,"utc":"06:49:00","flight":"U2181"},{"day":4,"utc":"22:44:00","flight":"U2958"},{"day":5,"utc":"05:14:00","flight":"U2729"},{"day":5,"utc":"06:04:00","flight":"U2621"},{"day":5,"utc":"06:01:00","flight":"U2003"},{"day":6,"utc":"07:49:00","flight":"U2163"},{"day":6,"utc":"08:36:00","flight":"U2129"}],"distance":1337.4934301695603}