{"id":37017,"type":"route","airline":"KM","airlineid":"airline_242","sourceairport":"MAN","destinationairport":"MLA","stops":0,"equipment":"320","schedule":[{"day":0,"utc":"17:54:00","flight":"KM365"},{"day":0,"utc":"13:07:00","flight":"KM830"},{"day":1,"utc":"22:07:00","flight":"KM791"},{"day":1,"utc":"03:36:00","flight":"KM999"},{"day":1,"utc":"02:24:00","flight":"KM773"},{"day":1,"utc":"16:47:00","flight":"KM259"},{"day":2,"utc":"21:50:00","flight":"KM569"},{"day":2,"utc":"22:39:00","flight":"KM441"},{"day":3,"utc":"15:38:00","flight":"KM805"},{"day":3,"utc":"06:27:00","flight":"KM839"},{"day":3,"utc":"11:21:00","flight":"KM146"},{"day":3,"utc":"09:44:00","flight":"KM052"},{"day":4,"utc":"22:28:00","flight":"KM185"},{"day":4,"utc":"05:44:00","flight":"KM851"},{"day":4,"utc":"23:30:00","flight":"KM363"},{"day":4,"utc":"15:00:00","flight":"KM877"},{"day":5,"utc":"19:13:00","flight":"KM601"},{"day":5,"utc":"15:30:00","flight":"KM984"},{"day":5,"utc":"19:07:00","flight":"KM347"},{"day":5,"utc":"23:22:00","flight":"KM546"},{"day":5,"utc":"15:28:00","flight":"KM304"},{"day":6,"utc":"13:37:00","flight":"KM541"}],"distance":2341.74493314971}