{"id":36408,"type":"route","airline":"KL","airlineid":"airline_3090","sourceairport":"ATL","destinationairport":"MEM","stops":0,"equipment":"M88","schedule":[{"day":0,"utc":"04:09:00","flight":"KL356"},{"day":0,"utc":"17:07:00","flight":"KL195"},{"day":1,"utc":"17:17:00","flight":"KL680"},{"day":1,"utc":"17:48:00","flight":"KL514"},{"day":2,"utc":"12:16:00","flight":"KL298"},{"day":2,"utc":"14:33:00","flight":"KL439"},{"day":3,"utc":"02:43:00","flight":"KL196"},{"day":3,"utc":"08:08:00","flight":"KL343"},{"day":3,"utc":"21:14:00","flight":"KL995"},{"day":3,"utc":"09:07:00","flight":"KL990"},{"day":4,"utc":"20:39:00","flight":"KL887"},{"day":5,"utc":"22:56:00","flight":"KL818"},{"day":5,"utc":"00:21:00","flight":"KL976"},{"day":5,"utc":"01:30:00","flight":"KL270"},{"day":5,"utc":"15:03:00","flight":"KL175"},{"day":6,"utc":"07:42:00","flight":"KL711"}],"distance":532.7924460921968}