{"id":28217,"type":"route","airline":"FR","airlineid":"airline_4296","sourceairport":"WMI","destinationairport":"BRS","stops":0,"equipment":"738","schedule":[{"day":0,"utc":"04:14:00","flight":"FR009"},{"day":0,"utc":"18:18:00","flight":"FR587"},{"day":0,"utc":"04:32:00","flight":"FR366"},{"day":0,"utc":"07:35:00","flight":"FR058"},{"day":0,"utc":"06:17:00","flight":"FR192"},{"day":1,"utc":"15:43:00","flight":"FR239"},{"day":1,"utc":"20:30:00","flight":"FR306"},{"day":2,"utc":"21:30:00","flight":"FR603"},{"day":2,"utc":"12:37:00","flight":"FR987"},{"day":3,"utc":"05:41:00","flight":"FR230"},{"day":3,"utc":"13:18:00","flight":"FR910"},{"day":3,"utc":"10:06:00","flight":"FR512"},{"day":3,"utc":"00:52:00","flight":"FR144"},{"day":4,"utc":"06:39:00","flight":"FR883"},{"day":4,"utc":"14:14:00","flight":"FR863"},{"day":4,"utc":"14:45:00","flight":"FR312"},{"day":4,"utc":"09:07:00","flight":"FR390"},{"day":4,"utc":"21:19:00","flight":"FR728"},{"day":5,"utc":"10:41:00","flight":"FR145"},{"day":5,"utc":"21:56:00","flight":"FR344"},{"day":6,"utc":"07:01:00","flight":"FR039"},{"day":6,"utc":"10:19:00","flight":"FR135"},{"day":6,"utc":"21:10:00","flight":"FR752"}],"distance":1600.2543964282645}