{"id":63717,"type":"route","airline":"WN","airlineid":"airline_4547","sourceairport":"DEN","destinationairport":"GRR","stops":0,"equipment":"73W","schedule":[{"day":0,"utc":"12:08:00","flight":"WN765"},{"day":0,"utc":"02:04:00","flight":"WN110"},{"day":0,"utc":"03:46:00","flight":"WN808"},{"day":1,"utc":"23:13:00","flight":"WN150"},{"day":2,"utc":"14:16:00","flight":"WN537"},{"day":3,"utc":"22:46:00","flight":"WN920"},{"day":3,"utc":"05:28:00","flight":"WN751"},{"day":4,"utc":"02:53:00","flight":"WN380"},{"day":4,"utc":"12:39:00","flight":"WN795"},{"day":4,"utc":"10:47:00","flight":"WN526"},{"day":4,"utc":"23:54:00","flight":"WN893"},{"day":4,"utc":"17:55:00","flight":"WN248"},{"day":5,"utc":"10:22:00","flight":"WN463"},{"day":5,"utc":"22:25:00","flight":"WN404"},{"day":5,"utc":"13:03:00","flight":"WN242"},{"day":5,"utc":"18:16:00","flight":"WN075"},{"day":6,"utc":"09:24:00","flight":"WN179"}]}