{"id":63579,"type":"route","airline":"WN","airlineid":"airline_4547","sourceairport":"BUR","destinationairport":"DEN","stops":0,"equipment":"73W","schedule":[{"day":0,"utc":"07:33:00","flight":"WN886"},{"day":1,"utc":"20:18:00","flight":"WN886"},{"day":2,"utc":"15:44:00","flight":"WN213"},{"day":2,"utc":"09:35:00","flight":"WN805"},{"day":2,"utc":"03:07:00","flight":"WN835"},{"day":3,"utc":"14:43:00","flight":"WN455"},{"day":3,"utc":"15:49:00","flight":"WN702"},{"day":3,"utc":"17:15:00","flight":"WN759"},{"day":3,"utc":"10:06:00","flight":"WN884"},{"day":4,"utc":"19:45:00","flight":"WN254"},{"day":4,"utc":"22:12:00","flight":"WN629"},{"day":4,"utc":"10:25:00","flight":"WN583"},{"day":5,"utc":"05:32:00","flight":"WN559"},{"day":5,"utc":"00:36:00","flight":"WN890"},{"day":5,"utc":"11:18:00","flight":"WN902"},{"day":5,"utc":"22:47:00","flight":"WN099"},{"day":6,"utc":"17:05:00","flight":"WN618"},{"day":6,"utc":"02:16:00","flight":"WN913"},{"day":6,"utc":"16:19:00","flight":"WN195"}],"distance":1366.1056197603727}