{"id":63667,"type":"route","airline":"WN","airlineid":"airline_4547","sourceairport":"CMH","destinationairport":"TPA","stops":0,"equipment":"73C 73W 733","schedule":[{"day":0,"utc":"21:09:00","flight":"WN149"},{"day":1,"utc":"05:08:00","flight":"WN715"},{"day":1,"utc":"00:36:00","flight":"WN478"},{"day":1,"utc":"04:14:00","flight":"WN208"},{"day":1,"utc":"04:21:00","flight":"WN762"},{"day":1,"utc":"04:33:00","flight":"WN047"},{"day":2,"utc":"07:46:00","flight":"WN646"},{"day":2,"utc":"23:55:00","flight":"WN178"},{"day":2,"utc":"03:00:00","flight":"WN135"},{"day":3,"utc":"15:13:00","flight":"WN681"},{"day":3,"utc":"10:35:00","flight":"WN565"},{"day":3,"utc":"11:23:00","flight":"WN072"},{"day":3,"utc":"17:26:00","flight":"WN445"},{"day":4,"utc":"17:11:00","flight":"WN309"},{"day":4,"utc":"20:05:00","flight":"WN832"},{"day":4,"utc":"17:01:00","flight":"WN631"},{"day":4,"utc":"06:38:00","flight":"WN940"},{"day":5,"utc":"11:55:00","flight":"WN003"},{"day":5,"utc":"12:32:00","flight":"WN207"},{"day":6,"utc":"12:33:00","flight":"WN310"},{"day":6,"utc":"07:30:00","flight":"WN777"}],"distance":1337.2463285305732}