{"id":50626,"type":"route","airline":"SS","airlineid":"airline_1908","sourceairport":"ABJ","destinationairport":"ORY","stops":0,"equipment":"333","schedule":[{"day":0,"utc":"19:46:00","flight":"SS078"},{"day":0,"utc":"14:55:00","flight":"SS571"},{"day":0,"utc":"05:04:00","flight":"SS393"},{"day":1,"utc":"14:06:00","flight":"SS960"},{"day":2,"utc":"14:38:00","flight":"SS369"},{"day":2,"utc":"08:16:00","flight":"SS640"},{"day":2,"utc":"09:36:00","flight":"SS326"},{"day":2,"utc":"22:13:00","flight":"SS008"},{"day":2,"utc":"02:09:00","flight":"SS953"},{"day":3,"utc":"19:49:00","flight":"SS493"},{"day":3,"utc":"17:22:00","flight":"SS711"},{"day":3,"utc":"07:21:00","flight":"SS928"},{"day":3,"utc":"11:50:00","flight":"SS453"},{"day":3,"utc":"21:35:00","flight":"SS987"},{"day":4,"utc":"12:05:00","flight":"SS213"},{"day":4,"utc":"14:39:00","flight":"SS386"},{"day":4,"utc":"11:28:00","flight":"SS772"},{"day":4,"utc":"14:08:00","flight":"SS552"},{"day":5,"utc":"15:55:00","flight":"SS095"},{"day":6,"utc":"22:07:00","flight":"SS285"},{"day":6,"utc":"23:52:00","flight":"SS257"},{"day":6,"utc":"02:24:00","flight":"SS343"},{"day":6,"utc":"20:39:00","flight":"SS875"}],"distance":4869.428914132909}