{"id":64166,"type":"route","airline":"WN","airlineid":"airline_4547","sourceairport":"MKE","destinationairport":"STL","stops":0,"equipment":"73W 73C","schedule":[{"day":0,"utc":"21:17:00","flight":"WN618"},{"day":0,"utc":"22:58:00","flight":"WN323"},{"day":0,"utc":"12:55:00","flight":"WN027"},{"day":0,"utc":"16:10:00","flight":"WN779"},{"day":0,"utc":"08:51:00","flight":"WN323"},{"day":1,"utc":"04:27:00","flight":"WN418"},{"day":2,"utc":"03:36:00","flight":"WN884"},{"day":3,"utc":"09:02:00","flight":"WN213"},{"day":3,"utc":"03:26:00","flight":"WN674"},{"day":3,"utc":"16:38:00","flight":"WN020"},{"day":3,"utc":"23:01:00","flight":"WN760"},{"day":3,"utc":"14:27:00","flight":"WN504"},{"day":4,"utc":"00:35:00","flight":"WN311"},{"day":4,"utc":"18:01:00","flight":"WN406"},{"day":4,"utc":"08:18:00","flight":"WN887"},{"day":4,"utc":"12:54:00","flight":"WN952"},{"day":5,"utc":"11:45:00","flight":"WN083"},{"day":5,"utc":"12:09:00","flight":"WN224"},{"day":5,"utc":"06:39:00","flight":"WN679"},{"day":5,"utc":"03:04:00","flight":"WN581"},{"day":5,"utc":"16:03:00","flight":"WN494"},{"day":6,"utc":"00:59:00","flight":"WN040"},{"day":6,"utc":"08:11:00","flight":"WN001"},{"day":6,"utc":"23:11:00","flight":"WN614"},{"day":6,"utc":"21:13:00","flight":"WN409"}]}