{"id":20361,"type":"route","airline":"DL","airlineid":"airline_2009","sourceairport":"BRD","destinationairport":"MSP","stops":0,"equipment":"CRJ","schedule":[{"day":0,"utc":"21:19:00","flight":"DL165"},{"day":0,"utc":"03:55:00","flight":"DL038"},{"day":1,"utc":"01:39:00","flight":"DL676"},{"day":1,"utc":"18:48:00","flight":"DL935"},{"day":1,"utc":"18:52:00","flight":"DL361"},{"day":1,"utc":"00:59:00","flight":"DL038"},{"day":2,"utc":"02:08:00","flight":"DL777"},{"day":3,"utc":"11:46:00","flight":"DL001"},{"day":3,"utc":"13:06:00","flight":"DL152"},{"day":3,"utc":"21:10:00","flight":"DL400"},{"day":3,"utc":"18:58:00","flight":"DL153"},{"day":4,"utc":"17:04:00","flight":"DL183"},{"day":4,"utc":"03:47:00","flight":"DL513"},{"day":5,"utc":"17:17:00","flight":"DL222"},{"day":5,"utc":"07:36:00","flight":"DL758"},{"day":5,"utc":"06:17:00","flight":"DL403"},{"day":5,"utc":"00:23:00","flight":"DL142"},{"day":5,"utc":"19:54:00","flight":"DL129"},{"day":6,"utc":"21:55:00","flight":"DL808"},{"day":6,"utc":"02:57:00","flight":"DL100"},{"day":6,"utc":"01:47:00","flight":"DL351"}],"distance":183.03822721115475}