{"id":24472,"type":"route","airline":"F9","airlineid":"airline_2468","sourceairport":"OMA","destinationairport":"DEN","stops":0,"equipment":"319","schedule":[{"day":0,"utc":"13:53:00","flight":"F9141"},{"day":0,"utc":"00:02:00","flight":"F9104"},{"day":0,"utc":"11:33:00","flight":"F9542"},{"day":1,"utc":"12:40:00","flight":"F9086"},{"day":1,"utc":"03:20:00","flight":"F9886"},{"day":2,"utc":"12:46:00","flight":"F9186"},{"day":2,"utc":"01:16:00","flight":"F9491"},{"day":2,"utc":"00:32:00","flight":"F9922"},{"day":2,"utc":"23:18:00","flight":"F9857"},{"day":3,"utc":"09:03:00","flight":"F9796"},{"day":3,"utc":"18:16:00","flight":"F9582"},{"day":3,"utc":"10:05:00","flight":"F9176"},{"day":3,"utc":"05:45:00","flight":"F9106"},{"day":4,"utc":"04:13:00","flight":"F9933"},{"day":5,"utc":"01:49:00","flight":"F9018"},{"day":5,"utc":"19:29:00","flight":"F9997"},{"day":6,"utc":"20:35:00","flight":"F9598"},{"day":6,"utc":"06:52:00","flight":"F9055"},{"day":6,"utc":"14:24:00","flight":"F9783"}]}