{"id":8379,"type":"route","airline":"AC","airlineid":"airline_330","sourceairport":"YYT","destinationairport":"LHR","stops":0,"equipment":"319","schedule":[{"day":0,"utc":"02:53:00","flight":"AC817"},{"day":0,"utc":"23:11:00","flight":"AC880"},{"day":0,"utc":"17:15:00","flight":"AC786"},{"day":1,"utc":"12:55:00","flight":"AC685"},{"day":2,"utc":"01:49:00","flight":"AC610"},{"day":2,"utc":"21:10:00","flight":"AC503"},{"day":2,"utc":"02:58:00","flight":"AC136"},{"day":3,"utc":"01:07:00","flight":"AC992"},{"day":4,"utc":"20:27:00","flight":"AC032"},{"day":4,"utc":"14:52:00","flight":"AC077"},{"day":4,"utc":"13:22:00","flight":"AC239"},{"day":4,"utc":"02:29:00","flight":"AC462"},{"day":4,"utc":"03:57:00","flight":"AC467"},{"day":5,"utc":"03:10:00","flight":"AC591"},{"day":5,"utc":"01:02:00","flight":"AC895"},{"day":6,"utc":"23:52:00","flight":"AC951"}],"distance":3715.638798578816}