{"id":4792,"type":"route","airline":"AA","airlineid":"airline_24","sourceairport":"BOS","destinationairport":"CLT","stops":0,"equipment":"319 321 320 E90","schedule":[{"day":0,"utc":"01:08:00","flight":"AA548"},{"day":0,"utc":"15:24:00","flight":"AA252"},{"day":0,"utc":"01:32:00","flight":"AA409"},{"day":1,"utc":"14:29:00","flight":"AA632"},{"day":1,"utc":"12:35:00","flight":"AA871"},{"day":2,"utc":"11:50:00","flight":"AA552"},{"day":3,"utc":"17:23:00","flight":"AA876"},{"day":3,"utc":"04:34:00","flight":"AA514"},{"day":4,"utc":"00:13:00","flight":"AA073"},{"day":5,"utc":"07:16:00","flight":"AA301"},{"day":5,"utc":"15:00:00","flight":"AA119"},{"day":5,"utc":"04:08:00","flight":"AA154"},{"day":5,"utc":"14:19:00","flight":"AA627"},{"day":6,"utc":"23:03:00","flight":"AA156"},{"day":6,"utc":"21:51:00","flight":"AA043"},{"day":6,"utc":"04:49:00","flight":"AA997"},{"day":6,"utc":"01:11:00","flight":"AA084"},{"day":6,"utc":"02:33:00","flight":"AA172"}]}