{"id":9658,"type":"route","airline":"AF","airlineid":"airline_137","sourceairport":"LIM","destinationairport":"CDG","stops":0,"equipment":"77W","schedule":[{"day":0,"utc":"09:35:00","flight":"AF260"},{"day":0,"utc":"16:05:00","flight":"AF675"},{"day":0,"utc":"23:10:00","flight":"AF985"},{"day":0,"utc":"23:21:00","flight":"AF600"},{"day":0,"utc":"07:39:00","flight":"AF431"},{"day":1,"utc":"08:41:00","flight":"AF822"},{"day":1,"utc":"06:39:00","flight":"AF821"},{"day":1,"utc":"09:55:00","flight":"AF732"},{"day":1,"utc":"16:44:00","flight":"AF225"},{"day":2,"utc":"10:45:00","flight":"AF613"},{"day":2,"utc":"12:11:00","flight":"AF952"},{"day":2,"utc":"21:52:00","flight":"AF177"},{"day":2,"utc":"12:00:00","flight":"AF605"},{"day":3,"utc":"21:01:00","flight":"AF179"},{"day":3,"utc":"12:13:00","flight":"AF852"},{"day":3,"utc":"10:39:00","flight":"AF834"},{"day":4,"utc":"15:46:00","flight":"AF629"},{"day":5,"utc":"10:14:00","flight":"AF373"},{"day":5,"utc":"11:55:00","flight":"AF053"},{"day":5,"utc":"05:15:00","flight":"AF471"},{"day":5,"utc":"08:39:00","flight":"AF143"},{"day":5,"utc":"06:54:00","flight":"AF022"},{"day":6,"utc":"09:07:00","flight":"AF406"},{"day":6,"utc":"08:43:00","flight":"AF022"},{"day":6,"utc":"20:39:00","flight":"AF553"},{"day":6,"utc":"10:31:00","flight":"AF203"},{"day":6,"utc":"15:31:00","flight":"AF011"}]}