{"id":64628,"type":"route","airline":"WS","airlineid":"airline_5416","sourceairport":"MIA","destinationairport":"YYZ","stops":0,"equipment":"738","schedule":[{"day":0,"utc":"06:07:00","flight":"WS148"},{"day":0,"utc":"16:24:00","flight":"WS172"},{"day":0,"utc":"12:51:00","flight":"WS889"},{"day":0,"utc":"11:48:00","flight":"WS288"},{"day":0,"utc":"00:34:00","flight":"WS181"},{"day":1,"utc":"00:55:00","flight":"WS789"},{"day":2,"utc":"13:37:00","flight":"WS925"},{"day":3,"utc":"10:17:00","flight":"WS044"},{"day":4,"utc":"13:53:00","flight":"WS145"},{"day":4,"utc":"02:48:00","flight":"WS440"},{"day":4,"utc":"23:35:00","flight":"WS649"},{"day":4,"utc":"07:48:00","flight":"WS060"},{"day":4,"utc":"14:30:00","flight":"WS440"},{"day":5,"utc":"02:58:00","flight":"WS112"},{"day":5,"utc":"20:23:00","flight":"WS953"},{"day":5,"utc":"01:12:00","flight":"WS033"},{"day":5,"utc":"13:09:00","flight":"WS915"},{"day":5,"utc":"18:32:00","flight":"WS825"},{"day":6,"utc":"13:18:00","flight":"WS296"},{"day":6,"utc":"07:35:00","flight":"WS535"},{"day":6,"utc":"04:12:00","flight":"WS175"}],"distance":1989.5031710902745}