{"id":5554,"type":"route","airline":"AA","airlineid":"airline_24","sourceairport":"IAH","destinationairport":"LHR","stops":0,"equipment":"744 777","schedule":[{"day":0,"utc":"20:02:00","flight":"AA368"},{"day":0,"utc":"00:23:00","flight":"AA546"},{"day":0,"utc":"07:08:00","flight":"AA096"},{"day":0,"utc":"15:32:00","flight":"AA944"},{"day":1,"utc":"09:07:00","flight":"AA594"},{"day":1,"utc":"01:28:00","flight":"AA919"},{"day":2,"utc":"01:33:00","flight":"AA313"},{"day":2,"utc":"21:12:00","flight":"AA777"},{"day":2,"utc":"05:55:00","flight":"AA723"},{"day":3,"utc":"05:34:00","flight":"AA229"},{"day":3,"utc":"12:24:00","flight":"AA876"},{"day":3,"utc":"22:38:00","flight":"AA467"},{"day":3,"utc":"20:33:00","flight":"AA943"},{"day":3,"utc":"23:16:00","flight":"AA528"},{"day":4,"utc":"19:02:00","flight":"AA453"},{"day":5,"utc":"21:33:00","flight":"AA145"},{"day":5,"utc":"10:41:00","flight":"AA041"},{"day":5,"utc":"17:03:00","flight":"AA669"},{"day":6,"utc":"10:44:00","flight":"AA970"},{"day":6,"utc":"21:02:00","flight":"AA630"},{"day":6,"utc":"13:58:00","flight":"AA688"}],"distance":7762.714169345874}