{"id":57078,"type":"route","airline":"UA","airlineid":"airline_5209","sourceairport":"MBJ","destinationairport":"EWR","stops":0,"equipment":"738","schedule":[{"day":0,"utc":"13:20:00","flight":"UA875"},{"day":0,"utc":"07:41:00","flight":"UA266"},{"day":1,"utc":"19:33:00","flight":"UA714"},{"day":1,"utc":"09:10:00","flight":"UA131"},{"day":1,"utc":"15:06:00","flight":"UA546"},{"day":1,"utc":"11:57:00","flight":"UA897"},{"day":2,"utc":"00:10:00","flight":"UA352"},{"day":2,"utc":"00:11:00","flight":"UA695"},{"day":2,"utc":"19:32:00","flight":"UA811"},{"day":2,"utc":"00:29:00","flight":"UA739"},{"day":3,"utc":"12:36:00","flight":"UA386"},{"day":3,"utc":"19:42:00","flight":"UA857"},{"day":3,"utc":"11:49:00","flight":"UA860"},{"day":4,"utc":"04:53:00","flight":"UA719"},{"day":4,"utc":"09:19:00","flight":"UA925"},{"day":4,"utc":"16:02:00","flight":"UA357"},{"day":5,"utc":"01:31:00","flight":"UA536"},{"day":5,"utc":"21:27:00","flight":"UA139"},{"day":5,"utc":"04:50:00","flight":"UA599"},{"day":5,"utc":"21:33:00","flight":"UA175"},{"day":5,"utc":"17:12:00","flight":"UA590"},{"day":6,"utc":"23:49:00","flight":"UA059"},{"day":6,"utc":"09:04:00","flight":"UA735"},{"day":6,"utc":"00:33:00","flight":"UA985"}],"distance":2493.0495122161856}