{"id":54871,"type":"route","airline":"U2","airlineid":"airline_2297","sourceairport":"IBZ","destinationairport":"MXP","stops":0,"equipment":"319","schedule":[{"day":0,"utc":"01:10:00","flight":"U2153"},{"day":0,"utc":"04:45:00","flight":"U2097"},{"day":0,"utc":"11:37:00","flight":"U2521"},{"day":0,"utc":"16:31:00","flight":"U2595"},{"day":1,"utc":"15:47:00","flight":"U2962"},{"day":1,"utc":"16:41:00","flight":"U2502"},{"day":2,"utc":"09:57:00","flight":"U2935"},{"day":2,"utc":"13:21:00","flight":"U2162"},{"day":2,"utc":"19:16:00","flight":"U2623"},{"day":2,"utc":"08:42:00","flight":"U2038"},{"day":3,"utc":"22:18:00","flight":"U2007"},{"day":3,"utc":"11:43:00","flight":"U2516"},{"day":4,"utc":"22:46:00","flight":"U2526"},{"day":5,"utc":"12:21:00","flight":"U2446"},{"day":6,"utc":"23:33:00","flight":"U2569"},{"day":6,"utc":"00:45:00","flight":"U2613"}]}