{"id":6009,"type":"route","airline":"AA","airlineid":"airline_24","sourceairport":"MIA","destinationairport":"BGI","stops":0,"equipment":"757","schedule":[{"day":0,"utc":"00:52:00","flight":"AA609"},{"day":0,"utc":"01:41:00","flight":"AA270"},{"day":0,"utc":"06:09:00","flight":"AA205"},{"day":1,"utc":"02:10:00","flight":"AA442"},{"day":1,"utc":"06:41:00","flight":"AA585"},{"day":2,"utc":"22:28:00","flight":"AA893"},{"day":2,"utc":"18:32:00","flight":"AA715"},{"day":2,"utc":"14:59:00","flight":"AA597"},{"day":2,"utc":"02:29:00","flight":"AA583"},{"day":3,"utc":"05:21:00","flight":"AA719"},{"day":3,"utc":"23:42:00","flight":"AA613"},{"day":3,"utc":"18:23:00","flight":"AA189"},{"day":4,"utc":"21:32:00","flight":"AA111"},{"day":4,"utc":"01:39:00","flight":"AA048"},{"day":5,"utc":"21:47:00","flight":"AA212"},{"day":5,"utc":"14:26:00","flight":"AA288"},{"day":6,"utc":"11:30:00","flight":"AA501"},{"day":6,"utc":"18:57:00","flight":"AA910"},{"day":6,"utc":"11:10:00","flight":"AA909"},{"day":6,"utc":"07:03:00","flight":"AA824"},{"day":6,"utc":"14:21:00","flight":"AA081"}]}