{"id":20985,"type":"route","airline":"DL","airlineid":"airline_2009","sourceairport":"JFK","destinationairport":"SDF","stops":0,"equipment":"CRJ ERJ","schedule":[{"day":0,"utc":"20:28:00","flight":"DL253"},{"day":0,"utc":"11:59:00","flight":"DL441"},{"day":1,"utc":"16:34:00","flight":"DL894"},{"day":1,"utc":"11:25:00","flight":"DL989"},{"day":1,"utc":"14:13:00","flight":"DL612"},{"day":1,"utc":"15:38:00","flight":"DL171"},{"day":1,"utc":"02:19:00","flight":"DL046"},{"day":2,"utc":"15:34:00","flight":"DL700"},{"day":2,"utc":"21:47:00","flight":"DL855"},{"day":2,"utc":"17:34:00","flight":"DL338"},{"day":2,"utc":"19:29:00","flight":"DL939"},{"day":3,"utc":"21:52:00","flight":"DL459"},{"day":3,"utc":"18:20:00","flight":"DL748"},{"day":4,"utc":"01:09:00","flight":"DL477"},{"day":4,"utc":"08:39:00","flight":"DL403"},{"day":4,"utc":"05:11:00","flight":"DL713"},{"day":4,"utc":"12:03:00","flight":"DL484"},{"day":5,"utc":"02:55:00","flight":"DL529"},{"day":5,"utc":"21:59:00","flight":"DL990"},{"day":6,"utc":"09:41:00","flight":"DL183"}]}