{"id":22857,"type":"route","airline":"EI","airlineid":"airline_837","sourceairport":"BHD","destinationairport":"LGW","stops":0,"equipment":"320 319","schedule":[{"day":0,"utc":"09:43:00","flight":"EI098"},{"day":0,"utc":"04:16:00","flight":"EI407"},{"day":1,"utc":"01:54:00","flight":"EI349"},{"day":1,"utc":"22:00:00","flight":"EI802"},{"day":1,"utc":"17:02:00","flight":"EI975"},{"day":1,"utc":"03:42:00","flight":"EI566"},{"day":1,"utc":"12:24:00","flight":"EI469"},{"day":2,"utc":"20:09:00","flight":"EI704"},{"day":2,"utc":"14:33:00","flight":"EI983"},{"day":2,"utc":"09:38:00","flight":"EI746"},{"day":2,"utc":"10:15:00","flight":"EI606"},{"day":3,"utc":"19:49:00","flight":"EI678"},{"day":3,"utc":"10:01:00","flight":"EI302"},{"day":3,"utc":"10:04:00","flight":"EI987"},{"day":3,"utc":"07:34:00","flight":"EI414"},{"day":3,"utc":"07:44:00","flight":"EI140"},{"day":4,"utc":"23:19:00","flight":"EI610"},{"day":4,"utc":"18:42:00","flight":"EI938"},{"day":4,"utc":"23:05:00","flight":"EI449"},{"day":5,"utc":"04:35:00","flight":"EI163"},{"day":5,"utc":"09:05:00","flight":"EI752"},{"day":5,"utc":"01:50:00","flight":"EI641"},{"day":5,"utc":"08:06:00","flight":"EI145"},{"day":6,"utc":"11:09:00","flight":"EI637"},{"day":6,"utc":"01:42:00","flight":"EI651"}],"distance":542.1219654121161}