{"id":61703,"type":"route","airline":"VS","airlineid":"airline_5347","sourceairport":"ATL","destinationairport":"SMF","stops":0,"equipment":"757","schedule":[{"day":0,"utc":"06:50:00","flight":"VS258"},{"day":0,"utc":"11:36:00","flight":"VS808"},{"day":0,"utc":"09:46:00","flight":"VS942"},{"day":0,"utc":"03:47:00","flight":"VS217"},{"day":1,"utc":"08:53:00","flight":"VS015"},{"day":1,"utc":"18:52:00","flight":"VS137"},{"day":2,"utc":"17:28:00","flight":"VS368"},{"day":2,"utc":"03:03:00","flight":"VS274"},{"day":2,"utc":"14:29:00","flight":"VS109"},{"day":3,"utc":"12:35:00","flight":"VS166"},{"day":3,"utc":"19:45:00","flight":"VS823"},{"day":3,"utc":"03:10:00","flight":"VS534"},{"day":4,"utc":"05:11:00","flight":"VS085"},{"day":4,"utc":"10:09:00","flight":"VS332"},{"day":5,"utc":"14:22:00","flight":"VS793"},{"day":6,"utc":"23:26:00","flight":"VS974"}]}