{"id":38015,"type":"route","airline":"LH","airlineid":"airline_3320","sourceairport":"BHX","destinationairport":"DUS","stops":0,"equipment":"CR9","schedule":[{"day":0,"utc":"04:36:00","flight":"LH028"},{"day":1,"utc":"02:13:00","flight":"LH122"},{"day":1,"utc":"16:24:00","flight":"LH235"},{"day":2,"utc":"16:00:00","flight":"LH922"},{"day":2,"utc":"16:06:00","flight":"LH925"},{"day":3,"utc":"07:55:00","flight":"LH102"},{"day":3,"utc":"22:37:00","flight":"LH174"},{"day":3,"utc":"01:00:00","flight":"LH893"},{"day":4,"utc":"15:31:00","flight":"LH369"},{"day":4,"utc":"19:37:00","flight":"LH840"},{"day":4,"utc":"17:21:00","flight":"LH906"},{"day":5,"utc":"01:10:00","flight":"LH437"},{"day":5,"utc":"07:39:00","flight":"LH894"},{"day":5,"utc":"08:03:00","flight":"LH558"},{"day":6,"utc":"13:07:00","flight":"LH815"},{"day":6,"utc":"22:53:00","flight":"LH620"},{"day":6,"utc":"07:55:00","flight":"LH155"},{"day":6,"utc":"07:24:00","flight":"LH698"},{"day":6,"utc":"23:18:00","flight":"LH164"}],"distance":598.3638264237674}