{"id":9481,"type":"route","airline":"AF","airlineid":"airline_137","sourceairport":"DTW","destinationairport":"MSY","stops":0,"equipment":"319","schedule":[{"day":0,"utc":"12:48:00","flight":"AF560"},{"day":0,"utc":"07:24:00","flight":"AF494"},{"day":0,"utc":"16:48:00","flight":"AF529"},{"day":1,"utc":"12:13:00","flight":"AF702"},{"day":1,"utc":"11:40:00","flight":"AF090"},{"day":1,"utc":"21:12:00","flight":"AF279"},{"day":1,"utc":"07:12:00","flight":"AF520"},{"day":2,"utc":"18:37:00","flight":"AF506"},{"day":3,"utc":"00:58:00","flight":"AF557"},{"day":3,"utc":"14:43:00","flight":"AF605"},{"day":3,"utc":"14:58:00","flight":"AF274"},{"day":4,"utc":"12:26:00","flight":"AF848"},{"day":4,"utc":"09:52:00","flight":"AF726"},{"day":4,"utc":"02:14:00","flight":"AF396"},{"day":4,"utc":"19:36:00","flight":"AF863"},{"day":4,"utc":"07:32:00","flight":"AF088"},{"day":5,"utc":"19:27:00","flight":"AF373"},{"day":6,"utc":"17:46:00","flight":"AF778"},{"day":6,"utc":"13:26:00","flight":"AF197"},{"day":6,"utc":"05:09:00","flight":"AF676"},{"day":6,"utc":"02:20:00","flight":"AF443"},{"day":6,"utc":"19:49:00","flight":"AF007"}]}