{"id":47250,"type":"route","airline":"QH","airlineid":"airline_882","sourceairport":"OSS","destinationairport":"OVB","stops":0,"equipment":"734","schedule":[{"day":0,"utc":"21:03:00","flight":"QH022"},{"day":0,"utc":"09:34:00","flight":"QH983"},{"day":0,"utc":"22:04:00","flight":"QH056"},{"day":0,"utc":"17:19:00","flight":"QH707"},{"day":0,"utc":"14:14:00","flight":"QH015"},{"day":1,"utc":"14:32:00","flight":"QH798"},{"day":2,"utc":"08:02:00","flight":"QH120"},{"day":3,"utc":"10:49:00","flight":"QH940"},{"day":3,"utc":"22:56:00","flight":"QH193"},{"day":3,"utc":"17:37:00","flight":"QH911"},{"day":3,"utc":"19:45:00","flight":"QH865"},{"day":3,"utc":"09:11:00","flight":"QH557"},{"day":4,"utc":"00:22:00","flight":"QH872"},{"day":4,"utc":"14:59:00","flight":"QH813"},{"day":4,"utc":"17:43:00","flight":"QH700"},{"day":4,"utc":"13:39:00","flight":"QH669"},{"day":4,"utc":"18:31:00","flight":"QH905"},{"day":5,"utc":"20:17:00","flight":"QH444"},{"day":5,"utc":"07:25:00","flight":"QH898"},{"day":6,"utc":"23:30:00","flight":"QH991"},{"day":6,"utc":"05:37:00","flight":"QH902"},{"day":6,"utc":"20:37:00","flight":"QH755"}],"distance":1758.6815193645805}