{"id":30147,"type":"route","airline":"GR","airlineid":"airline_508","sourceairport":"GCI","destinationairport":"ACI","stops":0,"equipment":"BNT","schedule":[{"day":0,"utc":"11:47:00","flight":"GR061"},{"day":0,"utc":"09:14:00","flight":"GR336"},{"day":0,"utc":"22:20:00","flight":"GR142"},{"day":0,"utc":"23:25:00","flight":"GR021"},{"day":1,"utc":"11:12:00","flight":"GR643"},{"day":1,"utc":"18:22:00","flight":"GR809"},{"day":1,"utc":"22:59:00","flight":"GR323"},{"day":1,"utc":"20:34:00","flight":"GR967"},{"day":2,"utc":"23:35:00","flight":"GR713"},{"day":3,"utc":"05:34:00","flight":"GR159"},{"day":3,"utc":"10:28:00","flight":"GR307"},{"day":4,"utc":"21:01:00","flight":"GR884"},{"day":4,"utc":"16:12:00","flight":"GR330"},{"day":5,"utc":"04:45:00","flight":"GR874"},{"day":5,"utc":"03:29:00","flight":"GR365"},{"day":5,"utc":"10:19:00","flight":"GR229"},{"day":5,"utc":"08:13:00","flight":"GR952"},{"day":6,"utc":"13:38:00","flight":"GR514"},{"day":6,"utc":"11:20:00","flight":"GR380"},{"day":6,"utc":"15:21:00","flight":"GR608"}]}