{"id":40589,"type":"route","airline":"MH","airlineid":"airline_3378","sourceairport":"JFK","destinationairport":"LHR","stops":0,"equipment":"777","schedule":[{"day":0,"utc":"04:54:00","flight":"MH359"},{"day":0,"utc":"05:24:00","flight":"MH707"},{"day":0,"utc":"19:41:00","flight":"MH343"},{"day":0,"utc":"12:16:00","flight":"MH751"},{"day":0,"utc":"11:05:00","flight":"MH195"},{"day":1,"utc":"16:41:00","flight":"MH565"},{"day":1,"utc":"06:37:00","flight":"MH387"},{"day":1,"utc":"17:11:00","flight":"MH878"},{"day":2,"utc":"20:56:00","flight":"MH371"},{"day":2,"utc":"04:28:00","flight":"MH541"},{"day":2,"utc":"14:18:00","flight":"MH778"},{"day":3,"utc":"00:05:00","flight":"MH420"},{"day":3,"utc":"19:45:00","flight":"MH254"},{"day":4,"utc":"15:22:00","flight":"MH843"},{"day":5,"utc":"02:56:00","flight":"MH673"},{"day":6,"utc":"01:03:00","flight":"MH317"},{"day":6,"utc":"06:56:00","flight":"MH121"},{"day":6,"utc":"05:41:00","flight":"MH136"},{"day":6,"utc":"16:00:00","flight":"MH050"},{"day":6,"utc":"08:47:00","flight":"MH974"}]}