{"id":9575,"type":"route","airline":"AF","airlineid":"airline_137","sourceairport":"HRE","destinationairport":"LUN","stops":0,"equipment":"763 332 330","schedule":[{"day":0,"utc":"07:33:00","flight":"AF740"},{"day":0,"utc":"05:21:00","flight":"AF519"},{"day":0,"utc":"14:38:00","flight":"AF647"},{"day":0,"utc":"05:15:00","flight":"AF204"},{"day":0,"utc":"19:29:00","flight":"AF013"},{"day":1,"utc":"11:09:00","flight":"AF831"},{"day":1,"utc":"21:47:00","flight":"AF211"},{"day":1,"utc":"09:58:00","flight":"AF305"},{"day":1,"utc":"09:10:00","flight":"AF868"},{"day":2,"utc":"07:13:00","flight":"AF323"},{"day":2,"utc":"12:50:00","flight":"AF383"},{"day":3,"utc":"11:03:00","flight":"AF069"},{"day":3,"utc":"13:06:00","flight":"AF112"},{"day":3,"utc":"18:19:00","flight":"AF145"},{"day":3,"utc":"16:52:00","flight":"AF688"},{"day":4,"utc":"04:08:00","flight":"AF637"},{"day":4,"utc":"20:09:00","flight":"AF126"},{"day":4,"utc":"15:51:00","flight":"AF803"},{"day":4,"utc":"11:10:00","flight":"AF723"},{"day":4,"utc":"10:50:00","flight":"AF181"},{"day":5,"utc":"07:17:00","flight":"AF362"},{"day":5,"utc":"11:37:00","flight":"AF210"},{"day":5,"utc":"18:24:00","flight":"AF463"},{"day":5,"utc":"10:01:00","flight":"AF753"},{"day":6,"utc":"14:32:00","flight":"AF306"}],"distance":403.4305829826569}