{"id":14458,"type":"route","airline":"BA","airlineid":"airline_1355","sourceairport":"BRU","destinationairport":"LHR","stops":0,"equipment":"319 320 321","schedule":[{"day":0,"utc":"17:15:00","flight":"BA114"},{"day":1,"utc":"22:29:00","flight":"BA919"},{"day":2,"utc":"16:11:00","flight":"BA803"},{"day":2,"utc":"00:42:00","flight":"BA919"},{"day":2,"utc":"02:58:00","flight":"BA261"},{"day":3,"utc":"17:43:00","flight":"BA876"},{"day":3,"utc":"03:51:00","flight":"BA218"},{"day":3,"utc":"04:20:00","flight":"BA269"},{"day":3,"utc":"04:35:00","flight":"BA102"},{"day":4,"utc":"16:58:00","flight":"BA910"},{"day":5,"utc":"01:53:00","flight":"BA002"},{"day":5,"utc":"11:51:00","flight":"BA519"},{"day":5,"utc":"18:03:00","flight":"BA099"},{"day":5,"utc":"15:45:00","flight":"BA084"},{"day":5,"utc":"23:42:00","flight":"BA310"},{"day":6,"utc":"01:12:00","flight":"BA634"},{"day":6,"utc":"03:06:00","flight":"BA916"},{"day":6,"utc":"17:30:00","flight":"BA717"},{"day":6,"utc":"12:26:00","flight":"BA460"},{"day":6,"utc":"07:18:00","flight":"BA134"}],"distance":350.51119192900126}