{"id":25510,"type":"route","airline":"FL","airlineid":"airline_1316","sourceairport":"SNA","destinationairport":"DEN","stops":0,"equipment":"73W","schedule":[{"day":0,"utc":"01:20:00","flight":"FL125"},{"day":0,"utc":"02:12:00","flight":"FL418"},{"day":0,"utc":"08:55:00","flight":"FL526"},{"day":1,"utc":"00:26:00","flight":"FL509"},{"day":1,"utc":"11:09:00","flight":"FL773"},{"day":1,"utc":"20:48:00","flight":"FL674"},{"day":2,"utc":"11:18:00","flight":"FL965"},{"day":3,"utc":"15:44:00","flight":"FL800"},{"day":3,"utc":"22:04:00","flight":"FL287"},{"day":4,"utc":"01:41:00","flight":"FL890"},{"day":4,"utc":"06:20:00","flight":"FL613"},{"day":5,"utc":"01:29:00","flight":"FL620"},{"day":5,"utc":"07:29:00","flight":"FL106"},{"day":5,"utc":"18:37:00","flight":"FL588"},{"day":5,"utc":"14:58:00","flight":"FL977"},{"day":5,"utc":"14:36:00","flight":"FL393"},{"day":6,"utc":"06:03:00","flight":"FL871"},{"day":6,"utc":"18:33:00","flight":"FL723"}],"distance":1359.6891671598294}