{"id":9806,"type":"route","airline":"AF","airlineid":"airline_137","sourceairport":"NCE","destinationairport":"TLV","stops":0,"equipment":"320","schedule":[{"day":0,"utc":"07:12:00","flight":"AF552"},{"day":0,"utc":"22:19:00","flight":"AF083"},{"day":0,"utc":"07:29:00","flight":"AF525"},{"day":1,"utc":"02:42:00","flight":"AF250"},{"day":2,"utc":"05:00:00","flight":"AF267"},{"day":2,"utc":"16:26:00","flight":"AF089"},{"day":2,"utc":"00:45:00","flight":"AF546"},{"day":3,"utc":"06:46:00","flight":"AF899"},{"day":3,"utc":"23:42:00","flight":"AF965"},{"day":3,"utc":"13:10:00","flight":"AF063"},{"day":4,"utc":"04:22:00","flight":"AF311"},{"day":4,"utc":"21:50:00","flight":"AF614"},{"day":4,"utc":"23:19:00","flight":"AF129"},{"day":5,"utc":"20:58:00","flight":"AF594"},{"day":5,"utc":"10:12:00","flight":"AF643"},{"day":5,"utc":"19:03:00","flight":"AF155"},{"day":5,"utc":"00:00:00","flight":"AF700"},{"day":6,"utc":"21:45:00","flight":"AF499"},{"day":6,"utc":"08:12:00","flight":"AF489"}],"distance":2735.2013399811754}