{"id":32541,"type":"route","airline":"IB","airlineid":"airline_2822","sourceairport":"JFK","destinationairport":"LHR","stops":0,"equipment":"744 77W 777","schedule":[{"day":0,"utc":"12:32:00","flight":"IB682"},{"day":0,"utc":"19:46:00","flight":"IB749"},{"day":1,"utc":"13:34:00","flight":"IB077"},{"day":2,"utc":"21:28:00","flight":"IB334"},{"day":2,"utc":"07:53:00","flight":"IB861"},{"day":2,"utc":"23:05:00","flight":"IB080"},{"day":2,"utc":"21:40:00","flight":"IB592"},{"day":2,"utc":"03:38:00","flight":"IB071"},{"day":3,"utc":"21:09:00","flight":"IB630"},{"day":3,"utc":"11:51:00","flight":"IB770"},{"day":4,"utc":"07:55:00","flight":"IB697"},{"day":4,"utc":"02:03:00","flight":"IB838"},{"day":5,"utc":"14:32:00","flight":"IB947"},{"day":5,"utc":"23:47:00","flight":"IB754"},{"day":5,"utc":"04:21:00","flight":"IB398"},{"day":5,"utc":"07:14:00","flight":"IB643"},{"day":6,"utc":"23:17:00","flight":"IB186"},{"day":6,"utc":"16:36:00","flight":"IB990"},{"day":6,"utc":"04:37:00","flight":"IB224"}]}