{"id":64054,"type":"route","airline":"WN","airlineid":"airline_4547","sourceairport":"MCO","destinationairport":"HOU","stops":0,"equipment":"73W 733 73H","schedule":[{"day":0,"utc":"04:48:00","flight":"WN378"},{"day":0,"utc":"01:59:00","flight":"WN374"},{"day":0,"utc":"07:22:00","flight":"WN228"},{"day":0,"utc":"13:48:00","flight":"WN085"},{"day":0,"utc":"04:25:00","flight":"WN553"},{"day":1,"utc":"05:56:00","flight":"WN357"},{"day":1,"utc":"22:54:00","flight":"WN696"},{"day":1,"utc":"12:59:00","flight":"WN341"},{"day":2,"utc":"19:35:00","flight":"WN848"},{"day":2,"utc":"06:54:00","flight":"WN619"},{"day":3,"utc":"21:24:00","flight":"WN472"},{"day":3,"utc":"13:40:00","flight":"WN651"},{"day":3,"utc":"19:04:00","flight":"WN406"},{"day":4,"utc":"11:55:00","flight":"WN240"},{"day":5,"utc":"06:07:00","flight":"WN289"},{"day":6,"utc":"18:41:00","flight":"WN588"},{"day":6,"utc":"12:55:00","flight":"WN469"},{"day":6,"utc":"02:42:00","flight":"WN817"}]}