{"id":53795,"type":"route","airline":"TP","airlineid":"airline_4869","sourceairport":"OPO","destinationairport":"ORY","stops":0,"equipment":"320 319","schedule":[{"day":0,"utc":"19:21:00","flight":"TP888"},{"day":0,"utc":"14:14:00","flight":"TP228"},{"day":0,"utc":"10:01:00","flight":"TP750"},{"day":1,"utc":"12:39:00","flight":"TP032"},{"day":2,"utc":"20:07:00","flight":"TP555"},{"day":2,"utc":"10:39:00","flight":"TP548"},{"day":2,"utc":"11:36:00","flight":"TP635"},{"day":3,"utc":"15:51:00","flight":"TP642"},{"day":4,"utc":"06:38:00","flight":"TP995"},{"day":4,"utc":"21:39:00","flight":"TP706"},{"day":4,"utc":"13:27:00","flight":"TP757"},{"day":4,"utc":"05:02:00","flight":"TP234"},{"day":4,"utc":"05:36:00","flight":"TP239"},{"day":5,"utc":"13:02:00","flight":"TP768"},{"day":5,"utc":"04:57:00","flight":"TP391"},{"day":6,"utc":"22:29:00","flight":"TP379"},{"day":6,"utc":"00:33:00","flight":"TP943"},{"day":6,"utc":"14:56:00","flight":"TP940"}]}