{"id":21449,"type":"route","airline":"DL","airlineid":"airline_2009","sourceairport":"MSP","destinationairport":"STL","stops":0,"equipment":"M90 319 320 M88","schedule":[{"day":0,"utc":"04:30:00","flight":"DL019"},{"day":0,"utc":"04:15:00","flight":"DL764"},{"day":0,"utc":"10:37:00","flight":"DL503"},{"day":0,"utc":"10:18:00","flight":"DL978"},{"day":1,"utc":"05:54:00","flight":"DL775"},{"day":1,"utc":"05:05:00","flight":"DL331"},{"day":1,"utc":"12:37:00","flight":"DL907"},{"day":2,"utc":"00:50:00","flight":"DL669"},{"day":2,"utc":"08:20:00","flight":"DL411"},{"day":3,"utc":"14:38:00","flight":"DL142"},{"day":3,"utc":"03:30:00","flight":"DL350"},{"day":4,"utc":"16:08:00","flight":"DL090"},{"day":4,"utc":"08:41:00","flight":"DL659"},{"day":4,"utc":"08:03:00","flight":"DL568"},{"day":4,"utc":"20:21:00","flight":"DL175"},{"day":4,"utc":"13:19:00","flight":"DL574"},{"day":5,"utc":"11:49:00","flight":"DL853"},{"day":5,"utc":"03:51:00","flight":"DL152"},{"day":5,"utc":"18:19:00","flight":"DL214"},{"day":5,"utc":"15:06:00","flight":"DL582"},{"day":6,"utc":"04:15:00","flight":"DL233"},{"day":6,"utc":"05:44:00","flight":"DL336"},{"day":6,"utc":"07:42:00","flight":"DL375"},{"day":6,"utc":"11:05:00","flight":"DL000"},{"day":6,"utc":"00:13:00","flight":"DL770"}],"distance":721.6462721657423}