{"id":32763,"type":"route","airline":"IB","airlineid":"airline_2822","sourceairport":"MAN","destinationairport":"ORD","stops":0,"equipment":"763","schedule":[{"day":0,"utc":"10:56:00","flight":"IB912"},{"day":0,"utc":"14:47:00","flight":"IB981"},{"day":1,"utc":"01:51:00","flight":"IB381"},{"day":1,"utc":"04:20:00","flight":"IB365"},{"day":1,"utc":"19:35:00","flight":"IB991"},{"day":2,"utc":"10:47:00","flight":"IB073"},{"day":3,"utc":"13:27:00","flight":"IB203"},{"day":3,"utc":"17:25:00","flight":"IB695"},{"day":3,"utc":"14:13:00","flight":"IB230"},{"day":3,"utc":"20:33:00","flight":"IB597"},{"day":4,"utc":"12:11:00","flight":"IB610"},{"day":4,"utc":"05:35:00","flight":"IB285"},{"day":4,"utc":"10:05:00","flight":"IB145"},{"day":4,"utc":"22:14:00","flight":"IB735"},{"day":5,"utc":"14:49:00","flight":"IB414"},{"day":5,"utc":"05:37:00","flight":"IB890"},{"day":6,"utc":"01:58:00","flight":"IB364"},{"day":6,"utc":"11:28:00","flight":"IB430"}]}