{"id":56315,"type":"route","airline":"UA","airlineid":"airline_5209","sourceairport":"EWR","destinationairport":"DFW","stops":0,"equipment":"319 73G 738","schedule":[{"day":0,"utc":"17:30:00","flight":"UA349"},{"day":0,"utc":"12:25:00","flight":"UA221"},{"day":0,"utc":"00:37:00","flight":"UA055"},{"day":0,"utc":"09:07:00","flight":"UA641"},{"day":0,"utc":"21:08:00","flight":"UA483"},{"day":1,"utc":"22:25:00","flight":"UA371"},{"day":1,"utc":"05:49:00","flight":"UA988"},{"day":1,"utc":"00:02:00","flight":"UA194"},{"day":1,"utc":"16:19:00","flight":"UA513"},{"day":1,"utc":"21:23:00","flight":"UA843"},{"day":2,"utc":"16:49:00","flight":"UA717"},{"day":2,"utc":"02:59:00","flight":"UA919"},{"day":2,"utc":"19:50:00","flight":"UA030"},{"day":2,"utc":"06:49:00","flight":"UA685"},{"day":2,"utc":"15:01:00","flight":"UA040"},{"day":3,"utc":"08:25:00","flight":"UA088"},{"day":3,"utc":"07:21:00","flight":"UA913"},{"day":3,"utc":"18:02:00","flight":"UA259"},{"day":3,"utc":"05:37:00","flight":"UA112"},{"day":3,"utc":"19:05:00","flight":"UA647"},{"day":4,"utc":"13:26:00","flight":"UA704"},{"day":4,"utc":"14:12:00","flight":"UA388"},{"day":4,"utc":"10:25:00","flight":"UA212"},{"day":4,"utc":"23:56:00","flight":"UA559"},{"day":5,"utc":"05:20:00","flight":"UA672"},{"day":5,"utc":"22:33:00","flight":"UA980"},{"day":6,"utc":"23:46:00","flight":"UA005"},{"day":6,"utc":"04:05:00","flight":"UA077"},{"day":6,"utc":"02:02:00","flight":"UA097"},{"day":6,"utc":"03:10:00","flight":"UA722"}],"distance":2204.7909872247233}