{"id":27361,"type":"route","airline":"FR","airlineid":"airline_4296","sourceairport":"MRS","destinationairport":"STN","stops":0,"equipment":"738","schedule":[{"day":0,"utc":"06:43:00","flight":"FR038"},{"day":1,"utc":"17:06:00","flight":"FR178"},{"day":1,"utc":"06:06:00","flight":"FR701"},{"day":2,"utc":"07:42:00","flight":"FR065"},{"day":2,"utc":"08:43:00","flight":"FR681"},{"day":2,"utc":"20:17:00","flight":"FR229"},{"day":3,"utc":"13:21:00","flight":"FR731"},{"day":4,"utc":"03:35:00","flight":"FR069"},{"day":4,"utc":"22:45:00","flight":"FR006"},{"day":4,"utc":"10:41:00","flight":"FR541"},{"day":5,"utc":"04:36:00","flight":"FR351"},{"day":5,"utc":"16:07:00","flight":"FR798"},{"day":6,"utc":"17:03:00","flight":"FR311"},{"day":6,"utc":"20:37:00","flight":"FR473"}],"distance":1010.2179879787668}