{"id":58806,"type":"route","airline":"US","airlineid":"airline_5265","sourceairport":"CLT","destinationairport":"ILM","stops":0,"equipment":"319 CRJ CR7","schedule":[{"day":0,"utc":"07:37:00","flight":"US721"},{"day":0,"utc":"09:24:00","flight":"US437"},{"day":1,"utc":"20:23:00","flight":"US505"},{"day":1,"utc":"22:10:00","flight":"US505"},{"day":1,"utc":"20:55:00","flight":"US869"},{"day":1,"utc":"05:39:00","flight":"US071"},{"day":1,"utc":"17:42:00","flight":"US124"},{"day":2,"utc":"09:09:00","flight":"US365"},{"day":2,"utc":"08:26:00","flight":"US673"},{"day":2,"utc":"15:04:00","flight":"US728"},{"day":2,"utc":"18:42:00","flight":"US345"},{"day":2,"utc":"22:06:00","flight":"US290"},{"day":3,"utc":"01:21:00","flight":"US084"},{"day":3,"utc":"12:17:00","flight":"US460"},{"day":3,"utc":"08:37:00","flight":"US879"},{"day":4,"utc":"22:34:00","flight":"US182"},{"day":4,"utc":"10:17:00","flight":"US072"},{"day":5,"utc":"13:16:00","flight":"US857"},{"day":5,"utc":"21:39:00","flight":"US906"},{"day":5,"utc":"05:30:00","flight":"US700"},{"day":5,"utc":"21:07:00","flight":"US494"},{"day":5,"utc":"00:59:00","flight":"US476"},{"day":6,"utc":"12:28:00","flight":"US694"},{"day":6,"utc":"00:44:00","flight":"US936"},{"day":6,"utc":"12:01:00","flight":"US081"},{"day":6,"utc":"03:04:00","flight":"US493"}]}