{"id":25318,"type":"route","airline":"FL","airlineid":"airline_1316","sourceairport":"MKE","destinationairport":"DCA","stops":0,"equipment":"717","schedule":[{"day":0,"utc":"12:11:00","flight":"FL580"},{"day":0,"utc":"14:45:00","flight":"FL243"},{"day":0,"utc":"09:06:00","flight":"FL723"},{"day":0,"utc":"02:25:00","flight":"FL264"},{"day":0,"utc":"05:00:00","flight":"FL853"},{"day":1,"utc":"08:03:00","flight":"FL627"},{"day":2,"utc":"12:25:00","flight":"FL191"},{"day":2,"utc":"23:22:00","flight":"FL227"},{"day":2,"utc":"07:03:00","flight":"FL439"},{"day":3,"utc":"16:53:00","flight":"FL479"},{"day":3,"utc":"11:42:00","flight":"FL561"},{"day":3,"utc":"16:57:00","flight":"FL004"},{"day":3,"utc":"16:20:00","flight":"FL255"},{"day":4,"utc":"09:06:00","flight":"FL025"},{"day":5,"utc":"02:31:00","flight":"FL771"},{"day":6,"utc":"17:38:00","flight":"FL377"},{"day":6,"utc":"20:55:00","flight":"FL818"},{"day":6,"utc":"02:12:00","flight":"FL409"},{"day":6,"utc":"22:38:00","flight":"FL360"}],"distance":1018.8604840504283}