{"id":59323,"type":"route","airline":"US","airlineid":"airline_5265","sourceairport":"GSO","destinationairport":"PHL","stops":0,"equipment":"E75 CRJ E70","schedule":[{"day":0,"utc":"05:48:00","flight":"US495"},{"day":0,"utc":"17:53:00","flight":"US341"},{"day":1,"utc":"07:05:00","flight":"US128"},{"day":1,"utc":"07:08:00","flight":"US522"},{"day":1,"utc":"15:31:00","flight":"US899"},{"day":1,"utc":"12:56:00","flight":"US003"},{"day":1,"utc":"13:12:00","flight":"US183"},{"day":2,"utc":"02:51:00","flight":"US505"},{"day":3,"utc":"07:48:00","flight":"US060"},{"day":3,"utc":"10:22:00","flight":"US415"},{"day":3,"utc":"14:23:00","flight":"US501"},{"day":3,"utc":"17:04:00","flight":"US451"},{"day":4,"utc":"05:59:00","flight":"US926"},{"day":4,"utc":"23:01:00","flight":"US574"},{"day":4,"utc":"12:42:00","flight":"US691"},{"day":4,"utc":"21:43:00","flight":"US401"},{"day":5,"utc":"20:41:00","flight":"US195"},{"day":5,"utc":"01:57:00","flight":"US427"},{"day":5,"utc":"12:01:00","flight":"US813"},{"day":5,"utc":"06:45:00","flight":"US858"},{"day":6,"utc":"10:45:00","flight":"US178"},{"day":6,"utc":"18:12:00","flight":"US370"},{"day":6,"utc":"03:38:00","flight":"US645"},{"day":6,"utc":"04:06:00","flight":"US304"},{"day":6,"utc":"21:08:00","flight":"US826"}],"distance":587.6305886802188}