{"id":63720,"type":"route","airline":"WN","airlineid":"airline_4547","sourceairport":"DEN","destinationairport":"IND","stops":0,"equipment":"73C 73W 733","schedule":[{"day":0,"utc":"14:02:00","flight":"WN170"},{"day":1,"utc":"21:45:00","flight":"WN013"},{"day":2,"utc":"06:36:00","flight":"WN039"},{"day":2,"utc":"09:58:00","flight":"WN602"},{"day":2,"utc":"01:59:00","flight":"WN707"},{"day":2,"utc":"17:45:00","flight":"WN541"},{"day":3,"utc":"06:20:00","flight":"WN900"},{"day":4,"utc":"03:22:00","flight":"WN444"},{"day":4,"utc":"14:28:00","flight":"WN217"},{"day":4,"utc":"05:35:00","flight":"WN293"},{"day":4,"utc":"22:26:00","flight":"WN320"},{"day":4,"utc":"13:44:00","flight":"WN278"},{"day":5,"utc":"13:20:00","flight":"WN647"},{"day":5,"utc":"18:57:00","flight":"WN720"},{"day":6,"utc":"22:47:00","flight":"WN481"},{"day":6,"utc":"12:58:00","flight":"WN893"}],"distance":1567.6343609681114}