{"id":59873,"type":"route","airline":"US","airlineid":"airline_5265","sourceairport":"ORD","destinationairport":"ART","stops":0,"equipment":"ERD","schedule":[{"day":0,"utc":"00:06:00","flight":"US451"},{"day":0,"utc":"07:40:00","flight":"US578"},{"day":0,"utc":"22:35:00","flight":"US403"},{"day":0,"utc":"00:29:00","flight":"US204"},{"day":0,"utc":"15:40:00","flight":"US084"},{"day":1,"utc":"02:10:00","flight":"US355"},{"day":1,"utc":"16:36:00","flight":"US480"},{"day":2,"utc":"06:58:00","flight":"US777"},{"day":2,"utc":"05:29:00","flight":"US980"},{"day":2,"utc":"19:58:00","flight":"US997"},{"day":2,"utc":"17:24:00","flight":"US558"},{"day":3,"utc":"10:30:00","flight":"US596"},{"day":3,"utc":"20:37:00","flight":"US997"},{"day":3,"utc":"18:28:00","flight":"US831"},{"day":3,"utc":"02:24:00","flight":"US803"},{"day":4,"utc":"17:00:00","flight":"US809"},{"day":4,"utc":"12:27:00","flight":"US384"},{"day":5,"utc":"22:12:00","flight":"US004"},{"day":6,"utc":"00:17:00","flight":"US894"},{"day":6,"utc":"06:18:00","flight":"US211"},{"day":6,"utc":"07:39:00","flight":"US343"}],"distance":991.2245724409844}