{"id":14677,"type":"route","airline":"BA","airlineid":"airline_1355","sourceairport":"LHR","destinationairport":"BKK","stops":0,"equipment":"777","schedule":[{"day":0,"utc":"04:31:00","flight":"BA591"},{"day":0,"utc":"12:52:00","flight":"BA230"},{"day":0,"utc":"19:16:00","flight":"BA875"},{"day":0,"utc":"21:30:00","flight":"BA802"},{"day":1,"utc":"16:04:00","flight":"BA934"},{"day":1,"utc":"06:21:00","flight":"BA874"},{"day":1,"utc":"19:56:00","flight":"BA262"},{"day":1,"utc":"20:11:00","flight":"BA601"},{"day":1,"utc":"12:15:00","flight":"BA250"},{"day":2,"utc":"04:57:00","flight":"BA258"},{"day":2,"utc":"13:24:00","flight":"BA713"},{"day":2,"utc":"17:13:00","flight":"BA087"},{"day":2,"utc":"09:37:00","flight":"BA555"},{"day":3,"utc":"12:50:00","flight":"BA740"},{"day":4,"utc":"14:34:00","flight":"BA348"},{"day":4,"utc":"14:16:00","flight":"BA343"},{"day":5,"utc":"06:24:00","flight":"BA352"},{"day":5,"utc":"12:07:00","flight":"BA552"},{"day":5,"utc":"16:44:00","flight":"BA315"},{"day":5,"utc":"06:01:00","flight":"BA822"},{"day":6,"utc":"22:11:00","flight":"BA382"},{"day":6,"utc":"15:46:00","flight":"BA287"},{"day":6,"utc":"18:44:00","flight":"BA621"}],"distance":9577.735484228238}