{"id":59873,"type":"route","airline":"US","airlineid":"airline_5265","sourceairport":"ORD","destinationairport":"ART","stops":0,"equipment":"ERD","schedule":[{"day":0,"utc":"23:39:00","flight":"US022"},{"day":0,"utc":"07:54:00","flight":"US650"},{"day":1,"utc":"03:23:00","flight":"US210"},{"day":1,"utc":"06:30:00","flight":"US646"},{"day":1,"utc":"06:54:00","flight":"US258"},{"day":1,"utc":"19:11:00","flight":"US960"},{"day":1,"utc":"23:46:00","flight":"US343"},{"day":2,"utc":"07:51:00","flight":"US347"},{"day":2,"utc":"11:00:00","flight":"US922"},{"day":3,"utc":"17:13:00","flight":"US070"},{"day":3,"utc":"02:51:00","flight":"US692"},{"day":3,"utc":"14:39:00","flight":"US271"},{"day":3,"utc":"21:39:00","flight":"US603"},{"day":4,"utc":"11:12:00","flight":"US297"},{"day":4,"utc":"19:55:00","flight":"US862"},{"day":5,"utc":"21:44:00","flight":"US888"},{"day":6,"utc":"16:46:00","flight":"US605"},{"day":6,"utc":"20:55:00","flight":"US338"},{"day":6,"utc":"11:12:00","flight":"US493"}],"distance":991.2245724409844}