{"id":11765,"type":"route","airline":"AS","airlineid":"airline_439","sourceairport":"MFR","destinationairport":"PDX","stops":0,"equipment":"DH4","schedule":[{"day":0,"utc":"03:23:00","flight":"AS522"},{"day":0,"utc":"07:36:00","flight":"AS433"},{"day":0,"utc":"05:27:00","flight":"AS685"},{"day":1,"utc":"19:52:00","flight":"AS608"},{"day":1,"utc":"02:50:00","flight":"AS054"},{"day":1,"utc":"04:42:00","flight":"AS436"},{"day":1,"utc":"19:26:00","flight":"AS398"},{"day":2,"utc":"02:35:00","flight":"AS356"},{"day":2,"utc":"02:30:00","flight":"AS820"},{"day":3,"utc":"05:17:00","flight":"AS990"},{"day":3,"utc":"22:03:00","flight":"AS062"},{"day":4,"utc":"17:05:00","flight":"AS382"},{"day":4,"utc":"22:43:00","flight":"AS269"},{"day":4,"utc":"00:24:00","flight":"AS562"},{"day":4,"utc":"03:59:00","flight":"AS913"},{"day":5,"utc":"20:21:00","flight":"AS513"},{"day":6,"utc":"22:40:00","flight":"AS281"}]}