{"id":61703,"type":"route","airline":"VS","airlineid":"airline_5347","sourceairport":"ATL","destinationairport":"SMF","stops":0,"equipment":"757","schedule":[{"day":0,"utc":"05:37:00","flight":"VS156"},{"day":0,"utc":"06:47:00","flight":"VS536"},{"day":0,"utc":"15:18:00","flight":"VS173"},{"day":0,"utc":"18:52:00","flight":"VS415"},{"day":1,"utc":"15:12:00","flight":"VS618"},{"day":1,"utc":"03:48:00","flight":"VS531"},{"day":2,"utc":"04:28:00","flight":"VS344"},{"day":3,"utc":"07:55:00","flight":"VS701"},{"day":3,"utc":"13:10:00","flight":"VS605"},{"day":3,"utc":"11:29:00","flight":"VS852"},{"day":3,"utc":"11:53:00","flight":"VS301"},{"day":3,"utc":"08:48:00","flight":"VS229"},{"day":4,"utc":"16:18:00","flight":"VS221"},{"day":5,"utc":"22:19:00","flight":"VS137"},{"day":5,"utc":"01:32:00","flight":"VS554"},{"day":5,"utc":"08:09:00","flight":"VS839"},{"day":6,"utc":"09:30:00","flight":"VS286"}],"distance":3359.7273882665927}