{"id":4515,"type":"route","airline":"A5","airlineid":"airline_1203","sourceairport":"CFR","destinationairport":"ORY","stops":0,"equipment":"BEH","schedule":[{"day":0,"utc":"05:35:00","flight":"A5776"},{"day":0,"utc":"16:05:00","flight":"A5147"},{"day":0,"utc":"16:12:00","flight":"A5309"},{"day":0,"utc":"14:05:00","flight":"A5869"},{"day":0,"utc":"06:40:00","flight":"A5063"},{"day":1,"utc":"14:59:00","flight":"A5041"},{"day":1,"utc":"16:40:00","flight":"A5837"},{"day":1,"utc":"03:14:00","flight":"A5363"},{"day":1,"utc":"02:33:00","flight":"A5445"},{"day":1,"utc":"21:56:00","flight":"A5542"},{"day":2,"utc":"14:00:00","flight":"A5914"},{"day":3,"utc":"12:21:00","flight":"A5688"},{"day":3,"utc":"09:59:00","flight":"A5576"},{"day":3,"utc":"02:49:00","flight":"A5805"},{"day":3,"utc":"06:52:00","flight":"A5465"},{"day":3,"utc":"10:11:00","flight":"A5873"},{"day":4,"utc":"12:41:00","flight":"A5289"},{"day":5,"utc":"21:13:00","flight":"A5376"},{"day":6,"utc":"05:44:00","flight":"A5974"},{"day":6,"utc":"00:26:00","flight":"A5931"},{"day":6,"utc":"15:25:00","flight":"A5308"},{"day":6,"utc":"22:20:00","flight":"A5641"},{"day":6,"utc":"13:04:00","flight":"A5839"}],"distance":211.10756501795382}