{"id":29184,"type":"route","airline":"G4","airlineid":"airline_35","sourceairport":"SFB","destinationairport":"HTS","stops":0,"equipment":"M80","schedule":[{"day":0,"utc":"18:26:00","flight":"G4349"},{"day":0,"utc":"07:57:00","flight":"G4498"},{"day":0,"utc":"10:28:00","flight":"G4816"},{"day":0,"utc":"13:15:00","flight":"G4178"},{"day":0,"utc":"22:29:00","flight":"G4624"},{"day":1,"utc":"05:50:00","flight":"G4433"},{"day":1,"utc":"18:21:00","flight":"G4628"},{"day":1,"utc":"16:19:00","flight":"G4478"},{"day":2,"utc":"22:06:00","flight":"G4549"},{"day":2,"utc":"22:42:00","flight":"G4262"},{"day":2,"utc":"07:31:00","flight":"G4608"},{"day":2,"utc":"16:35:00","flight":"G4142"},{"day":2,"utc":"03:51:00","flight":"G4479"},{"day":3,"utc":"10:45:00","flight":"G4734"},{"day":3,"utc":"17:33:00","flight":"G4340"},{"day":3,"utc":"09:27:00","flight":"G4758"},{"day":4,"utc":"08:07:00","flight":"G4452"},{"day":5,"utc":"19:49:00","flight":"G4268"},{"day":5,"utc":"10:40:00","flight":"G4772"},{"day":5,"utc":"03:50:00","flight":"G4442"},{"day":6,"utc":"17:43:00","flight":"G4331"},{"day":6,"utc":"17:35:00","flight":"G4894"}],"distance":1073.21265645311}