{"id":6262,"type":"route","airline":"AA","airlineid":"airline_24","sourceairport":"ORD","destinationairport":"DUS","stops":0,"equipment":"763","schedule":[{"day":0,"utc":"23:09:00","flight":"AA206"},{"day":0,"utc":"03:06:00","flight":"AA747"},{"day":0,"utc":"04:58:00","flight":"AA106"},{"day":0,"utc":"07:40:00","flight":"AA068"},{"day":0,"utc":"23:04:00","flight":"AA646"},{"day":1,"utc":"23:39:00","flight":"AA180"},{"day":1,"utc":"08:25:00","flight":"AA563"},{"day":2,"utc":"17:16:00","flight":"AA734"},{"day":2,"utc":"03:55:00","flight":"AA687"},{"day":2,"utc":"09:45:00","flight":"AA632"},{"day":2,"utc":"04:44:00","flight":"AA389"},{"day":3,"utc":"06:18:00","flight":"AA401"},{"day":3,"utc":"04:30:00","flight":"AA218"},{"day":3,"utc":"23:54:00","flight":"AA871"},{"day":4,"utc":"14:39:00","flight":"AA576"},{"day":4,"utc":"15:32:00","flight":"AA580"},{"day":4,"utc":"10:37:00","flight":"AA319"},{"day":4,"utc":"10:38:00","flight":"AA307"},{"day":5,"utc":"01:22:00","flight":"AA127"},{"day":5,"utc":"09:11:00","flight":"AA613"},{"day":6,"utc":"14:28:00","flight":"AA556"},{"day":6,"utc":"13:15:00","flight":"AA773"}],"distance":6788.409007803992}