{"id":20658,"type":"route","airline":"DL","airlineid":"airline_2009","sourceairport":"DTW","destinationairport":"MSY","stops":0,"equipment":"319 M88","schedule":[{"day":0,"utc":"06:09:00","flight":"DL158"},{"day":1,"utc":"06:14:00","flight":"DL118"},{"day":1,"utc":"22:41:00","flight":"DL660"},{"day":1,"utc":"13:54:00","flight":"DL613"},{"day":2,"utc":"20:17:00","flight":"DL272"},{"day":2,"utc":"23:22:00","flight":"DL271"},{"day":3,"utc":"09:54:00","flight":"DL956"},{"day":3,"utc":"10:37:00","flight":"DL850"},{"day":3,"utc":"08:09:00","flight":"DL289"},{"day":3,"utc":"11:54:00","flight":"DL765"},{"day":3,"utc":"05:56:00","flight":"DL594"},{"day":4,"utc":"06:26:00","flight":"DL880"},{"day":4,"utc":"16:18:00","flight":"DL722"},{"day":4,"utc":"20:39:00","flight":"DL540"},{"day":4,"utc":"23:06:00","flight":"DL145"},{"day":5,"utc":"23:53:00","flight":"DL957"},{"day":5,"utc":"19:06:00","flight":"DL350"},{"day":5,"utc":"04:57:00","flight":"DL095"},{"day":6,"utc":"19:51:00","flight":"DL433"},{"day":6,"utc":"10:46:00","flight":"DL203"}],"distance":1492.2789586334573}