{"id":30391,"type":"route","airline":"GS","airlineid":"airline_690","sourceairport":"SYX","destinationairport":"CGO","stops":0,"equipment":"321","schedule":[{"day":0,"utc":"08:53:00","flight":"GS211"},{"day":0,"utc":"19:51:00","flight":"GS664"},{"day":0,"utc":"03:34:00","flight":"GS531"},{"day":1,"utc":"09:15:00","flight":"GS735"},{"day":1,"utc":"23:59:00","flight":"GS245"},{"day":1,"utc":"20:07:00","flight":"GS783"},{"day":1,"utc":"17:13:00","flight":"GS353"},{"day":1,"utc":"15:58:00","flight":"GS079"},{"day":2,"utc":"20:31:00","flight":"GS949"},{"day":3,"utc":"14:48:00","flight":"GS021"},{"day":3,"utc":"10:47:00","flight":"GS898"},{"day":4,"utc":"11:27:00","flight":"GS507"},{"day":4,"utc":"22:33:00","flight":"GS343"},{"day":5,"utc":"17:13:00","flight":"GS239"},{"day":5,"utc":"03:54:00","flight":"GS396"},{"day":6,"utc":"00:42:00","flight":"GS604"}],"distance":1855.7595694046825}