{"id":5951,"type":"route","airline":"AA","airlineid":"airline_24","sourceairport":"MCI","destinationairport":"PHL","stops":0,"equipment":"E75 E70 CRJ","schedule":[{"day":0,"utc":"00:24:00","flight":"AA091"},{"day":0,"utc":"17:10:00","flight":"AA050"},{"day":0,"utc":"22:48:00","flight":"AA900"},{"day":0,"utc":"02:09:00","flight":"AA945"},{"day":1,"utc":"03:24:00","flight":"AA067"},{"day":1,"utc":"20:13:00","flight":"AA826"},{"day":1,"utc":"13:54:00","flight":"AA539"},{"day":1,"utc":"17:47:00","flight":"AA540"},{"day":2,"utc":"05:12:00","flight":"AA996"},{"day":2,"utc":"12:01:00","flight":"AA573"},{"day":2,"utc":"17:28:00","flight":"AA633"},{"day":2,"utc":"11:48:00","flight":"AA964"},{"day":3,"utc":"18:46:00","flight":"AA905"},{"day":3,"utc":"03:59:00","flight":"AA582"},{"day":4,"utc":"19:42:00","flight":"AA354"},{"day":4,"utc":"21:02:00","flight":"AA100"},{"day":4,"utc":"11:48:00","flight":"AA662"},{"day":5,"utc":"01:37:00","flight":"AA288"},{"day":5,"utc":"14:33:00","flight":"AA777"},{"day":5,"utc":"23:57:00","flight":"AA993"},{"day":5,"utc":"06:06:00","flight":"AA963"},{"day":6,"utc":"01:20:00","flight":"AA211"},{"day":6,"utc":"00:36:00","flight":"AA540"}],"distance":1666.6590537870002}