{"id":8379,"type":"route","airline":"AC","airlineid":"airline_330","sourceairport":"YYT","destinationairport":"LHR","stops":0,"equipment":"319","schedule":[{"day":0,"utc":"05:25:00","flight":"AC297"},{"day":1,"utc":"03:42:00","flight":"AC906"},{"day":1,"utc":"06:51:00","flight":"AC064"},{"day":1,"utc":"02:30:00","flight":"AC236"},{"day":1,"utc":"18:51:00","flight":"AC914"},{"day":1,"utc":"05:41:00","flight":"AC284"},{"day":2,"utc":"11:29:00","flight":"AC548"},{"day":2,"utc":"15:19:00","flight":"AC891"},{"day":3,"utc":"08:49:00","flight":"AC592"},{"day":3,"utc":"10:32:00","flight":"AC763"},{"day":3,"utc":"04:22:00","flight":"AC258"},{"day":3,"utc":"14:02:00","flight":"AC130"},{"day":3,"utc":"22:52:00","flight":"AC079"},{"day":4,"utc":"09:16:00","flight":"AC148"},{"day":4,"utc":"11:17:00","flight":"AC051"},{"day":4,"utc":"22:35:00","flight":"AC084"},{"day":4,"utc":"23:45:00","flight":"AC754"},{"day":5,"utc":"01:27:00","flight":"AC356"},{"day":5,"utc":"20:40:00","flight":"AC916"},{"day":5,"utc":"11:59:00","flight":"AC492"},{"day":6,"utc":"11:04:00","flight":"AC357"}],"distance":3715.638798578816}