{"id":59323,"type":"route","airline":"US","airlineid":"airline_5265","sourceairport":"GSO","destinationairport":"PHL","stops":0,"equipment":"E75 CRJ E70","schedule":[{"day":0,"utc":"19:24:00","flight":"US821"},{"day":0,"utc":"05:15:00","flight":"US520"},{"day":1,"utc":"01:49:00","flight":"US077"},{"day":1,"utc":"15:05:00","flight":"US825"},{"day":1,"utc":"15:18:00","flight":"US496"},{"day":1,"utc":"01:34:00","flight":"US993"},{"day":2,"utc":"20:02:00","flight":"US381"},{"day":3,"utc":"14:14:00","flight":"US887"},{"day":3,"utc":"05:16:00","flight":"US311"},{"day":3,"utc":"01:16:00","flight":"US083"},{"day":3,"utc":"13:41:00","flight":"US653"},{"day":4,"utc":"09:13:00","flight":"US663"},{"day":4,"utc":"21:01:00","flight":"US000"},{"day":4,"utc":"20:04:00","flight":"US407"},{"day":4,"utc":"15:47:00","flight":"US003"},{"day":4,"utc":"02:09:00","flight":"US110"},{"day":5,"utc":"07:56:00","flight":"US049"},{"day":5,"utc":"19:17:00","flight":"US186"},{"day":5,"utc":"16:45:00","flight":"US782"},{"day":5,"utc":"03:10:00","flight":"US263"},{"day":6,"utc":"17:24:00","flight":"US545"}]}