{"id":9513,"type":"route","airline":"AF","airlineid":"airline_137","sourceairport":"FCO","destinationairport":"BOD","stops":0,"equipment":"E70 E90 CR7","schedule":[{"day":0,"utc":"11:58:00","flight":"AF463"},{"day":0,"utc":"18:48:00","flight":"AF510"},{"day":0,"utc":"09:03:00","flight":"AF247"},{"day":1,"utc":"23:04:00","flight":"AF477"},{"day":1,"utc":"03:31:00","flight":"AF353"},{"day":1,"utc":"04:21:00","flight":"AF692"},{"day":1,"utc":"17:16:00","flight":"AF534"},{"day":2,"utc":"21:26:00","flight":"AF783"},{"day":2,"utc":"14:06:00","flight":"AF775"},{"day":2,"utc":"08:44:00","flight":"AF517"},{"day":3,"utc":"06:19:00","flight":"AF692"},{"day":4,"utc":"19:57:00","flight":"AF271"},{"day":4,"utc":"09:02:00","flight":"AF256"},{"day":4,"utc":"14:46:00","flight":"AF089"},{"day":4,"utc":"03:27:00","flight":"AF290"},{"day":4,"utc":"03:26:00","flight":"AF690"},{"day":5,"utc":"19:49:00","flight":"AF355"},{"day":6,"utc":"16:46:00","flight":"AF512"},{"day":6,"utc":"16:09:00","flight":"AF926"},{"day":6,"utc":"10:25:00","flight":"AF246"}]}