{"id":63419,"type":"route","airline":"WN","airlineid":"airline_4547","sourceairport":"ABQ","destinationairport":"DEN","stops":0,"equipment":"73W 73C","schedule":[{"day":0,"utc":"03:47:00","flight":"WN557"},{"day":1,"utc":"03:22:00","flight":"WN264"},{"day":1,"utc":"00:46:00","flight":"WN948"},{"day":1,"utc":"20:33:00","flight":"WN558"},{"day":1,"utc":"01:49:00","flight":"WN982"},{"day":1,"utc":"07:47:00","flight":"WN587"},{"day":2,"utc":"17:05:00","flight":"WN573"},{"day":2,"utc":"09:20:00","flight":"WN589"},{"day":2,"utc":"02:47:00","flight":"WN870"},{"day":2,"utc":"10:13:00","flight":"WN636"},{"day":2,"utc":"16:33:00","flight":"WN728"},{"day":3,"utc":"12:56:00","flight":"WN591"},{"day":3,"utc":"16:36:00","flight":"WN967"},{"day":3,"utc":"07:41:00","flight":"WN773"},{"day":4,"utc":"12:33:00","flight":"WN758"},{"day":5,"utc":"13:32:00","flight":"WN221"},{"day":6,"utc":"15:44:00","flight":"WN018"},{"day":6,"utc":"12:51:00","flight":"WN419"},{"day":6,"utc":"08:05:00","flight":"WN933"},{"day":6,"utc":"15:43:00","flight":"WN690"},{"day":6,"utc":"22:46:00","flight":"WN904"}]}