{"id":11714,"type":"route","airline":"AS","airlineid":"airline_439","sourceairport":"LAX","destinationairport":"LIH","stops":0,"equipment":"757","schedule":[{"day":0,"utc":"06:02:00","flight":"AS381"},{"day":0,"utc":"05:16:00","flight":"AS637"},{"day":1,"utc":"06:23:00","flight":"AS297"},{"day":1,"utc":"12:10:00","flight":"AS589"},{"day":2,"utc":"01:06:00","flight":"AS554"},{"day":2,"utc":"05:24:00","flight":"AS931"},{"day":2,"utc":"00:23:00","flight":"AS444"},{"day":2,"utc":"16:40:00","flight":"AS280"},{"day":3,"utc":"21:50:00","flight":"AS945"},{"day":4,"utc":"04:17:00","flight":"AS122"},{"day":4,"utc":"23:14:00","flight":"AS902"},{"day":4,"utc":"04:45:00","flight":"AS004"},{"day":4,"utc":"12:09:00","flight":"AS932"},{"day":5,"utc":"13:50:00","flight":"AS303"},{"day":5,"utc":"12:59:00","flight":"AS200"},{"day":6,"utc":"13:12:00","flight":"AS787"}],"distance":4203.0083421353365}