{"id":22984,"type":"route","airline":"EI","airlineid":"airline_837","sourceairport":"LGW","destinationairport":"BHD","stops":0,"equipment":"320 319","schedule":[{"day":0,"utc":"02:39:00","flight":"EI988"},{"day":1,"utc":"19:47:00","flight":"EI341"},{"day":1,"utc":"02:58:00","flight":"EI304"},{"day":1,"utc":"06:06:00","flight":"EI807"},{"day":2,"utc":"07:24:00","flight":"EI514"},{"day":2,"utc":"05:45:00","flight":"EI244"},{"day":2,"utc":"15:11:00","flight":"EI627"},{"day":2,"utc":"11:58:00","flight":"EI190"},{"day":3,"utc":"15:01:00","flight":"EI058"},{"day":4,"utc":"14:24:00","flight":"EI801"},{"day":4,"utc":"12:45:00","flight":"EI226"},{"day":4,"utc":"11:14:00","flight":"EI287"},{"day":5,"utc":"10:09:00","flight":"EI522"},{"day":5,"utc":"06:37:00","flight":"EI098"},{"day":5,"utc":"17:50:00","flight":"EI992"},{"day":5,"utc":"01:19:00","flight":"EI804"},{"day":6,"utc":"19:00:00","flight":"EI008"},{"day":6,"utc":"02:18:00","flight":"EI142"}],"distance":542.1219654121161}