{"id":56254,"type":"route","airline":"UA","airlineid":"airline_5209","sourceairport":"DTW","destinationairport":"ORD","stops":0,"equipment":"320","schedule":[{"day":0,"utc":"06:28:00","flight":"UA153"},{"day":0,"utc":"04:55:00","flight":"UA218"},{"day":0,"utc":"15:54:00","flight":"UA280"},{"day":1,"utc":"16:11:00","flight":"UA496"},{"day":1,"utc":"00:49:00","flight":"UA619"},{"day":1,"utc":"14:30:00","flight":"UA189"},{"day":2,"utc":"04:56:00","flight":"UA887"},{"day":2,"utc":"02:03:00","flight":"UA313"},{"day":2,"utc":"19:04:00","flight":"UA459"},{"day":2,"utc":"18:53:00","flight":"UA376"},{"day":2,"utc":"21:51:00","flight":"UA924"},{"day":3,"utc":"06:53:00","flight":"UA357"},{"day":4,"utc":"01:56:00","flight":"UA522"},{"day":4,"utc":"18:55:00","flight":"UA220"},{"day":4,"utc":"23:02:00","flight":"UA755"},{"day":4,"utc":"21:54:00","flight":"UA806"},{"day":5,"utc":"15:31:00","flight":"UA794"},{"day":5,"utc":"20:27:00","flight":"UA181"},{"day":5,"utc":"20:16:00","flight":"UA260"},{"day":5,"utc":"13:42:00","flight":"UA602"},{"day":6,"utc":"17:21:00","flight":"UA721"}]}