{"id":5049,"type":"route","airline":"AA","airlineid":"airline_24","sourceairport":"CUN","destinationairport":"JFK","stops":0,"equipment":"738","schedule":[{"day":0,"utc":"01:47:00","flight":"AA320"},{"day":0,"utc":"08:36:00","flight":"AA407"},{"day":0,"utc":"20:11:00","flight":"AA022"},{"day":0,"utc":"17:03:00","flight":"AA155"},{"day":0,"utc":"04:00:00","flight":"AA725"},{"day":1,"utc":"12:59:00","flight":"AA065"},{"day":2,"utc":"05:51:00","flight":"AA031"},{"day":2,"utc":"04:18:00","flight":"AA887"},{"day":2,"utc":"20:04:00","flight":"AA204"},{"day":2,"utc":"01:19:00","flight":"AA882"},{"day":2,"utc":"23:38:00","flight":"AA472"},{"day":3,"utc":"02:58:00","flight":"AA903"},{"day":3,"utc":"13:08:00","flight":"AA988"},{"day":3,"utc":"17:57:00","flight":"AA332"},{"day":4,"utc":"22:33:00","flight":"AA471"},{"day":4,"utc":"08:23:00","flight":"AA101"},{"day":4,"utc":"00:44:00","flight":"AA640"},{"day":4,"utc":"05:04:00","flight":"AA358"},{"day":4,"utc":"09:02:00","flight":"AA178"},{"day":5,"utc":"17:23:00","flight":"AA518"},{"day":5,"utc":"05:57:00","flight":"AA104"},{"day":5,"utc":"16:23:00","flight":"AA316"},{"day":5,"utc":"11:56:00","flight":"AA499"},{"day":6,"utc":"20:42:00","flight":"AA468"}],"distance":2506.3304849507094}