{"id":57448,"type":"route","airline":"UA","airlineid":"airline_5209","sourceairport":"PEK","destinationairport":"ORD","stops":0,"equipment":"777","schedule":[{"day":0,"utc":"11:34:00","flight":"UA294"},{"day":0,"utc":"08:34:00","flight":"UA423"},{"day":0,"utc":"06:28:00","flight":"UA629"},{"day":0,"utc":"14:07:00","flight":"UA202"},{"day":1,"utc":"06:55:00","flight":"UA718"},{"day":1,"utc":"10:43:00","flight":"UA653"},{"day":2,"utc":"19:23:00","flight":"UA935"},{"day":2,"utc":"08:24:00","flight":"UA182"},{"day":2,"utc":"20:49:00","flight":"UA215"},{"day":2,"utc":"09:42:00","flight":"UA060"},{"day":2,"utc":"17:01:00","flight":"UA435"},{"day":3,"utc":"10:52:00","flight":"UA170"},{"day":3,"utc":"06:40:00","flight":"UA931"},{"day":3,"utc":"10:42:00","flight":"UA719"},{"day":4,"utc":"02:36:00","flight":"UA105"},{"day":5,"utc":"16:52:00","flight":"UA939"},{"day":5,"utc":"03:35:00","flight":"UA854"},{"day":5,"utc":"10:14:00","flight":"UA431"},{"day":5,"utc":"21:16:00","flight":"UA381"},{"day":6,"utc":"08:48:00","flight":"UA467"},{"day":6,"utc":"09:34:00","flight":"UA732"},{"day":6,"utc":"11:49:00","flight":"UA063"}]}