{"id":21555,"type":"route","airline":"DL","airlineid":"airline_2009","sourceairport":"ORF","destinationairport":"MSP","stops":0,"equipment":"CR7","schedule":[{"day":0,"utc":"06:35:00","flight":"DL982"},{"day":0,"utc":"07:58:00","flight":"DL313"},{"day":1,"utc":"02:29:00","flight":"DL151"},{"day":2,"utc":"22:56:00","flight":"DL468"},{"day":2,"utc":"16:52:00","flight":"DL659"},{"day":3,"utc":"07:15:00","flight":"DL474"},{"day":3,"utc":"06:46:00","flight":"DL566"},{"day":3,"utc":"02:03:00","flight":"DL114"},{"day":4,"utc":"06:53:00","flight":"DL866"},{"day":4,"utc":"21:44:00","flight":"DL255"},{"day":4,"utc":"10:13:00","flight":"DL390"},{"day":4,"utc":"10:21:00","flight":"DL941"},{"day":5,"utc":"21:33:00","flight":"DL164"},{"day":5,"utc":"01:13:00","flight":"DL594"},{"day":5,"utc":"00:48:00","flight":"DL533"},{"day":5,"utc":"20:10:00","flight":"DL948"},{"day":5,"utc":"00:58:00","flight":"DL800"},{"day":6,"utc":"05:35:00","flight":"DL831"},{"day":6,"utc":"06:23:00","flight":"DL944"},{"day":6,"utc":"05:42:00","flight":"DL272"}]}