{"id":5202,"type":"route","airline":"AA","airlineid":"airline_24","sourceairport":"DFW","destinationairport":"DCA","stops":0,"equipment":"738 M80","schedule":[{"day":0,"utc":"14:35:00","flight":"AA154"},{"day":0,"utc":"11:23:00","flight":"AA531"},{"day":0,"utc":"08:59:00","flight":"AA664"},{"day":1,"utc":"18:12:00","flight":"AA342"},{"day":2,"utc":"13:58:00","flight":"AA229"},{"day":2,"utc":"00:38:00","flight":"AA870"},{"day":2,"utc":"23:12:00","flight":"AA387"},{"day":2,"utc":"14:19:00","flight":"AA892"},{"day":2,"utc":"08:02:00","flight":"AA071"},{"day":3,"utc":"13:02:00","flight":"AA591"},{"day":3,"utc":"11:55:00","flight":"AA475"},{"day":4,"utc":"03:56:00","flight":"AA690"},{"day":4,"utc":"14:13:00","flight":"AA862"},{"day":5,"utc":"11:58:00","flight":"AA595"},{"day":5,"utc":"23:49:00","flight":"AA327"},{"day":5,"utc":"09:13:00","flight":"AA214"},{"day":5,"utc":"14:03:00","flight":"AA165"},{"day":6,"utc":"13:10:00","flight":"AA793"},{"day":6,"utc":"05:31:00","flight":"AA030"}],"distance":1914.9375575009458}