{"id":55813,"type":"route","airline":"UA","airlineid":"airline_5209","sourceairport":"AUA","destinationairport":"EWR","stops":0,"equipment":"753 739","schedule":[{"day":0,"utc":"02:54:00","flight":"UA699"},{"day":0,"utc":"19:15:00","flight":"UA757"},{"day":0,"utc":"07:46:00","flight":"UA882"},{"day":0,"utc":"05:33:00","flight":"UA586"},{"day":1,"utc":"20:37:00","flight":"UA461"},{"day":1,"utc":"07:11:00","flight":"UA741"},{"day":2,"utc":"07:55:00","flight":"UA607"},{"day":2,"utc":"15:32:00","flight":"UA246"},{"day":2,"utc":"03:53:00","flight":"UA984"},{"day":3,"utc":"20:39:00","flight":"UA852"},{"day":4,"utc":"14:40:00","flight":"UA098"},{"day":5,"utc":"17:04:00","flight":"UA147"},{"day":5,"utc":"20:26:00","flight":"UA124"},{"day":6,"utc":"02:40:00","flight":"UA828"},{"day":6,"utc":"15:44:00","flight":"UA362"},{"day":6,"utc":"23:34:00","flight":"UA811"},{"day":6,"utc":"17:50:00","flight":"UA074"}],"distance":3160.827380617798}