{"id":14408,"type":"route","airline":"BA","airlineid":"airline_1355","sourceairport":"AMS","destinationairport":"LCY","stops":0,"equipment":"E90 E70","schedule":[{"day":0,"utc":"18:08:00","flight":"BA744"},{"day":0,"utc":"15:29:00","flight":"BA021"},{"day":0,"utc":"20:59:00","flight":"BA861"},{"day":0,"utc":"04:03:00","flight":"BA132"},{"day":1,"utc":"01:09:00","flight":"BA074"},{"day":1,"utc":"11:30:00","flight":"BA830"},{"day":1,"utc":"12:40:00","flight":"BA474"},{"day":1,"utc":"09:47:00","flight":"BA637"},{"day":2,"utc":"20:06:00","flight":"BA421"},{"day":2,"utc":"06:42:00","flight":"BA958"},{"day":2,"utc":"03:43:00","flight":"BA535"},{"day":2,"utc":"14:28:00","flight":"BA417"},{"day":3,"utc":"05:23:00","flight":"BA353"},{"day":3,"utc":"10:28:00","flight":"BA222"},{"day":4,"utc":"18:50:00","flight":"BA381"},{"day":4,"utc":"06:55:00","flight":"BA276"},{"day":4,"utc":"19:13:00","flight":"BA612"},{"day":4,"utc":"01:13:00","flight":"BA477"},{"day":4,"utc":"11:04:00","flight":"BA538"},{"day":5,"utc":"20:51:00","flight":"BA500"},{"day":5,"utc":"01:00:00","flight":"BA655"},{"day":6,"utc":"17:15:00","flight":"BA184"},{"day":6,"utc":"00:11:00","flight":"BA490"},{"day":6,"utc":"21:23:00","flight":"BA659"},{"day":6,"utc":"23:38:00","flight":"BA789"},{"day":6,"utc":"01:54:00","flight":"BA679"}],"distance":335.068272263461}