{"id":26864,"type":"route","airline":"FR","airlineid":"airline_4296","sourceairport":"GDN","destinationairport":"EDI","stops":0,"equipment":"738","schedule":[{"day":0,"utc":"21:44:00","flight":"FR373"},{"day":1,"utc":"23:05:00","flight":"FR990"},{"day":1,"utc":"06:10:00","flight":"FR770"},{"day":1,"utc":"04:20:00","flight":"FR789"},{"day":2,"utc":"10:44:00","flight":"FR069"},{"day":3,"utc":"05:26:00","flight":"FR391"},{"day":3,"utc":"09:59:00","flight":"FR251"},{"day":4,"utc":"14:03:00","flight":"FR083"},{"day":4,"utc":"20:16:00","flight":"FR139"},{"day":4,"utc":"16:52:00","flight":"FR807"},{"day":5,"utc":"22:12:00","flight":"FR591"},{"day":5,"utc":"23:15:00","flight":"FR644"},{"day":5,"utc":"07:47:00","flight":"FR169"},{"day":5,"utc":"13:43:00","flight":"FR355"},{"day":5,"utc":"09:30:00","flight":"FR665"},{"day":6,"utc":"17:11:00","flight":"FR214"},{"day":6,"utc":"19:25:00","flight":"FR016"},{"day":6,"utc":"22:43:00","flight":"FR620"},{"day":6,"utc":"10:22:00","flight":"FR257"},{"day":6,"utc":"22:47:00","flight":"FR285"}]}