{"id":63582,"type":"route","airline":"WN","airlineid":"airline_4547","sourceairport":"BUR","destinationairport":"PHX","stops":0,"equipment":"73W","schedule":[{"day":0,"utc":"07:57:00","flight":"WN442"},{"day":0,"utc":"20:46:00","flight":"WN120"},{"day":0,"utc":"18:06:00","flight":"WN685"},{"day":1,"utc":"13:26:00","flight":"WN222"},{"day":1,"utc":"09:58:00","flight":"WN753"},{"day":1,"utc":"04:21:00","flight":"WN851"},{"day":1,"utc":"13:22:00","flight":"WN601"},{"day":1,"utc":"09:19:00","flight":"WN263"},{"day":2,"utc":"21:30:00","flight":"WN946"},{"day":2,"utc":"00:37:00","flight":"WN785"},{"day":2,"utc":"19:14:00","flight":"WN338"},{"day":3,"utc":"22:05:00","flight":"WN280"},{"day":3,"utc":"03:13:00","flight":"WN984"},{"day":3,"utc":"04:29:00","flight":"WN872"},{"day":4,"utc":"19:07:00","flight":"WN061"},{"day":5,"utc":"21:37:00","flight":"WN916"},{"day":6,"utc":"21:03:00","flight":"WN601"},{"day":6,"utc":"06:47:00","flight":"WN874"},{"day":6,"utc":"10:22:00","flight":"WN976"},{"day":6,"utc":"23:07:00","flight":"WN063"},{"day":6,"utc":"16:54:00","flight":"WN778"}]}