{"id":21827,"type":"route","airline":"DL","airlineid":"airline_2009","sourceairport":"SLC","destinationairport":"MCI","stops":0,"equipment":"319","schedule":[{"day":0,"utc":"01:32:00","flight":"DL150"},{"day":0,"utc":"22:59:00","flight":"DL471"},{"day":0,"utc":"05:22:00","flight":"DL595"},{"day":0,"utc":"05:49:00","flight":"DL800"},{"day":1,"utc":"07:10:00","flight":"DL411"},{"day":1,"utc":"13:13:00","flight":"DL357"},{"day":1,"utc":"08:42:00","flight":"DL323"},{"day":2,"utc":"08:25:00","flight":"DL515"},{"day":2,"utc":"18:00:00","flight":"DL155"},{"day":2,"utc":"05:32:00","flight":"DL873"},{"day":3,"utc":"05:32:00","flight":"DL997"},{"day":3,"utc":"09:49:00","flight":"DL502"},{"day":3,"utc":"10:38:00","flight":"DL620"},{"day":4,"utc":"18:17:00","flight":"DL595"},{"day":5,"utc":"03:16:00","flight":"DL971"},{"day":6,"utc":"07:44:00","flight":"DL861"}],"distance":1476.5072479895357}