{"id":58804,"type":"route","airline":"US","airlineid":"airline_5265","sourceairport":"CLT","destinationairport":"IAD","stops":0,"equipment":"CR7 CR9","schedule":[{"day":0,"utc":"19:49:00","flight":"US026"},{"day":1,"utc":"22:08:00","flight":"US241"},{"day":1,"utc":"15:53:00","flight":"US201"},{"day":1,"utc":"18:19:00","flight":"US102"},{"day":1,"utc":"01:31:00","flight":"US855"},{"day":1,"utc":"22:54:00","flight":"US457"},{"day":2,"utc":"20:19:00","flight":"US706"},{"day":2,"utc":"20:01:00","flight":"US321"},{"day":2,"utc":"18:25:00","flight":"US387"},{"day":2,"utc":"08:24:00","flight":"US382"},{"day":2,"utc":"16:47:00","flight":"US810"},{"day":3,"utc":"07:32:00","flight":"US796"},{"day":3,"utc":"05:27:00","flight":"US197"},{"day":3,"utc":"09:44:00","flight":"US198"},{"day":3,"utc":"13:49:00","flight":"US035"},{"day":3,"utc":"19:04:00","flight":"US860"},{"day":4,"utc":"01:18:00","flight":"US741"},{"day":4,"utc":"12:45:00","flight":"US478"},{"day":4,"utc":"11:47:00","flight":"US368"},{"day":4,"utc":"23:41:00","flight":"US861"},{"day":5,"utc":"04:29:00","flight":"US682"},{"day":5,"utc":"16:24:00","flight":"US021"},{"day":5,"utc":"21:46:00","flight":"US599"},{"day":6,"utc":"22:58:00","flight":"US917"},{"day":6,"utc":"09:53:00","flight":"US706"},{"day":6,"utc":"17:15:00","flight":"US171"},{"day":6,"utc":"11:36:00","flight":"US211"},{"day":6,"utc":"20:50:00","flight":"US219"}]}