{"id":22697,"type":"route","airline":"DY","airlineid":"airline_3737","sourceairport":"SVG","destinationairport":"MAN","stops":0,"equipment":"73H","schedule":[{"day":0,"utc":"18:40:00","flight":"DY809"},{"day":1,"utc":"12:35:00","flight":"DY980"},{"day":1,"utc":"22:27:00","flight":"DY820"},{"day":1,"utc":"00:57:00","flight":"DY543"},{"day":1,"utc":"06:52:00","flight":"DY634"},{"day":2,"utc":"06:57:00","flight":"DY630"},{"day":2,"utc":"07:58:00","flight":"DY050"},{"day":3,"utc":"09:16:00","flight":"DY846"},{"day":3,"utc":"04:20:00","flight":"DY460"},{"day":3,"utc":"20:50:00","flight":"DY127"},{"day":3,"utc":"20:40:00","flight":"DY264"},{"day":4,"utc":"12:15:00","flight":"DY225"},{"day":4,"utc":"04:04:00","flight":"DY091"},{"day":4,"utc":"01:59:00","flight":"DY154"},{"day":4,"utc":"18:52:00","flight":"DY423"},{"day":4,"utc":"02:51:00","flight":"DY197"},{"day":5,"utc":"21:09:00","flight":"DY343"},{"day":5,"utc":"02:10:00","flight":"DY324"},{"day":5,"utc":"18:49:00","flight":"DY359"},{"day":6,"utc":"12:24:00","flight":"DY791"},{"day":6,"utc":"14:04:00","flight":"DY929"}],"distance":784.9235800810158}