{"id":30333,"type":"route","airline":"GS","airlineid":"airline_690","sourceairport":"LHW","destinationairport":"TYN","stops":0,"equipment":"ERJ","schedule":[{"day":0,"utc":"01:29:00","flight":"GS581"},{"day":0,"utc":"03:02:00","flight":"GS689"},{"day":1,"utc":"21:11:00","flight":"GS950"},{"day":1,"utc":"06:52:00","flight":"GS500"},{"day":1,"utc":"14:13:00","flight":"GS682"},{"day":2,"utc":"11:49:00","flight":"GS296"},{"day":2,"utc":"06:39:00","flight":"GS746"},{"day":2,"utc":"10:38:00","flight":"GS880"},{"day":2,"utc":"12:59:00","flight":"GS023"},{"day":2,"utc":"20:59:00","flight":"GS931"},{"day":3,"utc":"23:56:00","flight":"GS330"},{"day":3,"utc":"12:38:00","flight":"GS917"},{"day":4,"utc":"03:00:00","flight":"GS712"},{"day":5,"utc":"23:12:00","flight":"GS465"},{"day":5,"utc":"18:36:00","flight":"GS517"},{"day":5,"utc":"07:16:00","flight":"GS712"},{"day":5,"utc":"04:19:00","flight":"GS633"},{"day":6,"utc":"06:32:00","flight":"GS943"},{"day":6,"utc":"08:45:00","flight":"GS787"},{"day":6,"utc":"05:58:00","flight":"GS471"},{"day":6,"utc":"21:01:00","flight":"GS954"}],"distance":820.8546651029499}