{"id":5843,"type":"route","airline":"AA","airlineid":"airline_24","sourceairport":"LHR","destinationairport":"HAJ","stops":0,"equipment":"319","schedule":[{"day":0,"utc":"20:20:00","flight":"AA301"},{"day":0,"utc":"05:45:00","flight":"AA711"},{"day":0,"utc":"09:21:00","flight":"AA460"},{"day":0,"utc":"09:54:00","flight":"AA908"},{"day":0,"utc":"15:07:00","flight":"AA256"},{"day":1,"utc":"14:09:00","flight":"AA630"},{"day":2,"utc":"17:33:00","flight":"AA444"},{"day":2,"utc":"07:04:00","flight":"AA136"},{"day":2,"utc":"11:22:00","flight":"AA642"},{"day":2,"utc":"08:09:00","flight":"AA227"},{"day":2,"utc":"10:23:00","flight":"AA386"},{"day":3,"utc":"13:20:00","flight":"AA471"},{"day":3,"utc":"11:19:00","flight":"AA542"},{"day":3,"utc":"16:35:00","flight":"AA276"},{"day":3,"utc":"19:22:00","flight":"AA774"},{"day":3,"utc":"02:19:00","flight":"AA325"},{"day":4,"utc":"04:54:00","flight":"AA326"},{"day":4,"utc":"03:40:00","flight":"AA535"},{"day":4,"utc":"15:08:00","flight":"AA440"},{"day":5,"utc":"04:48:00","flight":"AA051"},{"day":6,"utc":"14:48:00","flight":"AA612"},{"day":6,"utc":"22:12:00","flight":"AA670"},{"day":6,"utc":"12:03:00","flight":"AA800"}],"distance":703.0322245880385}