{"id":9905,"type":"route","airline":"AF","airlineid":"airline_137","sourceairport":"PVR","destinationairport":"ATL","stops":0,"equipment":"757","schedule":[{"day":0,"utc":"10:12:00","flight":"AF897"},{"day":0,"utc":"22:00:00","flight":"AF245"},{"day":0,"utc":"14:29:00","flight":"AF421"},{"day":1,"utc":"12:01:00","flight":"AF579"},{"day":1,"utc":"11:13:00","flight":"AF201"},{"day":2,"utc":"02:09:00","flight":"AF142"},{"day":2,"utc":"07:59:00","flight":"AF948"},{"day":3,"utc":"22:10:00","flight":"AF524"},{"day":3,"utc":"17:58:00","flight":"AF936"},{"day":3,"utc":"23:31:00","flight":"AF353"},{"day":3,"utc":"02:06:00","flight":"AF150"},{"day":3,"utc":"00:34:00","flight":"AF056"},{"day":4,"utc":"13:33:00","flight":"AF066"},{"day":4,"utc":"22:08:00","flight":"AF596"},{"day":4,"utc":"19:36:00","flight":"AF312"},{"day":5,"utc":"07:26:00","flight":"AF465"},{"day":6,"utc":"17:53:00","flight":"AF306"},{"day":6,"utc":"17:36:00","flight":"AF007"},{"day":6,"utc":"17:57:00","flight":"AF632"},{"day":6,"utc":"17:12:00","flight":"AF265"}]}