{"id":10967,"type":"route","airline":"AM","airlineid":"airline_321","sourceairport":"FCO","destinationairport":"ATL","stops":0,"equipment":"333","schedule":[{"day":0,"utc":"16:03:00","flight":"AM420"},{"day":0,"utc":"17:47:00","flight":"AM276"},{"day":0,"utc":"19:46:00","flight":"AM093"},{"day":1,"utc":"17:27:00","flight":"AM334"},{"day":1,"utc":"10:12:00","flight":"AM527"},{"day":2,"utc":"05:32:00","flight":"AM763"},{"day":2,"utc":"13:28:00","flight":"AM148"},{"day":2,"utc":"01:57:00","flight":"AM917"},{"day":2,"utc":"23:53:00","flight":"AM367"},{"day":2,"utc":"07:52:00","flight":"AM210"},{"day":3,"utc":"16:50:00","flight":"AM891"},{"day":3,"utc":"12:17:00","flight":"AM218"},{"day":3,"utc":"15:54:00","flight":"AM264"},{"day":3,"utc":"22:24:00","flight":"AM428"},{"day":4,"utc":"14:11:00","flight":"AM069"},{"day":4,"utc":"19:36:00","flight":"AM824"},{"day":4,"utc":"07:45:00","flight":"AM148"},{"day":5,"utc":"01:33:00","flight":"AM069"},{"day":5,"utc":"13:53:00","flight":"AM035"},{"day":5,"utc":"01:55:00","flight":"AM660"},{"day":5,"utc":"04:36:00","flight":"AM234"},{"day":5,"utc":"21:54:00","flight":"AM832"},{"day":6,"utc":"10:03:00","flight":"AM958"},{"day":6,"utc":"03:53:00","flight":"AM511"},{"day":6,"utc":"09:43:00","flight":"AM164"}],"distance":8085.964298597014}