{"id":60178,"type":"route","airline":"US","airlineid":"airline_5265","sourceairport":"PHX","destinationairport":"MZT","stops":0,"equipment":"320 319","schedule":[{"day":0,"utc":"19:12:00","flight":"US394"},{"day":1,"utc":"21:21:00","flight":"US010"},{"day":2,"utc":"05:00:00","flight":"US546"},{"day":2,"utc":"22:03:00","flight":"US085"},{"day":2,"utc":"23:34:00","flight":"US354"},{"day":2,"utc":"15:47:00","flight":"US930"},{"day":3,"utc":"12:22:00","flight":"US819"},{"day":3,"utc":"12:11:00","flight":"US119"},{"day":3,"utc":"10:06:00","flight":"US070"},{"day":4,"utc":"08:01:00","flight":"US076"},{"day":4,"utc":"06:44:00","flight":"US807"},{"day":4,"utc":"17:36:00","flight":"US340"},{"day":4,"utc":"08:39:00","flight":"US029"},{"day":5,"utc":"04:18:00","flight":"US077"},{"day":5,"utc":"01:50:00","flight":"US696"},{"day":6,"utc":"10:22:00","flight":"US984"},{"day":6,"utc":"07:12:00","flight":"US753"},{"day":6,"utc":"05:37:00","flight":"US254"},{"day":6,"utc":"13:36:00","flight":"US135"}]}