{"id":27115,"type":"route","airline":"FR","airlineid":"airline_4296","sourceairport":"LGW","destinationairport":"SNN","stops":0,"equipment":"738","schedule":[{"day":0,"utc":"06:39:00","flight":"FR837"},{"day":0,"utc":"18:38:00","flight":"FR409"},{"day":0,"utc":"20:32:00","flight":"FR804"},{"day":0,"utc":"06:54:00","flight":"FR562"},{"day":0,"utc":"09:12:00","flight":"FR068"},{"day":1,"utc":"00:58:00","flight":"FR075"},{"day":2,"utc":"14:00:00","flight":"FR526"},{"day":2,"utc":"09:41:00","flight":"FR290"},{"day":2,"utc":"16:49:00","flight":"FR045"},{"day":2,"utc":"11:54:00","flight":"FR340"},{"day":3,"utc":"13:08:00","flight":"FR112"},{"day":3,"utc":"18:07:00","flight":"FR383"},{"day":4,"utc":"14:18:00","flight":"FR087"},{"day":4,"utc":"14:53:00","flight":"FR998"},{"day":4,"utc":"03:18:00","flight":"FR435"},{"day":4,"utc":"18:43:00","flight":"FR860"},{"day":5,"utc":"06:13:00","flight":"FR556"},{"day":5,"utc":"15:58:00","flight":"FR178"},{"day":5,"utc":"06:01:00","flight":"FR947"},{"day":5,"utc":"08:59:00","flight":"FR454"},{"day":5,"utc":"01:00:00","flight":"FR762"},{"day":6,"utc":"01:54:00","flight":"FR388"}]}