{"id":9870,"type":"route","airline":"AF","airlineid":"airline_137","sourceairport":"PAP","destinationairport":"JFK","stops":0,"equipment":"738","schedule":[{"day":0,"utc":"23:54:00","flight":"AF457"},{"day":0,"utc":"04:55:00","flight":"AF617"},{"day":0,"utc":"01:15:00","flight":"AF299"},{"day":1,"utc":"23:54:00","flight":"AF461"},{"day":1,"utc":"22:52:00","flight":"AF431"},{"day":1,"utc":"10:07:00","flight":"AF979"},{"day":2,"utc":"04:17:00","flight":"AF764"},{"day":3,"utc":"19:09:00","flight":"AF569"},{"day":3,"utc":"14:07:00","flight":"AF156"},{"day":3,"utc":"06:53:00","flight":"AF039"},{"day":3,"utc":"04:19:00","flight":"AF146"},{"day":4,"utc":"14:20:00","flight":"AF692"},{"day":4,"utc":"12:55:00","flight":"AF347"},{"day":4,"utc":"00:03:00","flight":"AF882"},{"day":4,"utc":"10:49:00","flight":"AF916"},{"day":5,"utc":"10:59:00","flight":"AF803"},{"day":5,"utc":"05:23:00","flight":"AF411"},{"day":5,"utc":"15:03:00","flight":"AF757"},{"day":6,"utc":"06:53:00","flight":"AF253"},{"day":6,"utc":"11:53:00","flight":"AF247"},{"day":6,"utc":"19:38:00","flight":"AF279"}],"distance":2457.0290875611813}