{"id":30208,"type":"route","airline":"GS","airlineid":"airline_690","sourceairport":"DLC","destinationairport":"TSN","stops":0,"equipment":"E90 320","schedule":[{"day":0,"utc":"09:33:00","flight":"GS809"},{"day":0,"utc":"14:44:00","flight":"GS757"},{"day":0,"utc":"14:25:00","flight":"GS968"},{"day":0,"utc":"12:35:00","flight":"GS382"},{"day":0,"utc":"12:33:00","flight":"GS689"},{"day":1,"utc":"06:12:00","flight":"GS567"},{"day":1,"utc":"02:38:00","flight":"GS839"},{"day":1,"utc":"12:10:00","flight":"GS871"},{"day":1,"utc":"09:02:00","flight":"GS128"},{"day":1,"utc":"16:57:00","flight":"GS150"},{"day":2,"utc":"11:13:00","flight":"GS655"},{"day":2,"utc":"02:34:00","flight":"GS177"},{"day":2,"utc":"20:34:00","flight":"GS563"},{"day":3,"utc":"05:54:00","flight":"GS354"},{"day":4,"utc":"12:26:00","flight":"GS402"},{"day":5,"utc":"06:29:00","flight":"GS772"},{"day":5,"utc":"16:17:00","flight":"GS344"},{"day":5,"utc":"01:38:00","flight":"GS476"},{"day":5,"utc":"12:32:00","flight":"GS032"},{"day":6,"utc":"21:25:00","flight":"GS775"},{"day":6,"utc":"17:31:00","flight":"GS359"},{"day":6,"utc":"00:30:00","flight":"GS833"},{"day":6,"utc":"01:30:00","flight":"GS003"}],"distance":362.4531823975229}