{"id":56186,"type":"route","airline":"UA","airlineid":"airline_5209","sourceairport":"DEN","destinationairport":"RSW","stops":0,"equipment":"738","schedule":[{"day":0,"utc":"12:29:00","flight":"UA955"},{"day":0,"utc":"09:44:00","flight":"UA016"},{"day":0,"utc":"14:12:00","flight":"UA580"},{"day":0,"utc":"11:49:00","flight":"UA881"},{"day":0,"utc":"19:32:00","flight":"UA942"},{"day":1,"utc":"03:46:00","flight":"UA482"},{"day":1,"utc":"10:48:00","flight":"UA490"},{"day":2,"utc":"18:12:00","flight":"UA638"},{"day":2,"utc":"10:34:00","flight":"UA287"},{"day":3,"utc":"05:34:00","flight":"UA053"},{"day":3,"utc":"19:09:00","flight":"UA529"},{"day":3,"utc":"17:02:00","flight":"UA761"},{"day":3,"utc":"17:34:00","flight":"UA662"},{"day":4,"utc":"18:41:00","flight":"UA738"},{"day":5,"utc":"17:06:00","flight":"UA168"},{"day":6,"utc":"14:21:00","flight":"UA040"},{"day":6,"utc":"16:35:00","flight":"UA738"},{"day":6,"utc":"05:27:00","flight":"UA969"},{"day":6,"utc":"14:57:00","flight":"UA780"}],"distance":2584.041695881209}