{"id":25318,"type":"route","airline":"FL","airlineid":"airline_1316","sourceairport":"MKE","destinationairport":"DCA","stops":0,"equipment":"717","schedule":[{"day":0,"utc":"02:23:00","flight":"FL642"},{"day":0,"utc":"21:32:00","flight":"FL638"},{"day":1,"utc":"18:06:00","flight":"FL460"},{"day":1,"utc":"00:39:00","flight":"FL361"},{"day":1,"utc":"11:01:00","flight":"FL473"},{"day":1,"utc":"13:44:00","flight":"FL339"},{"day":1,"utc":"11:34:00","flight":"FL122"},{"day":2,"utc":"16:55:00","flight":"FL552"},{"day":3,"utc":"05:42:00","flight":"FL816"},{"day":3,"utc":"00:45:00","flight":"FL341"},{"day":4,"utc":"06:18:00","flight":"FL754"},{"day":4,"utc":"04:48:00","flight":"FL682"},{"day":4,"utc":"21:24:00","flight":"FL475"},{"day":5,"utc":"22:26:00","flight":"FL381"},{"day":5,"utc":"06:46:00","flight":"FL304"},{"day":6,"utc":"03:06:00","flight":"FL124"},{"day":6,"utc":"14:22:00","flight":"FL721"},{"day":6,"utc":"00:46:00","flight":"FL939"},{"day":6,"utc":"12:12:00","flight":"FL344"}],"distance":1018.8604840504283}