{"id":54582,"type":"route","airline":"U2","airlineid":"airline_2297","sourceairport":"BSL","destinationairport":"BOD","stops":0,"equipment":"319 320","schedule":[{"day":0,"utc":"05:26:00","flight":"U2389"},{"day":0,"utc":"13:50:00","flight":"U2719"},{"day":0,"utc":"03:54:00","flight":"U2032"},{"day":0,"utc":"12:15:00","flight":"U2180"},{"day":1,"utc":"01:55:00","flight":"U2436"},{"day":1,"utc":"10:08:00","flight":"U2085"},{"day":1,"utc":"08:45:00","flight":"U2460"},{"day":2,"utc":"12:58:00","flight":"U2737"},{"day":2,"utc":"03:43:00","flight":"U2256"},{"day":3,"utc":"19:11:00","flight":"U2983"},{"day":4,"utc":"21:07:00","flight":"U2069"},{"day":4,"utc":"11:38:00","flight":"U2941"},{"day":4,"utc":"15:58:00","flight":"U2046"},{"day":5,"utc":"14:32:00","flight":"U2029"},{"day":5,"utc":"22:26:00","flight":"U2927"},{"day":5,"utc":"21:37:00","flight":"U2757"},{"day":5,"utc":"08:31:00","flight":"U2671"},{"day":6,"utc":"08:43:00","flight":"U2311"},{"day":6,"utc":"21:17:00","flight":"U2630"},{"day":6,"utc":"17:32:00","flight":"U2809"}],"distance":704.3497190664298}