{"id":6262,"type":"route","airline":"AA","airlineid":"airline_24","sourceairport":"ORD","destinationairport":"DUS","stops":0,"equipment":"763","schedule":[{"day":0,"utc":"21:45:00","flight":"AA804"},{"day":0,"utc":"18:52:00","flight":"AA710"},{"day":0,"utc":"01:17:00","flight":"AA167"},{"day":0,"utc":"15:34:00","flight":"AA180"},{"day":1,"utc":"21:22:00","flight":"AA834"},{"day":2,"utc":"07:11:00","flight":"AA195"},{"day":3,"utc":"10:50:00","flight":"AA915"},{"day":3,"utc":"10:38:00","flight":"AA075"},{"day":3,"utc":"18:11:00","flight":"AA395"},{"day":3,"utc":"04:23:00","flight":"AA735"},{"day":3,"utc":"14:41:00","flight":"AA140"},{"day":4,"utc":"04:29:00","flight":"AA553"},{"day":4,"utc":"07:46:00","flight":"AA506"},{"day":4,"utc":"09:56:00","flight":"AA882"},{"day":5,"utc":"21:07:00","flight":"AA459"},{"day":5,"utc":"23:37:00","flight":"AA477"},{"day":5,"utc":"08:50:00","flight":"AA487"},{"day":5,"utc":"02:03:00","flight":"AA414"},{"day":5,"utc":"08:12:00","flight":"AA497"},{"day":6,"utc":"00:28:00","flight":"AA498"},{"day":6,"utc":"00:53:00","flight":"AA736"},{"day":6,"utc":"23:24:00","flight":"AA006"}]}