{"id":21010,"type":"route","airline":"DL","airlineid":"airline_2009","sourceairport":"KOA","destinationairport":"LAX","stops":0,"equipment":"757","schedule":[{"day":0,"utc":"13:06:00","flight":"DL484"},{"day":0,"utc":"18:30:00","flight":"DL742"},{"day":0,"utc":"20:19:00","flight":"DL333"},{"day":0,"utc":"21:02:00","flight":"DL419"},{"day":1,"utc":"18:46:00","flight":"DL960"},{"day":2,"utc":"11:02:00","flight":"DL960"},{"day":3,"utc":"23:02:00","flight":"DL224"},{"day":3,"utc":"09:03:00","flight":"DL768"},{"day":3,"utc":"01:38:00","flight":"DL453"},{"day":3,"utc":"08:25:00","flight":"DL029"},{"day":3,"utc":"18:14:00","flight":"DL624"},{"day":4,"utc":"06:16:00","flight":"DL772"},{"day":4,"utc":"10:56:00","flight":"DL580"},{"day":4,"utc":"16:32:00","flight":"DL477"},{"day":5,"utc":"10:01:00","flight":"DL957"},{"day":5,"utc":"00:52:00","flight":"DL518"},{"day":6,"utc":"05:20:00","flight":"DL439"},{"day":6,"utc":"15:33:00","flight":"DL628"},{"day":6,"utc":"19:44:00","flight":"DL657"}],"distance":4025.6307801957932}