{"id":30445,"type":"route","airline":"GS","airlineid":"airline_690","sourceairport":"URC","destinationairport":"HMI","stops":0,"equipment":"E90","schedule":[{"day":0,"utc":"13:17:00","flight":"GS323"},{"day":0,"utc":"01:15:00","flight":"GS149"},{"day":0,"utc":"13:08:00","flight":"GS808"},{"day":1,"utc":"17:05:00","flight":"GS019"},{"day":1,"utc":"21:01:00","flight":"GS184"},{"day":1,"utc":"14:42:00","flight":"GS450"},{"day":1,"utc":"06:21:00","flight":"GS201"},{"day":1,"utc":"07:26:00","flight":"GS035"},{"day":2,"utc":"21:19:00","flight":"GS495"},{"day":2,"utc":"19:42:00","flight":"GS878"},{"day":2,"utc":"21:06:00","flight":"GS306"},{"day":2,"utc":"22:39:00","flight":"GS447"},{"day":3,"utc":"09:21:00","flight":"GS638"},{"day":3,"utc":"17:40:00","flight":"GS168"},{"day":3,"utc":"14:30:00","flight":"GS565"},{"day":4,"utc":"16:46:00","flight":"GS425"},{"day":4,"utc":"12:29:00","flight":"GS402"},{"day":5,"utc":"09:11:00","flight":"GS129"},{"day":5,"utc":"11:52:00","flight":"GS388"},{"day":5,"utc":"17:52:00","flight":"GS105"},{"day":5,"utc":"06:10:00","flight":"GS972"},{"day":5,"utc":"01:17:00","flight":"GS560"},{"day":6,"utc":"08:08:00","flight":"GS719"},{"day":6,"utc":"15:23:00","flight":"GS775"},{"day":6,"utc":"07:02:00","flight":"GS886"},{"day":6,"utc":"00:58:00","flight":"GS604"}],"distance":514.4055780042432}