{"id":63468,"type":"route","airline":"WN","airlineid":"airline_4547","sourceairport":"ATL","destinationairport":"ORF","stops":0,"equipment":"717","schedule":[{"day":0,"utc":"00:48:00","flight":"WN628"},{"day":0,"utc":"17:33:00","flight":"WN108"},{"day":0,"utc":"18:01:00","flight":"WN224"},{"day":0,"utc":"01:04:00","flight":"WN182"},{"day":0,"utc":"16:54:00","flight":"WN423"},{"day":1,"utc":"13:13:00","flight":"WN596"},{"day":1,"utc":"02:07:00","flight":"WN308"},{"day":1,"utc":"01:07:00","flight":"WN574"},{"day":1,"utc":"12:24:00","flight":"WN504"},{"day":2,"utc":"06:14:00","flight":"WN264"},{"day":2,"utc":"14:54:00","flight":"WN276"},{"day":2,"utc":"09:54:00","flight":"WN505"},{"day":2,"utc":"21:15:00","flight":"WN684"},{"day":3,"utc":"13:54:00","flight":"WN107"},{"day":3,"utc":"17:26:00","flight":"WN566"},{"day":4,"utc":"16:01:00","flight":"WN712"},{"day":4,"utc":"21:04:00","flight":"WN052"},{"day":4,"utc":"16:41:00","flight":"WN838"},{"day":5,"utc":"16:55:00","flight":"WN380"},{"day":5,"utc":"06:10:00","flight":"WN897"},{"day":5,"utc":"14:09:00","flight":"WN779"},{"day":5,"utc":"05:42:00","flight":"WN382"},{"day":6,"utc":"23:04:00","flight":"WN149"},{"day":6,"utc":"01:59:00","flight":"WN105"},{"day":6,"utc":"05:01:00","flight":"WN663"}]}