{"id":54926,"type":"route","airline":"U2","airlineid":"airline_2297","sourceairport":"LGW","destinationairport":"BJV","stops":0,"equipment":"320","schedule":[{"day":0,"utc":"04:01:00","flight":"U2181"},{"day":0,"utc":"04:15:00","flight":"U2044"},{"day":0,"utc":"15:10:00","flight":"U2091"},{"day":0,"utc":"11:08:00","flight":"U2405"},{"day":1,"utc":"05:40:00","flight":"U2678"},{"day":2,"utc":"13:46:00","flight":"U2899"},{"day":3,"utc":"17:31:00","flight":"U2220"},{"day":4,"utc":"23:18:00","flight":"U2543"},{"day":4,"utc":"05:53:00","flight":"U2860"},{"day":4,"utc":"11:51:00","flight":"U2580"},{"day":4,"utc":"17:34:00","flight":"U2747"},{"day":4,"utc":"14:58:00","flight":"U2362"},{"day":5,"utc":"23:16:00","flight":"U2712"},{"day":5,"utc":"08:52:00","flight":"U2498"},{"day":5,"utc":"20:26:00","flight":"U2931"},{"day":5,"utc":"13:23:00","flight":"U2135"},{"day":6,"utc":"04:34:00","flight":"U2122"},{"day":6,"utc":"02:44:00","flight":"U2538"},{"day":6,"utc":"10:15:00","flight":"U2029"},{"day":6,"utc":"00:57:00","flight":"U2408"}],"distance":2679.4994946497113}