{"id":50642,"type":"route","airline":"SS","airlineid":"airline_1908","sourceairport":"ORY","destinationairport":"SXM","stops":0,"equipment":"332","schedule":[{"day":0,"utc":"10:09:00","flight":"SS397"},{"day":1,"utc":"10:22:00","flight":"SS908"},{"day":1,"utc":"19:24:00","flight":"SS523"},{"day":1,"utc":"14:26:00","flight":"SS317"},{"day":1,"utc":"16:06:00","flight":"SS347"},{"day":1,"utc":"18:13:00","flight":"SS793"},{"day":2,"utc":"04:08:00","flight":"SS096"},{"day":2,"utc":"19:03:00","flight":"SS030"},{"day":2,"utc":"15:18:00","flight":"SS406"},{"day":2,"utc":"20:16:00","flight":"SS803"},{"day":3,"utc":"18:12:00","flight":"SS555"},{"day":3,"utc":"14:27:00","flight":"SS708"},{"day":4,"utc":"20:40:00","flight":"SS585"},{"day":4,"utc":"18:16:00","flight":"SS399"},{"day":5,"utc":"20:35:00","flight":"SS443"},{"day":5,"utc":"03:33:00","flight":"SS770"},{"day":5,"utc":"00:17:00","flight":"SS806"},{"day":6,"utc":"09:13:00","flight":"SS641"},{"day":6,"utc":"19:19:00","flight":"SS547"},{"day":6,"utc":"00:21:00","flight":"SS890"},{"day":6,"utc":"18:25:00","flight":"SS269"},{"day":6,"utc":"06:51:00","flight":"SS576"}],"distance":6721.7491813165725}