{"id":53987,"type":"route","airline":"TS","airlineid":"airline_1317","sourceairport":"YHZ","destinationairport":"MCO","stops":0,"equipment":"738","schedule":[{"day":0,"utc":"02:47:00","flight":"TS166"},{"day":1,"utc":"19:33:00","flight":"TS666"},{"day":1,"utc":"09:32:00","flight":"TS436"},{"day":1,"utc":"06:32:00","flight":"TS656"},{"day":1,"utc":"08:25:00","flight":"TS450"},{"day":1,"utc":"05:37:00","flight":"TS188"},{"day":2,"utc":"17:53:00","flight":"TS126"},{"day":2,"utc":"19:24:00","flight":"TS035"},{"day":3,"utc":"05:22:00","flight":"TS194"},{"day":3,"utc":"23:04:00","flight":"TS110"},{"day":3,"utc":"10:58:00","flight":"TS878"},{"day":3,"utc":"20:15:00","flight":"TS677"},{"day":4,"utc":"05:05:00","flight":"TS476"},{"day":4,"utc":"07:39:00","flight":"TS501"},{"day":4,"utc":"12:32:00","flight":"TS786"},{"day":4,"utc":"08:37:00","flight":"TS459"},{"day":4,"utc":"17:38:00","flight":"TS633"},{"day":5,"utc":"11:26:00","flight":"TS248"},{"day":5,"utc":"20:45:00","flight":"TS681"},{"day":6,"utc":"03:03:00","flight":"TS346"},{"day":6,"utc":"13:52:00","flight":"TS821"},{"day":6,"utc":"06:21:00","flight":"TS076"},{"day":6,"utc":"02:07:00","flight":"TS322"}]}