{"id":62004,"type":"route","airline":"VX","airlineid":"airline_5331","sourceairport":"LAS","destinationairport":"LAX","stops":0,"equipment":"320","schedule":[{"day":0,"utc":"01:52:00","flight":"VX091"},{"day":0,"utc":"19:40:00","flight":"VX922"},{"day":0,"utc":"09:00:00","flight":"VX908"},{"day":0,"utc":"02:55:00","flight":"VX262"},{"day":1,"utc":"20:42:00","flight":"VX152"},{"day":1,"utc":"08:47:00","flight":"VX844"},{"day":2,"utc":"12:16:00","flight":"VX596"},{"day":2,"utc":"19:38:00","flight":"VX718"},{"day":2,"utc":"16:24:00","flight":"VX838"},{"day":3,"utc":"02:00:00","flight":"VX236"},{"day":3,"utc":"07:48:00","flight":"VX124"},{"day":4,"utc":"15:23:00","flight":"VX707"},{"day":4,"utc":"01:55:00","flight":"VX915"},{"day":4,"utc":"12:06:00","flight":"VX977"},{"day":4,"utc":"16:29:00","flight":"VX790"},{"day":4,"utc":"13:07:00","flight":"VX477"},{"day":5,"utc":"15:15:00","flight":"VX547"},{"day":6,"utc":"22:32:00","flight":"VX995"},{"day":6,"utc":"15:28:00","flight":"VX502"},{"day":6,"utc":"21:52:00","flight":"VX089"}],"distance":379.97653302227496}