{"id":43547,"type":"route","airline":"NK","airlineid":"airline_4687","sourceairport":"RSW","destinationairport":"DTW","stops":0,"equipment":"319","schedule":[{"day":0,"utc":"04:39:00","flight":"NK792"},{"day":0,"utc":"04:07:00","flight":"NK746"},{"day":1,"utc":"18:23:00","flight":"NK853"},{"day":1,"utc":"13:04:00","flight":"NK229"},{"day":1,"utc":"03:19:00","flight":"NK940"},{"day":1,"utc":"05:55:00","flight":"NK891"},{"day":2,"utc":"16:38:00","flight":"NK046"},{"day":2,"utc":"18:31:00","flight":"NK801"},{"day":2,"utc":"18:53:00","flight":"NK915"},{"day":2,"utc":"07:39:00","flight":"NK326"},{"day":3,"utc":"18:19:00","flight":"NK742"},{"day":4,"utc":"08:40:00","flight":"NK314"},{"day":4,"utc":"05:31:00","flight":"NK109"},{"day":4,"utc":"16:07:00","flight":"NK887"},{"day":5,"utc":"04:02:00","flight":"NK126"},{"day":5,"utc":"15:22:00","flight":"NK217"},{"day":6,"utc":"19:49:00","flight":"NK629"},{"day":6,"utc":"02:26:00","flight":"NK982"},{"day":6,"utc":"20:12:00","flight":"NK275"},{"day":6,"utc":"05:34:00","flight":"NK029"},{"day":6,"utc":"19:11:00","flight":"NK498"}],"distance":1749.1902031568807}