{"id":63887,"type":"route","airline":"WN","airlineid":"airline_4547","sourceairport":"IND","destinationairport":"DEN","stops":0,"equipment":"733 73C 73W","schedule":[{"day":0,"utc":"14:53:00","flight":"WN675"},{"day":0,"utc":"03:34:00","flight":"WN988"},{"day":0,"utc":"10:14:00","flight":"WN893"},{"day":0,"utc":"11:28:00","flight":"WN707"},{"day":0,"utc":"06:36:00","flight":"WN147"},{"day":1,"utc":"08:30:00","flight":"WN265"},{"day":2,"utc":"22:56:00","flight":"WN000"},{"day":2,"utc":"19:55:00","flight":"WN047"},{"day":2,"utc":"14:57:00","flight":"WN637"},{"day":2,"utc":"01:53:00","flight":"WN547"},{"day":3,"utc":"10:13:00","flight":"WN182"},{"day":4,"utc":"19:32:00","flight":"WN109"},{"day":5,"utc":"04:21:00","flight":"WN820"},{"day":5,"utc":"18:22:00","flight":"WN004"},{"day":5,"utc":"22:14:00","flight":"WN040"},{"day":5,"utc":"14:00:00","flight":"WN356"},{"day":5,"utc":"23:49:00","flight":"WN004"},{"day":6,"utc":"14:08:00","flight":"WN374"},{"day":6,"utc":"00:07:00","flight":"WN324"},{"day":6,"utc":"14:43:00","flight":"WN190"},{"day":6,"utc":"07:02:00","flight":"WN142"}],"distance":1567.6343609681114}