{"id":14494,"type":"route","airline":"BA","airlineid":"airline_1355","sourceairport":"DUB","destinationairport":"JFK","stops":0,"equipment":"757","schedule":[{"day":0,"utc":"02:58:00","flight":"BA447"},{"day":0,"utc":"20:27:00","flight":"BA759"},{"day":0,"utc":"22:57:00","flight":"BA587"},{"day":1,"utc":"05:43:00","flight":"BA630"},{"day":1,"utc":"04:37:00","flight":"BA070"},{"day":2,"utc":"03:31:00","flight":"BA102"},{"day":3,"utc":"09:27:00","flight":"BA478"},{"day":3,"utc":"23:19:00","flight":"BA718"},{"day":4,"utc":"04:58:00","flight":"BA825"},{"day":5,"utc":"16:46:00","flight":"BA908"},{"day":5,"utc":"07:18:00","flight":"BA801"},{"day":5,"utc":"03:57:00","flight":"BA932"},{"day":6,"utc":"17:03:00","flight":"BA238"},{"day":6,"utc":"23:31:00","flight":"BA007"},{"day":6,"utc":"07:07:00","flight":"BA721"},{"day":6,"utc":"14:47:00","flight":"BA226"},{"day":6,"utc":"14:28:00","flight":"BA545"}],"distance":5103.02675898737}