{"id":10434,"type":"route","airline":"AI","airlineid":"airline_218","sourceairport":"DEL","destinationairport":"JFK","stops":0,"equipment":"77W","schedule":[{"day":0,"utc":"21:52:00","flight":"AI524"},{"day":0,"utc":"11:41:00","flight":"AI145"},{"day":0,"utc":"15:26:00","flight":"AI667"},{"day":1,"utc":"09:12:00","flight":"AI197"},{"day":1,"utc":"02:51:00","flight":"AI198"},{"day":2,"utc":"19:52:00","flight":"AI416"},{"day":2,"utc":"12:59:00","flight":"AI101"},{"day":2,"utc":"02:40:00","flight":"AI072"},{"day":2,"utc":"23:45:00","flight":"AI792"},{"day":3,"utc":"03:09:00","flight":"AI700"},{"day":3,"utc":"15:27:00","flight":"AI258"},{"day":4,"utc":"13:00:00","flight":"AI270"},{"day":4,"utc":"15:19:00","flight":"AI803"},{"day":5,"utc":"13:28:00","flight":"AI642"},{"day":5,"utc":"06:31:00","flight":"AI596"},{"day":6,"utc":"14:57:00","flight":"AI570"},{"day":6,"utc":"01:56:00","flight":"AI163"},{"day":6,"utc":"16:30:00","flight":"AI833"},{"day":6,"utc":"13:05:00","flight":"AI592"}],"distance":11754.489238973116}