{"id":46969,"type":"route","airline":"QF","airlineid":"airline_4089","sourceairport":"LAX","destinationairport":"SYD","stops":0,"equipment":"388 744","schedule":[{"day":0,"utc":"03:50:00","flight":"QF719"},{"day":0,"utc":"12:56:00","flight":"QF370"},{"day":0,"utc":"19:41:00","flight":"QF285"},{"day":1,"utc":"02:30:00","flight":"QF220"},{"day":1,"utc":"07:03:00","flight":"QF016"},{"day":2,"utc":"04:32:00","flight":"QF558"},{"day":2,"utc":"12:21:00","flight":"QF563"},{"day":2,"utc":"00:15:00","flight":"QF165"},{"day":2,"utc":"09:26:00","flight":"QF619"},{"day":2,"utc":"10:16:00","flight":"QF079"},{"day":3,"utc":"14:28:00","flight":"QF519"},{"day":3,"utc":"20:13:00","flight":"QF028"},{"day":3,"utc":"11:38:00","flight":"QF857"},{"day":4,"utc":"08:19:00","flight":"QF844"},{"day":4,"utc":"01:39:00","flight":"QF414"},{"day":4,"utc":"06:21:00","flight":"QF746"},{"day":5,"utc":"11:45:00","flight":"QF622"},{"day":5,"utc":"06:14:00","flight":"QF641"},{"day":6,"utc":"19:22:00","flight":"QF890"},{"day":6,"utc":"19:26:00","flight":"QF927"}],"distance":12061.106374250106}