{"id":55097,"type":"route","airline":"U2","airlineid":"airline_2297","sourceairport":"LUX","destinationairport":"LGW","stops":0,"equipment":"319","schedule":[{"day":0,"utc":"03:34:00","flight":"U2529"},{"day":0,"utc":"06:19:00","flight":"U2882"},{"day":0,"utc":"09:21:00","flight":"U2513"},{"day":0,"utc":"12:14:00","flight":"U2896"},{"day":0,"utc":"10:51:00","flight":"U2218"},{"day":1,"utc":"04:47:00","flight":"U2351"},{"day":1,"utc":"07:35:00","flight":"U2148"},{"day":2,"utc":"05:33:00","flight":"U2692"},{"day":2,"utc":"19:02:00","flight":"U2879"},{"day":3,"utc":"23:29:00","flight":"U2398"},{"day":3,"utc":"06:26:00","flight":"U2098"},{"day":3,"utc":"22:12:00","flight":"U2450"},{"day":3,"utc":"21:29:00","flight":"U2780"},{"day":4,"utc":"09:06:00","flight":"U2633"},{"day":4,"utc":"15:32:00","flight":"U2106"},{"day":4,"utc":"13:42:00","flight":"U2290"},{"day":5,"utc":"21:24:00","flight":"U2149"},{"day":6,"utc":"08:55:00","flight":"U2747"},{"day":6,"utc":"01:34:00","flight":"U2706"}]}