{"id":53233,"type":"route","airline":"TO","airlineid":"airline_8745","sourceairport":"LPA","destinationairport":"MAN","stops":0,"equipment":"73H","schedule":[{"day":0,"utc":"20:23:00","flight":"TO156"},{"day":0,"utc":"15:51:00","flight":"TO072"},{"day":0,"utc":"19:45:00","flight":"TO042"},{"day":0,"utc":"03:44:00","flight":"TO614"},{"day":1,"utc":"02:23:00","flight":"TO530"},{"day":1,"utc":"00:08:00","flight":"TO961"},{"day":1,"utc":"06:04:00","flight":"TO120"},{"day":1,"utc":"00:00:00","flight":"TO423"},{"day":1,"utc":"12:44:00","flight":"TO507"},{"day":2,"utc":"13:36:00","flight":"TO328"},{"day":2,"utc":"06:46:00","flight":"TO851"},{"day":3,"utc":"18:18:00","flight":"TO670"},{"day":4,"utc":"06:32:00","flight":"TO877"},{"day":4,"utc":"07:19:00","flight":"TO359"},{"day":5,"utc":"04:15:00","flight":"TO594"},{"day":6,"utc":"22:02:00","flight":"TO529"},{"day":6,"utc":"07:57:00","flight":"TO949"},{"day":6,"utc":"02:49:00","flight":"TO415"}]}