{"id":9567,"type":"route","airline":"AF","airlineid":"airline_137","sourceairport":"HAN","destinationairport":"REP","stops":0,"equipment":"321","schedule":[{"day":0,"utc":"17:27:00","flight":"AF859"},{"day":0,"utc":"21:30:00","flight":"AF435"},{"day":0,"utc":"21:20:00","flight":"AF846"},{"day":1,"utc":"05:01:00","flight":"AF419"},{"day":1,"utc":"05:05:00","flight":"AF615"},{"day":1,"utc":"01:31:00","flight":"AF633"},{"day":1,"utc":"17:27:00","flight":"AF384"},{"day":1,"utc":"04:53:00","flight":"AF759"},{"day":2,"utc":"08:08:00","flight":"AF268"},{"day":2,"utc":"23:25:00","flight":"AF198"},{"day":2,"utc":"08:05:00","flight":"AF978"},{"day":3,"utc":"23:46:00","flight":"AF140"},{"day":3,"utc":"22:06:00","flight":"AF665"},{"day":3,"utc":"00:56:00","flight":"AF595"},{"day":3,"utc":"11:53:00","flight":"AF910"},{"day":4,"utc":"07:19:00","flight":"AF841"},{"day":4,"utc":"17:14:00","flight":"AF714"},{"day":4,"utc":"05:38:00","flight":"AF537"},{"day":5,"utc":"11:23:00","flight":"AF570"},{"day":5,"utc":"23:59:00","flight":"AF073"},{"day":6,"utc":"03:25:00","flight":"AF455"},{"day":6,"utc":"21:09:00","flight":"AF295"},{"day":6,"utc":"01:20:00","flight":"AF583"},{"day":6,"utc":"07:38:00","flight":"AF287"}],"distance":893.8720615503114}