{"id":26298,"type":"route","airline":"FR","airlineid":"airline_4296","sourceairport":"BVA","destinationairport":"BUD","stops":0,"equipment":"738","schedule":[{"day":0,"utc":"12:55:00","flight":"FR114"},{"day":1,"utc":"14:31:00","flight":"FR643"},{"day":1,"utc":"12:24:00","flight":"FR665"},{"day":1,"utc":"03:19:00","flight":"FR661"},{"day":2,"utc":"11:02:00","flight":"FR117"},{"day":2,"utc":"16:50:00","flight":"FR414"},{"day":2,"utc":"17:27:00","flight":"FR822"},{"day":2,"utc":"16:43:00","flight":"FR089"},{"day":2,"utc":"16:17:00","flight":"FR737"},{"day":3,"utc":"12:05:00","flight":"FR282"},{"day":3,"utc":"11:06:00","flight":"FR438"},{"day":3,"utc":"03:28:00","flight":"FR839"},{"day":3,"utc":"15:56:00","flight":"FR187"},{"day":4,"utc":"14:06:00","flight":"FR507"},{"day":4,"utc":"07:23:00","flight":"FR998"},{"day":4,"utc":"21:13:00","flight":"FR059"},{"day":5,"utc":"04:44:00","flight":"FR729"},{"day":5,"utc":"23:29:00","flight":"FR735"},{"day":6,"utc":"10:16:00","flight":"FR146"},{"day":6,"utc":"09:50:00","flight":"FR084"},{"day":6,"utc":"12:47:00","flight":"FR359"}],"distance":1281.2626949454198}