{"id":28914,"type":"route","airline":"G4","airlineid":"airline_35","sourceairport":"BLV","destinationairport":"SFB","stops":0,"equipment":"M80","schedule":[{"day":0,"utc":"19:20:00","flight":"G4929"},{"day":0,"utc":"14:02:00","flight":"G4149"},{"day":0,"utc":"23:54:00","flight":"G4852"},{"day":0,"utc":"12:13:00","flight":"G4022"},{"day":0,"utc":"07:09:00","flight":"G4460"},{"day":1,"utc":"03:14:00","flight":"G4193"},{"day":1,"utc":"07:38:00","flight":"G4506"},{"day":1,"utc":"12:08:00","flight":"G4123"},{"day":2,"utc":"03:57:00","flight":"G4057"},{"day":2,"utc":"04:41:00","flight":"G4458"},{"day":2,"utc":"17:11:00","flight":"G4837"},{"day":2,"utc":"06:15:00","flight":"G4840"},{"day":2,"utc":"18:31:00","flight":"G4880"},{"day":3,"utc":"13:47:00","flight":"G4302"},{"day":3,"utc":"12:58:00","flight":"G4160"},{"day":3,"utc":"13:57:00","flight":"G4576"},{"day":3,"utc":"19:56:00","flight":"G4285"},{"day":3,"utc":"20:35:00","flight":"G4705"},{"day":4,"utc":"17:18:00","flight":"G4909"},{"day":5,"utc":"08:20:00","flight":"G4747"},{"day":5,"utc":"03:54:00","flight":"G4692"},{"day":5,"utc":"06:54:00","flight":"G4790"},{"day":6,"utc":"03:14:00","flight":"G4673"}],"distance":1344.9321059788329}