{"id":21827,"type":"route","airline":"DL","airlineid":"airline_2009","sourceairport":"SLC","destinationairport":"MCI","stops":0,"equipment":"319","schedule":[{"day":0,"utc":"04:31:00","flight":"DL112"},{"day":0,"utc":"06:54:00","flight":"DL898"},{"day":0,"utc":"05:59:00","flight":"DL939"},{"day":1,"utc":"07:41:00","flight":"DL693"},{"day":1,"utc":"12:45:00","flight":"DL933"},{"day":1,"utc":"09:02:00","flight":"DL876"},{"day":1,"utc":"20:09:00","flight":"DL743"},{"day":1,"utc":"16:40:00","flight":"DL788"},{"day":2,"utc":"17:00:00","flight":"DL782"},{"day":2,"utc":"06:13:00","flight":"DL538"},{"day":2,"utc":"17:03:00","flight":"DL899"},{"day":2,"utc":"05:17:00","flight":"DL191"},{"day":2,"utc":"21:00:00","flight":"DL342"},{"day":3,"utc":"02:28:00","flight":"DL497"},{"day":3,"utc":"14:54:00","flight":"DL534"},{"day":3,"utc":"19:24:00","flight":"DL625"},{"day":3,"utc":"19:52:00","flight":"DL495"},{"day":4,"utc":"20:04:00","flight":"DL440"},{"day":4,"utc":"12:54:00","flight":"DL697"},{"day":4,"utc":"05:56:00","flight":"DL581"},{"day":4,"utc":"04:36:00","flight":"DL962"},{"day":4,"utc":"22:10:00","flight":"DL026"},{"day":5,"utc":"19:15:00","flight":"DL455"},{"day":5,"utc":"10:00:00","flight":"DL228"},{"day":5,"utc":"05:38:00","flight":"DL021"},{"day":5,"utc":"09:15:00","flight":"DL390"},{"day":6,"utc":"00:04:00","flight":"DL471"},{"day":6,"utc":"10:36:00","flight":"DL424"},{"day":6,"utc":"05:12:00","flight":"DL738"},{"day":6,"utc":"04:29:00","flight":"DL280"},{"day":6,"utc":"19:06:00","flight":"DL524"}]}