{"id":10943,"type":"route","airline":"AM","airlineid":"airline_321","sourceairport":"CUN","destinationairport":"SLC","stops":0,"equipment":"320","schedule":[{"day":0,"utc":"11:20:00","flight":"AM734"},{"day":0,"utc":"11:10:00","flight":"AM921"},{"day":0,"utc":"04:19:00","flight":"AM258"},{"day":1,"utc":"23:27:00","flight":"AM118"},{"day":1,"utc":"01:47:00","flight":"AM067"},{"day":1,"utc":"20:31:00","flight":"AM956"},{"day":2,"utc":"09:47:00","flight":"AM590"},{"day":2,"utc":"21:36:00","flight":"AM393"},{"day":3,"utc":"16:05:00","flight":"AM697"},{"day":3,"utc":"04:47:00","flight":"AM723"},{"day":3,"utc":"17:52:00","flight":"AM637"},{"day":4,"utc":"13:08:00","flight":"AM292"},{"day":4,"utc":"19:54:00","flight":"AM406"},{"day":4,"utc":"09:24:00","flight":"AM596"},{"day":4,"utc":"03:06:00","flight":"AM182"},{"day":4,"utc":"16:05:00","flight":"AM313"},{"day":5,"utc":"20:17:00","flight":"AM523"},{"day":6,"utc":"10:50:00","flight":"AM646"},{"day":6,"utc":"22:02:00","flight":"AM291"},{"day":6,"utc":"16:11:00","flight":"AM103"},{"day":6,"utc":"03:30:00","flight":"AM215"},{"day":6,"utc":"22:16:00","flight":"AM736"}]}