{"id":54628,"type":"route","airline":"U2","airlineid":"airline_2297","sourceairport":"CAG","destinationairport":"MXP","stops":0,"equipment":"320 319","schedule":[{"day":0,"utc":"01:42:00","flight":"U2353"},{"day":0,"utc":"21:37:00","flight":"U2443"},{"day":0,"utc":"14:01:00","flight":"U2963"},{"day":1,"utc":"13:01:00","flight":"U2822"},{"day":1,"utc":"11:33:00","flight":"U2997"},{"day":1,"utc":"11:42:00","flight":"U2669"},{"day":2,"utc":"20:57:00","flight":"U2407"},{"day":3,"utc":"12:50:00","flight":"U2864"},{"day":3,"utc":"01:30:00","flight":"U2669"},{"day":3,"utc":"20:06:00","flight":"U2838"},{"day":4,"utc":"13:18:00","flight":"U2774"},{"day":4,"utc":"22:49:00","flight":"U2215"},{"day":4,"utc":"01:44:00","flight":"U2420"},{"day":4,"utc":"17:38:00","flight":"U2674"},{"day":4,"utc":"22:43:00","flight":"U2985"},{"day":5,"utc":"00:41:00","flight":"U2979"},{"day":5,"utc":"11:17:00","flight":"U2067"},{"day":5,"utc":"18:31:00","flight":"U2549"},{"day":5,"utc":"18:00:00","flight":"U2293"},{"day":5,"utc":"23:47:00","flight":"U2636"},{"day":6,"utc":"07:52:00","flight":"U2146"},{"day":6,"utc":"02:40:00","flight":"U2920"},{"day":6,"utc":"13:00:00","flight":"U2397"},{"day":6,"utc":"14:34:00","flight":"U2534"}],"distance":709.830631123221}