{"id":5902,"type":"route","airline":"AA","airlineid":"airline_24","sourceairport":"LIM","destinationairport":"JFK","stops":0,"equipment":"763","schedule":[{"day":0,"utc":"16:49:00","flight":"AA724"},{"day":0,"utc":"14:26:00","flight":"AA986"},{"day":0,"utc":"00:13:00","flight":"AA521"},{"day":1,"utc":"06:01:00","flight":"AA626"},{"day":1,"utc":"04:19:00","flight":"AA684"},{"day":1,"utc":"22:58:00","flight":"AA945"},{"day":1,"utc":"11:55:00","flight":"AA175"},{"day":2,"utc":"11:22:00","flight":"AA297"},{"day":2,"utc":"22:36:00","flight":"AA272"},{"day":3,"utc":"17:37:00","flight":"AA428"},{"day":3,"utc":"10:13:00","flight":"AA313"},{"day":3,"utc":"22:36:00","flight":"AA244"},{"day":3,"utc":"04:34:00","flight":"AA651"},{"day":3,"utc":"13:14:00","flight":"AA370"},{"day":4,"utc":"04:06:00","flight":"AA886"},{"day":4,"utc":"06:43:00","flight":"AA899"},{"day":5,"utc":"12:08:00","flight":"AA407"},{"day":5,"utc":"14:03:00","flight":"AA031"},{"day":5,"utc":"01:13:00","flight":"AA352"},{"day":5,"utc":"10:35:00","flight":"AA502"},{"day":6,"utc":"04:00:00","flight":"AA349"},{"day":6,"utc":"19:58:00","flight":"AA200"}]}