{"id":63822,"type":"route","airline":"WN","airlineid":"airline_4547","sourceairport":"GRR","destinationairport":"BWI","stops":0,"equipment":"73W","schedule":[{"day":0,"utc":"14:34:00","flight":"WN536"},{"day":0,"utc":"22:02:00","flight":"WN276"},{"day":0,"utc":"17:34:00","flight":"WN292"},{"day":1,"utc":"15:30:00","flight":"WN085"},{"day":2,"utc":"16:14:00","flight":"WN158"},{"day":2,"utc":"23:40:00","flight":"WN024"},{"day":2,"utc":"11:51:00","flight":"WN462"},{"day":2,"utc":"03:36:00","flight":"WN775"},{"day":3,"utc":"21:37:00","flight":"WN747"},{"day":3,"utc":"11:42:00","flight":"WN270"},{"day":3,"utc":"20:25:00","flight":"WN418"},{"day":3,"utc":"12:18:00","flight":"WN640"},{"day":3,"utc":"09:37:00","flight":"WN046"},{"day":4,"utc":"02:00:00","flight":"WN078"},{"day":5,"utc":"17:52:00","flight":"WN744"},{"day":5,"utc":"00:51:00","flight":"WN023"},{"day":5,"utc":"14:23:00","flight":"WN742"},{"day":5,"utc":"10:21:00","flight":"WN332"},{"day":5,"utc":"00:39:00","flight":"WN744"},{"day":6,"utc":"21:37:00","flight":"WN988"},{"day":6,"utc":"02:46:00","flight":"WN199"},{"day":6,"utc":"06:03:00","flight":"WN870"}],"distance":848.7298606794344}