{"id":56186,"type":"route","airline":"UA","airlineid":"airline_5209","sourceairport":"DEN","destinationairport":"RSW","stops":0,"equipment":"738","schedule":[{"day":0,"utc":"10:33:00","flight":"UA354"},{"day":0,"utc":"17:53:00","flight":"UA963"},{"day":0,"utc":"03:09:00","flight":"UA231"},{"day":1,"utc":"03:05:00","flight":"UA042"},{"day":1,"utc":"07:03:00","flight":"UA537"},{"day":2,"utc":"21:02:00","flight":"UA536"},{"day":2,"utc":"08:20:00","flight":"UA401"},{"day":3,"utc":"06:50:00","flight":"UA440"},{"day":3,"utc":"06:16:00","flight":"UA072"},{"day":3,"utc":"13:45:00","flight":"UA645"},{"day":4,"utc":"22:34:00","flight":"UA883"},{"day":4,"utc":"09:13:00","flight":"UA533"},{"day":5,"utc":"19:59:00","flight":"UA134"},{"day":6,"utc":"05:08:00","flight":"UA790"},{"day":6,"utc":"02:42:00","flight":"UA801"},{"day":6,"utc":"03:05:00","flight":"UA384"},{"day":6,"utc":"17:40:00","flight":"UA944"},{"day":6,"utc":"23:05:00","flight":"UA311"}]}