{"id":28888,"type":"route","airline":"G4","airlineid":"airline_35","sourceairport":"AZA","destinationairport":"MOT","stops":0,"equipment":"M80","schedule":[{"day":0,"utc":"19:52:00","flight":"G4728"},{"day":0,"utc":"20:58:00","flight":"G4909"},{"day":1,"utc":"11:56:00","flight":"G4971"},{"day":1,"utc":"04:09:00","flight":"G4108"},{"day":2,"utc":"02:25:00","flight":"G4211"},{"day":2,"utc":"08:24:00","flight":"G4915"},{"day":2,"utc":"21:00:00","flight":"G4475"},{"day":3,"utc":"06:25:00","flight":"G4132"},{"day":3,"utc":"00:38:00","flight":"G4383"},{"day":4,"utc":"18:28:00","flight":"G4432"},{"day":5,"utc":"12:21:00","flight":"G4529"},{"day":5,"utc":"10:48:00","flight":"G4862"},{"day":5,"utc":"04:36:00","flight":"G4968"},{"day":5,"utc":"03:34:00","flight":"G4578"},{"day":6,"utc":"08:49:00","flight":"G4108"}]}