{"id":46969,"type":"route","airline":"QF","airlineid":"airline_4089","sourceairport":"LAX","destinationairport":"SYD","stops":0,"equipment":"388 744","schedule":[{"day":0,"utc":"14:05:00","flight":"QF473"},{"day":1,"utc":"18:39:00","flight":"QF089"},{"day":1,"utc":"11:07:00","flight":"QF514"},{"day":1,"utc":"09:33:00","flight":"QF701"},{"day":1,"utc":"05:24:00","flight":"QF401"},{"day":1,"utc":"05:13:00","flight":"QF660"},{"day":2,"utc":"17:43:00","flight":"QF542"},{"day":2,"utc":"23:03:00","flight":"QF182"},{"day":2,"utc":"17:34:00","flight":"QF263"},{"day":2,"utc":"13:43:00","flight":"QF683"},{"day":2,"utc":"00:17:00","flight":"QF970"},{"day":3,"utc":"20:36:00","flight":"QF410"},{"day":3,"utc":"19:43:00","flight":"QF670"},{"day":4,"utc":"21:56:00","flight":"QF727"},{"day":4,"utc":"03:18:00","flight":"QF907"},{"day":4,"utc":"22:24:00","flight":"QF368"},{"day":4,"utc":"06:45:00","flight":"QF791"},{"day":5,"utc":"15:12:00","flight":"QF200"},{"day":6,"utc":"13:13:00","flight":"QF497"},{"day":6,"utc":"00:50:00","flight":"QF851"},{"day":6,"utc":"06:38:00","flight":"QF319"}]}