{"id":58937,"type":"route","airline":"US","airlineid":"airline_5265","sourceairport":"DCA","destinationairport":"BNA","stops":0,"equipment":"ERD CRJ","schedule":[{"day":0,"utc":"08:54:00","flight":"US895"},{"day":0,"utc":"01:17:00","flight":"US844"},{"day":0,"utc":"15:43:00","flight":"US202"},{"day":0,"utc":"03:29:00","flight":"US263"},{"day":1,"utc":"14:21:00","flight":"US613"},{"day":1,"utc":"11:22:00","flight":"US850"},{"day":1,"utc":"08:44:00","flight":"US730"},{"day":1,"utc":"00:31:00","flight":"US025"},{"day":2,"utc":"11:01:00","flight":"US140"},{"day":2,"utc":"23:51:00","flight":"US198"},{"day":2,"utc":"05:02:00","flight":"US521"},{"day":2,"utc":"23:08:00","flight":"US220"},{"day":3,"utc":"01:19:00","flight":"US041"},{"day":3,"utc":"02:59:00","flight":"US407"},{"day":3,"utc":"23:50:00","flight":"US390"},{"day":3,"utc":"17:52:00","flight":"US113"},{"day":4,"utc":"23:37:00","flight":"US395"},{"day":4,"utc":"08:22:00","flight":"US965"},{"day":5,"utc":"12:14:00","flight":"US494"},{"day":5,"utc":"13:49:00","flight":"US006"},{"day":6,"utc":"00:22:00","flight":"US115"}]}