{"id":26234,"type":"route","airline":"FR","airlineid":"airline_4296","sourceairport":"BRS","destinationairport":"KUN","stops":0,"equipment":"738","schedule":[{"day":0,"utc":"21:33:00","flight":"FR798"},{"day":0,"utc":"00:05:00","flight":"FR520"},{"day":1,"utc":"13:59:00","flight":"FR091"},{"day":1,"utc":"17:41:00","flight":"FR046"},{"day":1,"utc":"12:53:00","flight":"FR005"},{"day":1,"utc":"12:04:00","flight":"FR849"},{"day":2,"utc":"04:43:00","flight":"FR412"},{"day":2,"utc":"11:37:00","flight":"FR197"},{"day":2,"utc":"21:16:00","flight":"FR020"},{"day":2,"utc":"17:51:00","flight":"FR639"},{"day":2,"utc":"07:59:00","flight":"FR219"},{"day":3,"utc":"15:39:00","flight":"FR559"},{"day":3,"utc":"03:24:00","flight":"FR652"},{"day":3,"utc":"00:10:00","flight":"FR561"},{"day":3,"utc":"14:38:00","flight":"FR504"},{"day":4,"utc":"06:43:00","flight":"FR956"},{"day":4,"utc":"02:32:00","flight":"FR984"},{"day":4,"utc":"16:37:00","flight":"FR155"},{"day":5,"utc":"20:51:00","flight":"FR388"},{"day":6,"utc":"08:14:00","flight":"FR747"}],"distance":1818.267660897173}