{"id":21357,"type":"route","airline":"DL","airlineid":"airline_2009","sourceairport":"MSP","destinationairport":"BRD","stops":0,"equipment":"CRJ","schedule":[{"day":0,"utc":"07:00:00","flight":"DL658"},{"day":0,"utc":"11:32:00","flight":"DL798"},{"day":1,"utc":"03:08:00","flight":"DL542"},{"day":1,"utc":"14:27:00","flight":"DL353"},{"day":1,"utc":"18:19:00","flight":"DL567"},{"day":1,"utc":"18:23:00","flight":"DL334"},{"day":2,"utc":"04:02:00","flight":"DL086"},{"day":3,"utc":"02:23:00","flight":"DL772"},{"day":4,"utc":"18:55:00","flight":"DL483"},{"day":4,"utc":"18:45:00","flight":"DL532"},{"day":4,"utc":"10:58:00","flight":"DL311"},{"day":4,"utc":"20:16:00","flight":"DL299"},{"day":4,"utc":"08:28:00","flight":"DL318"},{"day":5,"utc":"18:20:00","flight":"DL495"},{"day":5,"utc":"04:05:00","flight":"DL098"},{"day":5,"utc":"01:30:00","flight":"DL539"},{"day":6,"utc":"12:47:00","flight":"DL723"},{"day":6,"utc":"22:48:00","flight":"DL925"},{"day":6,"utc":"16:00:00","flight":"DL680"},{"day":6,"utc":"18:06:00","flight":"DL415"},{"day":6,"utc":"17:13:00","flight":"DL661"}]}