{"id":36351,"type":"route","airline":"KL","airlineid":"airline_3090","sourceairport":"ATL","destinationairport":"DAB","stops":0,"equipment":"M90 757","schedule":[{"day":0,"utc":"16:26:00","flight":"KL729"},{"day":1,"utc":"22:25:00","flight":"KL151"},{"day":1,"utc":"23:54:00","flight":"KL109"},{"day":1,"utc":"21:17:00","flight":"KL422"},{"day":1,"utc":"02:57:00","flight":"KL341"},{"day":2,"utc":"17:46:00","flight":"KL499"},{"day":2,"utc":"01:24:00","flight":"KL304"},{"day":3,"utc":"15:37:00","flight":"KL507"},{"day":3,"utc":"02:21:00","flight":"KL831"},{"day":3,"utc":"08:56:00","flight":"KL115"},{"day":3,"utc":"16:15:00","flight":"KL757"},{"day":4,"utc":"12:42:00","flight":"KL720"},{"day":5,"utc":"11:36:00","flight":"KL751"},{"day":5,"utc":"15:40:00","flight":"KL941"},{"day":5,"utc":"05:16:00","flight":"KL976"},{"day":5,"utc":"11:51:00","flight":"KL938"},{"day":6,"utc":"07:42:00","flight":"KL167"},{"day":6,"utc":"04:50:00","flight":"KL867"},{"day":6,"utc":"02:30:00","flight":"KL795"}]}