{"id":20966,"type":"route","airline":"DL","airlineid":"airline_2009","sourceairport":"JFK","destinationairport":"NAS","stops":0,"equipment":"M88","schedule":[{"day":0,"utc":"11:59:00","flight":"DL899"},{"day":0,"utc":"15:44:00","flight":"DL371"},{"day":0,"utc":"05:42:00","flight":"DL982"},{"day":1,"utc":"05:17:00","flight":"DL766"},{"day":1,"utc":"00:47:00","flight":"DL975"},{"day":1,"utc":"05:54:00","flight":"DL530"},{"day":1,"utc":"22:45:00","flight":"DL641"},{"day":1,"utc":"09:59:00","flight":"DL748"},{"day":2,"utc":"22:08:00","flight":"DL638"},{"day":3,"utc":"05:55:00","flight":"DL482"},{"day":4,"utc":"19:54:00","flight":"DL525"},{"day":4,"utc":"02:25:00","flight":"DL094"},{"day":5,"utc":"05:03:00","flight":"DL625"},{"day":5,"utc":"23:50:00","flight":"DL581"},{"day":5,"utc":"16:31:00","flight":"DL382"},{"day":6,"utc":"13:55:00","flight":"DL938"},{"day":6,"utc":"08:07:00","flight":"DL187"},{"day":6,"utc":"23:12:00","flight":"DL459"}]}