{"id":61619,"type":"route","airline":"VR","airlineid":"airline_5041","sourceairport":"CDG","destinationairport":"RAI","stops":0,"equipment":"752","schedule":[{"day":0,"utc":"12:39:00","flight":"VR605"},{"day":0,"utc":"16:19:00","flight":"VR925"},{"day":1,"utc":"15:50:00","flight":"VR633"},{"day":1,"utc":"11:56:00","flight":"VR611"},{"day":2,"utc":"23:35:00","flight":"VR485"},{"day":2,"utc":"21:38:00","flight":"VR715"},{"day":2,"utc":"10:57:00","flight":"VR874"},{"day":2,"utc":"18:17:00","flight":"VR537"},{"day":3,"utc":"13:25:00","flight":"VR658"},{"day":3,"utc":"20:24:00","flight":"VR798"},{"day":3,"utc":"10:06:00","flight":"VR038"},{"day":3,"utc":"10:18:00","flight":"VR209"},{"day":3,"utc":"06:23:00","flight":"VR431"},{"day":4,"utc":"05:17:00","flight":"VR065"},{"day":4,"utc":"21:11:00","flight":"VR651"},{"day":4,"utc":"14:02:00","flight":"VR191"},{"day":4,"utc":"00:40:00","flight":"VR601"},{"day":5,"utc":"13:28:00","flight":"VR482"},{"day":5,"utc":"05:40:00","flight":"VR789"},{"day":5,"utc":"18:42:00","flight":"VR622"},{"day":5,"utc":"19:25:00","flight":"VR794"},{"day":5,"utc":"21:41:00","flight":"VR955"},{"day":6,"utc":"01:28:00","flight":"VR985"},{"day":6,"utc":"05:42:00","flight":"VR534"}],"distance":4469.768508148994}