{"id":53372,"type":"route","airline":"TO","airlineid":"airline_8745","sourceairport":"ORY","destinationairport":"TUN","stops":0,"equipment":"73H","schedule":[{"day":0,"utc":"09:55:00","flight":"TO334"},{"day":1,"utc":"12:27:00","flight":"TO099"},{"day":1,"utc":"03:02:00","flight":"TO553"},{"day":2,"utc":"01:50:00","flight":"TO819"},{"day":2,"utc":"00:03:00","flight":"TO790"},{"day":2,"utc":"23:48:00","flight":"TO594"},{"day":2,"utc":"02:03:00","flight":"TO725"},{"day":2,"utc":"18:59:00","flight":"TO865"},{"day":3,"utc":"01:12:00","flight":"TO040"},{"day":4,"utc":"02:41:00","flight":"TO768"},{"day":4,"utc":"14:14:00","flight":"TO122"},{"day":4,"utc":"13:47:00","flight":"TO230"},{"day":5,"utc":"07:22:00","flight":"TO311"},{"day":5,"utc":"16:01:00","flight":"TO173"},{"day":5,"utc":"19:52:00","flight":"TO911"},{"day":5,"utc":"09:45:00","flight":"TO346"},{"day":5,"utc":"07:46:00","flight":"TO692"},{"day":6,"utc":"23:29:00","flight":"TO706"}],"distance":1466.275049596353}