{"id":3636,"type":"route","airline":"9K","airlineid":"airline_1629","sourceairport":"EWB","destinationairport":"ACK","stops":0,"equipment":"CNA","schedule":[{"day":0,"utc":"20:45:00","flight":"9K391"},{"day":0,"utc":"16:38:00","flight":"9K148"},{"day":1,"utc":"01:33:00","flight":"9K152"},{"day":1,"utc":"17:32:00","flight":"9K259"},{"day":1,"utc":"07:46:00","flight":"9K664"},{"day":1,"utc":"17:18:00","flight":"9K303"},{"day":2,"utc":"12:07:00","flight":"9K453"},{"day":2,"utc":"12:33:00","flight":"9K604"},{"day":2,"utc":"03:02:00","flight":"9K013"},{"day":2,"utc":"15:20:00","flight":"9K523"},{"day":2,"utc":"16:07:00","flight":"9K324"},{"day":3,"utc":"21:04:00","flight":"9K146"},{"day":3,"utc":"10:17:00","flight":"9K080"},{"day":3,"utc":"17:08:00","flight":"9K572"},{"day":3,"utc":"05:03:00","flight":"9K679"},{"day":3,"utc":"15:21:00","flight":"9K207"},{"day":4,"utc":"20:57:00","flight":"9K419"},{"day":4,"utc":"03:41:00","flight":"9K311"},{"day":4,"utc":"16:00:00","flight":"9K316"},{"day":4,"utc":"22:40:00","flight":"9K936"},{"day":5,"utc":"02:40:00","flight":"9K612"},{"day":6,"utc":"14:42:00","flight":"9K652"},{"day":6,"utc":"18:30:00","flight":"9K789"},{"day":6,"utc":"04:28:00","flight":"9K600"},{"day":6,"utc":"11:12:00","flight":"9K048"},{"day":6,"utc":"22:05:00","flight":"9K907"}],"distance":88.29336655168295}