{"id":14494,"type":"route","airline":"BA","airlineid":"airline_1355","sourceairport":"DUB","destinationairport":"JFK","stops":0,"equipment":"757","schedule":[{"day":0,"utc":"01:36:00","flight":"BA179"},{"day":1,"utc":"08:27:00","flight":"BA687"},{"day":1,"utc":"08:26:00","flight":"BA170"},{"day":2,"utc":"12:25:00","flight":"BA589"},{"day":2,"utc":"04:34:00","flight":"BA428"},{"day":2,"utc":"11:25:00","flight":"BA346"},{"day":2,"utc":"15:45:00","flight":"BA731"},{"day":3,"utc":"20:41:00","flight":"BA938"},{"day":3,"utc":"15:19:00","flight":"BA645"},{"day":3,"utc":"01:25:00","flight":"BA936"},{"day":4,"utc":"11:56:00","flight":"BA776"},{"day":5,"utc":"18:04:00","flight":"BA786"},{"day":6,"utc":"12:41:00","flight":"BA950"}],"distance":5103.02675898737}