{"id":62261,"type":"route","airline":"VY","airlineid":"airline_2439","sourceairport":"FCO","destinationairport":"NTE","stops":0,"equipment":"320","schedule":[{"day":0,"utc":"22:25:00","flight":"VY661"},{"day":1,"utc":"17:29:00","flight":"VY539"},{"day":1,"utc":"03:09:00","flight":"VY542"},{"day":2,"utc":"08:02:00","flight":"VY832"},{"day":2,"utc":"10:29:00","flight":"VY821"},{"day":2,"utc":"21:40:00","flight":"VY816"},{"day":2,"utc":"20:57:00","flight":"VY425"},{"day":3,"utc":"15:07:00","flight":"VY595"},{"day":4,"utc":"01:23:00","flight":"VY581"},{"day":4,"utc":"12:37:00","flight":"VY897"},{"day":4,"utc":"15:39:00","flight":"VY444"},{"day":5,"utc":"19:06:00","flight":"VY311"},{"day":5,"utc":"02:10:00","flight":"VY736"},{"day":5,"utc":"00:04:00","flight":"VY243"},{"day":5,"utc":"08:03:00","flight":"VY546"},{"day":5,"utc":"22:05:00","flight":"VY323"},{"day":6,"utc":"06:29:00","flight":"VY665"},{"day":6,"utc":"18:59:00","flight":"VY630"},{"day":6,"utc":"11:00:00","flight":"VY110"},{"day":6,"utc":"19:14:00","flight":"VY279"},{"day":6,"utc":"19:05:00","flight":"VY965"}]}