{"id":5019,"type":"route","airline":"AA","airlineid":"airline_24","sourceairport":"CLT","destinationairport":"VPS","stops":0,"equipment":"CRJ","schedule":[{"day":0,"utc":"11:53:00","flight":"AA066"},{"day":0,"utc":"06:03:00","flight":"AA001"},{"day":0,"utc":"07:41:00","flight":"AA215"},{"day":0,"utc":"12:32:00","flight":"AA860"},{"day":1,"utc":"01:58:00","flight":"AA319"},{"day":1,"utc":"15:48:00","flight":"AA769"},{"day":1,"utc":"01:21:00","flight":"AA674"},{"day":2,"utc":"03:27:00","flight":"AA327"},{"day":3,"utc":"23:04:00","flight":"AA769"},{"day":3,"utc":"00:43:00","flight":"AA309"},{"day":4,"utc":"18:47:00","flight":"AA231"},{"day":4,"utc":"21:59:00","flight":"AA790"},{"day":4,"utc":"12:58:00","flight":"AA879"},{"day":4,"utc":"09:29:00","flight":"AA790"},{"day":4,"utc":"03:07:00","flight":"AA004"},{"day":5,"utc":"10:17:00","flight":"AA748"},{"day":5,"utc":"07:53:00","flight":"AA013"},{"day":5,"utc":"02:16:00","flight":"AA784"},{"day":6,"utc":"05:07:00","flight":"AA233"},{"day":6,"utc":"02:01:00","flight":"AA659"}],"distance":740.4277266958715}