{"id":36417,"type":"route","airline":"KL","airlineid":"airline_3090","sourceairport":"ATL","destinationairport":"MOB","stops":0,"equipment":"CRJ CR9 717 CR7","schedule":[{"day":0,"utc":"07:51:00","flight":"KL302"},{"day":0,"utc":"04:19:00","flight":"KL526"},{"day":0,"utc":"19:31:00","flight":"KL078"},{"day":1,"utc":"19:00:00","flight":"KL512"},{"day":1,"utc":"17:09:00","flight":"KL636"},{"day":1,"utc":"23:16:00","flight":"KL809"},{"day":1,"utc":"21:17:00","flight":"KL667"},{"day":1,"utc":"04:45:00","flight":"KL110"},{"day":2,"utc":"02:01:00","flight":"KL215"},{"day":2,"utc":"01:03:00","flight":"KL816"},{"day":2,"utc":"10:53:00","flight":"KL941"},{"day":2,"utc":"13:35:00","flight":"KL284"},{"day":2,"utc":"00:33:00","flight":"KL895"},{"day":3,"utc":"14:37:00","flight":"KL959"},{"day":3,"utc":"04:46:00","flight":"KL444"},{"day":3,"utc":"19:32:00","flight":"KL709"},{"day":4,"utc":"15:02:00","flight":"KL276"},{"day":4,"utc":"11:58:00","flight":"KL500"},{"day":4,"utc":"01:17:00","flight":"KL430"},{"day":4,"utc":"01:36:00","flight":"KL591"},{"day":4,"utc":"08:46:00","flight":"KL466"},{"day":5,"utc":"06:45:00","flight":"KL187"},{"day":5,"utc":"16:19:00","flight":"KL863"},{"day":5,"utc":"07:42:00","flight":"KL864"},{"day":6,"utc":"03:40:00","flight":"KL251"},{"day":6,"utc":"01:32:00","flight":"KL142"},{"day":6,"utc":"12:38:00","flight":"KL902"},{"day":6,"utc":"15:15:00","flight":"KL454"},{"day":6,"utc":"00:49:00","flight":"KL962"}]}