{"id":15053,"type":"route","airline":"BE","airlineid":"airline_2421","sourceairport":"BHD","destinationairport":"EDI","stops":0,"equipment":"DH4","schedule":[{"day":0,"utc":"23:10:00","flight":"BE255"},{"day":0,"utc":"21:08:00","flight":"BE357"},{"day":1,"utc":"02:58:00","flight":"BE745"},{"day":1,"utc":"19:21:00","flight":"BE168"},{"day":1,"utc":"14:23:00","flight":"BE702"},{"day":2,"utc":"19:09:00","flight":"BE706"},{"day":2,"utc":"04:56:00","flight":"BE561"},{"day":3,"utc":"09:36:00","flight":"BE161"},{"day":3,"utc":"01:03:00","flight":"BE018"},{"day":3,"utc":"05:03:00","flight":"BE596"},{"day":4,"utc":"06:28:00","flight":"BE579"},{"day":4,"utc":"02:52:00","flight":"BE668"},{"day":4,"utc":"04:51:00","flight":"BE965"},{"day":5,"utc":"11:45:00","flight":"BE533"},{"day":5,"utc":"13:24:00","flight":"BE395"},{"day":5,"utc":"06:42:00","flight":"BE656"},{"day":5,"utc":"19:50:00","flight":"BE570"},{"day":6,"utc":"03:24:00","flight":"BE171"},{"day":6,"utc":"08:22:00","flight":"BE566"},{"day":6,"utc":"00:05:00","flight":"BE808"},{"day":6,"utc":"10:42:00","flight":"BE334"}]}