{"id":62023,"type":"route","airline":"VX","airlineid":"airline_5331","sourceairport":"ORD","destinationairport":"SFO","stops":0,"equipment":"320","schedule":[{"day":0,"utc":"20:36:00","flight":"VX909"},{"day":0,"utc":"07:03:00","flight":"VX834"},{"day":0,"utc":"12:03:00","flight":"VX905"},{"day":0,"utc":"15:30:00","flight":"VX750"},{"day":1,"utc":"18:18:00","flight":"VX388"},{"day":2,"utc":"18:12:00","flight":"VX277"},{"day":2,"utc":"08:54:00","flight":"VX341"},{"day":2,"utc":"22:33:00","flight":"VX004"},{"day":2,"utc":"19:31:00","flight":"VX021"},{"day":2,"utc":"09:13:00","flight":"VX831"},{"day":3,"utc":"12:27:00","flight":"VX541"},{"day":3,"utc":"15:53:00","flight":"VX464"},{"day":4,"utc":"21:43:00","flight":"VX011"},{"day":4,"utc":"05:50:00","flight":"VX863"},{"day":5,"utc":"22:57:00","flight":"VX955"},{"day":6,"utc":"02:10:00","flight":"VX159"},{"day":6,"utc":"22:05:00","flight":"VX822"}],"distance":2963.951598509011}