{"id":11714,"type":"route","airline":"AS","airlineid":"airline_439","sourceairport":"LAX","destinationairport":"LIH","stops":0,"equipment":"757","schedule":[{"day":0,"utc":"20:00:00","flight":"AS515"},{"day":0,"utc":"18:03:00","flight":"AS392"},{"day":0,"utc":"17:43:00","flight":"AS356"},{"day":0,"utc":"20:26:00","flight":"AS908"},{"day":0,"utc":"05:22:00","flight":"AS320"},{"day":1,"utc":"21:43:00","flight":"AS034"},{"day":1,"utc":"08:39:00","flight":"AS529"},{"day":1,"utc":"09:50:00","flight":"AS220"},{"day":1,"utc":"18:40:00","flight":"AS346"},{"day":1,"utc":"16:22:00","flight":"AS227"},{"day":2,"utc":"07:48:00","flight":"AS383"},{"day":2,"utc":"13:21:00","flight":"AS283"},{"day":3,"utc":"21:50:00","flight":"AS549"},{"day":3,"utc":"01:57:00","flight":"AS537"},{"day":4,"utc":"11:35:00","flight":"AS945"},{"day":4,"utc":"23:32:00","flight":"AS922"},{"day":5,"utc":"07:06:00","flight":"AS202"},{"day":5,"utc":"02:22:00","flight":"AS416"},{"day":5,"utc":"22:13:00","flight":"AS846"},{"day":6,"utc":"12:52:00","flight":"AS996"}],"distance":4203.0083421353365}