{"id":39112,"type":"route","airline":"LO","airlineid":"airline_3210","sourceairport":"NCE","destinationairport":"WAW","stops":0,"equipment":"E75","schedule":[{"day":0,"utc":"14:05:00","flight":"LO600"},{"day":0,"utc":"03:21:00","flight":"LO151"},{"day":0,"utc":"08:17:00","flight":"LO382"},{"day":0,"utc":"16:38:00","flight":"LO660"},{"day":1,"utc":"22:39:00","flight":"LO844"},{"day":1,"utc":"21:15:00","flight":"LO324"},{"day":1,"utc":"14:06:00","flight":"LO160"},{"day":2,"utc":"09:06:00","flight":"LO224"},{"day":2,"utc":"15:00:00","flight":"LO806"},{"day":2,"utc":"07:40:00","flight":"LO667"},{"day":3,"utc":"15:57:00","flight":"LO753"},{"day":3,"utc":"17:09:00","flight":"LO465"},{"day":3,"utc":"19:48:00","flight":"LO867"},{"day":4,"utc":"00:30:00","flight":"LO578"},{"day":4,"utc":"13:43:00","flight":"LO686"},{"day":5,"utc":"19:15:00","flight":"LO102"},{"day":5,"utc":"00:47:00","flight":"LO128"},{"day":5,"utc":"14:30:00","flight":"LO769"},{"day":5,"utc":"10:21:00","flight":"LO234"},{"day":5,"utc":"04:46:00","flight":"LO624"},{"day":6,"utc":"15:14:00","flight":"LO242"},{"day":6,"utc":"14:23:00","flight":"LO458"},{"day":6,"utc":"22:45:00","flight":"LO848"},{"day":6,"utc":"22:55:00","flight":"LO794"}]}