{"id":4792,"type":"route","airline":"AA","airlineid":"airline_24","sourceairport":"BOS","destinationairport":"CLT","stops":0,"equipment":"319 321 320 E90","schedule":[{"day":0,"utc":"00:39:00","flight":"AA132"},{"day":1,"utc":"08:54:00","flight":"AA107"},{"day":1,"utc":"00:30:00","flight":"AA284"},{"day":1,"utc":"08:58:00","flight":"AA037"},{"day":2,"utc":"10:43:00","flight":"AA220"},{"day":2,"utc":"23:52:00","flight":"AA923"},{"day":2,"utc":"20:16:00","flight":"AA772"},{"day":2,"utc":"02:05:00","flight":"AA183"},{"day":3,"utc":"05:59:00","flight":"AA580"},{"day":3,"utc":"11:21:00","flight":"AA748"},{"day":3,"utc":"19:32:00","flight":"AA748"},{"day":3,"utc":"15:08:00","flight":"AA072"},{"day":3,"utc":"15:05:00","flight":"AA409"},{"day":4,"utc":"19:13:00","flight":"AA527"},{"day":4,"utc":"10:19:00","flight":"AA797"},{"day":5,"utc":"03:23:00","flight":"AA702"},{"day":5,"utc":"06:50:00","flight":"AA549"},{"day":5,"utc":"23:30:00","flight":"AA558"},{"day":6,"utc":"09:38:00","flight":"AA464"},{"day":6,"utc":"05:48:00","flight":"AA163"}],"distance":1170.6824066437891}