{"id":64628,"type":"route","airline":"WS","airlineid":"airline_5416","sourceairport":"MIA","destinationairport":"YYZ","stops":0,"equipment":"738","schedule":[{"day":0,"utc":"12:19:00","flight":"WS785"},{"day":0,"utc":"02:31:00","flight":"WS189"},{"day":1,"utc":"21:22:00","flight":"WS647"},{"day":1,"utc":"01:44:00","flight":"WS477"},{"day":1,"utc":"04:16:00","flight":"WS469"},{"day":2,"utc":"18:11:00","flight":"WS492"},{"day":2,"utc":"18:17:00","flight":"WS803"},{"day":2,"utc":"23:39:00","flight":"WS476"},{"day":3,"utc":"22:19:00","flight":"WS672"},{"day":3,"utc":"14:05:00","flight":"WS491"},{"day":4,"utc":"14:16:00","flight":"WS593"},{"day":4,"utc":"07:20:00","flight":"WS983"},{"day":5,"utc":"13:11:00","flight":"WS286"},{"day":5,"utc":"22:20:00","flight":"WS990"},{"day":5,"utc":"18:14:00","flight":"WS546"},{"day":5,"utc":"19:09:00","flight":"WS965"},{"day":6,"utc":"01:47:00","flight":"WS679"},{"day":6,"utc":"22:34:00","flight":"WS622"}]}