{"id":55243,"type":"route","airline":"U2","airlineid":"airline_2297","sourceairport":"NCE","destinationairport":"LGW","stops":0,"equipment":"320 319","schedule":[{"day":0,"utc":"02:58:00","flight":"U2859"},{"day":0,"utc":"14:12:00","flight":"U2490"},{"day":0,"utc":"10:17:00","flight":"U2422"},{"day":1,"utc":"08:18:00","flight":"U2643"},{"day":1,"utc":"20:05:00","flight":"U2421"},{"day":2,"utc":"23:03:00","flight":"U2995"},{"day":2,"utc":"02:56:00","flight":"U2944"},{"day":2,"utc":"11:33:00","flight":"U2286"},{"day":3,"utc":"16:23:00","flight":"U2051"},{"day":3,"utc":"21:36:00","flight":"U2676"},{"day":4,"utc":"07:19:00","flight":"U2213"},{"day":5,"utc":"06:26:00","flight":"U2575"},{"day":5,"utc":"14:14:00","flight":"U2216"},{"day":5,"utc":"00:03:00","flight":"U2109"},{"day":5,"utc":"06:26:00","flight":"U2913"},{"day":6,"utc":"16:37:00","flight":"U2177"}],"distance":1001.0041298263073}