{"id":20389,"type":"route","airline":"DL","airlineid":"airline_2009","sourceairport":"CAE","destinationairport":"DTW","stops":0,"equipment":"CRJ","schedule":[{"day":0,"utc":"08:59:00","flight":"DL833"},{"day":0,"utc":"10:03:00","flight":"DL369"},{"day":0,"utc":"14:04:00","flight":"DL476"},{"day":0,"utc":"06:13:00","flight":"DL646"},{"day":0,"utc":"05:16:00","flight":"DL109"},{"day":1,"utc":"02:09:00","flight":"DL437"},{"day":1,"utc":"01:10:00","flight":"DL780"},{"day":1,"utc":"00:26:00","flight":"DL676"},{"day":1,"utc":"09:33:00","flight":"DL684"},{"day":1,"utc":"00:42:00","flight":"DL986"},{"day":2,"utc":"21:44:00","flight":"DL572"},{"day":3,"utc":"15:52:00","flight":"DL857"},{"day":3,"utc":"16:15:00","flight":"DL585"},{"day":3,"utc":"08:30:00","flight":"DL140"},{"day":4,"utc":"11:01:00","flight":"DL390"},{"day":4,"utc":"03:02:00","flight":"DL361"},{"day":4,"utc":"15:05:00","flight":"DL502"},{"day":4,"utc":"08:52:00","flight":"DL948"},{"day":5,"utc":"00:42:00","flight":"DL611"},{"day":5,"utc":"00:17:00","flight":"DL861"},{"day":6,"utc":"23:44:00","flight":"DL642"},{"day":6,"utc":"15:48:00","flight":"DL435"},{"day":6,"utc":"10:04:00","flight":"DL304"},{"day":6,"utc":"05:21:00","flight":"DL822"}],"distance":940.4322925464966}