{"id":15208,"type":"route","airline":"BE","airlineid":"airline_2421","sourceairport":"KOI","destinationairport":"INV","stops":0,"equipment":"SF3","schedule":[{"day":0,"utc":"17:38:00","flight":"BE760"},{"day":0,"utc":"11:31:00","flight":"BE465"},{"day":0,"utc":"02:40:00","flight":"BE788"},{"day":0,"utc":"01:53:00","flight":"BE717"},{"day":1,"utc":"18:02:00","flight":"BE925"},{"day":2,"utc":"22:58:00","flight":"BE099"},{"day":2,"utc":"10:44:00","flight":"BE027"},{"day":2,"utc":"19:58:00","flight":"BE012"},{"day":3,"utc":"10:45:00","flight":"BE296"},{"day":3,"utc":"03:05:00","flight":"BE453"},{"day":3,"utc":"01:50:00","flight":"BE860"},{"day":3,"utc":"06:41:00","flight":"BE111"},{"day":3,"utc":"07:01:00","flight":"BE996"},{"day":4,"utc":"19:00:00","flight":"BE070"},{"day":4,"utc":"07:12:00","flight":"BE032"},{"day":5,"utc":"04:32:00","flight":"BE870"},{"day":5,"utc":"02:17:00","flight":"BE662"},{"day":5,"utc":"12:24:00","flight":"BE432"},{"day":6,"utc":"04:27:00","flight":"BE254"},{"day":6,"utc":"06:48:00","flight":"BE165"},{"day":6,"utc":"12:16:00","flight":"BE483"},{"day":6,"utc":"09:54:00","flight":"BE512"}]}