{"id":20571,"type":"route","airline":"DL","airlineid":"airline_2009","sourceairport":"DSM","destinationairport":"DTW","stops":0,"equipment":"CRJ","schedule":[{"day":0,"utc":"03:19:00","flight":"DL654"},{"day":0,"utc":"06:42:00","flight":"DL566"},{"day":0,"utc":"22:50:00","flight":"DL289"},{"day":1,"utc":"15:00:00","flight":"DL205"},{"day":1,"utc":"20:06:00","flight":"DL392"},{"day":1,"utc":"01:33:00","flight":"DL632"},{"day":1,"utc":"22:45:00","flight":"DL700"},{"day":1,"utc":"20:06:00","flight":"DL022"},{"day":2,"utc":"05:50:00","flight":"DL545"},{"day":2,"utc":"13:24:00","flight":"DL110"},{"day":2,"utc":"22:00:00","flight":"DL461"},{"day":3,"utc":"07:35:00","flight":"DL201"},{"day":3,"utc":"14:27:00","flight":"DL967"},{"day":3,"utc":"13:04:00","flight":"DL107"},{"day":4,"utc":"01:26:00","flight":"DL457"},{"day":4,"utc":"17:38:00","flight":"DL545"},{"day":5,"utc":"07:51:00","flight":"DL831"},{"day":5,"utc":"22:01:00","flight":"DL383"},{"day":5,"utc":"16:19:00","flight":"DL650"},{"day":6,"utc":"14:39:00","flight":"DL314"},{"day":6,"utc":"17:57:00","flight":"DL424"},{"day":6,"utc":"22:15:00","flight":"DL036"},{"day":6,"utc":"16:41:00","flight":"DL719"}]}