{"id":56254,"type":"route","airline":"UA","airlineid":"airline_5209","sourceairport":"DTW","destinationairport":"ORD","stops":0,"equipment":"320","schedule":[{"day":0,"utc":"07:21:00","flight":"UA231"},{"day":0,"utc":"08:25:00","flight":"UA063"},{"day":0,"utc":"21:08:00","flight":"UA489"},{"day":1,"utc":"05:22:00","flight":"UA314"},{"day":1,"utc":"16:26:00","flight":"UA369"},{"day":2,"utc":"11:06:00","flight":"UA593"},{"day":3,"utc":"03:02:00","flight":"UA952"},{"day":3,"utc":"05:45:00","flight":"UA642"},{"day":3,"utc":"03:31:00","flight":"UA993"},{"day":3,"utc":"11:52:00","flight":"UA818"},{"day":3,"utc":"12:17:00","flight":"UA529"},{"day":4,"utc":"18:32:00","flight":"UA477"},{"day":4,"utc":"11:28:00","flight":"UA123"},{"day":4,"utc":"22:28:00","flight":"UA826"},{"day":4,"utc":"07:51:00","flight":"UA037"},{"day":4,"utc":"15:32:00","flight":"UA406"},{"day":5,"utc":"02:36:00","flight":"UA454"},{"day":5,"utc":"14:34:00","flight":"UA546"},{"day":6,"utc":"22:21:00","flight":"UA671"}],"distance":376.3932735232996}