{"id":24914,"type":"route","airline":"FL","airlineid":"airline_1316","sourceairport":"AUS","destinationairport":"SMF","stops":0,"equipment":"73W","schedule":[{"day":0,"utc":"13:24:00","flight":"FL862"},{"day":0,"utc":"07:36:00","flight":"FL639"},{"day":1,"utc":"11:41:00","flight":"FL065"},{"day":1,"utc":"18:21:00","flight":"FL950"},{"day":1,"utc":"23:11:00","flight":"FL838"},{"day":2,"utc":"03:04:00","flight":"FL528"},{"day":2,"utc":"21:59:00","flight":"FL685"},{"day":3,"utc":"09:50:00","flight":"FL991"},{"day":3,"utc":"18:46:00","flight":"FL885"},{"day":3,"utc":"12:32:00","flight":"FL685"},{"day":4,"utc":"01:51:00","flight":"FL389"},{"day":4,"utc":"19:46:00","flight":"FL628"},{"day":4,"utc":"09:01:00","flight":"FL893"},{"day":4,"utc":"04:20:00","flight":"FL080"},{"day":5,"utc":"20:06:00","flight":"FL099"},{"day":6,"utc":"11:07:00","flight":"FL601"},{"day":6,"utc":"04:16:00","flight":"FL360"}],"distance":2379.311248307905}