{"id":63434,"type":"route","airline":"WN","airlineid":"airline_4547","sourceairport":"ALB","destinationairport":"MDW","stops":0,"equipment":"73W 73H","schedule":[{"day":0,"utc":"14:50:00","flight":"WN350"},{"day":0,"utc":"16:00:00","flight":"WN887"},{"day":0,"utc":"00:48:00","flight":"WN582"},{"day":0,"utc":"14:54:00","flight":"WN148"},{"day":0,"utc":"10:16:00","flight":"WN560"},{"day":1,"utc":"21:44:00","flight":"WN164"},{"day":1,"utc":"02:05:00","flight":"WN876"},{"day":1,"utc":"00:57:00","flight":"WN317"},{"day":1,"utc":"18:16:00","flight":"WN241"},{"day":2,"utc":"21:12:00","flight":"WN745"},{"day":2,"utc":"01:16:00","flight":"WN959"},{"day":2,"utc":"16:15:00","flight":"WN954"},{"day":2,"utc":"18:52:00","flight":"WN857"},{"day":3,"utc":"06:49:00","flight":"WN668"},{"day":4,"utc":"00:44:00","flight":"WN953"},{"day":5,"utc":"12:23:00","flight":"WN460"},{"day":6,"utc":"01:00:00","flight":"WN587"},{"day":6,"utc":"04:01:00","flight":"WN155"}],"distance":1151.5999463247028}