{"id":59036,"type":"route","airline":"US","airlineid":"airline_5265","sourceairport":"DFW","destinationairport":"CHS","stops":0,"equipment":"ER4 ERD","schedule":[{"day":0,"utc":"07:58:00","flight":"US069"},{"day":0,"utc":"03:49:00","flight":"US316"},{"day":1,"utc":"04:32:00","flight":"US354"},{"day":1,"utc":"15:07:00","flight":"US450"},{"day":1,"utc":"02:54:00","flight":"US882"},{"day":2,"utc":"02:55:00","flight":"US680"},{"day":2,"utc":"20:12:00","flight":"US369"},{"day":2,"utc":"11:53:00","flight":"US776"},{"day":3,"utc":"17:39:00","flight":"US916"},{"day":3,"utc":"09:18:00","flight":"US596"},{"day":4,"utc":"07:44:00","flight":"US125"},{"day":5,"utc":"02:53:00","flight":"US330"},{"day":5,"utc":"13:36:00","flight":"US433"},{"day":5,"utc":"07:15:00","flight":"US316"},{"day":5,"utc":"13:31:00","flight":"US138"},{"day":5,"utc":"07:35:00","flight":"US449"},{"day":6,"utc":"17:33:00","flight":"US548"},{"day":6,"utc":"08:08:00","flight":"US994"}]}