{"id":53348,"type":"route","airline":"TO","airlineid":"airline_8745","sourceairport":"ORY","destinationairport":"ATH","stops":0,"equipment":"73H","schedule":[{"day":0,"utc":"11:01:00","flight":"TO487"},{"day":0,"utc":"08:30:00","flight":"TO499"},{"day":0,"utc":"09:12:00","flight":"TO074"},{"day":0,"utc":"21:01:00","flight":"TO914"},{"day":1,"utc":"04:57:00","flight":"TO315"},{"day":1,"utc":"09:22:00","flight":"TO500"},{"day":2,"utc":"08:29:00","flight":"TO650"},{"day":2,"utc":"07:51:00","flight":"TO910"},{"day":3,"utc":"21:18:00","flight":"TO206"},{"day":3,"utc":"06:42:00","flight":"TO087"},{"day":3,"utc":"23:19:00","flight":"TO267"},{"day":4,"utc":"15:07:00","flight":"TO897"},{"day":5,"utc":"10:03:00","flight":"TO878"},{"day":5,"utc":"04:19:00","flight":"TO367"},{"day":6,"utc":"12:13:00","flight":"TO448"},{"day":6,"utc":"21:23:00","flight":"TO601"},{"day":6,"utc":"13:17:00","flight":"TO211"},{"day":6,"utc":"16:56:00","flight":"TO448"}]}