{"id":55229,"type":"route","airline":"U2","airlineid":"airline_2297","sourceairport":"NAP","destinationairport":"STN","stops":0,"equipment":"319 320","schedule":[{"day":0,"utc":"12:26:00","flight":"U2526"},{"day":0,"utc":"02:05:00","flight":"U2343"},{"day":0,"utc":"05:39:00","flight":"U2819"},{"day":0,"utc":"10:15:00","flight":"U2446"},{"day":1,"utc":"08:25:00","flight":"U2324"},{"day":1,"utc":"22:17:00","flight":"U2493"},{"day":1,"utc":"23:01:00","flight":"U2601"},{"day":2,"utc":"16:56:00","flight":"U2560"},{"day":2,"utc":"13:37:00","flight":"U2686"},{"day":3,"utc":"02:35:00","flight":"U2465"},{"day":4,"utc":"01:55:00","flight":"U2303"},{"day":4,"utc":"16:17:00","flight":"U2178"},{"day":4,"utc":"21:01:00","flight":"U2734"},{"day":5,"utc":"12:18:00","flight":"U2127"},{"day":5,"utc":"23:13:00","flight":"U2812"},{"day":5,"utc":"17:49:00","flight":"U2505"},{"day":5,"utc":"14:21:00","flight":"U2768"},{"day":5,"utc":"09:51:00","flight":"U2909"},{"day":6,"utc":"14:45:00","flight":"U2612"}],"distance":1624.7081007517074}