{"id":21026,"type":"route","airline":"DL","airlineid":"airline_2009","sourceairport":"LAS","destinationairport":"MCO","stops":0,"equipment":"73H","schedule":[{"day":0,"utc":"21:40:00","flight":"DL730"},{"day":1,"utc":"01:21:00","flight":"DL281"},{"day":1,"utc":"07:29:00","flight":"DL728"},{"day":1,"utc":"15:53:00","flight":"DL734"},{"day":2,"utc":"08:35:00","flight":"DL798"},{"day":2,"utc":"12:52:00","flight":"DL992"},{"day":3,"utc":"14:39:00","flight":"DL332"},{"day":3,"utc":"05:20:00","flight":"DL500"},{"day":4,"utc":"19:39:00","flight":"DL527"},{"day":4,"utc":"14:18:00","flight":"DL851"},{"day":5,"utc":"23:14:00","flight":"DL890"},{"day":5,"utc":"11:22:00","flight":"DL845"},{"day":5,"utc":"14:31:00","flight":"DL915"},{"day":6,"utc":"22:39:00","flight":"DL557"},{"day":6,"utc":"15:46:00","flight":"DL618"},{"day":6,"utc":"07:11:00","flight":"DL773"},{"day":6,"utc":"11:34:00","flight":"DL705"},{"day":6,"utc":"00:38:00","flight":"DL134"}],"distance":3276.1154581774776}