{"id":57422,"type":"route","airline":"UA","airlineid":"airline_5209","sourceairport":"PBC","destinationairport":"IAH","stops":0,"equipment":"ERJ","schedule":[{"day":0,"utc":"10:34:00","flight":"UA421"},{"day":0,"utc":"11:42:00","flight":"UA559"},{"day":0,"utc":"14:40:00","flight":"UA775"},{"day":0,"utc":"15:33:00","flight":"UA821"},{"day":0,"utc":"19:56:00","flight":"UA574"},{"day":1,"utc":"10:04:00","flight":"UA586"},{"day":1,"utc":"03:01:00","flight":"UA075"},{"day":2,"utc":"16:12:00","flight":"UA019"},{"day":2,"utc":"15:20:00","flight":"UA848"},{"day":2,"utc":"21:46:00","flight":"UA674"},{"day":2,"utc":"20:35:00","flight":"UA989"},{"day":2,"utc":"21:11:00","flight":"UA769"},{"day":3,"utc":"17:45:00","flight":"UA480"},{"day":4,"utc":"06:26:00","flight":"UA669"},{"day":4,"utc":"07:12:00","flight":"UA624"},{"day":4,"utc":"11:36:00","flight":"UA226"},{"day":4,"utc":"18:26:00","flight":"UA821"},{"day":5,"utc":"05:33:00","flight":"UA798"},{"day":5,"utc":"06:27:00","flight":"UA534"},{"day":5,"utc":"12:31:00","flight":"UA136"},{"day":6,"utc":"05:02:00","flight":"UA635"},{"day":6,"utc":"01:10:00","flight":"UA281"}],"distance":1242.0272105914994}