{"id":14639,"type":"route","airline":"BA","airlineid":"airline_1355","sourceairport":"LGW","destinationairport":"LCA","stops":0,"equipment":"320","schedule":[{"day":0,"utc":"16:36:00","flight":"BA208"},{"day":0,"utc":"19:12:00","flight":"BA015"},{"day":0,"utc":"22:37:00","flight":"BA831"},{"day":0,"utc":"03:24:00","flight":"BA679"},{"day":0,"utc":"00:57:00","flight":"BA963"},{"day":1,"utc":"06:22:00","flight":"BA352"},{"day":1,"utc":"21:08:00","flight":"BA773"},{"day":1,"utc":"00:37:00","flight":"BA723"},{"day":1,"utc":"08:33:00","flight":"BA630"},{"day":2,"utc":"12:56:00","flight":"BA502"},{"day":3,"utc":"04:24:00","flight":"BA991"},{"day":3,"utc":"22:14:00","flight":"BA700"},{"day":4,"utc":"04:35:00","flight":"BA431"},{"day":4,"utc":"17:27:00","flight":"BA904"},{"day":4,"utc":"16:10:00","flight":"BA565"},{"day":4,"utc":"07:02:00","flight":"BA395"},{"day":5,"utc":"10:19:00","flight":"BA243"},{"day":5,"utc":"22:31:00","flight":"BA875"},{"day":5,"utc":"16:11:00","flight":"BA147"},{"day":5,"utc":"12:48:00","flight":"BA282"},{"day":6,"utc":"20:45:00","flight":"BA931"},{"day":6,"utc":"07:05:00","flight":"BA494"},{"day":6,"utc":"09:28:00","flight":"BA037"},{"day":6,"utc":"04:18:00","flight":"BA420"},{"day":6,"utc":"01:46:00","flight":"BA397"}],"distance":3247.4533575797736}