{"id":30208,"type":"route","airline":"GS","airlineid":"airline_690","sourceairport":"DLC","destinationairport":"TSN","stops":0,"equipment":"E90 320","schedule":[{"day":0,"utc":"10:12:00","flight":"GS006"},{"day":0,"utc":"13:30:00","flight":"GS199"},{"day":0,"utc":"10:22:00","flight":"GS387"},{"day":1,"utc":"05:49:00","flight":"GS174"},{"day":1,"utc":"04:37:00","flight":"GS030"},{"day":1,"utc":"03:32:00","flight":"GS718"},{"day":2,"utc":"03:13:00","flight":"GS462"},{"day":2,"utc":"04:05:00","flight":"GS365"},{"day":2,"utc":"20:20:00","flight":"GS002"},{"day":2,"utc":"21:21:00","flight":"GS640"},{"day":3,"utc":"19:19:00","flight":"GS914"},{"day":3,"utc":"21:21:00","flight":"GS054"},{"day":3,"utc":"01:58:00","flight":"GS784"},{"day":3,"utc":"14:11:00","flight":"GS816"},{"day":4,"utc":"20:23:00","flight":"GS669"},{"day":5,"utc":"06:19:00","flight":"GS468"},{"day":5,"utc":"07:29:00","flight":"GS820"},{"day":5,"utc":"08:34:00","flight":"GS562"},{"day":6,"utc":"19:45:00","flight":"GS500"},{"day":6,"utc":"13:06:00","flight":"GS178"},{"day":6,"utc":"07:31:00","flight":"GS945"}]}