{"id":54709,"type":"route","airline":"U2","airlineid":"airline_2297","sourceairport":"EDI","destinationairport":"BFS","stops":0,"equipment":"319 320","schedule":[{"day":0,"utc":"19:11:00","flight":"U2339"},{"day":0,"utc":"00:25:00","flight":"U2034"},{"day":0,"utc":"00:40:00","flight":"U2824"},{"day":0,"utc":"21:28:00","flight":"U2786"},{"day":0,"utc":"13:50:00","flight":"U2349"},{"day":1,"utc":"01:27:00","flight":"U2536"},{"day":1,"utc":"08:49:00","flight":"U2569"},{"day":1,"utc":"13:45:00","flight":"U2650"},{"day":1,"utc":"00:26:00","flight":"U2079"},{"day":2,"utc":"04:38:00","flight":"U2406"},{"day":2,"utc":"23:11:00","flight":"U2832"},{"day":3,"utc":"18:55:00","flight":"U2396"},{"day":3,"utc":"21:35:00","flight":"U2619"},{"day":3,"utc":"03:46:00","flight":"U2375"},{"day":4,"utc":"03:09:00","flight":"U2401"},{"day":4,"utc":"13:43:00","flight":"U2895"},{"day":4,"utc":"22:42:00","flight":"U2333"},{"day":5,"utc":"08:17:00","flight":"U2957"},{"day":6,"utc":"12:53:00","flight":"U2357"},{"day":6,"utc":"19:26:00","flight":"U2883"},{"day":6,"utc":"01:45:00","flight":"U2114"},{"day":6,"utc":"20:28:00","flight":"U2297"},{"day":6,"utc":"05:37:00","flight":"U2637"}]}