{"id":57669,"type":"route","airline":"UA","airlineid":"airline_5209","sourceairport":"SFO","destinationairport":"MOD","stops":0,"equipment":"EM2","schedule":[{"day":0,"utc":"08:41:00","flight":"UA481"},{"day":0,"utc":"00:59:00","flight":"UA602"},{"day":0,"utc":"16:31:00","flight":"UA829"},{"day":0,"utc":"13:59:00","flight":"UA264"},{"day":0,"utc":"00:24:00","flight":"UA703"},{"day":1,"utc":"00:14:00","flight":"UA404"},{"day":2,"utc":"05:45:00","flight":"UA120"},{"day":2,"utc":"14:03:00","flight":"UA101"},{"day":2,"utc":"02:44:00","flight":"UA648"},{"day":2,"utc":"19:14:00","flight":"UA533"},{"day":2,"utc":"11:06:00","flight":"UA205"},{"day":3,"utc":"07:23:00","flight":"UA352"},{"day":3,"utc":"19:02:00","flight":"UA513"},{"day":4,"utc":"16:51:00","flight":"UA297"},{"day":4,"utc":"04:04:00","flight":"UA082"},{"day":4,"utc":"09:38:00","flight":"UA232"},{"day":4,"utc":"00:43:00","flight":"UA261"},{"day":5,"utc":"21:24:00","flight":"UA721"},{"day":5,"utc":"20:16:00","flight":"UA056"},{"day":5,"utc":"02:46:00","flight":"UA053"},{"day":6,"utc":"03:16:00","flight":"UA403"},{"day":6,"utc":"23:32:00","flight":"UA306"},{"day":6,"utc":"18:03:00","flight":"UA796"},{"day":6,"utc":"04:01:00","flight":"UA249"},{"day":6,"utc":"05:39:00","flight":"UA586"}],"distance":125.10458210189061}