{"id":117,"type":"route","airline":"2L","airlineid":"airline_2750","sourceairport":"BOD","destinationairport":"ZRH","stops":0,"equipment":"100","schedule":[{"day":0,"utc":"07:19:00","flight":"2L187"},{"day":1,"utc":"01:43:00","flight":"2L029"},{"day":2,"utc":"07:48:00","flight":"2L315"},{"day":2,"utc":"19:07:00","flight":"2L736"},{"day":2,"utc":"16:25:00","flight":"2L301"},{"day":2,"utc":"21:24:00","flight":"2L125"},{"day":2,"utc":"19:31:00","flight":"2L354"},{"day":3,"utc":"19:04:00","flight":"2L868"},{"day":3,"utc":"04:11:00","flight":"2L268"},{"day":3,"utc":"14:33:00","flight":"2L916"},{"day":4,"utc":"06:49:00","flight":"2L006"},{"day":4,"utc":"12:58:00","flight":"2L384"},{"day":5,"utc":"22:08:00","flight":"2L276"},{"day":5,"utc":"12:42:00","flight":"2L033"},{"day":5,"utc":"01:00:00","flight":"2L058"},{"day":5,"utc":"13:48:00","flight":"2L475"},{"day":6,"utc":"06:04:00","flight":"2L628"},{"day":6,"utc":"23:48:00","flight":"2L563"},{"day":6,"utc":"22:21:00","flight":"2L466"},{"day":6,"utc":"09:31:00","flight":"2L321"},{"day":6,"utc":"03:42:00","flight":"2L764"}],"distance":770.969132858001}