{"id":6753,"type":"route","airline":"AA","airlineid":"airline_24","sourceairport":"SEA","destinationairport":"MCI","stops":0,"equipment":"737","schedule":[{"day":0,"utc":"21:23:00","flight":"AA729"},{"day":0,"utc":"11:25:00","flight":"AA132"},{"day":0,"utc":"00:56:00","flight":"AA916"},{"day":0,"utc":"07:49:00","flight":"AA267"},{"day":1,"utc":"08:57:00","flight":"AA368"},{"day":1,"utc":"08:12:00","flight":"AA846"},{"day":1,"utc":"02:27:00","flight":"AA701"},{"day":1,"utc":"11:49:00","flight":"AA362"},{"day":1,"utc":"12:04:00","flight":"AA339"},{"day":2,"utc":"12:54:00","flight":"AA035"},{"day":2,"utc":"15:57:00","flight":"AA594"},{"day":3,"utc":"14:24:00","flight":"AA436"},{"day":3,"utc":"17:32:00","flight":"AA052"},{"day":3,"utc":"09:52:00","flight":"AA439"},{"day":3,"utc":"12:22:00","flight":"AA972"},{"day":3,"utc":"17:52:00","flight":"AA775"},{"day":4,"utc":"20:42:00","flight":"AA931"},{"day":5,"utc":"23:31:00","flight":"AA688"},{"day":5,"utc":"21:13:00","flight":"AA108"},{"day":5,"utc":"13:02:00","flight":"AA634"},{"day":5,"utc":"06:23:00","flight":"AA139"},{"day":5,"utc":"19:50:00","flight":"AA631"},{"day":6,"utc":"12:18:00","flight":"AA043"},{"day":6,"utc":"07:01:00","flight":"AA624"},{"day":6,"utc":"08:20:00","flight":"AA776"},{"day":6,"utc":"08:30:00","flight":"AA006"}],"distance":2391.6238862067125}