{"id":56403,"type":"route","airline":"UA","airlineid":"airline_5209","sourceairport":"EWR","destinationairport":"STT","stops":0,"equipment":"73G","schedule":[{"day":0,"utc":"04:02:00","flight":"UA134"},{"day":0,"utc":"09:58:00","flight":"UA868"},{"day":1,"utc":"04:40:00","flight":"UA761"},{"day":1,"utc":"18:44:00","flight":"UA512"},{"day":1,"utc":"03:32:00","flight":"UA337"},{"day":2,"utc":"09:58:00","flight":"UA383"},{"day":2,"utc":"09:44:00","flight":"UA782"},{"day":3,"utc":"21:12:00","flight":"UA818"},{"day":4,"utc":"16:18:00","flight":"UA001"},{"day":5,"utc":"08:48:00","flight":"UA163"},{"day":5,"utc":"20:01:00","flight":"UA714"},{"day":6,"utc":"20:59:00","flight":"UA585"}],"distance":2636.3922515200816}