{"id":36803,"type":"route","airline":"KL","airlineid":"airline_3090","sourceairport":"MSP","destinationairport":"ATL","stops":0,"equipment":"320 757 739","schedule":[{"day":0,"utc":"18:04:00","flight":"KL999"},{"day":0,"utc":"04:34:00","flight":"KL564"},{"day":0,"utc":"00:40:00","flight":"KL177"},{"day":0,"utc":"01:54:00","flight":"KL678"},{"day":1,"utc":"22:09:00","flight":"KL175"},{"day":1,"utc":"23:11:00","flight":"KL573"},{"day":2,"utc":"03:36:00","flight":"KL270"},{"day":2,"utc":"05:13:00","flight":"KL000"},{"day":2,"utc":"14:22:00","flight":"KL948"},{"day":2,"utc":"11:34:00","flight":"KL395"},{"day":2,"utc":"02:33:00","flight":"KL613"},{"day":3,"utc":"21:49:00","flight":"KL761"},{"day":3,"utc":"13:40:00","flight":"KL210"},{"day":3,"utc":"07:32:00","flight":"KL343"},{"day":3,"utc":"07:51:00","flight":"KL001"},{"day":3,"utc":"00:59:00","flight":"KL404"},{"day":4,"utc":"18:37:00","flight":"KL826"},{"day":4,"utc":"01:13:00","flight":"KL934"},{"day":4,"utc":"02:07:00","flight":"KL971"},{"day":5,"utc":"04:28:00","flight":"KL817"},{"day":5,"utc":"06:01:00","flight":"KL358"},{"day":5,"utc":"01:13:00","flight":"KL816"},{"day":5,"utc":"01:04:00","flight":"KL602"},{"day":5,"utc":"02:06:00","flight":"KL574"},{"day":6,"utc":"09:12:00","flight":"KL903"},{"day":6,"utc":"01:09:00","flight":"KL995"},{"day":6,"utc":"03:37:00","flight":"KL180"},{"day":6,"utc":"09:51:00","flight":"KL114"}],"distance":1459.7121738368726}