{"id":20571,"type":"route","airline":"DL","airlineid":"airline_2009","sourceairport":"DSM","destinationairport":"DTW","stops":0,"equipment":"CRJ","schedule":[{"day":0,"utc":"03:37:00","flight":"DL833"},{"day":0,"utc":"06:51:00","flight":"DL982"},{"day":0,"utc":"23:32:00","flight":"DL944"},{"day":0,"utc":"00:20:00","flight":"DL601"},{"day":1,"utc":"10:07:00","flight":"DL612"},{"day":2,"utc":"13:26:00","flight":"DL765"},{"day":2,"utc":"17:22:00","flight":"DL360"},{"day":2,"utc":"14:52:00","flight":"DL545"},{"day":2,"utc":"12:46:00","flight":"DL948"},{"day":2,"utc":"20:24:00","flight":"DL671"},{"day":3,"utc":"01:12:00","flight":"DL035"},{"day":3,"utc":"02:25:00","flight":"DL275"},{"day":4,"utc":"21:05:00","flight":"DL734"},{"day":4,"utc":"00:26:00","flight":"DL111"},{"day":4,"utc":"01:37:00","flight":"DL360"},{"day":5,"utc":"07:05:00","flight":"DL287"},{"day":6,"utc":"20:22:00","flight":"DL355"},{"day":6,"utc":"08:38:00","flight":"DL728"},{"day":6,"utc":"04:07:00","flight":"DL669"},{"day":6,"utc":"06:20:00","flight":"DL928"}],"distance":856.4244173509635}