{"id":27192,"type":"route","airline":"FR","airlineid":"airline_4296","sourceairport":"LPL","destinationairport":"VNO","stops":0,"equipment":"738","schedule":[{"day":0,"utc":"18:08:00","flight":"FR308"},{"day":0,"utc":"06:55:00","flight":"FR000"},{"day":0,"utc":"15:00:00","flight":"FR522"},{"day":0,"utc":"13:15:00","flight":"FR543"},{"day":0,"utc":"08:41:00","flight":"FR417"},{"day":1,"utc":"08:08:00","flight":"FR257"},{"day":1,"utc":"13:39:00","flight":"FR775"},{"day":1,"utc":"20:59:00","flight":"FR448"},{"day":1,"utc":"01:59:00","flight":"FR421"},{"day":1,"utc":"06:58:00","flight":"FR132"},{"day":2,"utc":"09:59:00","flight":"FR435"},{"day":2,"utc":"12:13:00","flight":"FR138"},{"day":2,"utc":"08:41:00","flight":"FR059"},{"day":3,"utc":"13:14:00","flight":"FR061"},{"day":3,"utc":"21:27:00","flight":"FR329"},{"day":3,"utc":"05:06:00","flight":"FR731"},{"day":3,"utc":"20:55:00","flight":"FR682"},{"day":3,"utc":"19:52:00","flight":"FR082"},{"day":4,"utc":"07:43:00","flight":"FR465"},{"day":4,"utc":"19:29:00","flight":"FR581"},{"day":5,"utc":"09:40:00","flight":"FR306"},{"day":5,"utc":"12:54:00","flight":"FR257"},{"day":5,"utc":"21:38:00","flight":"FR745"},{"day":5,"utc":"03:56:00","flight":"FR595"},{"day":5,"utc":"18:01:00","flight":"FR562"},{"day":6,"utc":"09:02:00","flight":"FR766"},{"day":6,"utc":"13:42:00","flight":"FR638"}],"distance":1832.8932575453111}