{"id":20523,"type":"route","airline":"DL","airlineid":"airline_2009","sourceairport":"DAB","destinationairport":"ATL","stops":0,"equipment":"M90 757 M88","schedule":[{"day":0,"utc":"02:04:00","flight":"DL237"},{"day":0,"utc":"13:28:00","flight":"DL006"},{"day":0,"utc":"13:39:00","flight":"DL306"},{"day":0,"utc":"23:39:00","flight":"DL070"},{"day":1,"utc":"18:22:00","flight":"DL816"},{"day":1,"utc":"07:36:00","flight":"DL821"},{"day":1,"utc":"02:50:00","flight":"DL975"},{"day":1,"utc":"10:01:00","flight":"DL207"},{"day":1,"utc":"00:25:00","flight":"DL243"},{"day":2,"utc":"22:46:00","flight":"DL316"},{"day":2,"utc":"19:19:00","flight":"DL292"},{"day":2,"utc":"09:44:00","flight":"DL442"},{"day":2,"utc":"07:24:00","flight":"DL103"},{"day":2,"utc":"21:14:00","flight":"DL041"},{"day":3,"utc":"00:11:00","flight":"DL638"},{"day":3,"utc":"10:05:00","flight":"DL140"},{"day":3,"utc":"16:24:00","flight":"DL993"},{"day":3,"utc":"05:32:00","flight":"DL445"},{"day":4,"utc":"03:52:00","flight":"DL853"},{"day":5,"utc":"18:19:00","flight":"DL322"},{"day":5,"utc":"23:24:00","flight":"DL223"},{"day":6,"utc":"21:03:00","flight":"DL853"},{"day":6,"utc":"06:43:00","flight":"DL357"},{"day":6,"utc":"20:18:00","flight":"DL222"}]}