{"id":450,"type":"route","airline":"3M","airlineid":"airline_N","sourceairport":"BIM","destinationairport":"FLL","stops":0,"equipment":"SF3","schedule":[{"day":0,"utc":"05:09:00","flight":"3M464"},{"day":0,"utc":"01:02:00","flight":"3M047"},{"day":0,"utc":"14:10:00","flight":"3M979"},{"day":0,"utc":"04:26:00","flight":"3M342"},{"day":1,"utc":"21:02:00","flight":"3M282"},{"day":1,"utc":"02:55:00","flight":"3M765"},{"day":1,"utc":"00:52:00","flight":"3M194"},{"day":1,"utc":"19:42:00","flight":"3M257"},{"day":2,"utc":"21:37:00","flight":"3M810"},{"day":3,"utc":"12:33:00","flight":"3M347"},{"day":3,"utc":"03:24:00","flight":"3M793"},{"day":3,"utc":"18:09:00","flight":"3M055"},{"day":3,"utc":"11:17:00","flight":"3M094"},{"day":3,"utc":"09:23:00","flight":"3M687"},{"day":4,"utc":"07:32:00","flight":"3M417"},{"day":4,"utc":"09:21:00","flight":"3M275"},{"day":4,"utc":"12:18:00","flight":"3M396"},{"day":5,"utc":"21:52:00","flight":"3M764"},{"day":5,"utc":"23:19:00","flight":"3M508"},{"day":5,"utc":"00:59:00","flight":"3M508"},{"day":5,"utc":"23:54:00","flight":"3M492"},{"day":6,"utc":"18:34:00","flight":"3M867"},{"day":6,"utc":"09:24:00","flight":"3M995"}],"distance":98.03317235816998}