{"id":469,"type":"route","airline":"3M","airlineid":"airline_N","sourceairport":"GHB","destinationairport":"FLL","stops":0,"equipment":"SF3","schedule":[{"day":0,"utc":"12:52:00","flight":"3M594"},{"day":0,"utc":"17:32:00","flight":"3M328"},{"day":1,"utc":"20:22:00","flight":"3M985"},{"day":1,"utc":"05:04:00","flight":"3M424"},{"day":1,"utc":"21:58:00","flight":"3M693"},{"day":1,"utc":"08:38:00","flight":"3M882"},{"day":2,"utc":"18:16:00","flight":"3M212"},{"day":2,"utc":"20:26:00","flight":"3M030"},{"day":2,"utc":"00:09:00","flight":"3M234"},{"day":3,"utc":"11:21:00","flight":"3M869"},{"day":3,"utc":"15:07:00","flight":"3M008"},{"day":3,"utc":"05:54:00","flight":"3M365"},{"day":3,"utc":"02:14:00","flight":"3M021"},{"day":3,"utc":"17:33:00","flight":"3M380"},{"day":4,"utc":"08:56:00","flight":"3M499"},{"day":5,"utc":"13:36:00","flight":"3M181"},{"day":5,"utc":"00:29:00","flight":"3M242"},{"day":6,"utc":"21:44:00","flight":"3M387"}]}