{"id":25072,"type":"route","airline":"FL","airlineid":"airline_1316","sourceairport":"ELP","destinationairport":"LAX","stops":0,"equipment":"73W","schedule":[{"day":0,"utc":"03:58:00","flight":"FL135"},{"day":0,"utc":"15:55:00","flight":"FL912"},{"day":0,"utc":"03:59:00","flight":"FL698"},{"day":0,"utc":"14:56:00","flight":"FL509"},{"day":0,"utc":"21:01:00","flight":"FL735"},{"day":1,"utc":"23:56:00","flight":"FL463"},{"day":1,"utc":"14:24:00","flight":"FL858"},{"day":2,"utc":"19:18:00","flight":"FL153"},{"day":2,"utc":"22:36:00","flight":"FL472"},{"day":2,"utc":"18:03:00","flight":"FL229"},{"day":2,"utc":"16:15:00","flight":"FL099"},{"day":2,"utc":"02:51:00","flight":"FL330"},{"day":3,"utc":"06:19:00","flight":"FL997"},{"day":3,"utc":"03:16:00","flight":"FL417"},{"day":3,"utc":"17:47:00","flight":"FL244"},{"day":4,"utc":"07:02:00","flight":"FL166"},{"day":4,"utc":"16:27:00","flight":"FL556"},{"day":4,"utc":"11:25:00","flight":"FL997"},{"day":4,"utc":"05:49:00","flight":"FL168"},{"day":5,"utc":"20:14:00","flight":"FL428"},{"day":5,"utc":"05:00:00","flight":"FL036"},{"day":5,"utc":"17:15:00","flight":"FL885"},{"day":6,"utc":"21:06:00","flight":"FL792"},{"day":6,"utc":"18:42:00","flight":"FL531"},{"day":6,"utc":"02:45:00","flight":"FL598"},{"day":6,"utc":"01:43:00","flight":"FL234"}],"distance":1147.5771386860386}