{"id":12463,"type":"route","airline":"AV","airlineid":"airline_515","sourceairport":"MCO","destinationairport":"SAL","stops":0,"equipment":"E90","schedule":[{"day":0,"utc":"11:35:00","flight":"AV308"},{"day":0,"utc":"01:16:00","flight":"AV164"},{"day":0,"utc":"05:05:00","flight":"AV923"},{"day":1,"utc":"13:59:00","flight":"AV881"},{"day":2,"utc":"19:30:00","flight":"AV013"},{"day":2,"utc":"05:41:00","flight":"AV397"},{"day":3,"utc":"03:06:00","flight":"AV636"},{"day":4,"utc":"06:07:00","flight":"AV712"},{"day":4,"utc":"04:25:00","flight":"AV201"},{"day":5,"utc":"21:37:00","flight":"AV866"},{"day":5,"utc":"12:39:00","flight":"AV240"},{"day":5,"utc":"12:38:00","flight":"AV922"},{"day":6,"utc":"17:44:00","flight":"AV556"},{"day":6,"utc":"07:35:00","flight":"AV873"},{"day":6,"utc":"07:40:00","flight":"AV972"}],"distance":1849.1905033565677}