{"id":21257,"type":"route","airline":"DL","airlineid":"airline_2009","sourceairport":"MEM","destinationairport":"DEN","stops":0,"equipment":"CR9","schedule":[{"day":0,"utc":"00:30:00","flight":"DL799"},{"day":0,"utc":"15:11:00","flight":"DL230"},{"day":1,"utc":"03:51:00","flight":"DL781"},{"day":1,"utc":"16:26:00","flight":"DL092"},{"day":1,"utc":"16:29:00","flight":"DL703"},{"day":1,"utc":"16:44:00","flight":"DL231"},{"day":2,"utc":"07:40:00","flight":"DL385"},{"day":2,"utc":"05:40:00","flight":"DL807"},{"day":2,"utc":"21:27:00","flight":"DL516"},{"day":3,"utc":"13:58:00","flight":"DL468"},{"day":3,"utc":"17:37:00","flight":"DL877"},{"day":4,"utc":"13:16:00","flight":"DL911"},{"day":4,"utc":"21:03:00","flight":"DL170"},{"day":4,"utc":"05:45:00","flight":"DL951"},{"day":5,"utc":"18:29:00","flight":"DL730"},{"day":5,"utc":"12:11:00","flight":"DL517"},{"day":5,"utc":"18:08:00","flight":"DL395"},{"day":6,"utc":"12:28:00","flight":"DL785"},{"day":6,"utc":"20:14:00","flight":"DL183"},{"day":6,"utc":"18:34:00","flight":"DL519"},{"day":6,"utc":"22:14:00","flight":"DL624"}],"distance":1401.433853083608}