{"id":57462,"type":"route","airline":"UA","airlineid":"airline_5209","sourceairport":"PHX","destinationairport":"IAH","stops":0,"equipment":"738 320 739 319 73G","schedule":[{"day":0,"utc":"20:03:00","flight":"UA766"},{"day":0,"utc":"10:21:00","flight":"UA251"},{"day":0,"utc":"02:51:00","flight":"UA900"},{"day":0,"utc":"18:18:00","flight":"UA588"},{"day":1,"utc":"11:20:00","flight":"UA345"},{"day":1,"utc":"23:27:00","flight":"UA325"},{"day":1,"utc":"03:24:00","flight":"UA547"},{"day":1,"utc":"04:55:00","flight":"UA332"},{"day":2,"utc":"19:10:00","flight":"UA447"},{"day":2,"utc":"11:22:00","flight":"UA963"},{"day":3,"utc":"12:57:00","flight":"UA615"},{"day":3,"utc":"01:07:00","flight":"UA492"},{"day":4,"utc":"12:13:00","flight":"UA139"},{"day":5,"utc":"12:11:00","flight":"UA099"},{"day":5,"utc":"19:08:00","flight":"UA252"},{"day":5,"utc":"12:57:00","flight":"UA762"},{"day":5,"utc":"18:20:00","flight":"UA330"},{"day":5,"utc":"21:28:00","flight":"UA746"},{"day":6,"utc":"09:42:00","flight":"UA063"},{"day":6,"utc":"16:19:00","flight":"UA842"},{"day":6,"utc":"22:25:00","flight":"UA962"}]}