{"id":63538,"type":"route","airline":"WN","airlineid":"airline_4547","sourceairport":"BNA","destinationairport":"HOU","stops":0,"equipment":"735 73C 73W","schedule":[{"day":0,"utc":"20:36:00","flight":"WN065"},{"day":0,"utc":"08:47:00","flight":"WN423"},{"day":0,"utc":"20:24:00","flight":"WN863"},{"day":1,"utc":"04:19:00","flight":"WN951"},{"day":1,"utc":"23:27:00","flight":"WN375"},{"day":1,"utc":"02:37:00","flight":"WN660"},{"day":1,"utc":"04:00:00","flight":"WN969"},{"day":1,"utc":"16:36:00","flight":"WN464"},{"day":2,"utc":"03:48:00","flight":"WN377"},{"day":2,"utc":"14:44:00","flight":"WN723"},{"day":2,"utc":"03:00:00","flight":"WN752"},{"day":2,"utc":"06:57:00","flight":"WN617"},{"day":2,"utc":"17:00:00","flight":"WN799"},{"day":3,"utc":"12:47:00","flight":"WN713"},{"day":3,"utc":"15:54:00","flight":"WN107"},{"day":3,"utc":"14:16:00","flight":"WN440"},{"day":4,"utc":"22:46:00","flight":"WN890"},{"day":4,"utc":"00:28:00","flight":"WN726"},{"day":4,"utc":"05:24:00","flight":"WN312"},{"day":5,"utc":"14:49:00","flight":"WN359"},{"day":6,"utc":"13:54:00","flight":"WN531"},{"day":6,"utc":"12:30:00","flight":"WN449"},{"day":6,"utc":"14:26:00","flight":"WN389"},{"day":6,"utc":"19:22:00","flight":"WN616"}]}