{"id":4725,"type":"route","airline":"AA","airlineid":"airline_24","sourceairport":"AUS","destinationairport":"PHL","stops":0,"equipment":"319 E90","schedule":[{"day":0,"utc":"12:42:00","flight":"AA172"},{"day":0,"utc":"19:30:00","flight":"AA742"},{"day":1,"utc":"09:08:00","flight":"AA845"},{"day":1,"utc":"09:43:00","flight":"AA469"},{"day":1,"utc":"09:06:00","flight":"AA501"},{"day":1,"utc":"13:53:00","flight":"AA152"},{"day":1,"utc":"16:07:00","flight":"AA416"},{"day":2,"utc":"07:29:00","flight":"AA394"},{"day":2,"utc":"07:10:00","flight":"AA831"},{"day":2,"utc":"16:28:00","flight":"AA518"},{"day":2,"utc":"21:45:00","flight":"AA502"},{"day":3,"utc":"06:09:00","flight":"AA045"},{"day":3,"utc":"07:28:00","flight":"AA440"},{"day":4,"utc":"00:13:00","flight":"AA082"},{"day":4,"utc":"04:12:00","flight":"AA838"},{"day":5,"utc":"21:24:00","flight":"AA017"},{"day":5,"utc":"00:55:00","flight":"AA675"},{"day":5,"utc":"05:57:00","flight":"AA637"},{"day":5,"utc":"15:44:00","flight":"AA347"},{"day":6,"utc":"07:22:00","flight":"AA975"},{"day":6,"utc":"13:25:00","flight":"AA154"}],"distance":2299.0933115787925}