{"id":30336,"type":"route","airline":"GS","airlineid":"airline_690","sourceairport":"LYA","destinationairport":"BHY","stops":0,"equipment":"E90","schedule":[{"day":0,"utc":"12:45:00","flight":"GS303"},{"day":0,"utc":"22:33:00","flight":"GS361"},{"day":0,"utc":"21:15:00","flight":"GS218"},{"day":0,"utc":"08:36:00","flight":"GS669"},{"day":0,"utc":"07:03:00","flight":"GS816"},{"day":1,"utc":"12:03:00","flight":"GS354"},{"day":1,"utc":"14:08:00","flight":"GS382"},{"day":1,"utc":"15:19:00","flight":"GS837"},{"day":1,"utc":"16:04:00","flight":"GS534"},{"day":2,"utc":"11:51:00","flight":"GS209"},{"day":2,"utc":"10:39:00","flight":"GS657"},{"day":3,"utc":"03:39:00","flight":"GS906"},{"day":3,"utc":"16:15:00","flight":"GS486"},{"day":4,"utc":"15:08:00","flight":"GS533"},{"day":5,"utc":"00:11:00","flight":"GS823"},{"day":5,"utc":"22:47:00","flight":"GS610"},{"day":5,"utc":"23:51:00","flight":"GS116"},{"day":6,"utc":"15:03:00","flight":"GS850"}],"distance":1460.646716067885}