{"id":36351,"type":"route","airline":"KL","airlineid":"airline_3090","sourceairport":"ATL","destinationairport":"DAB","stops":0,"equipment":"M90 757","schedule":[{"day":0,"utc":"05:16:00","flight":"KL076"},{"day":0,"utc":"10:53:00","flight":"KL798"},{"day":0,"utc":"05:58:00","flight":"KL947"},{"day":0,"utc":"15:21:00","flight":"KL152"},{"day":1,"utc":"17:55:00","flight":"KL007"},{"day":1,"utc":"07:39:00","flight":"KL167"},{"day":1,"utc":"00:17:00","flight":"KL740"},{"day":1,"utc":"14:57:00","flight":"KL951"},{"day":1,"utc":"12:02:00","flight":"KL245"},{"day":2,"utc":"13:10:00","flight":"KL308"},{"day":2,"utc":"20:34:00","flight":"KL650"},{"day":2,"utc":"20:40:00","flight":"KL016"},{"day":2,"utc":"14:34:00","flight":"KL859"},{"day":3,"utc":"19:13:00","flight":"KL061"},{"day":3,"utc":"01:15:00","flight":"KL895"},{"day":4,"utc":"20:15:00","flight":"KL055"},{"day":4,"utc":"00:35:00","flight":"KL820"},{"day":5,"utc":"13:40:00","flight":"KL195"},{"day":5,"utc":"03:07:00","flight":"KL861"},{"day":5,"utc":"07:06:00","flight":"KL620"},{"day":5,"utc":"17:04:00","flight":"KL556"},{"day":5,"utc":"12:45:00","flight":"KL115"},{"day":6,"utc":"11:32:00","flight":"KL822"},{"day":6,"utc":"19:48:00","flight":"KL581"},{"day":6,"utc":"17:28:00","flight":"KL292"},{"day":6,"utc":"15:42:00","flight":"KL499"},{"day":6,"utc":"01:09:00","flight":"KL869"}],"distance":589.71316406233}