{"id":59135,"type":"route","airline":"US","airlineid":"airline_5265","sourceairport":"DFW","destinationairport":"PBI","stops":0,"equipment":"738","schedule":[{"day":0,"utc":"23:48:00","flight":"US482"},{"day":0,"utc":"17:42:00","flight":"US058"},{"day":0,"utc":"13:48:00","flight":"US725"},{"day":1,"utc":"08:59:00","flight":"US010"},{"day":1,"utc":"03:13:00","flight":"US884"},{"day":1,"utc":"00:32:00","flight":"US520"},{"day":1,"utc":"09:05:00","flight":"US897"},{"day":1,"utc":"14:02:00","flight":"US819"},{"day":2,"utc":"09:42:00","flight":"US321"},{"day":2,"utc":"22:40:00","flight":"US477"},{"day":2,"utc":"15:52:00","flight":"US807"},{"day":3,"utc":"01:16:00","flight":"US987"},{"day":3,"utc":"04:49:00","flight":"US466"},{"day":3,"utc":"22:48:00","flight":"US072"},{"day":4,"utc":"18:47:00","flight":"US025"},{"day":4,"utc":"02:05:00","flight":"US585"},{"day":4,"utc":"15:27:00","flight":"US262"},{"day":4,"utc":"20:31:00","flight":"US908"},{"day":5,"utc":"12:22:00","flight":"US003"},{"day":5,"utc":"18:07:00","flight":"US384"},{"day":6,"utc":"01:27:00","flight":"US895"}]}