{"id":59079,"type":"route","airline":"US","airlineid":"airline_5265","sourceairport":"DFW","destinationairport":"GUA","stops":0,"equipment":"738","schedule":[{"day":0,"utc":"19:09:00","flight":"US094"},{"day":0,"utc":"21:00:00","flight":"US225"},{"day":0,"utc":"11:24:00","flight":"US457"},{"day":0,"utc":"16:58:00","flight":"US320"},{"day":1,"utc":"17:37:00","flight":"US982"},{"day":2,"utc":"09:49:00","flight":"US016"},{"day":2,"utc":"08:35:00","flight":"US115"},{"day":2,"utc":"15:23:00","flight":"US574"},{"day":3,"utc":"20:16:00","flight":"US178"},{"day":3,"utc":"02:05:00","flight":"US759"},{"day":3,"utc":"05:45:00","flight":"US678"},{"day":3,"utc":"22:42:00","flight":"US007"},{"day":3,"utc":"02:36:00","flight":"US439"},{"day":4,"utc":"12:20:00","flight":"US486"},{"day":4,"utc":"07:12:00","flight":"US348"},{"day":4,"utc":"14:01:00","flight":"US574"},{"day":4,"utc":"05:36:00","flight":"US543"},{"day":4,"utc":"11:30:00","flight":"US115"},{"day":5,"utc":"07:59:00","flight":"US703"},{"day":5,"utc":"22:07:00","flight":"US930"},{"day":5,"utc":"20:50:00","flight":"US862"},{"day":5,"utc":"07:59:00","flight":"US820"},{"day":5,"utc":"17:01:00","flight":"US018"},{"day":6,"utc":"12:35:00","flight":"US873"},{"day":6,"utc":"10:36:00","flight":"US543"},{"day":6,"utc":"01:50:00","flight":"US583"},{"day":6,"utc":"03:26:00","flight":"US638"},{"day":6,"utc":"11:37:00","flight":"US732"}]}