{"id":54968,"type":"route","airline":"U2","airlineid":"airline_2297","sourceairport":"LGW","destinationairport":"LIS","stops":0,"equipment":"319 320","schedule":[{"day":0,"utc":"19:08:00","flight":"U2304"},{"day":0,"utc":"15:18:00","flight":"U2218"},{"day":0,"utc":"12:46:00","flight":"U2024"},{"day":0,"utc":"05:32:00","flight":"U2252"},{"day":1,"utc":"17:43:00","flight":"U2203"},{"day":2,"utc":"11:34:00","flight":"U2047"},{"day":2,"utc":"01:58:00","flight":"U2008"},{"day":3,"utc":"13:20:00","flight":"U2639"},{"day":4,"utc":"06:09:00","flight":"U2775"},{"day":4,"utc":"02:41:00","flight":"U2857"},{"day":4,"utc":"09:00:00","flight":"U2435"},{"day":4,"utc":"04:24:00","flight":"U2358"},{"day":4,"utc":"15:24:00","flight":"U2920"},{"day":5,"utc":"06:11:00","flight":"U2229"},{"day":5,"utc":"23:51:00","flight":"U2809"},{"day":5,"utc":"14:58:00","flight":"U2095"},{"day":6,"utc":"03:55:00","flight":"U2813"}]}