{"id":57378,"type":"route","airline":"UA","airlineid":"airline_5209","sourceairport":"ORD","destinationairport":"SEA","stops":0,"equipment":"320 752 738 739","schedule":[{"day":0,"utc":"04:49:00","flight":"UA075"},{"day":1,"utc":"17:17:00","flight":"UA646"},{"day":1,"utc":"12:24:00","flight":"UA375"},{"day":1,"utc":"08:16:00","flight":"UA796"},{"day":1,"utc":"02:46:00","flight":"UA331"},{"day":2,"utc":"06:19:00","flight":"UA514"},{"day":2,"utc":"02:24:00","flight":"UA351"},{"day":2,"utc":"00:43:00","flight":"UA973"},{"day":3,"utc":"04:46:00","flight":"UA610"},{"day":3,"utc":"10:03:00","flight":"UA516"},{"day":4,"utc":"04:14:00","flight":"UA894"},{"day":4,"utc":"04:28:00","flight":"UA806"},{"day":4,"utc":"14:10:00","flight":"UA342"},{"day":4,"utc":"20:58:00","flight":"UA232"},{"day":5,"utc":"00:25:00","flight":"UA545"},{"day":5,"utc":"19:57:00","flight":"UA312"},{"day":6,"utc":"12:00:00","flight":"UA020"},{"day":6,"utc":"01:44:00","flight":"UA921"},{"day":6,"utc":"17:10:00","flight":"UA230"}],"distance":2761.7714878234074}