{"id":35565,"type":"route","airline":"K5","airlineid":"airline_10765","sourceairport":"SAN","destinationairport":"IPL","stops":0,"equipment":"CNC","schedule":[{"day":0,"utc":"15:24:00","flight":"K5069"},{"day":0,"utc":"03:50:00","flight":"K5093"},{"day":0,"utc":"01:32:00","flight":"K5145"},{"day":0,"utc":"21:25:00","flight":"K5564"},{"day":1,"utc":"14:02:00","flight":"K5451"},{"day":2,"utc":"15:28:00","flight":"K5934"},{"day":2,"utc":"06:29:00","flight":"K5595"},{"day":2,"utc":"20:16:00","flight":"K5454"},{"day":3,"utc":"14:17:00","flight":"K5590"},{"day":4,"utc":"02:55:00","flight":"K5040"},{"day":5,"utc":"04:10:00","flight":"K5833"},{"day":5,"utc":"14:44:00","flight":"K5371"},{"day":6,"utc":"03:12:00","flight":"K5958"},{"day":6,"utc":"19:21:00","flight":"K5679"},{"day":6,"utc":"19:59:00","flight":"K5233"},{"day":6,"utc":"10:40:00","flight":"K5401"},{"day":6,"utc":"17:45:00","flight":"K5787"}],"distance":151.00891592694086}