{"id":58712,"type":"route","airline":"US","airlineid":"airline_5265","sourceairport":"CAE","destinationairport":"DCA","stops":0,"equipment":"CRJ","schedule":[{"day":0,"utc":"04:11:00","flight":"US499"},{"day":1,"utc":"01:20:00","flight":"US527"},{"day":1,"utc":"17:46:00","flight":"US338"},{"day":2,"utc":"15:37:00","flight":"US387"},{"day":2,"utc":"18:51:00","flight":"US150"},{"day":2,"utc":"02:48:00","flight":"US367"},{"day":2,"utc":"05:31:00","flight":"US421"},{"day":3,"utc":"03:18:00","flight":"US406"},{"day":3,"utc":"22:25:00","flight":"US527"},{"day":3,"utc":"11:35:00","flight":"US455"},{"day":3,"utc":"15:43:00","flight":"US610"},{"day":3,"utc":"20:37:00","flight":"US579"},{"day":4,"utc":"13:04:00","flight":"US391"},{"day":4,"utc":"09:43:00","flight":"US411"},{"day":4,"utc":"20:21:00","flight":"US020"},{"day":4,"utc":"01:09:00","flight":"US487"},{"day":4,"utc":"20:47:00","flight":"US416"},{"day":5,"utc":"19:15:00","flight":"US516"},{"day":5,"utc":"06:14:00","flight":"US060"},{"day":5,"utc":"00:23:00","flight":"US662"},{"day":5,"utc":"18:30:00","flight":"US452"},{"day":5,"utc":"21:21:00","flight":"US046"},{"day":6,"utc":"09:09:00","flight":"US110"}],"distance":657.0506152324723}