{"id":53121,"type":"route","airline":"TO","airlineid":"airline_8745","sourceairport":"FAO","destinationairport":"NCL","stops":0,"equipment":"73H","schedule":[{"day":0,"utc":"21:20:00","flight":"TO053"},{"day":0,"utc":"17:34:00","flight":"TO365"},{"day":0,"utc":"18:32:00","flight":"TO905"},{"day":0,"utc":"08:03:00","flight":"TO209"},{"day":0,"utc":"11:00:00","flight":"TO739"},{"day":1,"utc":"02:42:00","flight":"TO191"},{"day":1,"utc":"12:01:00","flight":"TO483"},{"day":1,"utc":"11:50:00","flight":"TO300"},{"day":1,"utc":"17:09:00","flight":"TO886"},{"day":1,"utc":"05:11:00","flight":"TO358"},{"day":2,"utc":"07:49:00","flight":"TO301"},{"day":2,"utc":"14:53:00","flight":"TO078"},{"day":2,"utc":"09:45:00","flight":"TO354"},{"day":3,"utc":"16:50:00","flight":"TO337"},{"day":3,"utc":"17:41:00","flight":"TO996"},{"day":3,"utc":"22:41:00","flight":"TO812"},{"day":3,"utc":"02:56:00","flight":"TO431"},{"day":4,"utc":"05:58:00","flight":"TO391"},{"day":4,"utc":"21:35:00","flight":"TO975"},{"day":5,"utc":"16:49:00","flight":"TO720"},{"day":5,"utc":"08:30:00","flight":"TO353"},{"day":5,"utc":"03:47:00","flight":"TO949"},{"day":5,"utc":"13:36:00","flight":"TO335"},{"day":6,"utc":"13:11:00","flight":"TO074"},{"day":6,"utc":"14:16:00","flight":"TO621"}],"distance":2059.7626530040884}