{"id":62350,"type":"route","airline":"VY","airlineid":"airline_2439","sourceairport":"ORY","destinationairport":"BIO","stops":0,"equipment":"320","schedule":[{"day":0,"utc":"14:10:00","flight":"VY932"},{"day":0,"utc":"17:54:00","flight":"VY349"},{"day":0,"utc":"23:54:00","flight":"VY871"},{"day":0,"utc":"13:30:00","flight":"VY430"},{"day":0,"utc":"05:05:00","flight":"VY686"},{"day":1,"utc":"23:08:00","flight":"VY921"},{"day":1,"utc":"03:22:00","flight":"VY500"},{"day":1,"utc":"06:18:00","flight":"VY061"},{"day":2,"utc":"01:31:00","flight":"VY601"},{"day":2,"utc":"10:09:00","flight":"VY466"},{"day":2,"utc":"09:52:00","flight":"VY840"},{"day":2,"utc":"03:02:00","flight":"VY148"},{"day":2,"utc":"04:22:00","flight":"VY343"},{"day":3,"utc":"22:31:00","flight":"VY378"},{"day":3,"utc":"23:14:00","flight":"VY699"},{"day":3,"utc":"23:49:00","flight":"VY137"},{"day":3,"utc":"12:38:00","flight":"VY964"},{"day":4,"utc":"19:48:00","flight":"VY443"},{"day":4,"utc":"20:59:00","flight":"VY066"},{"day":4,"utc":"18:17:00","flight":"VY408"},{"day":4,"utc":"04:47:00","flight":"VY881"},{"day":4,"utc":"11:25:00","flight":"VY727"},{"day":5,"utc":"14:57:00","flight":"VY822"},{"day":5,"utc":"13:00:00","flight":"VY173"},{"day":6,"utc":"02:00:00","flight":"VY608"},{"day":6,"utc":"05:04:00","flight":"VY540"},{"day":6,"utc":"10:30:00","flight":"VY592"},{"day":6,"utc":"00:01:00","flight":"VY773"}],"distance":727.2038003176301}