{"id":36803,"type":"route","airline":"KL","airlineid":"airline_3090","sourceairport":"MSP","destinationairport":"ATL","stops":0,"equipment":"320 757 739","schedule":[{"day":0,"utc":"13:21:00","flight":"KL228"},{"day":1,"utc":"23:13:00","flight":"KL829"},{"day":1,"utc":"01:59:00","flight":"KL316"},{"day":2,"utc":"00:58:00","flight":"KL180"},{"day":2,"utc":"06:03:00","flight":"KL941"},{"day":2,"utc":"09:37:00","flight":"KL393"},{"day":2,"utc":"15:05:00","flight":"KL632"},{"day":2,"utc":"18:21:00","flight":"KL723"},{"day":3,"utc":"17:40:00","flight":"KL343"},{"day":3,"utc":"17:40:00","flight":"KL769"},{"day":3,"utc":"12:26:00","flight":"KL726"},{"day":3,"utc":"15:27:00","flight":"KL082"},{"day":3,"utc":"00:59:00","flight":"KL354"},{"day":4,"utc":"09:40:00","flight":"KL451"},{"day":4,"utc":"00:49:00","flight":"KL206"},{"day":4,"utc":"22:28:00","flight":"KL239"},{"day":4,"utc":"07:33:00","flight":"KL540"},{"day":4,"utc":"09:17:00","flight":"KL639"},{"day":5,"utc":"17:40:00","flight":"KL791"},{"day":5,"utc":"14:13:00","flight":"KL709"},{"day":5,"utc":"23:17:00","flight":"KL915"},{"day":5,"utc":"02:30:00","flight":"KL695"},{"day":6,"utc":"17:15:00","flight":"KL766"},{"day":6,"utc":"15:30:00","flight":"KL931"}]}