{"id":60043,"type":"route","airline":"US","airlineid":"airline_5265","sourceairport":"PHL","destinationairport":"CHS","stops":0,"equipment":"CRJ","schedule":[{"day":0,"utc":"02:03:00","flight":"US110"},{"day":1,"utc":"20:50:00","flight":"US409"},{"day":1,"utc":"08:32:00","flight":"US605"},{"day":2,"utc":"18:39:00","flight":"US098"},{"day":2,"utc":"17:37:00","flight":"US107"},{"day":2,"utc":"08:28:00","flight":"US402"},{"day":2,"utc":"22:23:00","flight":"US173"},{"day":3,"utc":"02:55:00","flight":"US355"},{"day":3,"utc":"15:21:00","flight":"US262"},{"day":4,"utc":"17:30:00","flight":"US419"},{"day":4,"utc":"18:00:00","flight":"US665"},{"day":4,"utc":"20:56:00","flight":"US616"},{"day":4,"utc":"00:50:00","flight":"US104"},{"day":5,"utc":"00:59:00","flight":"US229"},{"day":5,"utc":"15:15:00","flight":"US686"},{"day":5,"utc":"12:48:00","flight":"US171"},{"day":5,"utc":"15:07:00","flight":"US105"},{"day":5,"utc":"21:22:00","flight":"US399"},{"day":6,"utc":"18:11:00","flight":"US653"},{"day":6,"utc":"02:22:00","flight":"US169"},{"day":6,"utc":"00:21:00","flight":"US464"}]}