{"id":56927,"type":"route","airline":"UA","airlineid":"airline_5209","sourceairport":"KIX","destinationairport":"SFO","stops":0,"equipment":"777 788","schedule":[{"day":0,"utc":"23:52:00","flight":"UA822"},{"day":0,"utc":"10:53:00","flight":"UA202"},{"day":0,"utc":"07:05:00","flight":"UA187"},{"day":0,"utc":"11:27:00","flight":"UA331"},{"day":1,"utc":"08:54:00","flight":"UA778"},{"day":2,"utc":"01:24:00","flight":"UA885"},{"day":2,"utc":"21:27:00","flight":"UA694"},{"day":2,"utc":"15:13:00","flight":"UA610"},{"day":2,"utc":"19:59:00","flight":"UA882"},{"day":2,"utc":"14:41:00","flight":"UA370"},{"day":3,"utc":"07:30:00","flight":"UA655"},{"day":3,"utc":"01:31:00","flight":"UA904"},{"day":3,"utc":"07:53:00","flight":"UA383"},{"day":3,"utc":"07:55:00","flight":"UA609"},{"day":4,"utc":"19:55:00","flight":"UA943"},{"day":4,"utc":"08:19:00","flight":"UA554"},{"day":4,"utc":"07:48:00","flight":"UA433"},{"day":5,"utc":"13:13:00","flight":"UA005"},{"day":5,"utc":"13:16:00","flight":"UA667"},{"day":5,"utc":"23:44:00","flight":"UA583"},{"day":5,"utc":"19:32:00","flight":"UA243"},{"day":5,"utc":"02:12:00","flight":"UA325"},{"day":6,"utc":"14:13:00","flight":"UA556"},{"day":6,"utc":"14:21:00","flight":"UA603"},{"day":6,"utc":"17:21:00","flight":"UA368"},{"day":6,"utc":"15:53:00","flight":"UA658"},{"day":6,"utc":"18:29:00","flight":"UA764"}]}