{"id":60054,"type":"route","airline":"US","airlineid":"airline_5265","sourceairport":"PHL","destinationairport":"DUB","stops":0,"equipment":"332","schedule":[{"day":0,"utc":"14:44:00","flight":"US372"},{"day":0,"utc":"22:46:00","flight":"US053"},{"day":0,"utc":"22:25:00","flight":"US345"},{"day":0,"utc":"13:43:00","flight":"US360"},{"day":0,"utc":"18:57:00","flight":"US233"},{"day":1,"utc":"21:30:00","flight":"US738"},{"day":1,"utc":"13:50:00","flight":"US274"},{"day":1,"utc":"07:28:00","flight":"US707"},{"day":2,"utc":"04:08:00","flight":"US760"},{"day":2,"utc":"03:55:00","flight":"US078"},{"day":2,"utc":"20:53:00","flight":"US119"},{"day":2,"utc":"12:44:00","flight":"US436"},{"day":2,"utc":"17:57:00","flight":"US095"},{"day":3,"utc":"06:20:00","flight":"US786"},{"day":3,"utc":"11:35:00","flight":"US939"},{"day":3,"utc":"06:57:00","flight":"US767"},{"day":3,"utc":"13:37:00","flight":"US387"},{"day":3,"utc":"21:26:00","flight":"US612"},{"day":4,"utc":"12:19:00","flight":"US131"},{"day":4,"utc":"21:35:00","flight":"US341"},{"day":4,"utc":"16:03:00","flight":"US217"},{"day":4,"utc":"00:18:00","flight":"US365"},{"day":5,"utc":"03:45:00","flight":"US092"},{"day":6,"utc":"09:51:00","flight":"US635"},{"day":6,"utc":"02:37:00","flight":"US275"},{"day":6,"utc":"20:25:00","flight":"US286"}],"distance":5252.867863339899}