{"id":62261,"type":"route","airline":"VY","airlineid":"airline_2439","sourceairport":"FCO","destinationairport":"NTE","stops":0,"equipment":"320","schedule":[{"day":0,"utc":"22:54:00","flight":"VY508"},{"day":0,"utc":"04:05:00","flight":"VY761"},{"day":1,"utc":"11:18:00","flight":"VY995"},{"day":2,"utc":"04:35:00","flight":"VY094"},{"day":3,"utc":"03:27:00","flight":"VY733"},{"day":3,"utc":"07:22:00","flight":"VY667"},{"day":3,"utc":"12:22:00","flight":"VY474"},{"day":4,"utc":"17:11:00","flight":"VY573"},{"day":4,"utc":"00:25:00","flight":"VY992"},{"day":5,"utc":"18:45:00","flight":"VY137"},{"day":5,"utc":"00:20:00","flight":"VY514"},{"day":5,"utc":"01:44:00","flight":"VY592"},{"day":6,"utc":"18:22:00","flight":"VY143"},{"day":6,"utc":"23:22:00","flight":"VY125"},{"day":6,"utc":"06:26:00","flight":"VY876"},{"day":6,"utc":"17:25:00","flight":"VY989"},{"day":6,"utc":"16:27:00","flight":"VY949"}],"distance":1247.7439104166704}