{"id":39342,"type":"route","airline":"LS","airlineid":"airline_3026","sourceairport":"GLA","destinationairport":"TFS","stops":0,"equipment":"738 73H","schedule":[{"day":0,"utc":"02:04:00","flight":"LS511"},{"day":0,"utc":"13:09:00","flight":"LS216"},{"day":0,"utc":"23:07:00","flight":"LS184"},{"day":1,"utc":"11:59:00","flight":"LS039"},{"day":2,"utc":"13:27:00","flight":"LS654"},{"day":2,"utc":"18:49:00","flight":"LS526"},{"day":2,"utc":"14:53:00","flight":"LS536"},{"day":2,"utc":"18:47:00","flight":"LS684"},{"day":3,"utc":"11:42:00","flight":"LS141"},{"day":4,"utc":"21:27:00","flight":"LS913"},{"day":4,"utc":"01:00:00","flight":"LS874"},{"day":4,"utc":"21:27:00","flight":"LS830"},{"day":5,"utc":"14:05:00","flight":"LS255"},{"day":5,"utc":"20:06:00","flight":"LS899"},{"day":5,"utc":"20:54:00","flight":"LS940"},{"day":6,"utc":"20:00:00","flight":"LS272"}],"distance":3242.1533062695044}