{"id":20966,"type":"route","airline":"DL","airlineid":"airline_2009","sourceairport":"JFK","destinationairport":"NAS","stops":0,"equipment":"M88","schedule":[{"day":0,"utc":"17:42:00","flight":"DL740"},{"day":0,"utc":"17:10:00","flight":"DL076"},{"day":0,"utc":"05:37:00","flight":"DL464"},{"day":0,"utc":"17:11:00","flight":"DL027"},{"day":0,"utc":"22:00:00","flight":"DL027"},{"day":1,"utc":"06:22:00","flight":"DL814"},{"day":1,"utc":"13:00:00","flight":"DL940"},{"day":1,"utc":"04:20:00","flight":"DL971"},{"day":1,"utc":"09:19:00","flight":"DL119"},{"day":2,"utc":"03:33:00","flight":"DL560"},{"day":3,"utc":"10:03:00","flight":"DL624"},{"day":3,"utc":"11:36:00","flight":"DL477"},{"day":3,"utc":"23:06:00","flight":"DL820"},{"day":3,"utc":"07:12:00","flight":"DL137"},{"day":4,"utc":"03:40:00","flight":"DL728"},{"day":5,"utc":"07:15:00","flight":"DL466"},{"day":5,"utc":"07:30:00","flight":"DL985"},{"day":5,"utc":"01:02:00","flight":"DL805"},{"day":5,"utc":"02:09:00","flight":"DL154"},{"day":5,"utc":"16:34:00","flight":"DL123"},{"day":6,"utc":"23:46:00","flight":"DL090"},{"day":6,"utc":"09:01:00","flight":"DL100"}],"distance":1768.1313488302594}