{"id":20548,"type":"route","airline":"DL","airlineid":"airline_2009","sourceairport":"DEN","destinationairport":"MSP","stops":0,"equipment":"M90 320 738 757","schedule":[{"day":0,"utc":"02:51:00","flight":"DL736"},{"day":0,"utc":"22:57:00","flight":"DL480"},{"day":1,"utc":"23:28:00","flight":"DL232"},{"day":1,"utc":"01:47:00","flight":"DL696"},{"day":1,"utc":"20:20:00","flight":"DL644"},{"day":2,"utc":"17:52:00","flight":"DL283"},{"day":2,"utc":"10:45:00","flight":"DL706"},{"day":2,"utc":"12:09:00","flight":"DL857"},{"day":3,"utc":"17:57:00","flight":"DL507"},{"day":3,"utc":"10:54:00","flight":"DL209"},{"day":3,"utc":"21:29:00","flight":"DL047"},{"day":3,"utc":"16:54:00","flight":"DL054"},{"day":3,"utc":"19:33:00","flight":"DL214"},{"day":4,"utc":"14:29:00","flight":"DL312"},{"day":4,"utc":"19:38:00","flight":"DL477"},{"day":4,"utc":"22:09:00","flight":"DL931"},{"day":5,"utc":"10:38:00","flight":"DL595"},{"day":5,"utc":"11:16:00","flight":"DL303"},{"day":6,"utc":"02:59:00","flight":"DL113"},{"day":6,"utc":"08:56:00","flight":"DL099"},{"day":6,"utc":"11:21:00","flight":"DL211"},{"day":6,"utc":"00:38:00","flight":"DL558"},{"day":6,"utc":"04:37:00","flight":"DL666"}]}