{"id":21790,"type":"route","airline":"DL","airlineid":"airline_2009","sourceairport":"SLC","destinationairport":"BWI","stops":0,"equipment":"320","schedule":[{"day":0,"utc":"02:09:00","flight":"DL180"},{"day":0,"utc":"01:51:00","flight":"DL901"},{"day":0,"utc":"13:59:00","flight":"DL936"},{"day":1,"utc":"17:19:00","flight":"DL280"},{"day":1,"utc":"10:47:00","flight":"DL633"},{"day":1,"utc":"19:56:00","flight":"DL137"},{"day":2,"utc":"04:45:00","flight":"DL163"},{"day":2,"utc":"06:19:00","flight":"DL649"},{"day":3,"utc":"14:35:00","flight":"DL045"},{"day":3,"utc":"23:25:00","flight":"DL939"},{"day":4,"utc":"15:29:00","flight":"DL964"},{"day":5,"utc":"22:06:00","flight":"DL124"},{"day":5,"utc":"11:55:00","flight":"DL672"},{"day":5,"utc":"15:54:00","flight":"DL144"},{"day":5,"utc":"18:00:00","flight":"DL131"},{"day":6,"utc":"07:18:00","flight":"DL498"},{"day":6,"utc":"05:39:00","flight":"DL984"}]}