{"id":59997,"type":"route","airline":"US","airlineid":"airline_5265","sourceairport":"PBC","destinationairport":"DFW","stops":0,"equipment":"ERD","schedule":[{"day":0,"utc":"01:00:00","flight":"US428"},{"day":0,"utc":"04:53:00","flight":"US398"},{"day":0,"utc":"15:15:00","flight":"US745"},{"day":0,"utc":"10:17:00","flight":"US495"},{"day":1,"utc":"02:00:00","flight":"US642"},{"day":2,"utc":"06:28:00","flight":"US808"},{"day":2,"utc":"08:55:00","flight":"US276"},{"day":2,"utc":"07:11:00","flight":"US001"},{"day":3,"utc":"05:16:00","flight":"US494"},{"day":3,"utc":"12:56:00","flight":"US865"},{"day":3,"utc":"13:22:00","flight":"US727"},{"day":3,"utc":"05:41:00","flight":"US783"},{"day":3,"utc":"02:04:00","flight":"US963"},{"day":4,"utc":"23:59:00","flight":"US080"},{"day":4,"utc":"06:51:00","flight":"US867"},{"day":5,"utc":"18:53:00","flight":"US410"},{"day":5,"utc":"07:02:00","flight":"US548"},{"day":5,"utc":"19:07:00","flight":"US932"},{"day":5,"utc":"21:34:00","flight":"US425"},{"day":6,"utc":"01:35:00","flight":"US484"},{"day":6,"utc":"21:08:00","flight":"US155"}],"distance":1533.4232623443809}