{"id":35524,"type":"route","airline":"K3","airlineid":"airline_N","sourceairport":"KTN","destinationairport":"KTB","stops":0,"equipment":"DHP","schedule":[{"day":0,"utc":"02:32:00","flight":"K3969"},{"day":0,"utc":"15:16:00","flight":"K3963"},{"day":1,"utc":"10:55:00","flight":"K3113"},{"day":1,"utc":"05:17:00","flight":"K3965"},{"day":2,"utc":"23:24:00","flight":"K3010"},{"day":2,"utc":"06:34:00","flight":"K3570"},{"day":2,"utc":"01:00:00","flight":"K3861"},{"day":2,"utc":"23:38:00","flight":"K3089"},{"day":3,"utc":"07:27:00","flight":"K3437"},{"day":4,"utc":"03:27:00","flight":"K3406"},{"day":4,"utc":"17:24:00","flight":"K3777"},{"day":4,"utc":"10:25:00","flight":"K3740"},{"day":4,"utc":"09:47:00","flight":"K3777"},{"day":4,"utc":"11:03:00","flight":"K3412"},{"day":5,"utc":"03:28:00","flight":"K3716"},{"day":6,"utc":"02:34:00","flight":"K3308"},{"day":6,"utc":"01:51:00","flight":"K3534"}]}