{"id":4679,"type":"route","airline":"AA","airlineid":"airline_24","sourceairport":"ALO","destinationairport":"ORD","stops":0,"equipment":"ERD","schedule":[{"day":0,"utc":"23:59:00","flight":"AA658"},{"day":1,"utc":"02:42:00","flight":"AA645"},{"day":2,"utc":"12:08:00","flight":"AA516"},{"day":2,"utc":"11:33:00","flight":"AA373"},{"day":2,"utc":"01:54:00","flight":"AA677"},{"day":3,"utc":"19:37:00","flight":"AA071"},{"day":3,"utc":"06:27:00","flight":"AA379"},{"day":3,"utc":"11:20:00","flight":"AA081"},{"day":4,"utc":"07:59:00","flight":"AA212"},{"day":4,"utc":"09:47:00","flight":"AA398"},{"day":4,"utc":"10:01:00","flight":"AA082"},{"day":5,"utc":"13:20:00","flight":"AA469"},{"day":5,"utc":"16:23:00","flight":"AA149"},{"day":5,"utc":"21:29:00","flight":"AA497"},{"day":5,"utc":"01:04:00","flight":"AA174"},{"day":6,"utc":"16:13:00","flight":"AA101"}],"distance":375.41335050330656}