{"id":53608,"type":"route","airline":"TOM","airlineid":"airline_5013","sourceairport":"TFS","destinationairport":"MAN","stops":0,"equipment":"75W 73H","schedule":[{"day":0,"utc":"01:36:00","flight":"TOM480"},{"day":0,"utc":"14:10:00","flight":"TOM810"},{"day":1,"utc":"09:42:00","flight":"TOM761"},{"day":1,"utc":"13:07:00","flight":"TOM954"},{"day":1,"utc":"00:47:00","flight":"TOM532"},{"day":1,"utc":"08:32:00","flight":"TOM935"},{"day":1,"utc":"05:52:00","flight":"TOM615"},{"day":2,"utc":"13:35:00","flight":"TOM786"},{"day":2,"utc":"06:55:00","flight":"TOM435"},{"day":2,"utc":"06:01:00","flight":"TOM580"},{"day":2,"utc":"11:35:00","flight":"TOM551"},{"day":2,"utc":"15:37:00","flight":"TOM488"},{"day":3,"utc":"08:03:00","flight":"TOM667"},{"day":3,"utc":"20:18:00","flight":"TOM537"},{"day":4,"utc":"14:46:00","flight":"TOM285"},{"day":4,"utc":"02:51:00","flight":"TOM689"},{"day":4,"utc":"14:13:00","flight":"TOM453"},{"day":4,"utc":"19:43:00","flight":"TOM013"},{"day":4,"utc":"20:48:00","flight":"TOM868"},{"day":5,"utc":"19:32:00","flight":"TOM206"},{"day":5,"utc":"23:54:00","flight":"TOM746"},{"day":5,"utc":"00:27:00","flight":"TOM789"},{"day":6,"utc":"00:33:00","flight":"TOM812"},{"day":6,"utc":"05:15:00","flight":"TOM019"},{"day":6,"utc":"23:40:00","flight":"TOM627"},{"day":6,"utc":"13:12:00","flight":"TOM049"}],"distance":3048.3823320004212}