{"id":21555,"type":"route","airline":"DL","airlineid":"airline_2009","sourceairport":"ORF","destinationairport":"MSP","stops":0,"equipment":"CR7","schedule":[{"day":0,"utc":"04:27:00","flight":"DL247"},{"day":0,"utc":"01:19:00","flight":"DL844"},{"day":0,"utc":"06:50:00","flight":"DL047"},{"day":0,"utc":"14:18:00","flight":"DL445"},{"day":0,"utc":"18:08:00","flight":"DL318"},{"day":1,"utc":"21:10:00","flight":"DL869"},{"day":1,"utc":"19:15:00","flight":"DL303"},{"day":1,"utc":"13:52:00","flight":"DL478"},{"day":1,"utc":"02:01:00","flight":"DL753"},{"day":2,"utc":"09:50:00","flight":"DL054"},{"day":3,"utc":"08:01:00","flight":"DL565"},{"day":3,"utc":"09:41:00","flight":"DL753"},{"day":4,"utc":"20:47:00","flight":"DL805"},{"day":4,"utc":"10:28:00","flight":"DL475"},{"day":4,"utc":"15:15:00","flight":"DL578"},{"day":5,"utc":"18:54:00","flight":"DL889"},{"day":6,"utc":"06:40:00","flight":"DL119"},{"day":6,"utc":"01:01:00","flight":"DL523"},{"day":6,"utc":"02:36:00","flight":"DL689"}],"distance":1678.8944510135498}