{"id":6758,"type":"route","airline":"AA","airlineid":"airline_24","sourceairport":"SEA","destinationairport":"ORD","stops":0,"equipment":"738","schedule":[{"day":0,"utc":"01:45:00","flight":"AA396"},{"day":0,"utc":"12:45:00","flight":"AA244"},{"day":0,"utc":"19:24:00","flight":"AA446"},{"day":1,"utc":"04:25:00","flight":"AA335"},{"day":1,"utc":"01:48:00","flight":"AA326"},{"day":1,"utc":"16:28:00","flight":"AA812"},{"day":1,"utc":"07:38:00","flight":"AA967"},{"day":2,"utc":"04:55:00","flight":"AA677"},{"day":3,"utc":"08:43:00","flight":"AA035"},{"day":3,"utc":"13:44:00","flight":"AA794"},{"day":4,"utc":"15:37:00","flight":"AA269"},{"day":4,"utc":"14:26:00","flight":"AA923"},{"day":4,"utc":"19:41:00","flight":"AA482"},{"day":4,"utc":"18:01:00","flight":"AA143"},{"day":4,"utc":"12:17:00","flight":"AA809"},{"day":5,"utc":"22:18:00","flight":"AA870"},{"day":5,"utc":"17:13:00","flight":"AA715"},{"day":5,"utc":"14:14:00","flight":"AA523"},{"day":6,"utc":"06:40:00","flight":"AA829"}],"distance":2761.7714878234074}