{"id":9284,"type":"route","airline":"AF","airlineid":"airline_137","sourceairport":"CDG","destinationairport":"BOM","stops":0,"equipment":"332","schedule":[{"day":0,"utc":"17:38:00","flight":"AF627"},{"day":0,"utc":"17:33:00","flight":"AF985"},{"day":0,"utc":"12:50:00","flight":"AF074"},{"day":0,"utc":"22:55:00","flight":"AF504"},{"day":1,"utc":"10:35:00","flight":"AF811"},{"day":1,"utc":"02:33:00","flight":"AF522"},{"day":1,"utc":"07:13:00","flight":"AF317"},{"day":2,"utc":"10:27:00","flight":"AF623"},{"day":2,"utc":"15:23:00","flight":"AF239"},{"day":2,"utc":"06:55:00","flight":"AF120"},{"day":3,"utc":"15:51:00","flight":"AF408"},{"day":3,"utc":"03:37:00","flight":"AF500"},{"day":4,"utc":"21:33:00","flight":"AF913"},{"day":5,"utc":"08:37:00","flight":"AF448"},{"day":5,"utc":"02:46:00","flight":"AF029"},{"day":5,"utc":"16:53:00","flight":"AF744"},{"day":5,"utc":"04:37:00","flight":"AF301"},{"day":6,"utc":"13:25:00","flight":"AF621"},{"day":6,"utc":"12:28:00","flight":"AF851"},{"day":6,"utc":"01:31:00","flight":"AF598"}]}