{"id":55097,"type":"route","airline":"U2","airlineid":"airline_2297","sourceairport":"LUX","destinationairport":"LGW","stops":0,"equipment":"319","schedule":[{"day":0,"utc":"08:15:00","flight":"U2027"},{"day":0,"utc":"02:30:00","flight":"U2684"},{"day":0,"utc":"21:59:00","flight":"U2744"},{"day":0,"utc":"04:37:00","flight":"U2933"},{"day":0,"utc":"19:40:00","flight":"U2223"},{"day":1,"utc":"01:12:00","flight":"U2189"},{"day":1,"utc":"03:17:00","flight":"U2691"},{"day":1,"utc":"02:53:00","flight":"U2415"},{"day":2,"utc":"03:35:00","flight":"U2493"},{"day":2,"utc":"17:39:00","flight":"U2281"},{"day":3,"utc":"06:30:00","flight":"U2856"},{"day":4,"utc":"05:27:00","flight":"U2713"},{"day":4,"utc":"11:47:00","flight":"U2024"},{"day":5,"utc":"17:11:00","flight":"U2119"},{"day":6,"utc":"00:07:00","flight":"U2015"}],"distance":484.17735937335}