{"id":54709,"type":"route","airline":"U2","airlineid":"airline_2297","sourceairport":"EDI","destinationairport":"BFS","stops":0,"equipment":"319 320","schedule":[{"day":0,"utc":"02:41:00","flight":"U2653"},{"day":0,"utc":"01:59:00","flight":"U2453"},{"day":0,"utc":"01:23:00","flight":"U2642"},{"day":0,"utc":"14:41:00","flight":"U2988"},{"day":1,"utc":"19:50:00","flight":"U2114"},{"day":1,"utc":"14:53:00","flight":"U2400"},{"day":1,"utc":"04:55:00","flight":"U2240"},{"day":1,"utc":"10:34:00","flight":"U2359"},{"day":1,"utc":"23:53:00","flight":"U2356"},{"day":2,"utc":"16:07:00","flight":"U2706"},{"day":2,"utc":"10:01:00","flight":"U2360"},{"day":3,"utc":"11:18:00","flight":"U2498"},{"day":4,"utc":"19:43:00","flight":"U2652"},{"day":4,"utc":"17:50:00","flight":"U2679"},{"day":4,"utc":"06:58:00","flight":"U2688"},{"day":4,"utc":"19:36:00","flight":"U2268"},{"day":4,"utc":"15:41:00","flight":"U2047"},{"day":5,"utc":"14:47:00","flight":"U2765"},{"day":5,"utc":"14:26:00","flight":"U2175"},{"day":5,"utc":"00:01:00","flight":"U2435"},{"day":5,"utc":"17:43:00","flight":"U2079"},{"day":5,"utc":"20:43:00","flight":"U2579"},{"day":6,"utc":"22:11:00","flight":"U2561"},{"day":6,"utc":"09:56:00","flight":"U2416"},{"day":6,"utc":"07:05:00","flight":"U2792"},{"day":6,"utc":"17:40:00","flight":"U2854"},{"day":6,"utc":"10:43:00","flight":"U2799"}]}