{"id":4993,"type":"route","airline":"AA","airlineid":"airline_24","sourceairport":"CLT","destinationairport":"RIC","stops":0,"equipment":"319 CR7","schedule":[{"day":0,"utc":"14:05:00","flight":"AA360"},{"day":1,"utc":"12:21:00","flight":"AA882"},{"day":2,"utc":"08:16:00","flight":"AA190"},{"day":2,"utc":"11:12:00","flight":"AA316"},{"day":2,"utc":"07:26:00","flight":"AA291"},{"day":3,"utc":"12:06:00","flight":"AA317"},{"day":3,"utc":"03:35:00","flight":"AA840"},{"day":3,"utc":"17:14:00","flight":"AA938"},{"day":3,"utc":"01:54:00","flight":"AA420"},{"day":3,"utc":"14:55:00","flight":"AA289"},{"day":4,"utc":"04:11:00","flight":"AA264"},{"day":4,"utc":"17:22:00","flight":"AA662"},{"day":4,"utc":"13:45:00","flight":"AA202"},{"day":4,"utc":"00:29:00","flight":"AA612"},{"day":5,"utc":"17:20:00","flight":"AA398"},{"day":5,"utc":"13:12:00","flight":"AA588"},{"day":5,"utc":"10:54:00","flight":"AA365"},{"day":6,"utc":"13:50:00","flight":"AA802"}],"distance":412.4769108054337}