{"id":13452,"type":"route","airline":"AZ","airlineid":"airline_596","sourceairport":"LGW","destinationairport":"PMO","stops":0,"equipment":"320","schedule":[{"day":0,"utc":"09:07:00","flight":"AZ254"},{"day":0,"utc":"16:06:00","flight":"AZ990"},{"day":0,"utc":"00:37:00","flight":"AZ307"},{"day":1,"utc":"14:21:00","flight":"AZ766"},{"day":1,"utc":"16:24:00","flight":"AZ128"},{"day":1,"utc":"10:13:00","flight":"AZ128"},{"day":1,"utc":"15:00:00","flight":"AZ085"},{"day":2,"utc":"12:09:00","flight":"AZ804"},{"day":2,"utc":"13:58:00","flight":"AZ838"},{"day":3,"utc":"20:02:00","flight":"AZ820"},{"day":3,"utc":"16:52:00","flight":"AZ434"},{"day":3,"utc":"10:59:00","flight":"AZ985"},{"day":4,"utc":"21:16:00","flight":"AZ569"},{"day":4,"utc":"17:17:00","flight":"AZ590"},{"day":5,"utc":"13:51:00","flight":"AZ289"},{"day":5,"utc":"05:00:00","flight":"AZ874"},{"day":5,"utc":"04:47:00","flight":"AZ486"},{"day":6,"utc":"15:20:00","flight":"AZ465"},{"day":6,"utc":"03:56:00","flight":"AZ066"},{"day":6,"utc":"05:08:00","flight":"AZ414"},{"day":6,"utc":"05:23:00","flight":"AZ930"},{"day":6,"utc":"08:49:00","flight":"AZ326"}],"distance":1778.4652588900385}