{"id":25125,"type":"route","airline":"FL","airlineid":"airline_1316","sourceairport":"IAD","destinationairport":"TPA","stops":0,"equipment":"73W","schedule":[{"day":0,"utc":"13:54:00","flight":"FL094"},{"day":0,"utc":"05:01:00","flight":"FL951"},{"day":0,"utc":"19:45:00","flight":"FL118"},{"day":1,"utc":"22:15:00","flight":"FL701"},{"day":1,"utc":"10:30:00","flight":"FL839"},{"day":1,"utc":"09:27:00","flight":"FL659"},{"day":1,"utc":"12:47:00","flight":"FL441"},{"day":2,"utc":"00:42:00","flight":"FL224"},{"day":2,"utc":"01:01:00","flight":"FL557"},{"day":2,"utc":"09:57:00","flight":"FL999"},{"day":2,"utc":"18:36:00","flight":"FL809"},{"day":2,"utc":"12:57:00","flight":"FL907"},{"day":3,"utc":"14:49:00","flight":"FL425"},{"day":3,"utc":"20:53:00","flight":"FL853"},{"day":4,"utc":"04:05:00","flight":"FL561"},{"day":4,"utc":"03:28:00","flight":"FL284"},{"day":5,"utc":"09:38:00","flight":"FL976"},{"day":5,"utc":"01:38:00","flight":"FL826"},{"day":6,"utc":"17:45:00","flight":"FL871"},{"day":6,"utc":"19:53:00","flight":"FL412"},{"day":6,"utc":"01:40:00","flight":"FL160"},{"day":6,"utc":"22:52:00","flight":"FL293"},{"day":6,"utc":"04:16:00","flight":"FL771"}]}