{"id":9612,"type":"route","airline":"AF","airlineid":"airline_137","sourceairport":"KMG","destinationairport":"CAN","stops":0,"equipment":"320","schedule":[{"day":0,"utc":"16:29:00","flight":"AF900"},{"day":0,"utc":"12:44:00","flight":"AF484"},{"day":1,"utc":"16:55:00","flight":"AF719"},{"day":1,"utc":"07:12:00","flight":"AF246"},{"day":1,"utc":"16:36:00","flight":"AF012"},{"day":1,"utc":"11:58:00","flight":"AF762"},{"day":1,"utc":"06:52:00","flight":"AF866"},{"day":2,"utc":"08:57:00","flight":"AF840"},{"day":2,"utc":"07:29:00","flight":"AF482"},{"day":2,"utc":"00:25:00","flight":"AF839"},{"day":2,"utc":"07:21:00","flight":"AF925"},{"day":3,"utc":"00:44:00","flight":"AF144"},{"day":3,"utc":"07:00:00","flight":"AF977"},{"day":3,"utc":"12:09:00","flight":"AF724"},{"day":3,"utc":"01:06:00","flight":"AF210"},{"day":4,"utc":"10:04:00","flight":"AF392"},{"day":4,"utc":"21:22:00","flight":"AF296"},{"day":4,"utc":"01:38:00","flight":"AF256"},{"day":5,"utc":"05:30:00","flight":"AF734"},{"day":5,"utc":"17:58:00","flight":"AF847"},{"day":6,"utc":"17:47:00","flight":"AF309"},{"day":6,"utc":"22:14:00","flight":"AF421"},{"day":6,"utc":"10:25:00","flight":"AF942"},{"day":6,"utc":"04:29:00","flight":"AF612"},{"day":6,"utc":"15:29:00","flight":"AF950"}],"distance":1084.98418781271}