{"id":32311,"type":"route","airline":"IB","airlineid":"airline_2822","sourceairport":"BCN","destinationairport":"LIL","stops":0,"equipment":"320","schedule":[{"day":0,"utc":"13:00:00","flight":"IB691"},{"day":0,"utc":"02:19:00","flight":"IB069"},{"day":0,"utc":"00:41:00","flight":"IB252"},{"day":0,"utc":"22:55:00","flight":"IB546"},{"day":1,"utc":"01:21:00","flight":"IB200"},{"day":1,"utc":"17:49:00","flight":"IB481"},{"day":1,"utc":"11:34:00","flight":"IB735"},{"day":1,"utc":"16:45:00","flight":"IB891"},{"day":1,"utc":"19:04:00","flight":"IB786"},{"day":2,"utc":"02:04:00","flight":"IB645"},{"day":2,"utc":"06:42:00","flight":"IB749"},{"day":3,"utc":"10:45:00","flight":"IB492"},{"day":3,"utc":"12:20:00","flight":"IB855"},{"day":3,"utc":"08:52:00","flight":"IB567"},{"day":3,"utc":"07:32:00","flight":"IB162"},{"day":4,"utc":"13:48:00","flight":"IB118"},{"day":4,"utc":"05:53:00","flight":"IB624"},{"day":4,"utc":"06:48:00","flight":"IB886"},{"day":4,"utc":"00:21:00","flight":"IB106"},{"day":5,"utc":"12:44:00","flight":"IB696"},{"day":5,"utc":"02:32:00","flight":"IB509"},{"day":5,"utc":"00:36:00","flight":"IB956"},{"day":6,"utc":"04:54:00","flight":"IB500"},{"day":6,"utc":"09:21:00","flight":"IB060"},{"day":6,"utc":"01:50:00","flight":"IB802"}]}