{"id":19747,"type":"route","airline":"DE","airlineid":"airline_1868","sourceairport":"FRA","destinationairport":"SEA","stops":0,"equipment":"767","schedule":[{"day":0,"utc":"14:31:00","flight":"DE047"},{"day":0,"utc":"18:56:00","flight":"DE587"},{"day":0,"utc":"19:43:00","flight":"DE017"},{"day":0,"utc":"09:01:00","flight":"DE087"},{"day":0,"utc":"11:50:00","flight":"DE523"},{"day":1,"utc":"23:35:00","flight":"DE330"},{"day":1,"utc":"13:14:00","flight":"DE554"},{"day":2,"utc":"09:49:00","flight":"DE138"},{"day":2,"utc":"07:32:00","flight":"DE675"},{"day":2,"utc":"01:28:00","flight":"DE456"},{"day":2,"utc":"12:46:00","flight":"DE607"},{"day":2,"utc":"16:15:00","flight":"DE647"},{"day":3,"utc":"16:44:00","flight":"DE473"},{"day":4,"utc":"04:17:00","flight":"DE383"},{"day":4,"utc":"08:56:00","flight":"DE441"},{"day":4,"utc":"12:26:00","flight":"DE760"},{"day":4,"utc":"20:37:00","flight":"DE860"},{"day":5,"utc":"01:41:00","flight":"DE539"},{"day":5,"utc":"20:10:00","flight":"DE237"},{"day":5,"utc":"01:29:00","flight":"DE200"},{"day":5,"utc":"12:18:00","flight":"DE519"},{"day":6,"utc":"17:43:00","flight":"DE742"},{"day":6,"utc":"03:47:00","flight":"DE565"},{"day":6,"utc":"22:19:00","flight":"DE137"},{"day":6,"utc":"00:35:00","flight":"DE595"},{"day":6,"utc":"06:50:00","flight":"DE301"}]}