{"id":57682,"type":"route","airline":"UA","airlineid":"airline_5209","sourceairport":"SFO","destinationairport":"PHL","stops":0,"equipment":"319 738 739 752","schedule":[{"day":0,"utc":"23:58:00","flight":"UA066"},{"day":0,"utc":"03:17:00","flight":"UA178"},{"day":0,"utc":"20:05:00","flight":"UA487"},{"day":1,"utc":"12:07:00","flight":"UA275"},{"day":1,"utc":"12:22:00","flight":"UA073"},{"day":1,"utc":"05:51:00","flight":"UA048"},{"day":1,"utc":"04:54:00","flight":"UA233"},{"day":1,"utc":"20:24:00","flight":"UA708"},{"day":2,"utc":"11:29:00","flight":"UA873"},{"day":3,"utc":"06:12:00","flight":"UA953"},{"day":3,"utc":"23:12:00","flight":"UA408"},{"day":3,"utc":"21:30:00","flight":"UA870"},{"day":3,"utc":"18:33:00","flight":"UA207"},{"day":4,"utc":"21:08:00","flight":"UA261"},{"day":4,"utc":"09:49:00","flight":"UA416"},{"day":5,"utc":"13:22:00","flight":"UA507"},{"day":5,"utc":"07:55:00","flight":"UA927"},{"day":5,"utc":"13:19:00","flight":"UA625"},{"day":5,"utc":"21:23:00","flight":"UA823"},{"day":5,"utc":"04:21:00","flight":"UA401"},{"day":6,"utc":"20:57:00","flight":"UA107"},{"day":6,"utc":"21:47:00","flight":"UA011"},{"day":6,"utc":"20:08:00","flight":"UA311"},{"day":6,"utc":"10:01:00","flight":"UA524"}]}