{"id":20523,"type":"route","airline":"DL","airlineid":"airline_2009","sourceairport":"DAB","destinationairport":"ATL","stops":0,"equipment":"M90 757 M88","schedule":[{"day":0,"utc":"22:57:00","flight":"DL768"},{"day":0,"utc":"09:06:00","flight":"DL702"},{"day":1,"utc":"18:21:00","flight":"DL449"},{"day":1,"utc":"03:25:00","flight":"DL604"},{"day":2,"utc":"00:13:00","flight":"DL416"},{"day":2,"utc":"19:37:00","flight":"DL297"},{"day":3,"utc":"10:33:00","flight":"DL744"},{"day":3,"utc":"08:50:00","flight":"DL630"},{"day":3,"utc":"07:03:00","flight":"DL523"},{"day":3,"utc":"22:28:00","flight":"DL879"},{"day":3,"utc":"01:42:00","flight":"DL703"},{"day":4,"utc":"15:39:00","flight":"DL279"},{"day":4,"utc":"12:07:00","flight":"DL798"},{"day":4,"utc":"16:13:00","flight":"DL781"},{"day":4,"utc":"00:11:00","flight":"DL256"},{"day":4,"utc":"02:37:00","flight":"DL472"},{"day":5,"utc":"10:44:00","flight":"DL111"},{"day":6,"utc":"21:05:00","flight":"DL857"},{"day":6,"utc":"23:09:00","flight":"DL003"},{"day":6,"utc":"04:06:00","flight":"DL352"},{"day":6,"utc":"09:20:00","flight":"DL831"},{"day":6,"utc":"16:27:00","flight":"DL452"}],"distance":589.71316406233}