{"id":469,"type":"route","airline":"3M","airlineid":"airline_N","sourceairport":"GHB","destinationairport":"FLL","stops":0,"equipment":"SF3","schedule":[{"day":0,"utc":"05:46:00","flight":"3M513"},{"day":1,"utc":"19:26:00","flight":"3M066"},{"day":1,"utc":"15:30:00","flight":"3M852"},{"day":2,"utc":"07:48:00","flight":"3M071"},{"day":2,"utc":"01:16:00","flight":"3M069"},{"day":2,"utc":"03:04:00","flight":"3M930"},{"day":3,"utc":"07:25:00","flight":"3M379"},{"day":3,"utc":"10:14:00","flight":"3M367"},{"day":3,"utc":"17:34:00","flight":"3M184"},{"day":3,"utc":"12:08:00","flight":"3M415"},{"day":4,"utc":"08:41:00","flight":"3M811"},{"day":4,"utc":"10:50:00","flight":"3M341"},{"day":4,"utc":"03:13:00","flight":"3M784"},{"day":4,"utc":"20:13:00","flight":"3M977"},{"day":5,"utc":"11:12:00","flight":"3M798"},{"day":5,"utc":"11:50:00","flight":"3M765"},{"day":5,"utc":"08:22:00","flight":"3M718"},{"day":5,"utc":"01:59:00","flight":"3M130"},{"day":5,"utc":"05:05:00","flight":"3M582"},{"day":6,"utc":"14:54:00","flight":"3M886"},{"day":6,"utc":"07:11:00","flight":"3M659"}],"distance":392.86287705929243}