{"id":20571,"type":"route","airline":"DL","airlineid":"airline_2009","sourceairport":"DSM","destinationairport":"DTW","stops":0,"equipment":"CRJ","schedule":[{"day":0,"utc":"01:05:00","flight":"DL426"},{"day":0,"utc":"01:00:00","flight":"DL282"},{"day":0,"utc":"03:22:00","flight":"DL315"},{"day":0,"utc":"13:26:00","flight":"DL140"},{"day":1,"utc":"08:39:00","flight":"DL253"},{"day":1,"utc":"09:25:00","flight":"DL711"},{"day":2,"utc":"15:29:00","flight":"DL773"},{"day":3,"utc":"18:11:00","flight":"DL468"},{"day":3,"utc":"09:04:00","flight":"DL772"},{"day":4,"utc":"12:56:00","flight":"DL024"},{"day":5,"utc":"06:35:00","flight":"DL319"},{"day":6,"utc":"10:56:00","flight":"DL216"}]}