{"id":21659,"type":"route","airline":"DL","airlineid":"airline_2009","sourceairport":"RIC","destinationairport":"BOS","stops":0,"equipment":"CR9 CR7","schedule":[{"day":0,"utc":"14:52:00","flight":"DL831"},{"day":0,"utc":"18:47:00","flight":"DL515"},{"day":0,"utc":"16:59:00","flight":"DL574"},{"day":0,"utc":"20:54:00","flight":"DL357"},{"day":1,"utc":"02:16:00","flight":"DL942"},{"day":1,"utc":"14:32:00","flight":"DL273"},{"day":2,"utc":"09:30:00","flight":"DL290"},{"day":3,"utc":"03:53:00","flight":"DL745"},{"day":4,"utc":"10:30:00","flight":"DL033"},{"day":4,"utc":"10:32:00","flight":"DL139"},{"day":4,"utc":"13:19:00","flight":"DL007"},{"day":4,"utc":"07:38:00","flight":"DL466"},{"day":5,"utc":"13:02:00","flight":"DL394"},{"day":6,"utc":"14:36:00","flight":"DL863"},{"day":6,"utc":"09:00:00","flight":"DL210"},{"day":6,"utc":"04:37:00","flight":"DL969"},{"day":6,"utc":"01:33:00","flight":"DL437"},{"day":6,"utc":"14:35:00","flight":"DL744"}]}