{"id":26298,"type":"route","airline":"FR","airlineid":"airline_4296","sourceairport":"BVA","destinationairport":"BUD","stops":0,"equipment":"738","schedule":[{"day":0,"utc":"17:09:00","flight":"FR229"},{"day":0,"utc":"17:33:00","flight":"FR965"},{"day":0,"utc":"13:43:00","flight":"FR136"},{"day":0,"utc":"13:22:00","flight":"FR528"},{"day":0,"utc":"22:07:00","flight":"FR325"},{"day":1,"utc":"12:49:00","flight":"FR187"},{"day":1,"utc":"08:25:00","flight":"FR474"},{"day":1,"utc":"02:09:00","flight":"FR604"},{"day":1,"utc":"17:40:00","flight":"FR671"},{"day":1,"utc":"07:31:00","flight":"FR989"},{"day":2,"utc":"01:01:00","flight":"FR477"},{"day":2,"utc":"18:00:00","flight":"FR913"},{"day":2,"utc":"23:43:00","flight":"FR534"},{"day":2,"utc":"19:43:00","flight":"FR811"},{"day":3,"utc":"04:37:00","flight":"FR585"},{"day":3,"utc":"11:50:00","flight":"FR233"},{"day":3,"utc":"01:30:00","flight":"FR923"},{"day":3,"utc":"17:00:00","flight":"FR084"},{"day":3,"utc":"23:07:00","flight":"FR341"},{"day":4,"utc":"00:59:00","flight":"FR271"},{"day":4,"utc":"21:22:00","flight":"FR420"},{"day":4,"utc":"05:25:00","flight":"FR997"},{"day":4,"utc":"16:30:00","flight":"FR010"},{"day":5,"utc":"11:08:00","flight":"FR421"},{"day":5,"utc":"10:39:00","flight":"FR709"},{"day":5,"utc":"02:31:00","flight":"FR736"},{"day":6,"utc":"01:36:00","flight":"FR436"}]}