{"id":30396,"type":"route","airline":"GS","airlineid":"airline_690","sourceairport":"TAO","destinationairport":"FOC","stops":0,"equipment":"E90","schedule":[{"day":0,"utc":"18:09:00","flight":"GS882"},{"day":0,"utc":"01:44:00","flight":"GS604"},{"day":0,"utc":"20:27:00","flight":"GS243"},{"day":1,"utc":"11:37:00","flight":"GS013"},{"day":1,"utc":"06:16:00","flight":"GS758"},{"day":1,"utc":"22:34:00","flight":"GS679"},{"day":1,"utc":"06:30:00","flight":"GS702"},{"day":2,"utc":"00:27:00","flight":"GS704"},{"day":2,"utc":"12:16:00","flight":"GS199"},{"day":2,"utc":"17:30:00","flight":"GS332"},{"day":3,"utc":"07:55:00","flight":"GS175"},{"day":3,"utc":"18:57:00","flight":"GS432"},{"day":3,"utc":"01:57:00","flight":"GS781"},{"day":3,"utc":"12:43:00","flight":"GS888"},{"day":4,"utc":"01:46:00","flight":"GS519"},{"day":4,"utc":"08:33:00","flight":"GS307"},{"day":5,"utc":"03:55:00","flight":"GS240"},{"day":5,"utc":"06:31:00","flight":"GS945"},{"day":5,"utc":"13:15:00","flight":"GS341"},{"day":6,"utc":"15:52:00","flight":"GS730"},{"day":6,"utc":"05:58:00","flight":"GS253"},{"day":6,"utc":"11:48:00","flight":"GS696"},{"day":6,"utc":"00:34:00","flight":"GS268"}]}