{"id":20289,"type":"route","airline":"DL","airlineid":"airline_2009","sourceairport":"BAH","destinationairport":"AUH","stops":0,"equipment":"332","schedule":[{"day":0,"utc":"07:53:00","flight":"DL308"},{"day":0,"utc":"23:24:00","flight":"DL802"},{"day":0,"utc":"17:26:00","flight":"DL986"},{"day":1,"utc":"19:35:00","flight":"DL481"},{"day":1,"utc":"11:59:00","flight":"DL104"},{"day":1,"utc":"07:08:00","flight":"DL233"},{"day":1,"utc":"21:40:00","flight":"DL974"},{"day":2,"utc":"16:46:00","flight":"DL355"},{"day":3,"utc":"03:39:00","flight":"DL377"},{"day":3,"utc":"00:17:00","flight":"DL222"},{"day":4,"utc":"04:52:00","flight":"DL510"},{"day":4,"utc":"13:30:00","flight":"DL521"},{"day":4,"utc":"18:31:00","flight":"DL540"},{"day":4,"utc":"06:09:00","flight":"DL882"},{"day":5,"utc":"00:44:00","flight":"DL494"},{"day":6,"utc":"07:41:00","flight":"DL162"},{"day":6,"utc":"13:35:00","flight":"DL546"},{"day":6,"utc":"01:19:00","flight":"DL408"},{"day":6,"utc":"08:58:00","flight":"DL913"}]}