{"id":26298,"type":"route","airline":"FR","airlineid":"airline_4296","sourceairport":"BVA","destinationairport":"BUD","stops":0,"equipment":"738","schedule":[{"day":0,"utc":"09:42:00","flight":"FR867"},{"day":0,"utc":"11:41:00","flight":"FR877"},{"day":0,"utc":"14:20:00","flight":"FR618"},{"day":1,"utc":"03:26:00","flight":"FR299"},{"day":1,"utc":"14:07:00","flight":"FR599"},{"day":1,"utc":"07:48:00","flight":"FR410"},{"day":1,"utc":"09:41:00","flight":"FR998"},{"day":1,"utc":"03:50:00","flight":"FR363"},{"day":2,"utc":"08:23:00","flight":"FR115"},{"day":2,"utc":"23:09:00","flight":"FR226"},{"day":2,"utc":"11:30:00","flight":"FR992"},{"day":2,"utc":"13:02:00","flight":"FR719"},{"day":3,"utc":"07:58:00","flight":"FR471"},{"day":3,"utc":"05:40:00","flight":"FR736"},{"day":3,"utc":"07:44:00","flight":"FR203"},{"day":4,"utc":"01:02:00","flight":"FR938"},{"day":4,"utc":"23:53:00","flight":"FR317"},{"day":4,"utc":"12:44:00","flight":"FR782"},{"day":5,"utc":"05:05:00","flight":"FR880"},{"day":5,"utc":"00:27:00","flight":"FR982"},{"day":6,"utc":"15:39:00","flight":"FR190"}]}