{"id":58835,"type":"route","airline":"US","airlineid":"airline_5265","sourceairport":"CLT","destinationairport":"OAJ","stops":0,"equipment":"CRJ CR7","schedule":[{"day":0,"utc":"01:34:00","flight":"US707"},{"day":0,"utc":"11:19:00","flight":"US474"},{"day":1,"utc":"20:17:00","flight":"US182"},{"day":1,"utc":"13:13:00","flight":"US863"},{"day":2,"utc":"08:49:00","flight":"US814"},{"day":3,"utc":"13:44:00","flight":"US191"},{"day":3,"utc":"17:07:00","flight":"US226"},{"day":4,"utc":"17:46:00","flight":"US148"},{"day":4,"utc":"21:00:00","flight":"US441"},{"day":5,"utc":"07:15:00","flight":"US345"},{"day":5,"utc":"09:20:00","flight":"US800"},{"day":5,"utc":"22:03:00","flight":"US813"},{"day":6,"utc":"16:47:00","flight":"US450"},{"day":6,"utc":"09:36:00","flight":"US846"},{"day":6,"utc":"10:14:00","flight":"US009"},{"day":6,"utc":"21:53:00","flight":"US176"},{"day":6,"utc":"04:54:00","flight":"US072"}],"distance":306.314160403727}