{"id":4783,"type":"route","airline":"AA","airlineid":"airline_24","sourceairport":"BNE","destinationairport":"MEL","stops":0,"equipment":"737","schedule":[{"day":0,"utc":"18:42:00","flight":"AA530"},{"day":0,"utc":"06:08:00","flight":"AA679"},{"day":1,"utc":"03:49:00","flight":"AA416"},{"day":1,"utc":"17:03:00","flight":"AA854"},{"day":2,"utc":"19:08:00","flight":"AA777"},{"day":2,"utc":"14:15:00","flight":"AA453"},{"day":2,"utc":"14:24:00","flight":"AA381"},{"day":3,"utc":"14:37:00","flight":"AA466"},{"day":4,"utc":"23:44:00","flight":"AA736"},{"day":5,"utc":"15:33:00","flight":"AA321"},{"day":5,"utc":"03:58:00","flight":"AA865"},{"day":5,"utc":"23:51:00","flight":"AA066"},{"day":5,"utc":"21:41:00","flight":"AA314"},{"day":5,"utc":"21:14:00","flight":"AA209"},{"day":6,"utc":"17:19:00","flight":"AA070"},{"day":6,"utc":"04:34:00","flight":"AA848"},{"day":6,"utc":"08:58:00","flight":"AA410"}],"distance":1380.8685238287733}