{"id":61825,"type":"route","airline":"VS","airlineid":"airline_5347","sourceairport":"RSW","destinationairport":"ATL","stops":0,"equipment":"M90 757 M88","schedule":[{"day":0,"utc":"09:43:00","flight":"VS448"},{"day":1,"utc":"00:00:00","flight":"VS070"},{"day":1,"utc":"09:55:00","flight":"VS724"},{"day":1,"utc":"21:11:00","flight":"VS930"},{"day":1,"utc":"11:56:00","flight":"VS992"},{"day":1,"utc":"19:36:00","flight":"VS846"},{"day":2,"utc":"15:52:00","flight":"VS643"},{"day":2,"utc":"09:06:00","flight":"VS080"},{"day":2,"utc":"20:42:00","flight":"VS375"},{"day":3,"utc":"10:42:00","flight":"VS784"},{"day":3,"utc":"17:34:00","flight":"VS022"},{"day":4,"utc":"14:43:00","flight":"VS270"},{"day":4,"utc":"04:54:00","flight":"VS374"},{"day":4,"utc":"05:43:00","flight":"VS479"},{"day":4,"utc":"07:47:00","flight":"VS040"},{"day":4,"utc":"01:09:00","flight":"VS998"},{"day":5,"utc":"14:52:00","flight":"VS840"},{"day":6,"utc":"20:51:00","flight":"VS956"},{"day":6,"utc":"04:59:00","flight":"VS522"}],"distance":830.2680071274632}