{"id":49697,"type":"route","airline":"SK","airlineid":"airline_4319","sourceairport":"ABZ","destinationairport":"BGO","stops":0,"equipment":"DH4 DH3","schedule":[{"day":0,"utc":"20:51:00","flight":"SK931"},{"day":1,"utc":"14:16:00","flight":"SK735"},{"day":1,"utc":"13:02:00","flight":"SK396"},{"day":2,"utc":"18:03:00","flight":"SK806"},{"day":2,"utc":"03:07:00","flight":"SK503"},{"day":2,"utc":"08:35:00","flight":"SK077"},{"day":2,"utc":"04:24:00","flight":"SK114"},{"day":3,"utc":"11:37:00","flight":"SK954"},{"day":3,"utc":"01:09:00","flight":"SK231"},{"day":4,"utc":"13:20:00","flight":"SK885"},{"day":4,"utc":"14:27:00","flight":"SK421"},{"day":4,"utc":"07:02:00","flight":"SK413"},{"day":4,"utc":"04:20:00","flight":"SK903"},{"day":4,"utc":"18:11:00","flight":"SK752"},{"day":5,"utc":"11:43:00","flight":"SK052"},{"day":5,"utc":"15:19:00","flight":"SK672"},{"day":6,"utc":"22:45:00","flight":"SK396"}],"distance":548.269590120999}