{"id":10860,"type":"route","airline":"AM","airlineid":"airline_321","sourceairport":"ATL","destinationairport":"CDG","stops":0,"equipment":"76W","schedule":[{"day":0,"utc":"11:48:00","flight":"AM160"},{"day":0,"utc":"21:38:00","flight":"AM085"},{"day":0,"utc":"07:25:00","flight":"AM702"},{"day":0,"utc":"23:12:00","flight":"AM760"},{"day":1,"utc":"12:44:00","flight":"AM623"},{"day":1,"utc":"12:55:00","flight":"AM317"},{"day":1,"utc":"08:35:00","flight":"AM232"},{"day":2,"utc":"10:20:00","flight":"AM383"},{"day":2,"utc":"09:31:00","flight":"AM824"},{"day":2,"utc":"12:12:00","flight":"AM214"},{"day":2,"utc":"20:54:00","flight":"AM979"},{"day":2,"utc":"16:58:00","flight":"AM825"},{"day":3,"utc":"09:54:00","flight":"AM837"},{"day":3,"utc":"12:18:00","flight":"AM079"},{"day":3,"utc":"06:14:00","flight":"AM346"},{"day":4,"utc":"08:53:00","flight":"AM635"},{"day":5,"utc":"09:30:00","flight":"AM770"},{"day":5,"utc":"03:46:00","flight":"AM691"},{"day":6,"utc":"17:09:00","flight":"AM286"}],"distance":7055.723497579747}