{"id":62024,"type":"route","airline":"VX","airlineid":"airline_5331","sourceairport":"PDX","destinationairport":"SFO","stops":0,"equipment":"320","schedule":[{"day":0,"utc":"23:46:00","flight":"VX911"},{"day":0,"utc":"08:10:00","flight":"VX207"},{"day":0,"utc":"16:17:00","flight":"VX373"},{"day":0,"utc":"19:53:00","flight":"VX469"},{"day":0,"utc":"05:03:00","flight":"VX167"},{"day":1,"utc":"12:20:00","flight":"VX049"},{"day":1,"utc":"17:57:00","flight":"VX904"},{"day":2,"utc":"02:17:00","flight":"VX270"},{"day":2,"utc":"19:51:00","flight":"VX326"},{"day":2,"utc":"00:54:00","flight":"VX070"},{"day":2,"utc":"23:44:00","flight":"VX305"},{"day":3,"utc":"05:00:00","flight":"VX396"},{"day":3,"utc":"07:34:00","flight":"VX910"},{"day":4,"utc":"21:00:00","flight":"VX742"},{"day":4,"utc":"08:53:00","flight":"VX489"},{"day":4,"utc":"16:13:00","flight":"VX659"},{"day":5,"utc":"11:58:00","flight":"VX675"},{"day":5,"utc":"23:49:00","flight":"VX199"},{"day":5,"utc":"23:12:00","flight":"VX219"},{"day":5,"utc":"22:46:00","flight":"VX163"},{"day":6,"utc":"05:08:00","flight":"VX463"},{"day":6,"utc":"10:03:00","flight":"VX710"},{"day":6,"utc":"04:14:00","flight":"VX509"}]}