{"id":39849,"type":"route","airline":"LY","airlineid":"airline_2150","sourceairport":"LHR","destinationairport":"TLV","stops":0,"equipment":"772 763","schedule":[{"day":0,"utc":"14:23:00","flight":"LY709"},{"day":0,"utc":"00:57:00","flight":"LY502"},{"day":1,"utc":"01:02:00","flight":"LY476"},{"day":2,"utc":"22:22:00","flight":"LY623"},{"day":2,"utc":"16:47:00","flight":"LY686"},{"day":2,"utc":"20:45:00","flight":"LY072"},{"day":3,"utc":"15:56:00","flight":"LY790"},{"day":4,"utc":"05:38:00","flight":"LY015"},{"day":5,"utc":"17:02:00","flight":"LY975"},{"day":5,"utc":"09:33:00","flight":"LY518"},{"day":5,"utc":"16:49:00","flight":"LY691"},{"day":5,"utc":"14:34:00","flight":"LY985"},{"day":5,"utc":"19:06:00","flight":"LY846"},{"day":6,"utc":"19:26:00","flight":"LY070"},{"day":6,"utc":"14:44:00","flight":"LY472"},{"day":6,"utc":"22:22:00","flight":"LY953"},{"day":6,"utc":"05:31:00","flight":"LY848"}],"distance":3588.973528279649}