{"id":47256,"type":"route","airline":"QH","airlineid":"airline_882","sourceairport":"SVX","destinationairport":"FRU","stops":0,"equipment":"735","schedule":[{"day":0,"utc":"09:07:00","flight":"QH062"},{"day":0,"utc":"02:38:00","flight":"QH669"},{"day":1,"utc":"21:42:00","flight":"QH184"},{"day":1,"utc":"15:01:00","flight":"QH251"},{"day":2,"utc":"19:16:00","flight":"QH844"},{"day":2,"utc":"14:08:00","flight":"QH259"},{"day":2,"utc":"14:43:00","flight":"QH144"},{"day":2,"utc":"11:43:00","flight":"QH353"},{"day":2,"utc":"20:56:00","flight":"QH956"},{"day":3,"utc":"00:15:00","flight":"QH710"},{"day":3,"utc":"07:38:00","flight":"QH077"},{"day":3,"utc":"07:38:00","flight":"QH114"},{"day":3,"utc":"15:12:00","flight":"QH916"},{"day":4,"utc":"15:32:00","flight":"QH229"},{"day":4,"utc":"04:14:00","flight":"QH774"},{"day":5,"utc":"00:54:00","flight":"QH006"},{"day":5,"utc":"20:38:00","flight":"QH575"},{"day":5,"utc":"00:27:00","flight":"QH070"},{"day":6,"utc":"13:11:00","flight":"QH702"},{"day":6,"utc":"05:31:00","flight":"QH156"}]}