{"id":36803,"type":"route","airline":"KL","airlineid":"airline_3090","sourceairport":"MSP","destinationairport":"ATL","stops":0,"equipment":"320 757 739","schedule":[{"day":0,"utc":"00:43:00","flight":"KL087"},{"day":0,"utc":"06:47:00","flight":"KL318"},{"day":0,"utc":"01:14:00","flight":"KL348"},{"day":1,"utc":"08:59:00","flight":"KL256"},{"day":1,"utc":"20:28:00","flight":"KL368"},{"day":1,"utc":"01:27:00","flight":"KL810"},{"day":2,"utc":"14:56:00","flight":"KL974"},{"day":2,"utc":"06:26:00","flight":"KL105"},{"day":2,"utc":"06:20:00","flight":"KL188"},{"day":2,"utc":"00:13:00","flight":"KL587"},{"day":3,"utc":"18:40:00","flight":"KL034"},{"day":3,"utc":"15:33:00","flight":"KL178"},{"day":3,"utc":"20:01:00","flight":"KL348"},{"day":4,"utc":"16:42:00","flight":"KL290"},{"day":4,"utc":"16:20:00","flight":"KL350"},{"day":5,"utc":"01:41:00","flight":"KL720"},{"day":5,"utc":"22:17:00","flight":"KL825"},{"day":5,"utc":"19:38:00","flight":"KL050"},{"day":6,"utc":"15:48:00","flight":"KL234"},{"day":6,"utc":"07:44:00","flight":"KL227"},{"day":6,"utc":"09:41:00","flight":"KL269"},{"day":6,"utc":"21:31:00","flight":"KL831"},{"day":6,"utc":"07:48:00","flight":"KL241"}]}