{"id":56366,"type":"route","airline":"UA","airlineid":"airline_5209","sourceairport":"EWR","destinationairport":"ORD","stops":0,"equipment":"73G 320 738 752 319 739 763","schedule":[{"day":0,"utc":"19:45:00","flight":"UA965"},{"day":0,"utc":"03:31:00","flight":"UA000"},{"day":0,"utc":"20:18:00","flight":"UA323"},{"day":1,"utc":"13:36:00","flight":"UA620"},{"day":1,"utc":"09:23:00","flight":"UA203"},{"day":1,"utc":"18:13:00","flight":"UA897"},{"day":2,"utc":"06:14:00","flight":"UA095"},{"day":2,"utc":"20:06:00","flight":"UA671"},{"day":2,"utc":"04:41:00","flight":"UA575"},{"day":3,"utc":"13:29:00","flight":"UA478"},{"day":4,"utc":"08:30:00","flight":"UA063"},{"day":4,"utc":"22:54:00","flight":"UA516"},{"day":4,"utc":"00:51:00","flight":"UA027"},{"day":5,"utc":"09:42:00","flight":"UA494"},{"day":6,"utc":"03:35:00","flight":"UA278"},{"day":6,"utc":"13:43:00","flight":"UA581"},{"day":6,"utc":"01:43:00","flight":"UA138"},{"day":6,"utc":"08:47:00","flight":"UA085"}]}