{"id":56130,"type":"route","airline":"UA","airlineid":"airline_5209","sourceairport":"DEN","destinationairport":"HDN","stops":0,"equipment":"DH4","schedule":[{"day":0,"utc":"06:52:00","flight":"UA596"},{"day":0,"utc":"19:28:00","flight":"UA942"},{"day":0,"utc":"11:56:00","flight":"UA843"},{"day":1,"utc":"16:19:00","flight":"UA821"},{"day":1,"utc":"13:56:00","flight":"UA464"},{"day":1,"utc":"15:00:00","flight":"UA726"},{"day":1,"utc":"12:58:00","flight":"UA002"},{"day":1,"utc":"20:27:00","flight":"UA698"},{"day":2,"utc":"11:35:00","flight":"UA966"},{"day":2,"utc":"05:18:00","flight":"UA430"},{"day":3,"utc":"10:40:00","flight":"UA504"},{"day":3,"utc":"00:42:00","flight":"UA419"},{"day":4,"utc":"02:30:00","flight":"UA940"},{"day":4,"utc":"17:30:00","flight":"UA289"},{"day":4,"utc":"02:54:00","flight":"UA506"},{"day":4,"utc":"08:32:00","flight":"UA178"},{"day":5,"utc":"05:19:00","flight":"UA230"},{"day":5,"utc":"20:25:00","flight":"UA831"},{"day":6,"utc":"21:43:00","flight":"UA702"},{"day":6,"utc":"21:10:00","flight":"UA040"}],"distance":226.89428868009568}