{"id":56795,"type":"route","airline":"UA","airlineid":"airline_5209","sourceairport":"IAH","destinationairport":"MKE","stops":0,"equipment":"ERJ CRJ","schedule":[{"day":0,"utc":"04:24:00","flight":"UA379"},{"day":0,"utc":"04:22:00","flight":"UA200"},{"day":0,"utc":"03:06:00","flight":"UA016"},{"day":1,"utc":"07:50:00","flight":"UA489"},{"day":2,"utc":"12:51:00","flight":"UA881"},{"day":2,"utc":"03:57:00","flight":"UA613"},{"day":3,"utc":"14:33:00","flight":"UA330"},{"day":3,"utc":"04:47:00","flight":"UA461"},{"day":4,"utc":"08:22:00","flight":"UA514"},{"day":4,"utc":"14:32:00","flight":"UA786"},{"day":5,"utc":"22:40:00","flight":"UA481"},{"day":5,"utc":"05:51:00","flight":"UA467"},{"day":5,"utc":"14:20:00","flight":"UA706"},{"day":5,"utc":"21:32:00","flight":"UA925"},{"day":5,"utc":"18:43:00","flight":"UA641"},{"day":6,"utc":"21:00:00","flight":"UA581"}],"distance":1586.0716540634055}