{"id":58906,"type":"route","airline":"US","airlineid":"airline_5265","sourceairport":"CUN","destinationairport":"MIA","stops":0,"equipment":"738","schedule":[{"day":0,"utc":"18:56:00","flight":"US147"},{"day":0,"utc":"10:10:00","flight":"US786"},{"day":1,"utc":"21:04:00","flight":"US546"},{"day":1,"utc":"03:51:00","flight":"US548"},{"day":1,"utc":"00:28:00","flight":"US971"},{"day":1,"utc":"18:40:00","flight":"US212"},{"day":2,"utc":"19:22:00","flight":"US576"},{"day":2,"utc":"17:16:00","flight":"US565"},{"day":2,"utc":"20:26:00","flight":"US482"},{"day":2,"utc":"16:39:00","flight":"US858"},{"day":2,"utc":"21:50:00","flight":"US467"},{"day":3,"utc":"20:12:00","flight":"US592"},{"day":4,"utc":"11:44:00","flight":"US014"},{"day":4,"utc":"15:10:00","flight":"US597"},{"day":5,"utc":"14:08:00","flight":"US274"},{"day":5,"utc":"21:43:00","flight":"US934"},{"day":6,"utc":"00:11:00","flight":"US892"},{"day":6,"utc":"12:09:00","flight":"US610"}]}