{"id":36539,"type":"route","airline":"KL","airlineid":"airline_3090","sourceairport":"CFE","destinationairport":"AMS","stops":0,"equipment":"ERJ","schedule":[{"day":0,"utc":"19:25:00","flight":"KL583"},{"day":1,"utc":"02:35:00","flight":"KL712"},{"day":1,"utc":"01:47:00","flight":"KL658"},{"day":1,"utc":"15:09:00","flight":"KL525"},{"day":2,"utc":"20:25:00","flight":"KL888"},{"day":2,"utc":"14:27:00","flight":"KL165"},{"day":2,"utc":"13:58:00","flight":"KL131"},{"day":2,"utc":"22:37:00","flight":"KL288"},{"day":3,"utc":"08:18:00","flight":"KL832"},{"day":3,"utc":"22:55:00","flight":"KL977"},{"day":3,"utc":"12:40:00","flight":"KL156"},{"day":3,"utc":"15:31:00","flight":"KL711"},{"day":3,"utc":"13:32:00","flight":"KL957"},{"day":4,"utc":"09:32:00","flight":"KL160"},{"day":4,"utc":"19:20:00","flight":"KL195"},{"day":4,"utc":"07:28:00","flight":"KL408"},{"day":4,"utc":"17:40:00","flight":"KL942"},{"day":5,"utc":"03:38:00","flight":"KL588"},{"day":5,"utc":"22:10:00","flight":"KL292"},{"day":5,"utc":"15:57:00","flight":"KL392"},{"day":6,"utc":"14:25:00","flight":"KL365"}],"distance":734.4122990915198}