{"id":26632,"type":"route","airline":"FR","airlineid":"airline_4296","sourceairport":"DUB","destinationairport":"RDZ","stops":0,"equipment":"738","schedule":[{"day":0,"utc":"21:41:00","flight":"FR440"},{"day":0,"utc":"06:12:00","flight":"FR122"},{"day":0,"utc":"14:06:00","flight":"FR797"},{"day":1,"utc":"01:36:00","flight":"FR054"},{"day":1,"utc":"09:21:00","flight":"FR508"},{"day":1,"utc":"16:26:00","flight":"FR482"},{"day":2,"utc":"07:12:00","flight":"FR210"},{"day":2,"utc":"19:43:00","flight":"FR828"},{"day":2,"utc":"00:17:00","flight":"FR074"},{"day":3,"utc":"05:20:00","flight":"FR723"},{"day":3,"utc":"01:06:00","flight":"FR216"},{"day":3,"utc":"03:09:00","flight":"FR723"},{"day":3,"utc":"10:54:00","flight":"FR655"},{"day":3,"utc":"07:42:00","flight":"FR364"},{"day":4,"utc":"05:32:00","flight":"FR188"},{"day":4,"utc":"11:27:00","flight":"FR161"},{"day":4,"utc":"07:03:00","flight":"FR728"},{"day":5,"utc":"15:04:00","flight":"FR874"},{"day":5,"utc":"23:57:00","flight":"FR911"},{"day":5,"utc":"07:35:00","flight":"FR833"},{"day":5,"utc":"10:35:00","flight":"FR827"},{"day":5,"utc":"14:04:00","flight":"FR382"},{"day":6,"utc":"22:15:00","flight":"FR095"},{"day":6,"utc":"19:51:00","flight":"FR417"},{"day":6,"utc":"03:34:00","flight":"FR058"},{"day":6,"utc":"11:29:00","flight":"FR422"},{"day":6,"utc":"08:54:00","flight":"FR294"}]}