{"id":30433,"type":"route","airline":"GS","airlineid":"airline_690","sourceairport":"TXN","destinationairport":"HAK","stops":0,"equipment":"E90","schedule":[{"day":0,"utc":"01:25:00","flight":"GS169"},{"day":0,"utc":"02:02:00","flight":"GS730"},{"day":0,"utc":"21:45:00","flight":"GS739"},{"day":1,"utc":"23:25:00","flight":"GS964"},{"day":2,"utc":"19:13:00","flight":"GS286"},{"day":2,"utc":"18:25:00","flight":"GS428"},{"day":2,"utc":"09:24:00","flight":"GS393"},{"day":2,"utc":"15:07:00","flight":"GS047"},{"day":3,"utc":"14:45:00","flight":"GS783"},{"day":3,"utc":"11:19:00","flight":"GS255"},{"day":4,"utc":"13:17:00","flight":"GS294"},{"day":5,"utc":"13:59:00","flight":"GS120"},{"day":5,"utc":"01:54:00","flight":"GS581"},{"day":5,"utc":"00:23:00","flight":"GS338"},{"day":5,"utc":"10:16:00","flight":"GS969"},{"day":6,"utc":"13:28:00","flight":"GS305"},{"day":6,"utc":"02:26:00","flight":"GS518"},{"day":6,"utc":"02:40:00","flight":"GS365"},{"day":6,"utc":"07:49:00","flight":"GS827"}],"distance":1342.9534385288214}