{"id":57201,"type":"route","airline":"UA","airlineid":"airline_5209","sourceairport":"MUC","destinationairport":"LAX","stops":0,"equipment":"346","schedule":[{"day":0,"utc":"17:00:00","flight":"UA442"},{"day":0,"utc":"01:31:00","flight":"UA648"},{"day":0,"utc":"01:35:00","flight":"UA678"},{"day":1,"utc":"23:42:00","flight":"UA687"},{"day":1,"utc":"20:41:00","flight":"UA666"},{"day":1,"utc":"09:28:00","flight":"UA517"},{"day":1,"utc":"03:01:00","flight":"UA638"},{"day":1,"utc":"17:51:00","flight":"UA862"},{"day":2,"utc":"10:28:00","flight":"UA381"},{"day":2,"utc":"05:13:00","flight":"UA883"},{"day":2,"utc":"04:46:00","flight":"UA191"},{"day":2,"utc":"10:16:00","flight":"UA912"},{"day":2,"utc":"22:49:00","flight":"UA009"},{"day":3,"utc":"01:45:00","flight":"UA811"},{"day":3,"utc":"13:52:00","flight":"UA185"},{"day":3,"utc":"21:30:00","flight":"UA206"},{"day":3,"utc":"21:17:00","flight":"UA381"},{"day":4,"utc":"08:59:00","flight":"UA952"},{"day":4,"utc":"09:43:00","flight":"UA810"},{"day":4,"utc":"19:44:00","flight":"UA411"},{"day":4,"utc":"03:02:00","flight":"UA203"},{"day":4,"utc":"05:24:00","flight":"UA533"},{"day":5,"utc":"04:00:00","flight":"UA043"},{"day":5,"utc":"01:41:00","flight":"UA750"},{"day":5,"utc":"07:11:00","flight":"UA092"},{"day":6,"utc":"03:29:00","flight":"UA198"},{"day":6,"utc":"14:40:00","flight":"UA217"},{"day":6,"utc":"12:04:00","flight":"UA440"},{"day":6,"utc":"05:02:00","flight":"UA891"},{"day":6,"utc":"00:59:00","flight":"UA849"}],"distance":9615.802253023781}