{"id":22935,"type":"route","airline":"EI","airlineid":"airline_837","sourceairport":"DUB","destinationairport":"MCO","stops":0,"equipment":"330 332","schedule":[{"day":0,"utc":"15:30:00","flight":"EI846"},{"day":0,"utc":"13:45:00","flight":"EI944"},{"day":0,"utc":"11:00:00","flight":"EI711"},{"day":0,"utc":"19:03:00","flight":"EI629"},{"day":0,"utc":"21:49:00","flight":"EI273"},{"day":1,"utc":"22:06:00","flight":"EI385"},{"day":1,"utc":"12:22:00","flight":"EI136"},{"day":1,"utc":"21:51:00","flight":"EI248"},{"day":1,"utc":"09:09:00","flight":"EI803"},{"day":2,"utc":"22:13:00","flight":"EI173"},{"day":2,"utc":"03:54:00","flight":"EI805"},{"day":3,"utc":"13:12:00","flight":"EI448"},{"day":4,"utc":"06:01:00","flight":"EI681"},{"day":5,"utc":"00:35:00","flight":"EI288"},{"day":6,"utc":"01:33:00","flight":"EI339"},{"day":6,"utc":"07:43:00","flight":"EI007"},{"day":6,"utc":"10:26:00","flight":"EI162"},{"day":6,"utc":"01:46:00","flight":"EI736"},{"day":6,"utc":"03:07:00","flight":"EI519"}],"distance":6541.4406705776255}