{"id":9756,"type":"route","airline":"AF","airlineid":"airline_137","sourceairport":"MRS","destinationairport":"TUN","stops":0,"equipment":"319 320","schedule":[{"day":0,"utc":"10:16:00","flight":"AF899"},{"day":0,"utc":"10:00:00","flight":"AF748"},{"day":0,"utc":"00:53:00","flight":"AF903"},{"day":0,"utc":"19:57:00","flight":"AF540"},{"day":0,"utc":"16:26:00","flight":"AF436"},{"day":1,"utc":"10:58:00","flight":"AF972"},{"day":2,"utc":"11:43:00","flight":"AF917"},{"day":2,"utc":"21:37:00","flight":"AF184"},{"day":3,"utc":"20:28:00","flight":"AF247"},{"day":3,"utc":"06:36:00","flight":"AF538"},{"day":3,"utc":"09:20:00","flight":"AF320"},{"day":3,"utc":"13:08:00","flight":"AF986"},{"day":4,"utc":"16:15:00","flight":"AF539"},{"day":4,"utc":"04:47:00","flight":"AF064"},{"day":5,"utc":"04:58:00","flight":"AF332"},{"day":5,"utc":"07:11:00","flight":"AF048"},{"day":5,"utc":"08:54:00","flight":"AF988"},{"day":6,"utc":"07:32:00","flight":"AF687"}]}