{"id":17393,"type":"route","airline":"CI","airlineid":"airline_1756","sourceairport":"AMS","destinationairport":"LHR","stops":0,"equipment":"F70","schedule":[{"day":0,"utc":"21:32:00","flight":"CI028"},{"day":0,"utc":"10:05:00","flight":"CI422"},{"day":0,"utc":"03:31:00","flight":"CI397"},{"day":0,"utc":"17:28:00","flight":"CI565"},{"day":0,"utc":"11:01:00","flight":"CI713"},{"day":1,"utc":"10:20:00","flight":"CI639"},{"day":1,"utc":"09:53:00","flight":"CI197"},{"day":1,"utc":"15:27:00","flight":"CI885"},{"day":1,"utc":"17:57:00","flight":"CI861"},{"day":2,"utc":"03:26:00","flight":"CI469"},{"day":2,"utc":"01:10:00","flight":"CI503"},{"day":2,"utc":"04:08:00","flight":"CI771"},{"day":2,"utc":"04:20:00","flight":"CI099"},{"day":3,"utc":"08:41:00","flight":"CI967"},{"day":4,"utc":"13:46:00","flight":"CI537"},{"day":4,"utc":"09:23:00","flight":"CI043"},{"day":4,"utc":"12:46:00","flight":"CI275"},{"day":4,"utc":"08:24:00","flight":"CI023"},{"day":4,"utc":"05:16:00","flight":"CI218"},{"day":5,"utc":"08:47:00","flight":"CI181"},{"day":5,"utc":"18:17:00","flight":"CI300"},{"day":5,"utc":"15:13:00","flight":"CI041"},{"day":5,"utc":"10:23:00","flight":"CI404"},{"day":5,"utc":"15:32:00","flight":"CI274"},{"day":6,"utc":"14:42:00","flight":"CI136"}]}