{"id":40589,"type":"route","airline":"MH","airlineid":"airline_3378","sourceairport":"JFK","destinationairport":"LHR","stops":0,"equipment":"777","schedule":[{"day":0,"utc":"15:11:00","flight":"MH049"},{"day":0,"utc":"09:30:00","flight":"MH435"},{"day":0,"utc":"07:27:00","flight":"MH844"},{"day":0,"utc":"18:24:00","flight":"MH072"},{"day":0,"utc":"16:11:00","flight":"MH937"},{"day":1,"utc":"14:00:00","flight":"MH277"},{"day":1,"utc":"20:43:00","flight":"MH152"},{"day":1,"utc":"00:03:00","flight":"MH554"},{"day":2,"utc":"06:39:00","flight":"MH277"},{"day":3,"utc":"01:05:00","flight":"MH489"},{"day":4,"utc":"11:29:00","flight":"MH372"},{"day":4,"utc":"13:43:00","flight":"MH794"},{"day":4,"utc":"03:57:00","flight":"MH459"},{"day":5,"utc":"04:15:00","flight":"MH375"},{"day":5,"utc":"01:13:00","flight":"MH873"},{"day":5,"utc":"09:07:00","flight":"MH509"},{"day":5,"utc":"21:31:00","flight":"MH789"},{"day":6,"utc":"23:18:00","flight":"MH019"}],"distance":5539.449296280836}