{"id":61720,"type":"route","airline":"VS","airlineid":"airline_5347","sourceairport":"CUN","destinationairport":"LGW","stops":0,"equipment":"744","schedule":[{"day":0,"utc":"20:22:00","flight":"VS567"},{"day":1,"utc":"18:39:00","flight":"VS512"},{"day":1,"utc":"01:06:00","flight":"VS371"},{"day":2,"utc":"09:14:00","flight":"VS583"},{"day":2,"utc":"07:57:00","flight":"VS831"},{"day":2,"utc":"14:06:00","flight":"VS086"},{"day":2,"utc":"14:39:00","flight":"VS460"},{"day":3,"utc":"23:39:00","flight":"VS167"},{"day":3,"utc":"16:45:00","flight":"VS052"},{"day":4,"utc":"12:17:00","flight":"VS406"},{"day":4,"utc":"00:35:00","flight":"VS457"},{"day":4,"utc":"04:48:00","flight":"VS159"},{"day":4,"utc":"12:06:00","flight":"VS042"},{"day":4,"utc":"17:44:00","flight":"VS391"},{"day":5,"utc":"15:42:00","flight":"VS810"},{"day":5,"utc":"21:02:00","flight":"VS611"},{"day":5,"utc":"20:40:00","flight":"VS128"},{"day":6,"utc":"22:43:00","flight":"VS020"},{"day":6,"utc":"13:45:00","flight":"VS042"},{"day":6,"utc":"14:51:00","flight":"VS281"}],"distance":7976.732469503564}