{"id":21449,"type":"route","airline":"DL","airlineid":"airline_2009","sourceairport":"MSP","destinationairport":"STL","stops":0,"equipment":"M90 319 320 M88","schedule":[{"day":0,"utc":"09:12:00","flight":"DL385"},{"day":1,"utc":"07:28:00","flight":"DL214"},{"day":1,"utc":"22:33:00","flight":"DL746"},{"day":1,"utc":"20:43:00","flight":"DL246"},{"day":1,"utc":"14:55:00","flight":"DL335"},{"day":1,"utc":"02:46:00","flight":"DL737"},{"day":2,"utc":"15:01:00","flight":"DL571"},{"day":2,"utc":"17:29:00","flight":"DL430"},{"day":2,"utc":"03:09:00","flight":"DL210"},{"day":2,"utc":"06:01:00","flight":"DL003"},{"day":3,"utc":"18:31:00","flight":"DL440"},{"day":3,"utc":"08:01:00","flight":"DL880"},{"day":4,"utc":"23:33:00","flight":"DL019"},{"day":4,"utc":"19:56:00","flight":"DL876"},{"day":4,"utc":"03:39:00","flight":"DL816"},{"day":5,"utc":"11:16:00","flight":"DL066"},{"day":5,"utc":"09:00:00","flight":"DL597"},{"day":5,"utc":"00:48:00","flight":"DL026"},{"day":5,"utc":"09:43:00","flight":"DL687"},{"day":5,"utc":"22:30:00","flight":"DL630"},{"day":6,"utc":"10:28:00","flight":"DL130"},{"day":6,"utc":"23:04:00","flight":"DL072"}]}