{"id":60204,"type":"route","airline":"US","airlineid":"airline_5265","sourceairport":"PHX","destinationairport":"YEG","stops":0,"equipment":"319 320","schedule":[{"day":0,"utc":"14:13:00","flight":"US583"},{"day":0,"utc":"01:01:00","flight":"US117"},{"day":1,"utc":"19:12:00","flight":"US505"},{"day":2,"utc":"19:58:00","flight":"US367"},{"day":2,"utc":"02:45:00","flight":"US297"},{"day":2,"utc":"09:57:00","flight":"US367"},{"day":3,"utc":"10:58:00","flight":"US034"},{"day":3,"utc":"15:19:00","flight":"US015"},{"day":3,"utc":"20:42:00","flight":"US520"},{"day":4,"utc":"14:15:00","flight":"US616"},{"day":4,"utc":"19:14:00","flight":"US145"},{"day":5,"utc":"18:17:00","flight":"US338"},{"day":5,"utc":"06:58:00","flight":"US783"},{"day":6,"utc":"22:54:00","flight":"US906"},{"day":6,"utc":"06:18:00","flight":"US822"},{"day":6,"utc":"02:51:00","flight":"US775"}],"distance":2213.545375911795}