{"id":4515,"type":"route","airline":"A5","airlineid":"airline_1203","sourceairport":"CFR","destinationairport":"ORY","stops":0,"equipment":"BEH","schedule":[{"day":0,"utc":"12:44:00","flight":"A5242"},{"day":0,"utc":"07:34:00","flight":"A5224"},{"day":0,"utc":"05:54:00","flight":"A5526"},{"day":0,"utc":"18:39:00","flight":"A5525"},{"day":1,"utc":"12:49:00","flight":"A5003"},{"day":2,"utc":"17:27:00","flight":"A5057"},{"day":3,"utc":"13:40:00","flight":"A5390"},{"day":3,"utc":"01:04:00","flight":"A5311"},{"day":3,"utc":"09:20:00","flight":"A5784"},{"day":4,"utc":"22:02:00","flight":"A5431"},{"day":4,"utc":"13:30:00","flight":"A5546"},{"day":4,"utc":"17:58:00","flight":"A5155"},{"day":4,"utc":"12:23:00","flight":"A5332"},{"day":5,"utc":"04:23:00","flight":"A5426"},{"day":5,"utc":"23:38:00","flight":"A5044"},{"day":5,"utc":"17:47:00","flight":"A5418"},{"day":6,"utc":"23:35:00","flight":"A5943"},{"day":6,"utc":"03:57:00","flight":"A5138"},{"day":6,"utc":"13:20:00","flight":"A5479"},{"day":6,"utc":"13:32:00","flight":"A5002"}]}