{"id":13346,"type":"route","airline":"AZ","airlineid":"airline_596","sourceairport":"FCO","destinationairport":"SXB","stops":0,"equipment":"ER4 CR7","schedule":[{"day":0,"utc":"16:10:00","flight":"AZ513"},{"day":0,"utc":"12:09:00","flight":"AZ199"},{"day":1,"utc":"20:07:00","flight":"AZ736"},{"day":1,"utc":"05:47:00","flight":"AZ960"},{"day":1,"utc":"20:02:00","flight":"AZ590"},{"day":2,"utc":"09:42:00","flight":"AZ697"},{"day":2,"utc":"12:02:00","flight":"AZ200"},{"day":3,"utc":"12:50:00","flight":"AZ679"},{"day":3,"utc":"08:23:00","flight":"AZ172"},{"day":3,"utc":"12:04:00","flight":"AZ226"},{"day":3,"utc":"03:35:00","flight":"AZ244"},{"day":3,"utc":"03:07:00","flight":"AZ924"},{"day":4,"utc":"15:56:00","flight":"AZ588"},{"day":5,"utc":"18:42:00","flight":"AZ869"},{"day":5,"utc":"12:39:00","flight":"AZ685"},{"day":5,"utc":"23:00:00","flight":"AZ805"},{"day":5,"utc":"00:02:00","flight":"AZ470"},{"day":6,"utc":"04:06:00","flight":"AZ524"},{"day":6,"utc":"03:36:00","flight":"AZ547"},{"day":6,"utc":"07:45:00","flight":"AZ976"},{"day":6,"utc":"02:55:00","flight":"AZ744"}]}