{"id":60178,"type":"route","airline":"US","airlineid":"airline_5265","sourceairport":"PHX","destinationairport":"MZT","stops":0,"equipment":"320 319","schedule":[{"day":0,"utc":"03:41:00","flight":"US768"},{"day":1,"utc":"16:39:00","flight":"US491"},{"day":1,"utc":"22:26:00","flight":"US353"},{"day":1,"utc":"05:21:00","flight":"US350"},{"day":1,"utc":"21:45:00","flight":"US722"},{"day":1,"utc":"13:48:00","flight":"US806"},{"day":2,"utc":"14:47:00","flight":"US683"},{"day":3,"utc":"17:38:00","flight":"US478"},{"day":3,"utc":"12:17:00","flight":"US921"},{"day":3,"utc":"10:09:00","flight":"US689"},{"day":3,"utc":"07:59:00","flight":"US371"},{"day":3,"utc":"14:38:00","flight":"US834"},{"day":4,"utc":"01:41:00","flight":"US029"},{"day":4,"utc":"06:52:00","flight":"US764"},{"day":4,"utc":"16:51:00","flight":"US290"},{"day":4,"utc":"22:47:00","flight":"US183"},{"day":5,"utc":"05:57:00","flight":"US525"},{"day":5,"utc":"14:43:00","flight":"US753"},{"day":5,"utc":"18:23:00","flight":"US603"},{"day":5,"utc":"17:27:00","flight":"US163"},{"day":6,"utc":"03:09:00","flight":"US494"},{"day":6,"utc":"04:20:00","flight":"US346"},{"day":6,"utc":"20:46:00","flight":"US057"},{"day":6,"utc":"18:52:00","flight":"US780"},{"day":6,"utc":"18:20:00","flight":"US915"}],"distance":1272.645885483535}