{"id":56816,"type":"route","airline":"UA","airlineid":"airline_5209","sourceairport":"IAH","destinationairport":"PHX","stops":0,"equipment":"320 738 739 319 73G","schedule":[{"day":0,"utc":"08:42:00","flight":"UA876"},{"day":0,"utc":"14:01:00","flight":"UA334"},{"day":0,"utc":"05:15:00","flight":"UA314"},{"day":0,"utc":"08:35:00","flight":"UA774"},{"day":0,"utc":"07:14:00","flight":"UA642"},{"day":1,"utc":"01:51:00","flight":"UA517"},{"day":1,"utc":"08:56:00","flight":"UA627"},{"day":1,"utc":"07:40:00","flight":"UA213"},{"day":2,"utc":"14:59:00","flight":"UA458"},{"day":2,"utc":"16:24:00","flight":"UA442"},{"day":2,"utc":"12:42:00","flight":"UA220"},{"day":2,"utc":"21:58:00","flight":"UA740"},{"day":2,"utc":"09:13:00","flight":"UA965"},{"day":3,"utc":"18:04:00","flight":"UA870"},{"day":3,"utc":"14:16:00","flight":"UA706"},{"day":4,"utc":"11:22:00","flight":"UA201"},{"day":4,"utc":"21:26:00","flight":"UA491"},{"day":4,"utc":"05:02:00","flight":"UA046"},{"day":5,"utc":"03:57:00","flight":"UA668"},{"day":5,"utc":"10:37:00","flight":"UA067"},{"day":5,"utc":"15:25:00","flight":"UA244"},{"day":5,"utc":"02:42:00","flight":"UA366"},{"day":6,"utc":"19:58:00","flight":"UA208"},{"day":6,"utc":"17:57:00","flight":"UA799"},{"day":6,"utc":"14:31:00","flight":"UA368"}],"distance":1620.9221088223892}