{"id":21788,"type":"route","airline":"DL","airlineid":"airline_2009","sourceairport":"SLC","destinationairport":"BTM","stops":0,"equipment":"CRJ","schedule":[{"day":0,"utc":"08:03:00","flight":"DL338"},{"day":0,"utc":"08:16:00","flight":"DL532"},{"day":0,"utc":"05:32:00","flight":"DL120"},{"day":1,"utc":"00:51:00","flight":"DL989"},{"day":1,"utc":"15:53:00","flight":"DL320"},{"day":2,"utc":"20:10:00","flight":"DL601"},{"day":2,"utc":"12:19:00","flight":"DL195"},{"day":3,"utc":"15:22:00","flight":"DL078"},{"day":3,"utc":"06:39:00","flight":"DL495"},{"day":4,"utc":"12:55:00","flight":"DL563"},{"day":4,"utc":"23:52:00","flight":"DL827"},{"day":4,"utc":"15:26:00","flight":"DL931"},{"day":5,"utc":"20:56:00","flight":"DL910"},{"day":5,"utc":"13:34:00","flight":"DL036"},{"day":5,"utc":"07:07:00","flight":"DL861"},{"day":5,"utc":"16:50:00","flight":"DL476"},{"day":5,"utc":"22:14:00","flight":"DL248"},{"day":6,"utc":"04:58:00","flight":"DL195"}],"distance":576.0093015902012}