{"id":57669,"type":"route","airline":"UA","airlineid":"airline_5209","sourceairport":"SFO","destinationairport":"MOD","stops":0,"equipment":"EM2","schedule":[{"day":0,"utc":"23:04:00","flight":"UA440"},{"day":1,"utc":"10:30:00","flight":"UA489"},{"day":1,"utc":"12:28:00","flight":"UA804"},{"day":1,"utc":"11:47:00","flight":"UA068"},{"day":2,"utc":"14:52:00","flight":"UA907"},{"day":2,"utc":"02:39:00","flight":"UA864"},{"day":2,"utc":"00:32:00","flight":"UA378"},{"day":3,"utc":"13:08:00","flight":"UA417"},{"day":3,"utc":"17:23:00","flight":"UA547"},{"day":3,"utc":"16:49:00","flight":"UA092"},{"day":3,"utc":"06:04:00","flight":"UA193"},{"day":4,"utc":"08:21:00","flight":"UA222"},{"day":4,"utc":"08:08:00","flight":"UA512"},{"day":4,"utc":"19:10:00","flight":"UA959"},{"day":4,"utc":"15:35:00","flight":"UA034"},{"day":4,"utc":"18:46:00","flight":"UA542"},{"day":5,"utc":"16:50:00","flight":"UA780"},{"day":5,"utc":"20:32:00","flight":"UA858"},{"day":6,"utc":"15:06:00","flight":"UA854"},{"day":6,"utc":"04:48:00","flight":"UA651"},{"day":6,"utc":"08:52:00","flight":"UA194"}],"distance":125.10458210189061}