{"id":4876,"type":"route","airline":"AA","airlineid":"airline_24","sourceairport":"CHS","destinationairport":"DCA","stops":0,"equipment":"E70 CRJ E75","schedule":[{"day":0,"utc":"02:26:00","flight":"AA288"},{"day":1,"utc":"19:27:00","flight":"AA947"},{"day":1,"utc":"05:27:00","flight":"AA308"},{"day":1,"utc":"06:50:00","flight":"AA531"},{"day":2,"utc":"16:20:00","flight":"AA596"},{"day":2,"utc":"23:31:00","flight":"AA120"},{"day":3,"utc":"02:59:00","flight":"AA383"},{"day":3,"utc":"14:29:00","flight":"AA462"},{"day":3,"utc":"16:26:00","flight":"AA665"},{"day":3,"utc":"08:09:00","flight":"AA022"},{"day":3,"utc":"23:21:00","flight":"AA731"},{"day":4,"utc":"07:01:00","flight":"AA166"},{"day":4,"utc":"17:23:00","flight":"AA802"},{"day":4,"utc":"10:20:00","flight":"AA106"},{"day":4,"utc":"11:17:00","flight":"AA768"},{"day":5,"utc":"10:03:00","flight":"AA511"},{"day":6,"utc":"01:08:00","flight":"AA790"},{"day":6,"utc":"02:14:00","flight":"AA665"},{"day":6,"utc":"21:32:00","flight":"AA002"}],"distance":715.0230050738639}