{"id":36351,"type":"route","airline":"KL","airlineid":"airline_3090","sourceairport":"ATL","destinationairport":"DAB","stops":0,"equipment":"M90 757","schedule":[{"day":0,"utc":"23:11:00","flight":"KL049"},{"day":0,"utc":"02:13:00","flight":"KL700"},{"day":0,"utc":"09:44:00","flight":"KL023"},{"day":0,"utc":"22:08:00","flight":"KL538"},{"day":1,"utc":"09:47:00","flight":"KL947"},{"day":1,"utc":"22:45:00","flight":"KL111"},{"day":1,"utc":"03:10:00","flight":"KL771"},{"day":2,"utc":"05:03:00","flight":"KL460"},{"day":3,"utc":"11:20:00","flight":"KL043"},{"day":4,"utc":"17:36:00","flight":"KL893"},{"day":5,"utc":"03:50:00","flight":"KL910"},{"day":5,"utc":"06:12:00","flight":"KL183"},{"day":6,"utc":"00:49:00","flight":"KL485"},{"day":6,"utc":"17:30:00","flight":"KL179"}],"distance":589.71316406233}