{"id":63980,"type":"route","airline":"WN","airlineid":"airline_4547","sourceairport":"LAX","destinationairport":"MKE","stops":0,"equipment":"73W","schedule":[{"day":0,"utc":"11:29:00","flight":"WN463"},{"day":0,"utc":"04:27:00","flight":"WN842"},{"day":1,"utc":"05:53:00","flight":"WN225"},{"day":1,"utc":"08:28:00","flight":"WN271"},{"day":1,"utc":"08:38:00","flight":"WN856"},{"day":1,"utc":"20:40:00","flight":"WN457"},{"day":1,"utc":"23:58:00","flight":"WN633"},{"day":2,"utc":"00:18:00","flight":"WN229"},{"day":2,"utc":"07:02:00","flight":"WN197"},{"day":2,"utc":"01:57:00","flight":"WN429"},{"day":2,"utc":"22:56:00","flight":"WN102"},{"day":3,"utc":"12:49:00","flight":"WN564"},{"day":4,"utc":"10:56:00","flight":"WN987"},{"day":4,"utc":"14:51:00","flight":"WN964"},{"day":4,"utc":"07:25:00","flight":"WN738"},{"day":4,"utc":"05:49:00","flight":"WN938"},{"day":4,"utc":"14:51:00","flight":"WN768"},{"day":5,"utc":"02:54:00","flight":"WN310"},{"day":5,"utc":"14:16:00","flight":"WN519"},{"day":5,"utc":"07:00:00","flight":"WN215"},{"day":5,"utc":"04:09:00","flight":"WN814"},{"day":6,"utc":"09:21:00","flight":"WN515"},{"day":6,"utc":"06:56:00","flight":"WN767"},{"day":6,"utc":"17:44:00","flight":"WN004"},{"day":6,"utc":"17:04:00","flight":"WN346"},{"day":6,"utc":"09:42:00","flight":"WN731"}]}