{"id":53510,"type":"route","airline":"TOM","airlineid":"airline_5013","sourceairport":"EXT","destinationairport":"PMI","stops":0,"equipment":"73H","schedule":[{"day":0,"utc":"01:35:00","flight":"TOM479"},{"day":0,"utc":"00:20:00","flight":"TOM134"},{"day":0,"utc":"17:08:00","flight":"TOM753"},{"day":0,"utc":"19:26:00","flight":"TOM025"},{"day":1,"utc":"08:28:00","flight":"TOM449"},{"day":1,"utc":"01:18:00","flight":"TOM159"},{"day":1,"utc":"07:55:00","flight":"TOM017"},{"day":1,"utc":"11:52:00","flight":"TOM088"},{"day":1,"utc":"14:56:00","flight":"TOM655"},{"day":2,"utc":"20:18:00","flight":"TOM251"},{"day":2,"utc":"09:46:00","flight":"TOM152"},{"day":2,"utc":"21:21:00","flight":"TOM950"},{"day":2,"utc":"00:53:00","flight":"TOM995"},{"day":3,"utc":"15:56:00","flight":"TOM202"},{"day":3,"utc":"09:01:00","flight":"TOM067"},{"day":3,"utc":"13:00:00","flight":"TOM691"},{"day":3,"utc":"03:47:00","flight":"TOM952"},{"day":3,"utc":"14:30:00","flight":"TOM601"},{"day":4,"utc":"09:40:00","flight":"TOM138"},{"day":4,"utc":"22:40:00","flight":"TOM956"},{"day":4,"utc":"22:13:00","flight":"TOM587"},{"day":5,"utc":"08:23:00","flight":"TOM396"},{"day":6,"utc":"10:00:00","flight":"TOM160"},{"day":6,"utc":"15:55:00","flight":"TOM980"},{"day":6,"utc":"13:53:00","flight":"TOM272"}],"distance":1332.1442037916336}