{"id":28914,"type":"route","airline":"G4","airlineid":"airline_35","sourceairport":"BLV","destinationairport":"SFB","stops":0,"equipment":"M80","schedule":[{"day":0,"utc":"12:29:00","flight":"G4942"},{"day":0,"utc":"17:53:00","flight":"G4865"},{"day":0,"utc":"01:08:00","flight":"G4088"},{"day":0,"utc":"00:00:00","flight":"G4009"},{"day":1,"utc":"17:33:00","flight":"G4144"},{"day":1,"utc":"08:33:00","flight":"G4744"},{"day":1,"utc":"01:30:00","flight":"G4345"},{"day":2,"utc":"15:07:00","flight":"G4685"},{"day":2,"utc":"18:29:00","flight":"G4234"},{"day":2,"utc":"04:09:00","flight":"G4232"},{"day":2,"utc":"07:39:00","flight":"G4434"},{"day":2,"utc":"15:43:00","flight":"G4109"},{"day":3,"utc":"13:56:00","flight":"G4139"},{"day":4,"utc":"04:22:00","flight":"G4732"},{"day":4,"utc":"05:57:00","flight":"G4467"},{"day":4,"utc":"07:03:00","flight":"G4735"},{"day":5,"utc":"03:29:00","flight":"G4675"},{"day":5,"utc":"01:32:00","flight":"G4014"},{"day":5,"utc":"10:26:00","flight":"G4249"},{"day":6,"utc":"00:17:00","flight":"G4463"}],"distance":1344.9321059788329}