{"id":55443,"type":"route","airline":"U2","airlineid":"airline_2297","sourceairport":"SXF","destinationairport":"MXP","stops":0,"equipment":"320 319","schedule":[{"day":0,"utc":"00:50:00","flight":"U2188"},{"day":0,"utc":"17:31:00","flight":"U2809"},{"day":0,"utc":"15:50:00","flight":"U2571"},{"day":1,"utc":"05:40:00","flight":"U2977"},{"day":2,"utc":"20:30:00","flight":"U2684"},{"day":2,"utc":"05:52:00","flight":"U2870"},{"day":2,"utc":"01:30:00","flight":"U2871"},{"day":3,"utc":"19:43:00","flight":"U2415"},{"day":3,"utc":"13:36:00","flight":"U2032"},{"day":3,"utc":"12:52:00","flight":"U2854"},{"day":4,"utc":"05:05:00","flight":"U2009"},{"day":4,"utc":"21:42:00","flight":"U2187"},{"day":4,"utc":"23:32:00","flight":"U2603"},{"day":5,"utc":"06:05:00","flight":"U2327"},{"day":5,"utc":"22:47:00","flight":"U2332"},{"day":6,"utc":"07:38:00","flight":"U2533"},{"day":6,"utc":"05:11:00","flight":"U2532"},{"day":6,"utc":"09:43:00","flight":"U2278"}]}