{"id":58986,"type":"route","airline":"US","airlineid":"airline_5265","sourceairport":"DCA","destinationairport":"PIT","stops":0,"equipment":"CRJ E75","schedule":[{"day":0,"utc":"22:32:00","flight":"US140"},{"day":1,"utc":"21:37:00","flight":"US586"},{"day":1,"utc":"01:54:00","flight":"US036"},{"day":1,"utc":"19:37:00","flight":"US867"},{"day":1,"utc":"02:59:00","flight":"US608"},{"day":2,"utc":"06:06:00","flight":"US214"},{"day":2,"utc":"06:55:00","flight":"US751"},{"day":2,"utc":"05:56:00","flight":"US450"},{"day":2,"utc":"04:47:00","flight":"US302"},{"day":2,"utc":"18:21:00","flight":"US753"},{"day":3,"utc":"09:46:00","flight":"US626"},{"day":3,"utc":"15:07:00","flight":"US637"},{"day":3,"utc":"11:10:00","flight":"US691"},{"day":4,"utc":"19:28:00","flight":"US322"},{"day":4,"utc":"08:19:00","flight":"US363"},{"day":4,"utc":"09:46:00","flight":"US614"},{"day":4,"utc":"16:37:00","flight":"US030"},{"day":5,"utc":"22:55:00","flight":"US245"},{"day":5,"utc":"02:40:00","flight":"US609"},{"day":5,"utc":"21:31:00","flight":"US658"},{"day":5,"utc":"07:53:00","flight":"US044"},{"day":5,"utc":"22:28:00","flight":"US955"},{"day":6,"utc":"09:58:00","flight":"US842"},{"day":6,"utc":"06:21:00","flight":"US318"},{"day":6,"utc":"00:57:00","flight":"US099"}],"distance":328.61984922983686}