{"id":9894,"type":"route","airline":"AF","airlineid":"airline_137","sourceairport":"PTP","destinationairport":"ORY","stops":0,"equipment":"77W","schedule":[{"day":0,"utc":"07:43:00","flight":"AF706"},{"day":0,"utc":"08:02:00","flight":"AF924"},{"day":1,"utc":"23:08:00","flight":"AF518"},{"day":1,"utc":"15:06:00","flight":"AF099"},{"day":1,"utc":"17:44:00","flight":"AF319"},{"day":2,"utc":"06:43:00","flight":"AF516"},{"day":3,"utc":"23:27:00","flight":"AF136"},{"day":4,"utc":"21:39:00","flight":"AF907"},{"day":5,"utc":"01:46:00","flight":"AF358"},{"day":6,"utc":"03:47:00","flight":"AF132"},{"day":6,"utc":"22:47:00","flight":"AF717"}],"distance":6750.971058813533}