{"id":25146,"type":"route","airline":"FL","airlineid":"airline_1316","sourceairport":"LAS","destinationairport":"BUR","stops":0,"equipment":"73W","schedule":[{"day":0,"utc":"17:47:00","flight":"FL922"},{"day":0,"utc":"22:52:00","flight":"FL758"},{"day":1,"utc":"22:21:00","flight":"FL233"},{"day":1,"utc":"11:25:00","flight":"FL523"},{"day":1,"utc":"00:58:00","flight":"FL233"},{"day":1,"utc":"16:45:00","flight":"FL961"},{"day":1,"utc":"20:36:00","flight":"FL395"},{"day":2,"utc":"11:47:00","flight":"FL224"},{"day":2,"utc":"05:36:00","flight":"FL636"},{"day":2,"utc":"09:41:00","flight":"FL444"},{"day":3,"utc":"08:01:00","flight":"FL500"},{"day":3,"utc":"23:26:00","flight":"FL689"},{"day":3,"utc":"10:18:00","flight":"FL438"},{"day":3,"utc":"23:41:00","flight":"FL261"},{"day":3,"utc":"08:36:00","flight":"FL630"},{"day":4,"utc":"08:43:00","flight":"FL909"},{"day":4,"utc":"02:37:00","flight":"FL441"},{"day":4,"utc":"00:19:00","flight":"FL005"},{"day":4,"utc":"02:31:00","flight":"FL602"},{"day":5,"utc":"06:00:00","flight":"FL943"},{"day":5,"utc":"13:02:00","flight":"FL330"},{"day":5,"utc":"13:00:00","flight":"FL669"},{"day":6,"utc":"04:18:00","flight":"FL226"},{"day":6,"utc":"18:37:00","flight":"FL698"},{"day":6,"utc":"10:14:00","flight":"FL303"},{"day":6,"utc":"03:34:00","flight":"FL612"},{"day":6,"utc":"19:32:00","flight":"FL009"}]}