{"id":57597,"type":"route","airline":"UA","airlineid":"airline_5209","sourceairport":"SBA","destinationairport":"DEN","stops":0,"equipment":"CRJ","schedule":[{"day":0,"utc":"18:18:00","flight":"UA942"},{"day":0,"utc":"11:45:00","flight":"UA605"},{"day":1,"utc":"17:51:00","flight":"UA844"},{"day":2,"utc":"04:50:00","flight":"UA647"},{"day":2,"utc":"03:03:00","flight":"UA863"},{"day":2,"utc":"01:59:00","flight":"UA136"},{"day":2,"utc":"12:12:00","flight":"UA556"},{"day":3,"utc":"06:13:00","flight":"UA966"},{"day":3,"utc":"19:26:00","flight":"UA362"},{"day":3,"utc":"15:23:00","flight":"UA660"},{"day":4,"utc":"13:37:00","flight":"UA721"},{"day":4,"utc":"14:16:00","flight":"UA148"},{"day":5,"utc":"05:30:00","flight":"UA527"},{"day":6,"utc":"10:44:00","flight":"UA117"},{"day":6,"utc":"01:16:00","flight":"UA114"},{"day":6,"utc":"03:48:00","flight":"UA664"},{"day":6,"utc":"03:13:00","flight":"UA783"}],"distance":1471.405129750008}