{"id":11765,"type":"route","airline":"AS","airlineid":"airline_439","sourceairport":"MFR","destinationairport":"PDX","stops":0,"equipment":"DH4","schedule":[{"day":0,"utc":"05:20:00","flight":"AS342"},{"day":1,"utc":"13:03:00","flight":"AS501"},{"day":1,"utc":"20:57:00","flight":"AS429"},{"day":2,"utc":"21:11:00","flight":"AS891"},{"day":2,"utc":"13:21:00","flight":"AS290"},{"day":2,"utc":"14:33:00","flight":"AS799"},{"day":2,"utc":"06:35:00","flight":"AS850"},{"day":3,"utc":"22:22:00","flight":"AS085"},{"day":3,"utc":"09:09:00","flight":"AS437"},{"day":4,"utc":"01:37:00","flight":"AS051"},{"day":4,"utc":"00:04:00","flight":"AS133"},{"day":4,"utc":"13:19:00","flight":"AS658"},{"day":4,"utc":"15:08:00","flight":"AS428"},{"day":5,"utc":"02:44:00","flight":"AS775"},{"day":6,"utc":"02:11:00","flight":"AS827"},{"day":6,"utc":"17:01:00","flight":"AS149"},{"day":6,"utc":"21:58:00","flight":"AS115"},{"day":6,"utc":"05:03:00","flight":"AS193"},{"day":6,"utc":"09:15:00","flight":"AS376"}],"distance":358.1162777090122}