{"id":43931,"type":"route","airline":"NZ","airlineid":"airline_345","sourceairport":"GDL","destinationairport":"LAX","stops":0,"equipment":"319","schedule":[{"day":0,"utc":"15:38:00","flight":"NZ938"},{"day":0,"utc":"17:52:00","flight":"NZ055"},{"day":1,"utc":"01:27:00","flight":"NZ663"},{"day":2,"utc":"21:04:00","flight":"NZ073"},{"day":2,"utc":"09:16:00","flight":"NZ864"},{"day":2,"utc":"21:35:00","flight":"NZ336"},{"day":3,"utc":"02:43:00","flight":"NZ721"},{"day":3,"utc":"05:44:00","flight":"NZ534"},{"day":4,"utc":"10:26:00","flight":"NZ613"},{"day":4,"utc":"16:16:00","flight":"NZ519"},{"day":4,"utc":"18:19:00","flight":"NZ672"},{"day":4,"utc":"19:34:00","flight":"NZ420"},{"day":4,"utc":"23:48:00","flight":"NZ951"},{"day":5,"utc":"00:51:00","flight":"NZ509"},{"day":5,"utc":"11:02:00","flight":"NZ190"},{"day":6,"utc":"08:15:00","flight":"NZ048"},{"day":6,"utc":"19:02:00","flight":"NZ382"},{"day":6,"utc":"23:33:00","flight":"NZ053"},{"day":6,"utc":"06:56:00","flight":"NZ876"}],"distance":2105.6823652598027}