{"id":56804,"type":"route","airline":"UA","airlineid":"airline_5209","sourceairport":"IAH","destinationairport":"NRT","stops":0,"equipment":"777","schedule":[{"day":0,"utc":"06:52:00","flight":"UA742"},{"day":0,"utc":"00:20:00","flight":"UA484"},{"day":1,"utc":"06:02:00","flight":"UA519"},{"day":1,"utc":"17:55:00","flight":"UA229"},{"day":2,"utc":"10:10:00","flight":"UA057"},{"day":2,"utc":"01:48:00","flight":"UA254"},{"day":2,"utc":"22:29:00","flight":"UA931"},{"day":2,"utc":"19:59:00","flight":"UA333"},{"day":2,"utc":"06:23:00","flight":"UA818"},{"day":3,"utc":"08:29:00","flight":"UA440"},{"day":3,"utc":"06:16:00","flight":"UA727"},{"day":3,"utc":"06:37:00","flight":"UA316"},{"day":3,"utc":"17:43:00","flight":"UA481"},{"day":3,"utc":"21:25:00","flight":"UA196"},{"day":4,"utc":"13:47:00","flight":"UA202"},{"day":4,"utc":"13:49:00","flight":"UA984"},{"day":4,"utc":"04:00:00","flight":"UA363"},{"day":5,"utc":"12:45:00","flight":"UA943"},{"day":5,"utc":"15:38:00","flight":"UA283"},{"day":5,"utc":"11:00:00","flight":"UA469"},{"day":6,"utc":"12:04:00","flight":"UA317"},{"day":6,"utc":"23:36:00","flight":"UA256"},{"day":6,"utc":"08:57:00","flight":"UA625"},{"day":6,"utc":"12:04:00","flight":"UA188"},{"day":6,"utc":"04:58:00","flight":"UA223"}]}