{"id":5461,"type":"route","airline":"AA","airlineid":"airline_24","sourceairport":"GIB","destinationairport":"LHR","stops":0,"equipment":"320","schedule":[{"day":0,"utc":"18:50:00","flight":"AA008"},{"day":1,"utc":"23:49:00","flight":"AA869"},{"day":1,"utc":"05:05:00","flight":"AA780"},{"day":1,"utc":"14:57:00","flight":"AA636"},{"day":2,"utc":"20:36:00","flight":"AA255"},{"day":2,"utc":"22:42:00","flight":"AA528"},{"day":2,"utc":"00:25:00","flight":"AA578"},{"day":2,"utc":"02:39:00","flight":"AA049"},{"day":3,"utc":"02:37:00","flight":"AA207"},{"day":4,"utc":"06:39:00","flight":"AA260"},{"day":4,"utc":"09:20:00","flight":"AA878"},{"day":5,"utc":"07:31:00","flight":"AA519"},{"day":5,"utc":"23:29:00","flight":"AA284"},{"day":5,"utc":"06:42:00","flight":"AA374"},{"day":5,"utc":"02:18:00","flight":"AA946"},{"day":6,"utc":"21:43:00","flight":"AA564"}],"distance":1747.7523780926551}