{"id":15429,"type":"route","airline":"BK","airlineid":"airline_4026","sourceairport":"CSX","destinationairport":"CJU","stops":0,"equipment":"738","schedule":[{"day":0,"utc":"03:14:00","flight":"BK105"},{"day":0,"utc":"03:47:00","flight":"BK941"},{"day":0,"utc":"17:09:00","flight":"BK259"},{"day":1,"utc":"03:59:00","flight":"BK711"},{"day":1,"utc":"14:29:00","flight":"BK378"},{"day":1,"utc":"19:45:00","flight":"BK694"},{"day":1,"utc":"17:24:00","flight":"BK292"},{"day":1,"utc":"06:50:00","flight":"BK561"},{"day":2,"utc":"17:30:00","flight":"BK771"},{"day":2,"utc":"21:29:00","flight":"BK940"},{"day":3,"utc":"00:46:00","flight":"BK682"},{"day":3,"utc":"16:55:00","flight":"BK748"},{"day":4,"utc":"14:23:00","flight":"BK510"},{"day":4,"utc":"20:20:00","flight":"BK102"},{"day":4,"utc":"23:51:00","flight":"BK520"},{"day":5,"utc":"05:02:00","flight":"BK748"},{"day":5,"utc":"13:47:00","flight":"BK721"},{"day":5,"utc":"22:19:00","flight":"BK860"},{"day":5,"utc":"19:04:00","flight":"BK625"},{"day":6,"utc":"02:37:00","flight":"BK223"},{"day":6,"utc":"09:33:00","flight":"BK617"},{"day":6,"utc":"19:10:00","flight":"BK708"},{"day":6,"utc":"20:50:00","flight":"BK914"}]}