{"id":64223,"type":"route","airline":"WN","airlineid":"airline_4547","sourceairport":"OKC","destinationairport":"STL","stops":0,"equipment":"73C 73W","schedule":[{"day":0,"utc":"07:21:00","flight":"WN144"},{"day":1,"utc":"11:35:00","flight":"WN317"},{"day":1,"utc":"03:03:00","flight":"WN520"},{"day":1,"utc":"20:49:00","flight":"WN257"},{"day":1,"utc":"21:31:00","flight":"WN223"},{"day":1,"utc":"13:02:00","flight":"WN765"},{"day":2,"utc":"10:42:00","flight":"WN218"},{"day":3,"utc":"21:54:00","flight":"WN210"},{"day":3,"utc":"20:24:00","flight":"WN938"},{"day":3,"utc":"22:10:00","flight":"WN306"},{"day":4,"utc":"04:43:00","flight":"WN571"},{"day":4,"utc":"16:29:00","flight":"WN839"},{"day":4,"utc":"05:10:00","flight":"WN614"},{"day":5,"utc":"09:24:00","flight":"WN855"},{"day":5,"utc":"23:29:00","flight":"WN698"},{"day":6,"utc":"06:05:00","flight":"WN411"}],"distance":741.7889668267436}