{"id":59412,"type":"route","airline":"US","airlineid":"airline_5265","sourceairport":"JAX","destinationairport":"PHL","stops":0,"equipment":"E90","schedule":[{"day":0,"utc":"04:19:00","flight":"US909"},{"day":1,"utc":"13:45:00","flight":"US312"},{"day":1,"utc":"22:50:00","flight":"US415"},{"day":1,"utc":"11:34:00","flight":"US076"},{"day":1,"utc":"12:13:00","flight":"US056"},{"day":2,"utc":"06:37:00","flight":"US780"},{"day":3,"utc":"04:54:00","flight":"US076"},{"day":4,"utc":"06:27:00","flight":"US888"},{"day":4,"utc":"16:56:00","flight":"US029"},{"day":5,"utc":"05:05:00","flight":"US049"},{"day":5,"utc":"11:55:00","flight":"US679"},{"day":5,"utc":"13:39:00","flight":"US127"},{"day":6,"utc":"02:18:00","flight":"US221"},{"day":6,"utc":"23:04:00","flight":"US951"},{"day":6,"utc":"02:51:00","flight":"US221"},{"day":6,"utc":"00:53:00","flight":"US316"},{"day":6,"utc":"23:47:00","flight":"US037"}],"distance":1195.243882038972}