{"id":20288,"type":"route","airline":"DL","airlineid":"airline_2009","sourceairport":"AZO","destinationairport":"MSP","stops":0,"equipment":"CRJ","schedule":[{"day":0,"utc":"06:36:00","flight":"DL184"},{"day":0,"utc":"03:38:00","flight":"DL930"},{"day":0,"utc":"05:39:00","flight":"DL962"},{"day":0,"utc":"17:43:00","flight":"DL499"},{"day":1,"utc":"18:45:00","flight":"DL113"},{"day":1,"utc":"12:46:00","flight":"DL284"},{"day":2,"utc":"19:54:00","flight":"DL843"},{"day":2,"utc":"17:03:00","flight":"DL506"},{"day":2,"utc":"05:56:00","flight":"DL592"},{"day":2,"utc":"04:37:00","flight":"DL062"},{"day":2,"utc":"18:40:00","flight":"DL231"},{"day":3,"utc":"09:50:00","flight":"DL702"},{"day":3,"utc":"20:22:00","flight":"DL253"},{"day":3,"utc":"14:34:00","flight":"DL874"},{"day":3,"utc":"15:28:00","flight":"DL723"},{"day":4,"utc":"16:43:00","flight":"DL467"},{"day":4,"utc":"10:55:00","flight":"DL533"},{"day":4,"utc":"23:43:00","flight":"DL877"},{"day":4,"utc":"11:37:00","flight":"DL460"},{"day":5,"utc":"01:42:00","flight":"DL844"},{"day":5,"utc":"14:20:00","flight":"DL772"},{"day":5,"utc":"04:38:00","flight":"DL783"},{"day":6,"utc":"17:21:00","flight":"DL478"}],"distance":684.1548121189302}