{"id":27239,"type":"route","airline":"FR","airlineid":"airline_4296","sourceairport":"MAD","destinationairport":"MRS","stops":0,"equipment":"738","schedule":[{"day":0,"utc":"04:19:00","flight":"FR466"},{"day":0,"utc":"06:06:00","flight":"FR722"},{"day":1,"utc":"19:42:00","flight":"FR503"},{"day":1,"utc":"20:22:00","flight":"FR046"},{"day":1,"utc":"22:32:00","flight":"FR000"},{"day":2,"utc":"22:36:00","flight":"FR350"},{"day":2,"utc":"19:48:00","flight":"FR178"},{"day":2,"utc":"04:32:00","flight":"FR326"},{"day":2,"utc":"00:23:00","flight":"FR252"},{"day":3,"utc":"09:18:00","flight":"FR739"},{"day":3,"utc":"05:40:00","flight":"FR661"},{"day":4,"utc":"15:10:00","flight":"FR158"},{"day":4,"utc":"04:45:00","flight":"FR511"},{"day":5,"utc":"21:39:00","flight":"FR420"},{"day":5,"utc":"12:33:00","flight":"FR033"},{"day":5,"utc":"15:45:00","flight":"FR486"},{"day":5,"utc":"22:00:00","flight":"FR323"},{"day":6,"utc":"02:56:00","flight":"FR935"},{"day":6,"utc":"22:31:00","flight":"FR397"},{"day":6,"utc":"23:10:00","flight":"FR266"},{"day":6,"utc":"22:28:00","flight":"FR174"}],"distance":795.7251132339568}