{"id":50642,"type":"route","airline":"SS","airlineid":"airline_1908","sourceairport":"ORY","destinationairport":"SXM","stops":0,"equipment":"332","schedule":[{"day":0,"utc":"17:56:00","flight":"SS633"},{"day":1,"utc":"06:00:00","flight":"SS601"},{"day":1,"utc":"01:59:00","flight":"SS903"},{"day":1,"utc":"05:36:00","flight":"SS221"},{"day":1,"utc":"07:11:00","flight":"SS066"},{"day":2,"utc":"00:22:00","flight":"SS569"},{"day":2,"utc":"22:50:00","flight":"SS498"},{"day":3,"utc":"04:19:00","flight":"SS688"},{"day":3,"utc":"17:53:00","flight":"SS241"},{"day":3,"utc":"19:36:00","flight":"SS873"},{"day":4,"utc":"18:51:00","flight":"SS027"},{"day":5,"utc":"19:35:00","flight":"SS606"},{"day":6,"utc":"10:01:00","flight":"SS710"}]}