{"id":20535,"type":"route","airline":"DL","airlineid":"airline_2009","sourceairport":"DCA","destinationairport":"LEX","stops":0,"equipment":"CRJ","schedule":[{"day":0,"utc":"12:09:00","flight":"DL487"},{"day":0,"utc":"21:51:00","flight":"DL379"},{"day":0,"utc":"13:42:00","flight":"DL408"},{"day":0,"utc":"02:05:00","flight":"DL267"},{"day":1,"utc":"16:09:00","flight":"DL277"},{"day":1,"utc":"15:44:00","flight":"DL607"},{"day":1,"utc":"02:53:00","flight":"DL574"},{"day":1,"utc":"13:12:00","flight":"DL785"},{"day":2,"utc":"13:06:00","flight":"DL017"},{"day":3,"utc":"13:37:00","flight":"DL721"},{"day":3,"utc":"11:06:00","flight":"DL213"},{"day":3,"utc":"19:39:00","flight":"DL051"},{"day":4,"utc":"04:32:00","flight":"DL890"},{"day":4,"utc":"17:21:00","flight":"DL518"},{"day":4,"utc":"15:37:00","flight":"DL897"},{"day":4,"utc":"16:40:00","flight":"DL158"},{"day":4,"utc":"20:53:00","flight":"DL465"},{"day":5,"utc":"08:09:00","flight":"DL554"},{"day":5,"utc":"21:52:00","flight":"DL428"},{"day":6,"utc":"17:39:00","flight":"DL409"}],"distance":665.1167082591938}