{"id":9905,"type":"route","airline":"AF","airlineid":"airline_137","sourceairport":"PVR","destinationairport":"ATL","stops":0,"equipment":"757","schedule":[{"day":0,"utc":"03:53:00","flight":"AF984"},{"day":0,"utc":"04:33:00","flight":"AF116"},{"day":0,"utc":"14:30:00","flight":"AF527"},{"day":1,"utc":"09:51:00","flight":"AF108"},{"day":1,"utc":"21:10:00","flight":"AF286"},{"day":1,"utc":"13:04:00","flight":"AF742"},{"day":2,"utc":"15:19:00","flight":"AF124"},{"day":2,"utc":"21:39:00","flight":"AF012"},{"day":2,"utc":"06:08:00","flight":"AF450"},{"day":3,"utc":"21:16:00","flight":"AF477"},{"day":3,"utc":"02:25:00","flight":"AF116"},{"day":3,"utc":"19:47:00","flight":"AF809"},{"day":4,"utc":"12:40:00","flight":"AF986"},{"day":5,"utc":"14:21:00","flight":"AF429"},{"day":5,"utc":"19:53:00","flight":"AF088"},{"day":5,"utc":"05:54:00","flight":"AF671"},{"day":5,"utc":"08:17:00","flight":"AF342"},{"day":5,"utc":"22:13:00","flight":"AF416"},{"day":6,"utc":"09:17:00","flight":"AF552"},{"day":6,"utc":"08:46:00","flight":"AF892"},{"day":6,"utc":"21:37:00","flight":"AF876"}],"distance":2505.733013943472}