{"id":26839,"type":"route","airline":"FR","airlineid":"airline_4296","sourceairport":"FNI","destinationairport":"LTN","stops":0,"equipment":"738","schedule":[{"day":0,"utc":"21:40:00","flight":"FR251"},{"day":1,"utc":"00:47:00","flight":"FR070"},{"day":1,"utc":"05:49:00","flight":"FR876"},{"day":2,"utc":"06:25:00","flight":"FR476"},{"day":2,"utc":"10:57:00","flight":"FR404"},{"day":2,"utc":"10:37:00","flight":"FR732"},{"day":2,"utc":"11:58:00","flight":"FR524"},{"day":2,"utc":"15:13:00","flight":"FR948"},{"day":3,"utc":"19:17:00","flight":"FR077"},{"day":3,"utc":"01:34:00","flight":"FR994"},{"day":3,"utc":"12:30:00","flight":"FR666"},{"day":3,"utc":"14:52:00","flight":"FR533"},{"day":4,"utc":"02:50:00","flight":"FR477"},{"day":4,"utc":"23:16:00","flight":"FR979"},{"day":4,"utc":"11:45:00","flight":"FR102"},{"day":5,"utc":"20:55:00","flight":"FR504"},{"day":5,"utc":"00:46:00","flight":"FR443"},{"day":5,"utc":"18:16:00","flight":"FR560"},{"day":5,"utc":"07:34:00","flight":"FR880"},{"day":5,"utc":"02:18:00","flight":"FR472"},{"day":6,"utc":"22:06:00","flight":"FR066"},{"day":6,"utc":"07:24:00","flight":"FR180"},{"day":6,"utc":"04:38:00","flight":"FR061"},{"day":6,"utc":"06:08:00","flight":"FR481"}],"distance":970.2014417293924}