{"id":53013,"type":"route","airline":"TO","airlineid":"airline_8745","sourceairport":"ALC","destinationairport":"NCL","stops":0,"equipment":"73H","schedule":[{"day":0,"utc":"08:39:00","flight":"TO391"},{"day":0,"utc":"00:53:00","flight":"TO289"},{"day":0,"utc":"23:11:00","flight":"TO115"},{"day":0,"utc":"09:47:00","flight":"TO738"},{"day":1,"utc":"08:33:00","flight":"TO507"},{"day":1,"utc":"20:20:00","flight":"TO928"},{"day":2,"utc":"05:09:00","flight":"TO151"},{"day":2,"utc":"05:59:00","flight":"TO273"},{"day":2,"utc":"23:11:00","flight":"TO539"},{"day":3,"utc":"03:32:00","flight":"TO736"},{"day":3,"utc":"04:23:00","flight":"TO631"},{"day":3,"utc":"17:30:00","flight":"TO080"},{"day":3,"utc":"04:17:00","flight":"TO182"},{"day":4,"utc":"17:20:00","flight":"TO663"},{"day":4,"utc":"15:14:00","flight":"TO131"},{"day":4,"utc":"20:15:00","flight":"TO036"},{"day":5,"utc":"09:55:00","flight":"TO145"},{"day":5,"utc":"16:16:00","flight":"TO567"},{"day":5,"utc":"17:09:00","flight":"TO468"},{"day":5,"utc":"00:18:00","flight":"TO472"},{"day":5,"utc":"11:13:00","flight":"TO251"},{"day":6,"utc":"22:49:00","flight":"TO666"},{"day":6,"utc":"08:37:00","flight":"TO549"},{"day":6,"utc":"15:27:00","flight":"TO663"},{"day":6,"utc":"18:27:00","flight":"TO568"},{"day":6,"utc":"02:33:00","flight":"TO683"}],"distance":1865.0521078813704}