{"id":24335,"type":"route","airline":"F9","airlineid":"airline_2468","sourceairport":"CLE","destinationairport":"TTN","stops":0,"equipment":"319","schedule":[{"day":0,"utc":"06:22:00","flight":"F9081"},{"day":1,"utc":"14:41:00","flight":"F9566"},{"day":1,"utc":"04:53:00","flight":"F9453"},{"day":1,"utc":"17:14:00","flight":"F9443"},{"day":1,"utc":"17:20:00","flight":"F9842"},{"day":1,"utc":"07:31:00","flight":"F9840"},{"day":2,"utc":"10:04:00","flight":"F9466"},{"day":2,"utc":"04:30:00","flight":"F9256"},{"day":2,"utc":"04:50:00","flight":"F9874"},{"day":3,"utc":"05:46:00","flight":"F9912"},{"day":3,"utc":"04:02:00","flight":"F9618"},{"day":4,"utc":"22:17:00","flight":"F9098"},{"day":4,"utc":"01:20:00","flight":"F9042"},{"day":4,"utc":"21:03:00","flight":"F9592"},{"day":4,"utc":"07:46:00","flight":"F9678"},{"day":4,"utc":"21:30:00","flight":"F9070"},{"day":5,"utc":"20:53:00","flight":"F9041"},{"day":5,"utc":"19:44:00","flight":"F9537"},{"day":5,"utc":"08:29:00","flight":"F9463"},{"day":5,"utc":"12:22:00","flight":"F9780"},{"day":5,"utc":"08:31:00","flight":"F9631"},{"day":6,"utc":"11:53:00","flight":"F9492"},{"day":6,"utc":"10:40:00","flight":"F9783"},{"day":6,"utc":"13:04:00","flight":"F9144"},{"day":6,"utc":"08:40:00","flight":"F9528"},{"day":6,"utc":"09:45:00","flight":"F9729"}],"distance":605.0005886604984}