{"id":30396,"type":"route","airline":"GS","airlineid":"airline_690","sourceairport":"TAO","destinationairport":"FOC","stops":0,"equipment":"E90","schedule":[{"day":0,"utc":"10:49:00","flight":"GS152"},{"day":1,"utc":"03:46:00","flight":"GS104"},{"day":2,"utc":"22:44:00","flight":"GS327"},{"day":3,"utc":"19:48:00","flight":"GS830"},{"day":3,"utc":"16:48:00","flight":"GS434"},{"day":3,"utc":"03:29:00","flight":"GS646"},{"day":4,"utc":"10:05:00","flight":"GS961"},{"day":4,"utc":"17:16:00","flight":"GS185"},{"day":5,"utc":"19:57:00","flight":"GS917"},{"day":6,"utc":"16:48:00","flight":"GS339"},{"day":6,"utc":"02:34:00","flight":"GS611"},{"day":6,"utc":"22:58:00","flight":"GS443"},{"day":6,"utc":"21:30:00","flight":"GS031"},{"day":6,"utc":"18:45:00","flight":"GS417"}],"distance":1150.742187751079}