{"id":14262,"type":"route","airline":"B6","airlineid":"airline_3029","sourceairport":"SJU","destinationairport":"STT","stops":0,"equipment":"E90","schedule":[{"day":0,"utc":"05:47:00","flight":"B6950"},{"day":0,"utc":"18:53:00","flight":"B6934"},{"day":0,"utc":"11:03:00","flight":"B6122"},{"day":1,"utc":"09:28:00","flight":"B6850"},{"day":1,"utc":"14:35:00","flight":"B6366"},{"day":2,"utc":"23:08:00","flight":"B6895"},{"day":2,"utc":"12:13:00","flight":"B6239"},{"day":3,"utc":"02:51:00","flight":"B6537"},{"day":3,"utc":"03:43:00","flight":"B6000"},{"day":3,"utc":"19:37:00","flight":"B6872"},{"day":3,"utc":"06:59:00","flight":"B6665"},{"day":4,"utc":"17:10:00","flight":"B6189"},{"day":4,"utc":"19:28:00","flight":"B6783"},{"day":4,"utc":"13:56:00","flight":"B6006"},{"day":4,"utc":"00:39:00","flight":"B6672"},{"day":5,"utc":"19:29:00","flight":"B6939"},{"day":5,"utc":"12:43:00","flight":"B6032"},{"day":6,"utc":"08:57:00","flight":"B6128"},{"day":6,"utc":"12:51:00","flight":"B6291"}],"distance":109.11381112438106}