{"id":59487,"type":"route","airline":"US","airlineid":"airline_5265","sourceairport":"LAX","destinationairport":"AKL","stops":0,"equipment":"773 772","schedule":[{"day":0,"utc":"06:13:00","flight":"US973"},{"day":0,"utc":"04:08:00","flight":"US631"},{"day":0,"utc":"17:42:00","flight":"US249"},{"day":0,"utc":"09:18:00","flight":"US601"},{"day":0,"utc":"19:15:00","flight":"US922"},{"day":1,"utc":"16:12:00","flight":"US608"},{"day":1,"utc":"16:08:00","flight":"US570"},{"day":1,"utc":"21:16:00","flight":"US076"},{"day":1,"utc":"15:25:00","flight":"US274"},{"day":2,"utc":"21:35:00","flight":"US911"},{"day":3,"utc":"02:07:00","flight":"US710"},{"day":3,"utc":"20:41:00","flight":"US416"},{"day":3,"utc":"13:57:00","flight":"US107"},{"day":4,"utc":"19:17:00","flight":"US491"},{"day":4,"utc":"05:56:00","flight":"US945"},{"day":5,"utc":"03:11:00","flight":"US091"},{"day":5,"utc":"21:29:00","flight":"US186"},{"day":5,"utc":"08:46:00","flight":"US465"},{"day":5,"utc":"21:45:00","flight":"US762"},{"day":6,"utc":"19:11:00","flight":"US448"}],"distance":10486.574107555378}