{"id":4792,"type":"route","airline":"AA","airlineid":"airline_24","sourceairport":"BOS","destinationairport":"CLT","stops":0,"equipment":"319 321 320 E90","schedule":[{"day":0,"utc":"19:35:00","flight":"AA419"},{"day":0,"utc":"23:15:00","flight":"AA323"},{"day":1,"utc":"13:39:00","flight":"AA561"},{"day":1,"utc":"17:05:00","flight":"AA162"},{"day":1,"utc":"18:18:00","flight":"AA234"},{"day":1,"utc":"04:02:00","flight":"AA129"},{"day":2,"utc":"05:27:00","flight":"AA045"},{"day":3,"utc":"10:02:00","flight":"AA631"},{"day":3,"utc":"14:09:00","flight":"AA680"},{"day":3,"utc":"03:56:00","flight":"AA050"},{"day":3,"utc":"08:49:00","flight":"AA586"},{"day":3,"utc":"07:50:00","flight":"AA171"},{"day":4,"utc":"16:24:00","flight":"AA216"},{"day":4,"utc":"13:44:00","flight":"AA003"},{"day":5,"utc":"13:13:00","flight":"AA902"},{"day":6,"utc":"04:49:00","flight":"AA760"},{"day":6,"utc":"20:49:00","flight":"AA881"},{"day":6,"utc":"12:46:00","flight":"AA130"},{"day":6,"utc":"11:05:00","flight":"AA322"},{"day":6,"utc":"14:39:00","flight":"AA991"}]}