{"id":50626,"type":"route","airline":"SS","airlineid":"airline_1908","sourceairport":"ABJ","destinationairport":"ORY","stops":0,"equipment":"333","schedule":[{"day":0,"utc":"17:10:00","flight":"SS771"},{"day":0,"utc":"02:36:00","flight":"SS930"},{"day":0,"utc":"15:33:00","flight":"SS415"},{"day":1,"utc":"18:30:00","flight":"SS754"},{"day":1,"utc":"06:35:00","flight":"SS795"},{"day":1,"utc":"02:58:00","flight":"SS728"},{"day":2,"utc":"17:50:00","flight":"SS280"},{"day":2,"utc":"02:24:00","flight":"SS071"},{"day":2,"utc":"05:54:00","flight":"SS727"},{"day":3,"utc":"14:53:00","flight":"SS878"},{"day":3,"utc":"12:55:00","flight":"SS752"},{"day":4,"utc":"01:41:00","flight":"SS398"},{"day":4,"utc":"00:11:00","flight":"SS907"},{"day":4,"utc":"01:48:00","flight":"SS689"},{"day":4,"utc":"11:23:00","flight":"SS164"},{"day":5,"utc":"06:37:00","flight":"SS924"},{"day":5,"utc":"00:48:00","flight":"SS058"},{"day":5,"utc":"02:23:00","flight":"SS540"},{"day":6,"utc":"10:48:00","flight":"SS347"},{"day":6,"utc":"05:49:00","flight":"SS383"},{"day":6,"utc":"08:40:00","flight":"SS820"},{"day":6,"utc":"23:59:00","flight":"SS722"},{"day":6,"utc":"21:57:00","flight":"SS633"}],"distance":4869.428914132909}