{"id":63532,"type":"route","airline":"WN","airlineid":"airline_4547","sourceairport":"BNA","destinationairport":"DEN","stops":0,"equipment":"73W","schedule":[{"day":0,"utc":"17:59:00","flight":"WN757"},{"day":0,"utc":"21:55:00","flight":"WN941"},{"day":0,"utc":"22:15:00","flight":"WN633"},{"day":0,"utc":"01:34:00","flight":"WN930"},{"day":0,"utc":"15:45:00","flight":"WN763"},{"day":1,"utc":"23:29:00","flight":"WN997"},{"day":1,"utc":"17:03:00","flight":"WN521"},{"day":2,"utc":"20:22:00","flight":"WN943"},{"day":3,"utc":"21:42:00","flight":"WN571"},{"day":3,"utc":"06:47:00","flight":"WN548"},{"day":3,"utc":"06:12:00","flight":"WN958"},{"day":4,"utc":"02:03:00","flight":"WN784"},{"day":4,"utc":"14:58:00","flight":"WN032"},{"day":4,"utc":"09:21:00","flight":"WN551"},{"day":4,"utc":"07:07:00","flight":"WN959"},{"day":4,"utc":"08:17:00","flight":"WN780"},{"day":5,"utc":"03:40:00","flight":"WN952"},{"day":5,"utc":"04:43:00","flight":"WN076"},{"day":5,"utc":"17:29:00","flight":"WN231"},{"day":5,"utc":"10:04:00","flight":"WN972"},{"day":6,"utc":"08:31:00","flight":"WN134"},{"day":6,"utc":"05:10:00","flight":"WN189"},{"day":6,"utc":"00:17:00","flight":"WN978"},{"day":6,"utc":"20:38:00","flight":"WN591"}],"distance":1627.6003012687256}