{"id":11852,"type":"route","airline":"AS","airlineid":"airline_439","sourceairport":"PHL","destinationairport":"SEA","stops":0,"equipment":"73J 73H","schedule":[{"day":0,"utc":"13:19:00","flight":"AS084"},{"day":1,"utc":"06:20:00","flight":"AS442"},{"day":1,"utc":"04:15:00","flight":"AS286"},{"day":1,"utc":"13:36:00","flight":"AS100"},{"day":2,"utc":"09:11:00","flight":"AS110"},{"day":2,"utc":"02:19:00","flight":"AS902"},{"day":2,"utc":"23:12:00","flight":"AS649"},{"day":3,"utc":"12:27:00","flight":"AS443"},{"day":3,"utc":"01:22:00","flight":"AS306"},{"day":3,"utc":"11:03:00","flight":"AS680"},{"day":4,"utc":"12:40:00","flight":"AS997"},{"day":4,"utc":"02:05:00","flight":"AS630"},{"day":4,"utc":"21:52:00","flight":"AS424"},{"day":4,"utc":"11:47:00","flight":"AS539"},{"day":4,"utc":"06:31:00","flight":"AS089"},{"day":5,"utc":"09:25:00","flight":"AS364"},{"day":5,"utc":"16:04:00","flight":"AS201"},{"day":5,"utc":"00:14:00","flight":"AS447"},{"day":5,"utc":"10:38:00","flight":"AS122"},{"day":5,"utc":"05:16:00","flight":"AS542"},{"day":6,"utc":"23:34:00","flight":"AS354"},{"day":6,"utc":"04:04:00","flight":"AS884"},{"day":6,"utc":"08:58:00","flight":"AS352"}],"distance":3817.671375732348}