{"id":56918,"type":"route","airline":"UA","airlineid":"airline_5209","sourceairport":"JHW","destinationairport":"BFD","stops":0,"equipment":"BE1","schedule":[{"day":0,"utc":"15:21:00","flight":"UA454"},{"day":0,"utc":"08:50:00","flight":"UA306"},{"day":1,"utc":"12:46:00","flight":"UA994"},{"day":1,"utc":"15:48:00","flight":"UA572"},{"day":1,"utc":"03:56:00","flight":"UA603"},{"day":2,"utc":"10:44:00","flight":"UA939"},{"day":2,"utc":"02:06:00","flight":"UA932"},{"day":2,"utc":"19:57:00","flight":"UA068"},{"day":2,"utc":"17:40:00","flight":"UA462"},{"day":2,"utc":"13:26:00","flight":"UA280"},{"day":3,"utc":"02:09:00","flight":"UA674"},{"day":3,"utc":"02:12:00","flight":"UA659"},{"day":3,"utc":"00:40:00","flight":"UA389"},{"day":4,"utc":"19:15:00","flight":"UA918"},{"day":4,"utc":"14:00:00","flight":"UA875"},{"day":4,"utc":"10:00:00","flight":"UA013"},{"day":4,"utc":"02:51:00","flight":"UA943"},{"day":4,"utc":"20:49:00","flight":"UA242"},{"day":5,"utc":"14:57:00","flight":"UA963"},{"day":5,"utc":"06:53:00","flight":"UA888"},{"day":5,"utc":"02:07:00","flight":"UA508"},{"day":5,"utc":"14:42:00","flight":"UA477"},{"day":6,"utc":"07:40:00","flight":"UA365"},{"day":6,"utc":"16:49:00","flight":"UA902"},{"day":6,"utc":"13:15:00","flight":"UA489"}],"distance":64.2334604595849}