{"id":16432,"type":"route","airline":"CA","airlineid":"airline_751","sourceairport":"IAH","destinationairport":"PEK","stops":0,"equipment":"773","schedule":[{"day":0,"utc":"05:42:00","flight":"CA509"},{"day":0,"utc":"07:38:00","flight":"CA199"},{"day":1,"utc":"18:41:00","flight":"CA222"},{"day":1,"utc":"05:38:00","flight":"CA151"},{"day":1,"utc":"17:02:00","flight":"CA775"},{"day":1,"utc":"06:14:00","flight":"CA313"},{"day":2,"utc":"22:27:00","flight":"CA941"},{"day":2,"utc":"11:40:00","flight":"CA491"},{"day":2,"utc":"18:34:00","flight":"CA291"},{"day":3,"utc":"19:03:00","flight":"CA293"},{"day":3,"utc":"17:15:00","flight":"CA754"},{"day":3,"utc":"15:16:00","flight":"CA074"},{"day":4,"utc":"18:04:00","flight":"CA764"},{"day":4,"utc":"19:08:00","flight":"CA103"},{"day":5,"utc":"13:49:00","flight":"CA987"},{"day":5,"utc":"14:03:00","flight":"CA071"},{"day":6,"utc":"03:23:00","flight":"CA569"},{"day":6,"utc":"03:24:00","flight":"CA678"},{"day":6,"utc":"07:32:00","flight":"CA125"},{"day":6,"utc":"03:42:00","flight":"CA710"}]}