{"id":64638,"type":"route","airline":"WS","airlineid":"airline_5416","sourceairport":"ORD","destinationairport":"YYC","stops":0,"equipment":"73W","schedule":[{"day":0,"utc":"16:50:00","flight":"WS867"},{"day":0,"utc":"01:08:00","flight":"WS651"},{"day":0,"utc":"21:47:00","flight":"WS920"},{"day":0,"utc":"06:07:00","flight":"WS620"},{"day":0,"utc":"07:27:00","flight":"WS536"},{"day":1,"utc":"14:02:00","flight":"WS935"},{"day":1,"utc":"15:20:00","flight":"WS937"},{"day":1,"utc":"11:47:00","flight":"WS053"},{"day":2,"utc":"15:14:00","flight":"WS522"},{"day":3,"utc":"19:19:00","flight":"WS114"},{"day":3,"utc":"10:59:00","flight":"WS754"},{"day":3,"utc":"15:53:00","flight":"WS699"},{"day":3,"utc":"01:45:00","flight":"WS596"},{"day":4,"utc":"20:27:00","flight":"WS648"},{"day":4,"utc":"10:42:00","flight":"WS737"},{"day":4,"utc":"13:07:00","flight":"WS426"},{"day":4,"utc":"21:59:00","flight":"WS722"},{"day":5,"utc":"04:13:00","flight":"WS442"},{"day":6,"utc":"03:56:00","flight":"WS066"}],"distance":2224.2830153767445}