{"id":60178,"type":"route","airline":"US","airlineid":"airline_5265","sourceairport":"PHX","destinationairport":"MZT","stops":0,"equipment":"320 319","schedule":[{"day":0,"utc":"11:50:00","flight":"US597"},{"day":0,"utc":"17:16:00","flight":"US287"},{"day":1,"utc":"08:28:00","flight":"US061"},{"day":1,"utc":"00:08:00","flight":"US746"},{"day":1,"utc":"19:17:00","flight":"US091"},{"day":1,"utc":"20:53:00","flight":"US320"},{"day":2,"utc":"09:36:00","flight":"US995"},{"day":2,"utc":"20:31:00","flight":"US911"},{"day":2,"utc":"10:25:00","flight":"US295"},{"day":2,"utc":"17:03:00","flight":"US612"},{"day":2,"utc":"16:11:00","flight":"US277"},{"day":3,"utc":"04:31:00","flight":"US637"},{"day":3,"utc":"00:40:00","flight":"US533"},{"day":3,"utc":"02:10:00","flight":"US901"},{"day":3,"utc":"07:34:00","flight":"US219"},{"day":3,"utc":"17:19:00","flight":"US576"},{"day":4,"utc":"02:27:00","flight":"US231"},{"day":4,"utc":"16:58:00","flight":"US517"},{"day":4,"utc":"11:29:00","flight":"US599"},{"day":4,"utc":"10:33:00","flight":"US347"},{"day":4,"utc":"22:29:00","flight":"US195"},{"day":5,"utc":"13:23:00","flight":"US592"},{"day":6,"utc":"20:05:00","flight":"US413"},{"day":6,"utc":"22:06:00","flight":"US933"},{"day":6,"utc":"06:42:00","flight":"US795"},{"day":6,"utc":"04:36:00","flight":"US197"}],"distance":1272.645885483535}