{"id":4725,"type":"route","airline":"AA","airlineid":"airline_24","sourceairport":"AUS","destinationairport":"PHL","stops":0,"equipment":"319 E90","schedule":[{"day":0,"utc":"11:09:00","flight":"AA903"},{"day":0,"utc":"13:20:00","flight":"AA106"},{"day":0,"utc":"16:02:00","flight":"AA745"},{"day":0,"utc":"07:19:00","flight":"AA822"},{"day":0,"utc":"22:26:00","flight":"AA799"},{"day":1,"utc":"21:10:00","flight":"AA487"},{"day":1,"utc":"17:42:00","flight":"AA083"},{"day":1,"utc":"02:42:00","flight":"AA858"},{"day":2,"utc":"08:01:00","flight":"AA523"},{"day":2,"utc":"01:58:00","flight":"AA129"},{"day":3,"utc":"18:11:00","flight":"AA280"},{"day":3,"utc":"13:11:00","flight":"AA739"},{"day":3,"utc":"02:30:00","flight":"AA795"},{"day":3,"utc":"08:36:00","flight":"AA746"},{"day":3,"utc":"15:42:00","flight":"AA172"},{"day":4,"utc":"08:20:00","flight":"AA521"},{"day":4,"utc":"18:32:00","flight":"AA550"},{"day":4,"utc":"13:05:00","flight":"AA771"},{"day":5,"utc":"08:38:00","flight":"AA689"},{"day":5,"utc":"08:23:00","flight":"AA032"},{"day":5,"utc":"02:31:00","flight":"AA028"},{"day":5,"utc":"02:34:00","flight":"AA062"},{"day":5,"utc":"08:57:00","flight":"AA295"},{"day":6,"utc":"00:52:00","flight":"AA513"},{"day":6,"utc":"12:47:00","flight":"AA767"},{"day":6,"utc":"01:42:00","flight":"AA237"},{"day":6,"utc":"09:55:00","flight":"AA657"}],"distance":2299.0933115787925}