{"id":53132,"type":"route","airline":"TO","airlineid":"airline_8745","sourceairport":"FUE","destinationairport":"EMA","stops":0,"equipment":"73H","schedule":[{"day":0,"utc":"23:06:00","flight":"TO462"},{"day":0,"utc":"21:25:00","flight":"TO762"},{"day":1,"utc":"11:56:00","flight":"TO854"},{"day":2,"utc":"14:25:00","flight":"TO322"},{"day":2,"utc":"03:10:00","flight":"TO912"},{"day":2,"utc":"04:36:00","flight":"TO890"},{"day":2,"utc":"18:14:00","flight":"TO394"},{"day":2,"utc":"21:11:00","flight":"TO918"},{"day":3,"utc":"01:45:00","flight":"TO033"},{"day":3,"utc":"06:04:00","flight":"TO706"},{"day":4,"utc":"09:24:00","flight":"TO266"},{"day":4,"utc":"11:01:00","flight":"TO761"},{"day":4,"utc":"13:05:00","flight":"TO157"},{"day":5,"utc":"09:40:00","flight":"TO850"},{"day":5,"utc":"15:23:00","flight":"TO817"},{"day":5,"utc":"09:57:00","flight":"TO398"},{"day":6,"utc":"20:47:00","flight":"TO046"},{"day":6,"utc":"18:43:00","flight":"TO457"},{"day":6,"utc":"05:15:00","flight":"TO545"},{"day":6,"utc":"12:56:00","flight":"TO353"},{"day":6,"utc":"08:21:00","flight":"TO837"}]}