{"id":54709,"type":"route","airline":"U2","airlineid":"airline_2297","sourceairport":"EDI","destinationairport":"BFS","stops":0,"equipment":"319 320","schedule":[{"day":0,"utc":"10:34:00","flight":"U2467"},{"day":0,"utc":"02:35:00","flight":"U2422"},{"day":0,"utc":"15:31:00","flight":"U2021"},{"day":1,"utc":"06:58:00","flight":"U2902"},{"day":1,"utc":"13:38:00","flight":"U2614"},{"day":1,"utc":"14:18:00","flight":"U2700"},{"day":1,"utc":"04:49:00","flight":"U2062"},{"day":1,"utc":"11:55:00","flight":"U2121"},{"day":2,"utc":"03:38:00","flight":"U2458"},{"day":2,"utc":"07:16:00","flight":"U2423"},{"day":3,"utc":"05:44:00","flight":"U2587"},{"day":3,"utc":"11:27:00","flight":"U2019"},{"day":3,"utc":"20:29:00","flight":"U2085"},{"day":3,"utc":"00:18:00","flight":"U2663"},{"day":4,"utc":"16:52:00","flight":"U2041"},{"day":4,"utc":"13:09:00","flight":"U2547"},{"day":4,"utc":"00:36:00","flight":"U2747"},{"day":4,"utc":"10:46:00","flight":"U2770"},{"day":5,"utc":"15:51:00","flight":"U2380"},{"day":6,"utc":"21:23:00","flight":"U2650"}],"distance":230.28152865172396}