{"id":9343,"type":"route","airline":"AF","airlineid":"airline_137","sourceairport":"CDG","destinationairport":"LBV","stops":0,"equipment":"772 77W","schedule":[{"day":0,"utc":"20:06:00","flight":"AF283"},{"day":0,"utc":"04:54:00","flight":"AF278"},{"day":1,"utc":"18:42:00","flight":"AF986"},{"day":1,"utc":"06:51:00","flight":"AF532"},{"day":1,"utc":"00:33:00","flight":"AF826"},{"day":2,"utc":"06:13:00","flight":"AF203"},{"day":3,"utc":"03:31:00","flight":"AF907"},{"day":3,"utc":"04:08:00","flight":"AF869"},{"day":3,"utc":"19:42:00","flight":"AF176"},{"day":3,"utc":"05:21:00","flight":"AF081"},{"day":4,"utc":"07:58:00","flight":"AF351"},{"day":4,"utc":"15:06:00","flight":"AF390"},{"day":4,"utc":"06:25:00","flight":"AF188"},{"day":5,"utc":"00:02:00","flight":"AF378"},{"day":5,"utc":"21:59:00","flight":"AF478"},{"day":5,"utc":"04:01:00","flight":"AF058"},{"day":6,"utc":"20:25:00","flight":"AF463"}]}