{"id":30306,"type":"route","airline":"GS","airlineid":"airline_690","sourceairport":"KOW","destinationairport":"KHN","stops":0,"equipment":"ERJ","schedule":[{"day":0,"utc":"01:16:00","flight":"GS141"},{"day":1,"utc":"05:54:00","flight":"GS726"},{"day":1,"utc":"22:01:00","flight":"GS702"},{"day":1,"utc":"03:39:00","flight":"GS180"},{"day":1,"utc":"08:29:00","flight":"GS091"},{"day":1,"utc":"22:54:00","flight":"GS698"},{"day":2,"utc":"16:33:00","flight":"GS420"},{"day":2,"utc":"06:53:00","flight":"GS988"},{"day":3,"utc":"17:55:00","flight":"GS315"},{"day":4,"utc":"16:33:00","flight":"GS275"},{"day":4,"utc":"15:34:00","flight":"GS593"},{"day":4,"utc":"16:26:00","flight":"GS396"},{"day":4,"utc":"16:13:00","flight":"GS138"},{"day":4,"utc":"02:20:00","flight":"GS627"},{"day":5,"utc":"13:00:00","flight":"GS398"},{"day":5,"utc":"15:28:00","flight":"GS405"},{"day":5,"utc":"03:07:00","flight":"GS221"},{"day":6,"utc":"11:12:00","flight":"GS055"},{"day":6,"utc":"04:29:00","flight":"GS118"},{"day":6,"utc":"03:39:00","flight":"GS084"}]}