{"id":64166,"type":"route","airline":"WN","airlineid":"airline_4547","sourceairport":"MKE","destinationairport":"STL","stops":0,"equipment":"73W 73C","schedule":[{"day":0,"utc":"12:32:00","flight":"WN230"},{"day":0,"utc":"19:10:00","flight":"WN679"},{"day":1,"utc":"01:20:00","flight":"WN225"},{"day":1,"utc":"14:26:00","flight":"WN086"},{"day":2,"utc":"15:27:00","flight":"WN347"},{"day":2,"utc":"22:29:00","flight":"WN185"},{"day":3,"utc":"15:58:00","flight":"WN354"},{"day":3,"utc":"16:02:00","flight":"WN959"},{"day":3,"utc":"00:24:00","flight":"WN481"},{"day":3,"utc":"04:32:00","flight":"WN878"},{"day":4,"utc":"15:55:00","flight":"WN012"},{"day":4,"utc":"18:26:00","flight":"WN894"},{"day":5,"utc":"15:26:00","flight":"WN759"},{"day":5,"utc":"15:26:00","flight":"WN045"},{"day":5,"utc":"06:03:00","flight":"WN494"},{"day":6,"utc":"22:40:00","flight":"WN686"},{"day":6,"utc":"10:34:00","flight":"WN750"},{"day":6,"utc":"00:17:00","flight":"WN813"},{"day":6,"utc":"22:20:00","flight":"WN172"},{"day":6,"utc":"10:19:00","flight":"WN685"}],"distance":511.04998713271414}