{"id":39849,"type":"route","airline":"LY","airlineid":"airline_2150","sourceairport":"LHR","destinationairport":"TLV","stops":0,"equipment":"772 763","schedule":[{"day":0,"utc":"06:11:00","flight":"LY812"},{"day":1,"utc":"09:00:00","flight":"LY514"},{"day":1,"utc":"10:52:00","flight":"LY877"},{"day":2,"utc":"11:28:00","flight":"LY794"},{"day":3,"utc":"06:29:00","flight":"LY465"},{"day":4,"utc":"21:09:00","flight":"LY205"},{"day":5,"utc":"23:06:00","flight":"LY825"},{"day":6,"utc":"10:22:00","flight":"LY666"},{"day":6,"utc":"23:07:00","flight":"LY742"}]}