{"id":55697,"type":"route","airline":"U6","airlineid":"airline_5234","sourceairport":"SVX","destinationairport":"CDG","stops":0,"equipment":"320","schedule":[{"day":0,"utc":"15:47:00","flight":"U6244"},{"day":1,"utc":"17:00:00","flight":"U6535"},{"day":2,"utc":"21:46:00","flight":"U6346"},{"day":2,"utc":"15:28:00","flight":"U6222"},{"day":2,"utc":"08:59:00","flight":"U6046"},{"day":2,"utc":"03:46:00","flight":"U6315"},{"day":2,"utc":"13:47:00","flight":"U6565"},{"day":3,"utc":"22:45:00","flight":"U6936"},{"day":4,"utc":"17:46:00","flight":"U6637"},{"day":4,"utc":"09:02:00","flight":"U6474"},{"day":5,"utc":"01:38:00","flight":"U6941"},{"day":6,"utc":"17:56:00","flight":"U6755"},{"day":6,"utc":"19:18:00","flight":"U6027"},{"day":6,"utc":"20:52:00","flight":"U6720"}],"distance":3877.0124043358924}