{"id":5621,"type":"route","airline":"AA","airlineid":"airline_24","sourceairport":"JFK","destinationairport":"LAS","stops":0,"equipment":"738","schedule":[{"day":0,"utc":"15:13:00","flight":"AA125"},{"day":0,"utc":"06:36:00","flight":"AA605"},{"day":0,"utc":"10:21:00","flight":"AA350"},{"day":0,"utc":"14:12:00","flight":"AA119"},{"day":1,"utc":"11:21:00","flight":"AA773"},{"day":1,"utc":"03:54:00","flight":"AA255"},{"day":1,"utc":"17:11:00","flight":"AA257"},{"day":1,"utc":"09:27:00","flight":"AA757"},{"day":1,"utc":"16:00:00","flight":"AA210"},{"day":2,"utc":"03:16:00","flight":"AA107"},{"day":2,"utc":"06:35:00","flight":"AA549"},{"day":2,"utc":"19:03:00","flight":"AA413"},{"day":2,"utc":"21:22:00","flight":"AA824"},{"day":3,"utc":"21:29:00","flight":"AA373"},{"day":3,"utc":"04:40:00","flight":"AA595"},{"day":3,"utc":"16:59:00","flight":"AA272"},{"day":3,"utc":"18:55:00","flight":"AA732"},{"day":3,"utc":"16:21:00","flight":"AA682"},{"day":4,"utc":"17:17:00","flight":"AA769"},{"day":5,"utc":"07:01:00","flight":"AA055"},{"day":5,"utc":"18:45:00","flight":"AA702"},{"day":5,"utc":"22:10:00","flight":"AA142"},{"day":5,"utc":"17:26:00","flight":"AA065"},{"day":5,"utc":"07:26:00","flight":"AA623"},{"day":6,"utc":"12:27:00","flight":"AA035"}],"distance":3609.3037174564793}