{"id":60097,"type":"route","airline":"US","airlineid":"airline_5265","sourceairport":"PHL","destinationairport":"PHF","stops":0,"equipment":"DH8","schedule":[{"day":0,"utc":"03:43:00","flight":"US279"},{"day":0,"utc":"03:20:00","flight":"US480"},{"day":0,"utc":"19:38:00","flight":"US069"},{"day":1,"utc":"01:00:00","flight":"US118"},{"day":1,"utc":"06:52:00","flight":"US924"},{"day":1,"utc":"03:55:00","flight":"US850"},{"day":2,"utc":"23:12:00","flight":"US572"},{"day":2,"utc":"03:22:00","flight":"US261"},{"day":3,"utc":"06:32:00","flight":"US316"},{"day":3,"utc":"10:48:00","flight":"US456"},{"day":3,"utc":"03:30:00","flight":"US895"},{"day":3,"utc":"00:51:00","flight":"US576"},{"day":3,"utc":"04:20:00","flight":"US943"},{"day":4,"utc":"05:14:00","flight":"US110"},{"day":4,"utc":"10:26:00","flight":"US270"},{"day":4,"utc":"14:22:00","flight":"US141"},{"day":5,"utc":"03:42:00","flight":"US579"},{"day":5,"utc":"07:48:00","flight":"US650"},{"day":5,"utc":"02:30:00","flight":"US821"},{"day":5,"utc":"02:22:00","flight":"US255"},{"day":6,"utc":"08:44:00","flight":"US973"},{"day":6,"utc":"14:58:00","flight":"US787"},{"day":6,"utc":"17:34:00","flight":"US891"},{"day":6,"utc":"12:41:00","flight":"US812"},{"day":6,"utc":"06:27:00","flight":"US068"}],"distance":323.5582376338008}