{"id":30445,"type":"route","airline":"GS","airlineid":"airline_690","sourceairport":"URC","destinationairport":"HMI","stops":0,"equipment":"E90","schedule":[{"day":0,"utc":"12:08:00","flight":"GS541"},{"day":1,"utc":"12:09:00","flight":"GS281"},{"day":2,"utc":"06:01:00","flight":"GS953"},{"day":2,"utc":"05:36:00","flight":"GS637"},{"day":2,"utc":"01:18:00","flight":"GS510"},{"day":2,"utc":"20:39:00","flight":"GS638"},{"day":2,"utc":"22:51:00","flight":"GS907"},{"day":3,"utc":"02:40:00","flight":"GS447"},{"day":3,"utc":"14:50:00","flight":"GS036"},{"day":3,"utc":"21:40:00","flight":"GS410"},{"day":3,"utc":"04:27:00","flight":"GS970"},{"day":3,"utc":"12:56:00","flight":"GS045"},{"day":4,"utc":"09:15:00","flight":"GS396"},{"day":4,"utc":"07:17:00","flight":"GS580"},{"day":4,"utc":"08:28:00","flight":"GS340"},{"day":4,"utc":"23:43:00","flight":"GS664"},{"day":5,"utc":"03:35:00","flight":"GS250"},{"day":5,"utc":"19:58:00","flight":"GS550"},{"day":5,"utc":"18:43:00","flight":"GS341"},{"day":5,"utc":"01:54:00","flight":"GS614"},{"day":6,"utc":"20:29:00","flight":"GS429"}]}