{"id":59997,"type":"route","airline":"US","airlineid":"airline_5265","sourceairport":"PBC","destinationairport":"DFW","stops":0,"equipment":"ERD","schedule":[{"day":0,"utc":"19:48:00","flight":"US261"},{"day":0,"utc":"03:10:00","flight":"US026"},{"day":0,"utc":"03:36:00","flight":"US533"},{"day":0,"utc":"20:32:00","flight":"US829"},{"day":1,"utc":"22:39:00","flight":"US918"},{"day":1,"utc":"17:30:00","flight":"US827"},{"day":1,"utc":"17:38:00","flight":"US863"},{"day":1,"utc":"04:40:00","flight":"US013"},{"day":2,"utc":"21:09:00","flight":"US693"},{"day":2,"utc":"00:20:00","flight":"US756"},{"day":2,"utc":"21:30:00","flight":"US615"},{"day":2,"utc":"12:11:00","flight":"US506"},{"day":2,"utc":"08:42:00","flight":"US169"},{"day":3,"utc":"16:14:00","flight":"US933"},{"day":3,"utc":"13:01:00","flight":"US701"},{"day":3,"utc":"04:49:00","flight":"US358"},{"day":4,"utc":"19:49:00","flight":"US431"},{"day":4,"utc":"17:47:00","flight":"US541"},{"day":4,"utc":"01:51:00","flight":"US760"},{"day":4,"utc":"01:25:00","flight":"US928"},{"day":4,"utc":"22:09:00","flight":"US417"},{"day":5,"utc":"05:14:00","flight":"US226"},{"day":5,"utc":"02:00:00","flight":"US291"},{"day":6,"utc":"19:51:00","flight":"US322"},{"day":6,"utc":"15:02:00","flight":"US201"},{"day":6,"utc":"13:36:00","flight":"US742"},{"day":6,"utc":"14:28:00","flight":"US435"}],"distance":1533.4232623443809}