{"id":63988,"type":"route","airline":"WN","airlineid":"airline_4547","sourceairport":"LAX","destinationairport":"SLC","stops":0,"equipment":"73C 73H 73W 733","schedule":[{"day":0,"utc":"23:33:00","flight":"WN277"},{"day":0,"utc":"08:03:00","flight":"WN628"},{"day":0,"utc":"03:54:00","flight":"WN480"},{"day":0,"utc":"13:36:00","flight":"WN510"},{"day":1,"utc":"02:35:00","flight":"WN628"},{"day":1,"utc":"01:30:00","flight":"WN847"},{"day":2,"utc":"05:19:00","flight":"WN383"},{"day":2,"utc":"04:11:00","flight":"WN777"},{"day":2,"utc":"05:41:00","flight":"WN476"},{"day":3,"utc":"09:57:00","flight":"WN880"},{"day":3,"utc":"22:35:00","flight":"WN584"},{"day":3,"utc":"03:55:00","flight":"WN317"},{"day":3,"utc":"19:05:00","flight":"WN896"},{"day":4,"utc":"14:36:00","flight":"WN188"},{"day":5,"utc":"04:12:00","flight":"WN500"},{"day":6,"utc":"13:06:00","flight":"WN355"},{"day":6,"utc":"00:14:00","flight":"WN832"},{"day":6,"utc":"22:04:00","flight":"WN443"}],"distance":949.3282218155823}