{"id":21827,"type":"route","airline":"DL","airlineid":"airline_2009","sourceairport":"SLC","destinationairport":"MCI","stops":0,"equipment":"319","schedule":[{"day":0,"utc":"04:47:00","flight":"DL583"},{"day":0,"utc":"08:03:00","flight":"DL537"},{"day":1,"utc":"13:03:00","flight":"DL984"},{"day":1,"utc":"15:16:00","flight":"DL633"},{"day":1,"utc":"22:40:00","flight":"DL138"},{"day":1,"utc":"21:40:00","flight":"DL527"},{"day":2,"utc":"08:53:00","flight":"DL721"},{"day":2,"utc":"11:08:00","flight":"DL993"},{"day":2,"utc":"09:31:00","flight":"DL074"},{"day":3,"utc":"12:49:00","flight":"DL076"},{"day":3,"utc":"11:51:00","flight":"DL338"},{"day":3,"utc":"14:02:00","flight":"DL519"},{"day":3,"utc":"14:54:00","flight":"DL016"},{"day":3,"utc":"15:04:00","flight":"DL072"},{"day":4,"utc":"15:58:00","flight":"DL666"},{"day":4,"utc":"17:55:00","flight":"DL408"},{"day":4,"utc":"15:39:00","flight":"DL750"},{"day":4,"utc":"02:21:00","flight":"DL510"},{"day":5,"utc":"18:24:00","flight":"DL348"},{"day":5,"utc":"13:01:00","flight":"DL653"},{"day":6,"utc":"01:15:00","flight":"DL750"},{"day":6,"utc":"18:33:00","flight":"DL387"}],"distance":1476.5072479895357}