{"name":"(512) Bruin","abv":7.6,"ibu":0.0,"srm":0.0,"upc":0,"type":"beer","brewery_id":"512_brewing_company","updated":"2010-07-22 20:00:20","description":"At once cuddly and ferocious, (512) BRUIN combines a smooth, rich maltiness and mahogany color with a solid hop backbone and stealthy 7.6% alcohol. Made with Organic 2 Row and Munich malts, plus Chocolate and Crystal malts, domestic hops, and a touch of molasses, this brew has notes of raisins, dark sugars, and cocoa, and pairs perfectly with food and the crisp fall air.","style":"American-Style Brown Ale","category":"North American Ale"}