{"name":"(512) IPA","abv":7.0,"ibu":0.0,"srm":0.0,"upc":0,"type":"beer","brewery_id":"512_brewing_company","updated":"2010-07-22 20:00:20","description":"(512) India Pale Ale is a big, aggressively dry-hopped American IPA with smooth bitterness (~65 IBU) balanced by medium maltiness. Organic 2-row malted barley, loads of hops, and great Austin water create an ale with apricot and vanilla aromatics that lure you in for more.","style":"American-Style India Pale Ale","category":"North American Ale"}