{"name":"Bock Beer","abv":5.9,"ibu":0.0,"srm":0.0,"upc":0,"type":"beer","brewery_id":"aass_brewery","updated":"2010-07-22 20:00:20","description":"The Aass Bock is a dark \"lager\" also produced in accordance with the \"Purity law\". \r\n\r\nThe malted barely is produced in the Scandinavian countries. It is a combination of bayer-, color- and caramel malt. \r\n\r\nWe use the very best of hops from the Hallertau area in Germany, and the water is pure Norwegian mountain water. \r\n\r\nThe Aass Bock is largered at cool temperatures, and it is allowed to mature for as long as 6 months before bottling. \r\n\r\nThe beer is sold in a caracteristic nice-looking green bottle containing 11.2 fl. oz or 330 ml.","style":"Traditional German-Style Bock","category":"German Lager"}