{"name":"Brune (Brown)","abv":6.8,"ibu":0.0,"srm":0.0,"upc":0,"type":"beer","brewery_id":"abbaye_de_leffe","updated":"2010-07-22 20:00:20","description":"Dark brown with a nice tan head.\r\nSweet and aromatic.\r\nSmooth and best served cold from a goblet or chalice.\r\n\r\nI have had this on tab, in a 12oz bottle and 1 liter bottle.  It is very common on to be on tap in Belgium and Paris as well as in a bottle in the UK.\r\n\r\nI have not seen it in the US nor can I find a distributor that could get it."}