{"name":"Rochefort 10","abv":11.3,"ibu":0.0,"srm":0.0,"upc":0,"type":"beer","brewery_id":"abbaye_notre_dame_du_st_remy","updated":"2010-07-22 20:00:20","description":"Reddish-brown colour, with a very compact head and an aroma of figs, feels like honey in the mouth. The alcohol profile is a major component in the flavour of this rich ale. It is very similar to 6 and 8, but has much more of everything. Some may find the high alcohol content to be disagreeable.","style":"Belgian-Style Quadrupel","category":"Belgian and French Ale"}