{"name":"Alaskan Stout","abv":5.7,"ibu":0.0,"srm":0.0,"upc":0,"type":"beer","brewery_id":"alaskan_brewing","updated":"2010-07-22 20:00:20","description":"Oatmeal Stout. The origins of Oatmeal Stout go back hundreds of years when oats were added to Stouts to promote a healthier image than other beers available during that time period.\r\n\r\nThe unique blend of the oats and malts in Alaskan Stout produce a balanced, smooth beer with hints of coffee and caramel.\r\n\r\nAlaskan Stout is made from glacier-fed water and a generous belnd of European and Pacific Northwest hop varieties and premium two-row and specialty malts. Our water originates in the 1,500 square-mile Juneau Ice Field and the from the more than 90 inches of rainfall Juneau receives each year.","style":"Oatmeal Stout","category":"British Ale"}