{"name":"Alaskan White Ale","abv":5.3,"ibu":0.0,"srm":0.0,"upc":0,"type":"beer","brewery_id":"alaskan_brewing","updated":"2010-07-22 20:00:20","description":"Alaskan White Ale has a soft, slightly sweet base with the unique spice aroma of coriander and crisp, citrus finish of orange peel. A light and effervescent body combined with the smooth palate creates a complex and delicate beer that is deliciously refreshing in any season.","style":"Belgian-Style White","category":"Belgian and French Ale"}