{"name":"Speedway Stout","abv":12.0,"ibu":0.0,"srm":0.0,"upc":0,"type":"beer","brewery_id":"alesmith_brewing","updated":"2010-07-22 20:00:20","description":"A HUGE Imperial Stout that weighs in at an impressive 12% ABV! As if that's not enough, we added pounds of coffee for a little extra kick. Our special-edition Brewer's Reserve Speedway Stout, which is aged in Bourbon barrels, has been rated the #1 BEST BEER IN THE WORLD at ratebeer.com. It was also featured on CNBC's \"Squawk Box\" in a segment on the best dark beers in America.","style":"American-Style Imperial Stout","category":"North American Ale"}