{"name":"Anheuser-Busch","city":"Saint Louis","state":"Missouri","code":"63118","country":"United States","phone":"1-800-342-5283","website":"http://www.anheuser-busch.com/","type":"brewery","updated":"2010-07-22 20:00:20","description":"Anheuser-Busch operates 12 breweries in the United States, 14 in China and one in the United Kingdom. Anheuser-Busch's operations and resources are focused on adding to life's enjoyment not only through the responsible consumption of beer by adults, but through theme park entertainment and packaging.  In the United States, the company holds a 48.5 percent share of U.S. beer sales. Worldwide, Anheuser-Busch's beer sales volume was 128.4 million barrels in 2007.  The St. Louis-based company's subsidiaries include one of the largest U.S. manufacturers of aluminum beverage containers and one of the world's largest recyclers of aluminum beverage cans. Anheuser-Busch also has interests in malt production, rice milling, real estate development, turf farming, metalized and paper label printing, bottle production and transportation services.","address":["One Busch Place"],"geo":{"accuracy":"RANGE_INTERPOLATED","lat":38.5983,"lon":-90.209}}