{"name":"Kipona Fest","abv":5.2,"ibu":0.0,"srm":0.0,"upc":0,"type":"beer","brewery_id":"appalachian_brewing_company","updated":"2010-07-22 20:00:20","description":"This Oktoberfest style Marzen is a favorite at the famous Bavarian fall beer festivals. The distinct toasted malt flavor of this amber lager finishes quite crisp due to the extensive lagering of this beer. One sip and you’ll swear you’re in Munich.\r\n\r\n\"Kipona\" is the Indian word for \"sparkling water\". Each year, over Labor Day weekend, Harrisburg celebrates Kipona with a carnival and festival along the Susquehanna River and on City Island.","style":"German-Style Oktoberfest","category":"German Lager"}