{"name":"Jolly Scot Scottish Ale","abv":5.2,"ibu":0.0,"srm":0.0,"upc":0,"type":"beer","brewery_id":"appalachian_brewing_company","updated":"2010-07-22 20:00:20","description":"This flavorful sweet ale has a smooth malt finish balanced against a light hop flavor. This beer is very quaffable and has become a brewpub favorite throughout the United States. \r\n\"Jolly Scot\" was a famed local beer produced by R.H. Graupners Brewery that was located at 10th and Market – one block from our brewery.","style":"Scotch Ale","category":"British Ale"}