{"name":"Coconut Porter","abv":0.0,"ibu":0.0,"srm":0.0,"upc":0,"type":"beer","brewery_id":"appalachian_brewing_company","updated":"2010-07-22 20:00:20","description":"Based on the winning Homebrew Contest entry by John Slotterback and Fred Rogers, this dark, roasty porter is infused with fresh coconut which produces a sweet finish.  The coconut balances the chocolaty notes, producing a taste not unlike German chocolate cake in a glass! This will be brewed in Camp Hill and distributed in limited quantity to Harrisburg and Gettysburg.","style":"Porter","category":"Irish Ale"}