{"name":"Hinterland Hefe Weizen","abv":5.3,"ibu":0.0,"srm":0.0,"upc":0,"type":"beer","brewery_id":"appalachian_brewing_company","updated":"2010-07-22 20:00:20","description":"A special German wheat ale yeast produces clove and banana flavors during fermentation leaving this unfiltered beer with an incredibly spicy and fruity complexity!\r\n\r\nOur Brewmaster has acquired many medals at the Great American Beer Festival for this beer style. A difficult, four-step infusion mash schedule produces the complexity of this traditional beer style.","style":"South German-Style Hefeweizen","category":"German Ale"}