{"name":"Volks Weizenbock","abv":7.2,"ibu":0.0,"srm":0.0,"upc":0,"type":"beer","brewery_id":"appalachian_brewing_company","updated":"2010-07-22 20:00:20","description":"Volks Weizenbock combines the strong malty component of a bock bier with the tangy, spiciness of the Hefe Weizen.  This beer is brewed 1 1/2 times stronger than our Hefe Weizen and is aged commensurately longer for extra smoothness!  \r\nVolks Weizenbock is \"The Peoples Beer\"!","style":"South German-Style Weizenbock","category":"German Ale"}