{"name":"Mountain Lager","abv":4.5,"ibu":0.0,"srm":0.0,"upc":0,"type":"beer","brewery_id":"appalachian_brewing_company","updated":"2010-07-22 20:00:20","description":"The Dortmunder-Export style of beer was developed in Westfalen, Germany, and is a classic light lager with great character. This style boasts a light golden blonde color and exhibits a moderate hop palate. The finish of our Mountain Lager is rich yet mellow.\r\nOur brewers have developed this beer as a tribute to the Appalachian Mountains where we live and play.","style":"American-Style Lager","category":"North American Lager"}