{"name":"Hog Heaven Barleywine","abv":9.2,"ibu":0.0,"srm":0.0,"upc":0,"type":"beer","brewery_id":"avery_brewing_company","updated":"2010-07-22 20:00:20","description":"This dangerously drinkable garnet beauty is a hop lover's delight.  The intense dry-hop nose and the alcohol content are perfectly balanced for a caramel candy-like malt finish.  This is a serious beer for serious beer afficianados and it only gets better with age.  Cellerable for 3 years.","style":"American-Style Barley Wine Ale","category":"North American Ale"}