{"name":"Cumberland Pale Ale","abv":4.6,"ibu":0.0,"srm":0.0,"upc":0,"type":"beer","brewery_id":"barrel_house_brewing_co","updated":"2010-07-22 20:00:20","description":"Early Cincinnati brewers shipping their beers into Tennessee would generously hop their beer to prevent spoilage during the long arduous trip over the Cumberland Trail. This classic interpretation of the American Pale Ale features a solid foundation of pale malt loaded with fresh Cascade hops. Here’s to getting where you’re going!","style":"American-Style Pale Ale","category":"North American Ale"}