{"name":"RedLegg Ale","abv":4.9,"ibu":0.0,"srm":0.0,"upc":0,"type":"beer","brewery_id":"barrel_house_brewing_co","updated":"2010-07-22 20:00:20","description":"In the old days, runners who made it to third base were rewarded with a mug of beer! This is the way the game was meant to be played; pitchers throwing side- armed and a half barrel on the field. Our Red Legg Ale is an American Amber Ale with a rich, malty flavor, slightly sweet on the finish. An All-Star in any line- up!","style":"American-Style Amber/Red Ale","category":"North American Ale"}