{"name":"Bell's Brewery Inc.","city":"Galesburg","state":"Michigan","code":"49053","country":"United States","phone":"269.382.2338","website":"http://www.bellsbeer.com/","type":"brewery","updated":"2010-07-22 20:00:20","description":"In 2003, Bell's proudly opened a new production brewery in nearby Comstock, Michigan. The new brewery has now seen three major additions and encompasses 60,000 square feet of building on a 24 acre site The Quality Assurance department has thrived in the new facilities, implementing procedures and techniques that assure that Bell's is consistently putting out the very best beer possible. Total brewing capacity now stands at 140,000 bbls. At the Kalamazoo Avenue location, an historical rehabilitation has brought about a pleasant architectural change to the city landscape.  Our ongoing goal is to brew thoughtfully, creatively and artistically. We strive to bring an authentic and pleasant experience to all of our customers through our unique ales and beers. We look forward to sharing our beers with you.","address":["8938 Krum Ave."],"geo":{"accuracy":"ROOFTOP","lat":42.2843,"lon":-85.4538}}