{"name":"Summer Honey Seasonal Ale","abv":0.0,"ibu":0.0,"srm":0.0,"upc":0,"type":"beer","brewery_id":"big_sky_brewing","updated":"2010-07-22 20:00:20","description":"Summer Honey is a full-flavored summer seasonal ale. Brewed with a unique, balanced blend of spices, Northwest Hops, and Montana honey. Summer Honey is brewed during the early days of spring and released around the first of May each year. Light colored, light bodied, and very drinkable, Summer Honey sacrifices nothing to create a flavorful beer that can be enjoyed during the height of the Summer. Available April through September","style":"American-Style Lager","category":"North American Lager"}