{"name":"IPA","abv":0.0,"ibu":0.0,"srm":0.0,"upc":0,"type":"beer","brewery_id":"big_sky_brewing","updated":"2010-07-22 20:00:20","description":"In Montana, many classic memories are made right after someone says, “Hold my beer and watch this.” These bold, assertive moments deserve a bold, assertive beer – Big Sky IPA. A distinct hop presence and malty backbone will leave you refreshed and ready for your moment of glory. Hang on tight and enjoy the ride.","style":"American-Style India Pale Ale","category":"North American Ale"}