{"name":"Samuel Adams Blackberry Witbier","abv":5.5,"ibu":0.0,"srm":0.0,"upc":0,"type":"beer","brewery_id":"boston_beer_company","updated":"2010-07-22 20:00:20","description":"We brewed this traditional witbier with orange peel and coriander, and then added a hint of blackberry. The flavor is very complex with malt and cereal notes, intense spice and citrus flavors and a smooth, sweet/tart finish. It will be available in January in its own 6-pack and in the Samuel Adams® Brewmaster's Collection Variety 6 & 12-packs.","style":"Belgian-Style White","category":"Belgian and French Ale"}