{"name":"Samuel Adams Imperial Stout","abv":9.2,"ibu":0.0,"srm":0.0,"upc":0,"type":"beer","brewery_id":"boston_beer_company","updated":"2010-07-22 20:00:20","description":"Samuel Adams Imperial Stout is our take on the stouts brewed by 18th century English brewers for the Russian Imperial Court of Catherine II. The special malted barley in this intense and massive brew delivers rich flavours like dark chocolate, coffee and anise.","style":"American-Style Imperial Stout","category":"North American Ale"}