{"name":"Bridgeport India Pale Ale","abv":5.5,"ibu":0.0,"srm":0.0,"upc":0,"type":"beer","brewery_id":"bridgeport_brewing","updated":"2010-07-22 20:00:20","description":"Our award-winning IPA sparkles with effervescence, the result of natural-conditioning, a process where the beer is double-fermented in each bottle, keg or cask. Brewed with a blend of five hop varieties, BridgePort IPA presents a floral, citrusy aroma and full hop flavor, while downplaying the bitterness.  The beer pours smooth in the glass, emitting its signature golden glow.","style":"American-Style India Pale Ale","category":"North American Ale"}