{"name":"Oktoberfest","abv":5.5,"ibu":0.0,"srm":0.0,"upc":0,"type":"beer","brewery_id":"brooklyn_brewery","updated":"2010-07-22 20:00:20","description":"Please enjoy Brooklyn Oktoberfest, a rich, malty version of the beer brewed for the fall festival which originated in Germany with the betrothal of the Crown Prince of Bavaria in 1810. Brooklyn Oktoberfest is in the marzen style, an amber lager beer brewed in March and stored cold through the summer for sale in autumn.","style":"American-Style Lager","category":"North American Lager"}