{"name":"Finest Bitter","abv":4.0,"ibu":0.0,"srm":0.0,"upc":0,"type":"beer","brewery_id":"cains","updated":"2011-05-17 03:09:21","description":"A regular winner of awards for quality and flavour, and winner of the silver medal at the International Brewing Industry Awards 2002, this refreshing yet full-bodied bitter is a favourite with beer drinkers everywhere. The rich flavours of premium malt and goldings hops are unmistakable in this well balanced, traditionally brewed bitter.","style":"Ordinary Bitter","category":"British Ale"}