{"name":"Brown Bird Brown Ale","abv":4.8,"ibu":0.0,"srm":0.0,"upc":0,"type":"beer","brewery_id":"captain_lawrence_brewing_company","updated":"2010-07-22 20:00:20","description":"Named after the little birds that fly by the brewery looking for grain after the weather turns cold, this was originally to be a Fall/Winter seasonal. Clearly we underestimated the market for this smooth and malty brown ale, and we have decided to keep it for year round enjoyment.","style":"American-Style Brown Ale","category":"North American Ale"}