{"name":"Humidor Series Jai Alai Cedar Aged India Pale Ale","abv":7.5,"ibu":0.0,"srm":0.0,"upc":0,"type":"beer","brewery_id":"cigar_city_brewing","updated":"2010-07-22 20:00:20","description":"he Humidor Series is a rotating offering of Cigar City Brewing beer aged on cedar. Cedar has a more subtle effect on beer than more traditional woods like oak. But, we think that once you taste it you’ll agree that cedar deserves a place alongside oak in the brewer’s wood-aging toolbox.","style":"American-Style India Pale Ale","category":"North American Ale"}