{"name":"Heavy Seas The Great Pumpkin Imperial Pumpkin Ale","abv":8.5,"ibu":0.0,"srm":0.0,"upc":0,"type":"beer","brewery_id":"clipper_city_brewing_co","updated":"2010-07-22 20:00:20","description":"The secret is in the 2.5 pounds of spice per barrel for this fall brew. We add the pumpkin during the mash at precisely the right time to create just the perfect balance of malt, hops, pumpkin and spice.\r\n\r\nestimated ABV 8.5% estimated IBU 25\r\nMalt, Hops, Pumpkin & our Secret Spices","style":"Pumpkin Beer","category":"Other Style"}