{"name":"Below Decks","abv":10.0,"ibu":0.0,"srm":0.0,"upc":0,"type":"beer","brewery_id":"clipper_city_brewing_co","updated":"2010-07-22 20:00:20","description":"Created to celebrate Clipper City’s 10th Anniversary – extremely limited and “vintage” dated – this extravagantly malty barley wine will show well upon release but continue to evolve for years. Seasonally available in December while supplies last. Voted #1 beer by Mahaffey’s Pub.","style":"American-Style Barley Wine Ale","category":"North American Ale"}