{"name":"Coopers Best Extra Stout","abv":6.3,"ibu":0.0,"srm":0.0,"upc":0,"type":"beer","brewery_id":"coopers_brewery","updated":"2010-07-22 20:00:20","description":"Now here's a beer with punch! \r\n\r\nCoopers Best Extra Stout is a beacon for lovers of a hearty brew. With its robust flavour it is everything a stout should be. \r\n\r\nBrewed naturally using a top fermentation method, Coopers Stout's unique rich, dark texture comes from specially roasted black malt. \r\n\r\nCoopers Best Extra Stout contains no additives and no preservatives.","style":"American-Style Stout","category":"North American Ale"}