{"name":"Coors Light","abv":4.2,"ibu":0.0,"srm":0.0,"upc":0,"type":"beer","brewery_id":"coors_brewing_golden_brewery","updated":"2010-07-22 20:00:20","description":"Coors Light is Coors Brewing Company's largest-selling brand and the fourth best-selling beer in the U.S. Introduced in 1978, Coors Light has been a favorite in delivering the ultimate in cold refreshment for more than 25 years. The simple, silver-toned can caught people's attention and the brew became nicknamed the \"Silver Bullet\" as sales climbed.","style":"American-Style Light Lager","category":"North American Lager"}