{"name":"East Coast lager","abv":0.0,"ibu":0.0,"srm":0.0,"upc":0,"type":"beer","brewery_id":"cricket_hill","updated":"2010-07-22 20:00:20","description":"The East Coast Lager is an easy drinking “golden” lager with a wonderful balance of crisp malt flavors and flowery hop finish. Built specifically with very low bitter aftertaste, the aroma is as clean as the taste.A difficult beer to brew because of the gentleness… this beer is magnificent!","style":"American-Style Lager","category":"North American Lager"}