{"name":"Daas Organic Blond","abv":6.5,"ibu":0.0,"srm":0.0,"upc":0,"type":"beer","brewery_id":"daas","updated":"2010-07-22 20:00:20","description":"Daas Blond is the authentic Belgian strong golden beer, its honey spice aroma and perfect balance of bitter sweet flavours are followed by a classic dry hop finish.  A perfect aperitif beer.\r\n\r\nDaas Beer is the only Belgian beer brewed in Belgium to carry both the  UK Soil Assoc organic certification and the Belgian Certsys certification whist still upholding its Belgian tradition of brewing excellence using the finest organic ingredients.","style":"Other Belgian-Style Ales","category":"Belgian and French Ale"}