{"name":"Midas Touch Golden Elixir","abv":9.0,"ibu":0.0,"srm":0.0,"upc":0,"type":"beer","brewery_id":"dogfish_head_craft_brewery","updated":"2010-07-22 20:00:20","description":"This recipe is the actual oldest-known fermented beverage in the world! Our recipe showcases the known ingredients of barley, white Muscat grapes, honey & saffron found in the drinking vessels in King Midas' tomb! Somewhere between a beer, wine and mead, this smooth, dry ale will please with Chardonnay or I.P.A. drinker alike."}