{"name":"Theobroma","abv":9.0,"ibu":0.0,"srm":0.0,"upc":0,"type":"beer","brewery_id":"dogfish_head_craft_brewery","updated":"2010-07-22 20:00:20","description":"This beer is based on chemical analysis of pottery fragments found in Honduras which revealed the earliest known alcoholic chocolate drink used by early civilizations to toast special occasions.  The discovery of this beverage pushed back the earliest use of cocoa for human consumption more than 500 years to 1200 BC.  As per the analysis, Dogfish Head’s Theobroma (translated into 'food of the gods') is brewed with Aztec cocoa powder and cocoa nibs, honey, chilies, and annatto (fragrant tree seeds)."}