{"name":"Dubbel Dragon","abv":7.2,"ibu":0.0,"srm":0.0,"upc":0,"type":"beer","brewery_id":"dragonmead_microbrewery","updated":"2010-07-22 20:00:20","description":"This Dubbel style Belgian beer is created in the great Belgian tradition. Pale Malt, Caramel and Special B Malts impart a unique sweetness to this beer. The traditional Belgian yeast fully ferments the Belgian Candi Sugar to give a satisfying taste that is twice what a Belgian pale delivers.","style":"Other Belgian-Style Ales","category":"Belgian and French Ale"}