{"name":"Dead Monk Abbey Ale","abv":8.0,"ibu":0.0,"srm":0.0,"upc":0,"type":"beer","brewery_id":"dragonmead_microbrewery","updated":"2010-07-22 20:00:20","description":"This Belgian beer is brewed in the style of the Trappist Monks. Belgian Candi Sugar, Pilsen, Aromatic and Caramunich malts are balance by E. Kent Goldings, Mt. Hood and Saaz hops to construct a \"Big Beer\". Traditional White Beer Yeast is used to make this beer have a large mouth-feel and lingering spice notes in the finish.","style":"Other Belgian-Style Ales","category":"Belgian and French Ale"}