{"name":"Bronze Griffin","abv":6.8,"ibu":0.0,"srm":0.0,"upc":0,"type":"beer","brewery_id":"dragonmead_microbrewery","updated":"2010-07-22 20:00:20","description":"Sweet Orange Blossom Honey is combined with Belgian two-row malted barley and Munich malt to create another Belgian classic. Tetternger and E. Kent Goldings hops are added to round out the finish of this beer. The aroma of the honey remains without the sugary sweetness.","style":"Other Belgian-Style Ales","category":"Belgian and French Ale"}