{"name":"Toaster Imperial Stout","abv":10.0,"ibu":0.0,"srm":0.0,"upc":0,"type":"beer","brewery_id":"east_end_brewing_company","updated":"2010-07-22 20:00:20","description":"This beer is an Imperial version of our Black Strap Stout, this time brewed with MORE blackstrap molasses and MORE brown sugar, plus a whole lot more malt and hops too.  Part of our FESTIVAL OF DARKNESS, this one clocks in at over 10%ABV, and is the thickest beer we've ever brewed here.","style":"American-Style Imperial Stout","category":"North American Ale"}