{"name":"Eder & Heylands","city":"Großostheim","state":"Bavaria","code":"63762","country":"Germany","phone":"+49 6026 5090","website":"http://www.eder-heylands.de","type":"brewery","updated":"2010-07-22 20:00:20","description":"Eder & HeylandS is a privately owned brewery in the north-western part of Bavaria (about 50 km east of Frankfurt). The brewery was founded in 1872 and is ever since managed by the Eder's family.","address":["Aschaffenburger Straße 3-5"],"geo":{"accuracy":"APPROXIMATE","lat":49.9211,"lon":9.0715}}