{"name":"Derailed Black Cherry Ale","abv":5.0,"ibu":0.0,"srm":0.0,"upc":0,"type":"beer","brewery_id":"erie_brewing_company","updated":"2010-07-22 20:00:20","description":"Brewery folklore tells a story about a train engineer with a passion for the taste of Railbender Ale. With every stop he made in Erie came an equal number of stops at our brewery. One extended visit to our fermenter left the engineer in a rather befuddled state of mind. On his fateful trip out of Erie that evening, his train mysteriously derailed. The engineer swears that a huge black cherry tree had fallen across the tracks as the culprit. No such tree was ever found, but the front of the locomotive was spattered with hundreds of red sports. In tribute to this folklore our expert brewers introduce Derailed Black Cherry Ale – brewed with fresh sweet black cherries and the finest malted barley to create a truly cherrylicious ale. Please enjoy responsibly, as we would never want you to get derailed!","style":"Fruit Beer","category":"Other Style"}