{"name":"Heritage Alt Beer","abv":5.4,"ibu":0.0,"srm":0.0,"upc":0,"type":"beer","brewery_id":"erie_brewing_company","updated":"2010-07-22 20:00:20","description":"Erie Brewing Co. Heritage Alt Beer - a classic, old style dark German ale possessing a subtle hint of roasted and chocolate malt flavor, with a smooth balanced finish. Erie Brewing first brewed this annually for the Erie German Heritage Festival. Erie Brewing’s Heritage Alt Beer popularity lead this beer from a commemorative beer for the festival to a complete packaged seasonal release for all to enjoy, whether you are of German Heritage or not. Prost!","style":"German-Style Brown Ale/Altbier","category":"German Ale"}