{"name":"Sunshie Wit","abv":4.0,"ibu":0.0,"srm":0.0,"upc":0,"type":"beer","brewery_id":"erie_brewing_company","updated":"2010-07-22 20:00:20","description":"Hot, Hazy summer days call for a craft beer that refreshes. Have no fear – Sunshine Wit is here! Sunshine Wit is a refreshingly smart-assed ale that will satisfy, especially when the mercury is rising. Add a slice of orange for an extra blast of flavor! Sunshine Wit is a “white ale” or “wit” – a hazy yellow wheat beer with a subtle citrus flavor and remarkable drinkability at 4.0% alcohol by volume. Let sunshine wit help you chill out on the hottest, humid, heat-stricken days of summer.","style":"Belgian-Style White","category":"Belgian and French Ale"}