{"name":"Saranac Imperial IPA","abv":8.5,"ibu":0.0,"srm":0.0,"upc":0,"type":"beer","brewery_id":"f_x_matt_brewing","updated":"2010-07-22 20:00:20","description":"Saranac Imperial IPA is part our new High Peak Series, a line of beers that are bigger, more complex and flavorful; beers that are meant to be sipped and savored. Saranac Imperial IPA is brewed with 10 different malts and 10 different hops to make a delectably flavorful and complex Imperial IPA - at 85 IBU's and 8.5 % alc/vol.","style":"Imperial or Double India Pale Ale","category":"North American Ale"}