{"name":"Saranac Summer Ale","abv":4.7,"ibu":0.0,"srm":0.0,"upc":0,"type":"beer","brewery_id":"f_x_matt_brewing","updated":"2010-07-22 20:00:20","description":"ith more than 2,800 bodies of water in the Adirondacks, it's not too hard to find a sunny place to relax, rest your feet and look out over the water. To celebrate summer in the Adirondacks, we've brewed a beer with generous amounts of wheat malt for a light, refreshing taste. Look for subtle hints of lemon.","style":"Light American Wheat Ale or Lager","category":"Other Style"}