{"name":"Woody Creek White","abv":4.8,"ibu":0.0,"srm":0.0,"upc":0,"type":"beer","brewery_id":"flying_dog_brewery","updated":"2010-07-22 20:00:20","description":"Our tribute to the town we consider to be \"Gonzo Ground Zero\"... Woody Creek White is a traditional Belgian-style Wit Beer, brewed with unique ingredients like orange peel and coriander, resulting in a refreshing and slightly citrus flavor, perfect for the \"Dog Days of Summer\".","style":"Belgian-Style White","category":"Belgian and French Ale"}