{"name":"Centennial IPA","abv":7.2,"ibu":0.0,"srm":0.0,"upc":0,"type":"beer","brewery_id":"founders_brewing","updated":"2010-07-22 20:00:20","description":"Selected as a benchmark for the Beer Judge Certification Program used in all American based beer judgings. Centennial IPA has quickly become the IPA of choice. Pour yourself a pint of this complex flavorful ale and bask in the frothy head's floral bouquet. Relish the immense citrus accents, achieved by the abundance of dry hopping. This ale's sweet, malty undertones balance the hop character with a finish that never turns too bitter.","style":"American-Style India Pale Ale","category":"North American Ale"}