{"name":"Founders Imperial Stout","abv":10.0,"ibu":0.0,"srm":0.0,"upc":0,"type":"beer","brewery_id":"founders_brewing","updated":"2010-07-22 20:00:20","description":"A fine companion to end a meal or relax in front of the hearth with, this robust ale will cellar well for years. Brewed with ten varieties of malted barley this stout is extremely smooth, complex and rich in body. We recommend serving at cellar temperature. Sit back and enjoy its richness and complexity, your about to drink the ultimate winter warmer.","style":"American-Style Imperial Stout","category":"North American Ale"}