{"name":"Vintage Ale 2008","abv":8.5,"ibu":0.0,"srm":0.0,"upc":0,"type":"beer","brewery_id":"fuller_smith_turner_pbc","updated":"2010-07-22 20:00:20","description":"I have crafted this very special ale from the finest Challenger and Northdown hops, Maris Otter malted barley, and of course, our unique yeast, to create a truly extraordinary limited edition brew.\r\n\r\nIndividually packed and numbered, this bottle is one of only one hundred and forty-five thousand produced.","style":"Old Ale","category":"British Ale"}