{"name":"Goose Island IPA","abv":5.9,"ibu":0.0,"srm":0.0,"upc":0,"type":"beer","brewery_id":"goose_island_beer_company_fulton_street","updated":"2010-07-22 20:00:20","description":"From the Goose Island website:\r\n\r\n\"Our IPA recalls a time when ales shipped from England to India were highly hopped to preserve their distinct taste during the long journey. The result, quite simply a hop lover's dream. And this classic ale adds a fruity aroma, set off by a dry malt middle, to ensure that the long hop finish is one you'll remember.\"","style":"American-Style India Pale Ale","category":"North American Ale"}