{"name":"Great Divide Dunkel Weiss","abv":6.4,"ibu":0.0,"srm":0.0,"upc":0,"type":"beer","brewery_id":"great_divide_brewing","updated":"2010-07-22 20:00:20","description":"Think of it as a hefeweizen’s older brother. A hearty mix of wheat and dark German barley malts gives it a medium body and muddy brown hue, while our proprietary yeast strain provides the signature notes of banana and clove. If you like wheat beers, come to the Dunkel side. You won’t be disappointed. Just don’t put any lemon in it."}