{"name":"Modelo especial","abv":0.0,"ibu":0.0,"srm":0.0,"upc":0,"type":"beer","brewery_id":"grupo_modelo","updated":"2010-07-22 20:00:20","description":"Handcrafted with all-natural ingredients, Modelo Especial has built a solid reputation as a classic, thirst-quenching beer. The brand represents the can-package of Grupo Modelo's portfolio and is also available in non-returnable bottles.\r\n\r\nModelo Especial is a must for those looking to capture the flavor of Mexico. Modelo Especial has 145 calories per 12 ounce serving.","style":"American-Style Light Lager","category":"North American Lager"}