{"name":"Point Defiance IPA","abv":5.6,"ibu":0.0,"srm":0.0,"upc":0,"type":"beer","brewery_id":"harmon_brewing_company","updated":"2010-07-22 20:00:20","description":"Four types of malted barley, including a specially roasted Belgium barley make up the grain bill. Centennial, Sterling, and Amarillo hops provide the big hoppy flavor. Double dry-hopped, once with raw Centennial hops and once with raw Amarillo hops present this beer's huge hop aroma.","style":"American-Style India Pale Ale","category":"North American Ale"}