{"name":"Highland Brewing Company","city":"Asheville","state":"North Carolina","code":"28803","country":"United States","phone":"(828) 299-7223","website":"http://www.highlandbrewing.com/","type":"brewery","updated":"2010-07-22 20:00:20","description":"Nestled in the Blue Ridge Mountains in Asheville, North Carolina, Highland Brewing Company brews the finest and freshest ales in the Southeast.  For more than a decade, we have produced an impressive array of ales, from the best-selling Gaelic to our popular winter seasonal, Cold Mountain Ale.","address":["12 Old Charlotte Highway"],"geo":{"accuracy":"RANGE_INTERPOLATED","lat":35.5716,"lng":-82.4991}}