{"name":"Kashmir IPA","abv":5.6,"ibu":0.0,"srm":0.0,"upc":0,"type":"beer","brewery_id":"highland_brewing_company","updated":"2010-07-22 20:00:20","description":"A brilliant, dry pale ale with an aggressive hop character balanced with a smooth finish. A bold beer best consumed with a stiff upper lip.\r\n\r\nIBU: 60\r\nAlcohol Content: 5.6% by volume\r\nHops: Stryian Goldings, Mt. Hood, Fuggles, Magnum, Willamette\r\n\r\n*Contains Wheat\r\n\r\nCalories per 12 oz 190.85\r\nCarbs per 12 oz 16.82","style":"American-Style India Pale Ale","category":"North American Ale"}