{"name":"Honey Brown","abv":4.5,"ibu":0.0,"srm":0.0,"upc":0,"type":"beer","brewery_id":"high_falls_brewing","updated":"2010-07-22 20:00:20","description":"From the Brewer's Website:\r\nThe Dundee family began with Honey Brown Lager in the early 1990's during the height of the craft brewing resurgence. Introduced by then brewery head Jack \"JW\" Wehle, Honey Brown was a full bodied lager brewed with natural honey provided by Wixon's Farm in the Finger Lakes town of Dundee, New York. The brand was an overwhelming success that defied definition as a style and grew to tremendous acclaim, garnering several medals at the World Beer Cup and the Great American Beer Festival.","style":"American-Style Lager","category":"North American Lager"}