{"name":"Cattail Peak","abv":4.7,"ibu":0.0,"srm":0.0,"upc":0,"type":"beer","brewery_id":"highland_brewing_company","updated":"2010-07-22 20:00:20","description":"An invigorating wheat beer with 100% organic grains, a hint of rye and the tang and hue of organic hibiscus, this refreshing brew is as cool as the breeze that blows down from Mount Mitchell to Cattail Peak. Enjoy this delicious creation when the hottest summer day demands the best of the Blue Ridge.","style":"Light American Wheat Ale or Lager","category":"Other Style"}