{"name":"Hook & Ladder Brewing Company","city":"Silver Spring","state":"Maryland","code":"20910","country":"United States","phone":"301.565.4522","website":"http://www.hookandladderbeer.com","type":"brewery","updated":"2010-07-22 20:00:20","description":"At Hook & Ladder Brewing we believe in great beer in the company of good friends, so we bring you three great beers for your drinking pleasure (please drink responsibly). Each of our beers is carefully crafted with the finest quality ingredients for a distinctive taste we know you will enjoy. Try one tonight, you just might get hooked. Through our own experiences in the fire and rescue service we have chosen the Hook & Ladder as a symbol of pride and honor to pay tribute to the brave men and women who serve and protect our communities.","address":["8113 Fenton St."],"geo":{"accuracy":"ROOFTOP","lat":38.9911,"lng":-77.0237}}