{"name":"Stony Face Red Ale","abv":5.6,"ibu":0.0,"srm":0.0,"upc":0,"type":"beer","brewery_id":"hoppy_brewing_company","updated":"2010-07-22 20:00:20","description":"Hoppy’s gift to those who like their beers Malty. Dark Caramel and Chocolate Malts lend their deep crimson silkiness, and judicious additions of Nugget and Cascade hops give just enough bitterness for balance. Ask your server’s favorite beer and it’s probably this one.","style":"American-Style Amber/Red Ale","category":"North American Ale"}