{"name":"Mean Manalishi Double I.P.A.","abv":8.2,"ibu":0.0,"srm":0.0,"upc":0,"type":"beer","brewery_id":"hoppin_frog_brewery","updated":"2010-07-22 20:00:20","description":"Explore the extremes of hops, and experience all of their bitterness, flavor and aroma with this Double I.P.A. An extreme, super-assertive and satisfying amount of American hop character is balanced with a toasty, caramelized, intense malt presence.","style":"Imperial or Double India Pale Ale","category":"North American Ale"}