{"name":"InBev","city":"Leuven","state":"","code":"3000","country":"Belgium","phone":"","website":"http://www.inbev.com","type":"brewery","updated":"2010-07-22 20:00:20","description":"In a few words InBev is the world's leading brewer, realizing 14.4 billion euro in 2007. The company has a strong, balanced portfolio, holding the number one or number two position in over 20 key markets  more than any other brewer. It has a key presence in both developed and developing markets. Headquartered in Leuven, Belgium, InBev employs almost 89 000 people worldwide. With sales in over 130 countries, the company works through six operational zones: North America, Western Europe, Central and Eastern Europe, Asia Pacific, Latin America North, and Latin America South.","address":["Brouwerijplein 1"],"geo":{"accuracy":"RANGE_INTERPOLATED","lat":50.8865,"lon":4.7069}}