{"name":"Sneck Lifter","abv":5.1,"ibu":0.0,"srm":0.0,"upc":0,"type":"beer","brewery_id":"jennings_brewery","updated":"2010-07-22 20:00:20","description":"A dark beer with a reddish tinge derived from the use of coloured malts, full of complex flavours, which create an intriguing beer of great character.\r\n\r\nIn Northern English dialect sneck means door latch and a sneck lifter was a man’s last sixpence which enabled him to lift the latch of a pub door and buy himself a pint, hoping to meet friends there who might treat him to one or two more.","style":"Dark American-Belgo-Style Ale","category":"North American Ale"}