{"name":"Mönchshof Premium Schwarzbier","abv":4.9,"ibu":0.0,"srm":0.0,"upc":0,"type":"beer","brewery_id":"kulmbacher_brauerei_ag","updated":"2010-07-22 20:00:20","description":"Schwarzbier means \"black beer\" in German. It is a medium-bodied, malt-accented dark brew, very opaque and deep-sepia in color, with a chewy texture and a firm, creamy, long-lasting head. In spite of its dark color, it comes across as a soft and elegant brew that is rich, mild, and surprisingly balanced. It never tastes harsh, toasty or acrid. The beer is often referred to as a Schwarzpils, a \"black Pils,\" but, unlike a blond Pils, which can be assertively bitter, the hop bitterness in Schwarzbier is always gentle and subdued.\r\n\r\nIn a glass, Schwarzbier looks much like a British dark ale, but looks can be deceiving. Schwarzbier, unlike a British ale, has a clean lager taste that leaves next to no perception of fruitiness on the palate. Instead, Schwarzbier produces very mild, almost bittersweet, notes of chocolate, coffee, and vanilla. Like most traditional German lagers, Schwarzbier has a malty middle, but the sweetness is never cloying or overpowering. The beer is moderately to well attenuated and the finish tends to be dry. Its alcohol level by volume is in the range of 4.5 to 5%, rarely higher. To accentuate the Schwarzbier's dark elegance and appealing head, always serve it in a tall, fluted or tulip-shaped glass.","style":"German-Style Schwarzbier","category":"German Lager"}