{"name":"Genuine Lager","abv":5.0,"ibu":0.0,"srm":0.0,"upc":0,"type":"beer","brewery_id":"labatt_ontario_breweries","updated":"2010-07-22 20:00:20","description":"Originally introduced in 1992, Genuine Lager has evolved into a truly definitive Canadian Lager. Balancing a blend of quality aromatic and bittering hops with its medium body, Genuine Lager is a smooth, refreshing and easy-drinking beer with a subtle hop aroma and a hint of malty sweetness.","style":"American-Style Lager","category":"North American Lager"}