{"name":"Shoo-Fly Porter","abv":6.0,"ibu":0.0,"srm":0.0,"upc":0,"type":"beer","brewery_id":"lancaster_brewing_co","updated":"2010-07-22 20:00:20","description":"Lancaster Brewing Company’s newest release is their limited series of Shoo-Fly Porter. From the heart of Pennsylvania Dutch Country comes a delicious porter made with Lancaster County molasses, eight different malts and grains, and four different styles of hops. This beer has a deep, rich, brown color, medium to full body, and finishes with a smooth mouth feel.","style":"Porter","category":"Irish Ale"}