{"name":"Brown Aged Girl","abv":4.5,"ibu":0.0,"srm":0.0,"upc":0,"type":"beer","brewery_id":"legacy_brewing_co","updated":"2010-07-22 20:00:20","description":"Our Altbier is brewed in the classic German-style brown ale tradition. The “alt” translates to \"old\" in German and is one of the original ale types brewed in Germany. Brown Aled Girl is dark brown in color, medium in carbonation with a great balance between malt and hops.","style":"German-Style Brown Ale/Altbier","category":"German Ale"}