{"name":"Live Oak Hefeweizen","abv":0.0,"ibu":0.0,"srm":0.0,"upc":0,"type":"beer","brewery_id":"live_oak_brewing","updated":"2010-07-22 20:00:20","description":"Modeled after the classic wheat beers of Bavaria, our HefeWeizen has a cloudy, straw-colored appearance with a thick, creamy head. It is fermented with an authentic Weizenbier yeast strain which imparts delicate notes of clove, vanilla and banana which harmonize perfectly with its mild refreshing tartness. Together these flavors create the perfect thirst quencher to beat the Texas heat. Available April - August","style":"South German-Style Hefeweizen","category":"German Ale"}