{"name":"Hocus Pocus","abv":4.5,"ibu":0.0,"srm":0.0,"upc":0,"type":"beer","brewery_id":"magic_hat","updated":"2010-07-22 20:00:20","description":"Our take on a classic summer ale.  A toast to weeds, rays, and summer haze.  A light, crisp ale for mowing lawns, hitting lazy fly balls, and communing with nature, Hocus Pocus is offered up as a summer sacrifice to clodless days.\r\n\r\nIts malty sweetness finishes tart and crisp and is best apprediated with a wedge of orange.","style":"Light American Wheat Ale or Lager","category":"Other Style"}