{"name":"Braggot","abv":6.0,"ibu":0.0,"srm":0.0,"upc":0,"type":"beer","brewery_id":"magic_hat","updated":"2010-07-22 20:00:20","description":"An Ale Brewed with Honey\r\nOur inaugural Epic Elixir, Braggot is a most remarkable honey ale, made with specialty malts & wildflower honey from Vermont's Champlain Valley. The honey adds smoothness with subtle hints of chamomile.\r\n\r\nBraggot is an ale of shining perfection that simply must be experienced to be understood. But hurry ... for Braggot, as with each entry in our Humdinger series, vanishes almost as soon as it arrives.  Get a bottle of Braggot today and come to know a new 'Ale of Legend'. \r\n\r\nWild Flower Honey, primarily Red Clover and Alfalfa from Champlain Valley Apiaries in Middlebury, Vermont. This represents 50% of the total fermentable sugars.\r\n\r\nChamomile: Whole Chamomile flowers steeped in hot wort."}