{"name":"Krooks Mill","abv":5.3,"ibu":0.0,"srm":0.0,"upc":0,"type":"beer","brewery_id":"manayunk_brewery_and_restaurant","updated":"2010-07-22 20:00:20","description":"A well-balanced, hoppy American style pale ale with a generous usage of Caramel and Crystal malts. This beer is amber in color and is finished\r\nwith fresh Cascade, Columbus and Mt. Hood hops from the Pacific Northwest for a wonderful floral aroma. World Beer Cup Bronze Medal winner and a Perennial favorite here at the Brewery. Also available in bottles to go.","style":"American-Style Pale Ale","category":"North American Ale"}