{"name":"California Dreaming","abv":8.0,"ibu":0.0,"srm":0.0,"upc":0,"type":"beer","brewery_id":"manayunk_brewery_and_restaurant","updated":"2010-07-22 20:00:20","description":"Imperial, or super IPA’s were spawned out of the fascination of hops by the American consumer and are beyond Pale Ales and IPA’S in terms of both hop and alcohol content. Our interpretation is orange-gold in color, lightly bitter but highly hoppy with a firm malt backbone. \r\nWe’ll gladly put this head-to-head with the best that those California Hophead/Brewers have to offer.","style":"Imperial or Double India Pale Ale","category":"North American Ale"}