{"name":"Marble India Pale Ale","abv":6.2,"ibu":0.0,"srm":0.0,"upc":0,"type":"beer","brewery_id":"marble_brewery","updated":"2010-07-22 20:00:20","description":"Congratulations! By drinking Marble Brewery India Pale Ale, you show exceptionally good taste. Our obsession with quality and attention to detail ensures that every bottle will meet your high expectations. The Columbus, Amarillo and Centennial hops lend a fragrant citrus aroma and snappy hop character. We think you will agree that this is one rock solid beer.","style":"American-Style India Pale Ale","category":"North American Ale"}