{"name":"Ipswich Original Ale","abv":5.4,"ibu":0.0,"srm":0.0,"upc":0,"type":"beer","brewery_id":"mercury_brewing_company","updated":"2010-07-22 20:00:20","description":"Named one of the World's Ten Best Beers by Wine Spectator Magazine, Ipswich Ale has satisfied discerning craft beer drinkers since 1991. A North Shore classic, Ipswich Ale is a medium-bodied, unfiltered English style pale ale with subtle hoppiness and a smooth malty flavor.","style":"American-Style Pale Ale","category":"North American Ale"}