{"name":"Russian Imperial Stout","abv":10.4,"ibu":0.0,"srm":0.0,"upc":0,"type":"beer","brewery_id":"michigan_brewing","updated":"2010-07-22 20:00:20","description":"Take an India Pale Ale and feed it steroids!  Although open to the same interpretation as its sister styles, you should expect something robust, malty, alcoholic and with a hop profile that might rip your tongue out. The Imperial usage comes from Russian Imperial stout, a style of strong stout originally brewed in England for the Russian Imperial Court of the late 1700s; though Double IPA is often the preferred name.","style":"American-Style Imperial Stout","category":"North American Ale"}