{"name":"Greed","abv":5.0,"ibu":0.0,"srm":0.0,"upc":0,"type":"beer","brewery_id":"midnight_sun_brewing_co","updated":"2010-07-22 20:00:20","description":"With a summer release in mind, GREED Belgian-style Single was created miserly—relatively speaking—with one type of malt and two varieties of hops. At 5% ABV and 30 IBUs, Greed is the lightest in our series of 2007 Deadly Sin Beers. However, the Belgian yeast used in fermentation and conditioning contributes an earthy, somewhat spicy flavor and a crisp finish. We invite you to be greedy before it’s gone. \r\n\r\nGREED...Less [for you] is More [for me].","style":"Belgian-Style Pale Ale","category":"Belgian and French Ale"}