{"name":"Mercury - Belgian Style Small Beer","abv":6.5,"ibu":0.0,"srm":0.0,"upc":0,"type":"beer","brewery_id":"midnight_sun_brewing_co","updated":"2010-07-22 20:00:20","description":"Messenger of the gods, Mercury symbolizes commerce, travel, thievery, wit and wealth. MERCURY cleverly stole its essence from mistress lover VENUS. Second runnings of the voluptuous quadrupel created this small yet fascinating beer. Indian coriander acknowledges the traveler; a distinct Belgian yeast contributes wit & charm.","style":"Other Belgian-Style Ales","category":"Belgian and French Ale"}