{"name":"Saturn - Belgian-style Fresh Hop IPA","abv":8.0,"ibu":0.0,"srm":0.0,"upc":0,"type":"beer","brewery_id":"midnight_sun_brewing_co","updated":"2010-07-22 20:00:20","description":"In tribute to its namesake god of agriculture, SATURN celebrates a bountiful Pacific Northwest hop harvest. Ample malt sets the stage for this end-of-season party. Fresh Cascade and Centennial hops from Yakima Valley mingle with Belgian yeasts to impart abundant spice and earthiness.","style":"Other Belgian-Style Ales","category":"Belgian and French Ale"}