{"name":"CoHoHo Imperial IPA","abv":8.0,"ibu":0.0,"srm":0.0,"upc":0,"type":"beer","brewery_id":"midnight_sun_brewing_co","updated":"2010-07-22 20:00:20","description":"When the loveable \"hopheads\" at Humpy's Great Alaskan Alehouse requested a winter version of alehouse favorite Sockeye Red IPA, our brewers instinctively spawned CoHoHo Imperial IPA.\r\n\r\nCoHoHo begins with generous measures of pale two-row and specialty malts along with spirit-boosters like maple syrup, brown sugar and honey. Hefty doses of Cascade, Centennial and Simcoe hops beautifully balance that outrageous malt bill and heighten the festive character of this exuberant beer.","style":"Imperial or Double India Pale Ale","category":"North American Ale"}