{"name":"Descent Imperial Abbey Ale","abv":8.3,"ibu":0.0,"srm":0.0,"upc":0,"type":"beer","brewery_id":"midnight_sun_brewing_co","updated":"2010-07-22 20:00:20","description":"Beer Description:\r\nThis deep amber Imperial Abbey Ale melds malt and earth, spice and fruit to create a wonderful vehicle to wind down the day. Belgian yeast contributes flavor notes that accent the raisins and grains of paradise used in the brewing process. With strength and stamina, DESCENT is deliberately impetuous in its mission.","style":"Other Belgian-Style Ales","category":"Belgian and French Ale"}