{"name":"Imperial Chocolate Pumpkin Porter","abv":7.8,"ibu":0.0,"srm":0.0,"upc":0,"type":"beer","brewery_id":"midnight_sun_brewing_co","updated":"2010-07-22 20:00:20","description":"Intriguing doses of sweet spices, dark cocoa and pumpkin transform an exceptional porter into a\r\nmesmerizing potion. Pour this tantalizing brew into a snifter and seek solace in the depths of its fascinating flavors. Cinnamon, nutmeg and cloves seem familiar but this brew is cloaked in deep, dark secrets that will forever haunt you.\r\n\r\nThis beer is like nothing you have ever experienced. It is a majestic mélange of rich, impressive flavors that meld wonderfully with the\r\nwarmth of alcohol. Will it appease or awaken your spirit?","style":"Pumpkin Beer","category":"Other Style"}