{"name":"Specialty Beer: Oak-Aged Black Double IPA","abv":8.5,"ibu":0.0,"srm":0.0,"upc":0,"type":"beer","brewery_id":"midnight_sun_brewing_co","updated":"2010-07-22 20:00:20","description":"This Specialty Beer Black Double IPA celebrates Specialty Imports' success in importing and distributing the world's best wines and beers to the appreciative folks in Alaska. This \"Specialty Beer\" brings together smooth, dark malts with intense aromatic hops to create a wonderfully balanced yet committed-to-flavor ale. Then this ale was aged in oak barrels for several month"}