{"name":"Gluttony","abv":10.5,"ibu":0.0,"srm":0.0,"upc":0,"type":"beer","brewery_id":"midnight_sun_brewing_co","updated":"2010-07-22 20:00:20","description":"GLUTTONY Triple IPA overindulges the palate with profound malt, powerful hops and abundant body. Its deep decadent golden orange color presents an appetizing invitation for extravagant enjoyment. Its aroma entices with citrus, pine and alcohol while the flavor provides a smorgasbord of sweet malt, fresh tangerine/grapefruit and a resinous hop character that lingers well beyond the finish. \r\n\r\nGLUTTONY...More than a mouthful.","style":"Imperial or Double India Pale Ale","category":"North American Ale"}