{"name":"Earth - Belgian Style Chocolate Milk Stout","abv":5.0,"ibu":0.0,"srm":0.0,"upc":0,"type":"beer","brewery_id":"midnight_sun_brewing_co","updated":"2010-07-22 20:00:20","description":"Mother Earth is the rich fertile “living” planet. Our EARTH combines pale and dark malts for essential body. Cocoa nibs—decadent chocolate in its most elemental form—add distinction. Lush lactose creates incredible creaminess. But Earth gains amazing ground with extensive aging on Bergenfield extra dark cocoa.","style":"Sweet Stout","category":"British Ale"}