{"name":"Obliteration III","abv":7.6,"ibu":0.0,"srm":0.0,"upc":0,"type":"beer","brewery_id":"midnight_sun_brewing_co","updated":"2010-07-22 20:00:20","description":"With passion and purpose, we present this series of hop-centric beers. Using different hop varieties and brewing techniques, we aim to capture bold, distinct hop characteristics in aroma, flavor and finish. While we explore the\r\nworld of hops, we invite you to learn along with us: these beers offer an incredible opportunity to experience the diversity of hops while engaging the palate and obliterating the senses.\r\n\r\nObliteration III is yet another dynamic Double IPA. Its aroma is pungent with fragrant notes of citrus, spice, pine and alcohol. A sturdy malt platform provides the perfect stage for showcasing these high alpha-acid hops, creating flavors and textures that entice then intrigue. Obliteration III finishes with poignant bitterness.","style":"Imperial or Double India Pale Ale","category":"North American Ale"}