{"name":"Cosmic Black Witbier","abv":6.2,"ibu":0.0,"srm":0.0,"upc":0,"type":"beer","brewery_id":"midnight_sun_brewing_co","updated":"2010-07-22 20:00:20","description":"Close your eyes. The delicate aroma, flavor, texture of this beer whisper “witbier”. Now open your eyes. The color is deceiving. You take another sip. Yes, witbier … but black as night. It is something quite peculiar—BuT it is brilliant—something shimmering and [not so] white.","style":"Belgian-Style White","category":"Belgian and French Ale"}