{"name":"Kodiak Brown Nut Brown Ale","abv":5.0,"ibu":0.0,"srm":0.0,"upc":0,"type":"beer","brewery_id":"midnight_sun_brewing_co","updated":"2010-07-22 20:00:20","description":"Rugged yet smooth, Kodiak Brown Ale balances caramel and roasted malts with enticing Northwest hops. Inspired by the adventurous spirit readily found in Alaska, Kodiak Brown Ale invites you to take the road less traveled. Like true Alaskans, we are not afraid of the dark.","style":"American-Style Brown Ale","category":"North American Ale"}