{"name":"Miller Chill","abv":4.1,"ibu":0.0,"srm":0.0,"upc":0,"type":"beer","brewery_id":"miller_brewing","updated":"2010-07-22 20:00:20","description":"Launched in 2007, Miller Chill is the only light beer brewed with a hint of lime and a pinch of salt to provide a truly refreshing beer experience. Through all of our marketing efforts, beer drinkers will see that Miller Chill is a celebration and fusion of the best of two cultures, great light beer from America and the chelada style from Mexico. It's the new alternative in mainstream low-cal beers ... one that provides a crisper, smoother, more refreshing beer experience.","style":"American-Style Light Lager","category":"North American Lager"}