{"name":"Zoomer","abv":0.0,"ibu":0.0,"srm":0.0,"upc":0,"type":"beer","brewery_id":"new_holland_brewing_company","updated":"2010-07-22 20:00:20","description":"A refreshing wheat ale, Zoomer is brewed to quench your summer thirst. American-grown wheat provides Zoomer's straw color and its soft, clean body. With subtle, yet flavorful hints of citrus fruit in its finish, Zoomer is the perfect companion to all things summer. Food pairings include artisan cheeses, fresh greens, fish and chicken.","style":"Light American Wheat Ale or Lager","category":"Other Style"}