{"name":"Sunshine Wheat","abv":4.8,"ibu":0.0,"srm":0.0,"upc":0,"type":"beer","brewery_id":"new_belgium_brewing","updated":"2010-07-22 20:00:20","description":"SUNSHINE WHEAT is a great beer for trouncing thirst.  Yet, it has a depth of character that inspires a quiet moment’s reflection. Sunshine Wheat swirls in the mouth with ripples of coriander and orange peel tartness, settling nicely into a tranquil sea of apple and honey tones.  A filtered wheat beer, Sunshine offers a crisp, refreshing alternative to heavier-bodied heffe-weizens.","style":"Light American Wheat Ale or Lager","category":"Other Style"}