{"name":"Existential","abv":11.1,"ibu":0.0,"srm":0.0,"upc":0,"type":"beer","brewery_id":"new_holland_brewing_company","updated":"2010-07-22 20:00:20","description":"Consider it an extremely hoppy barleywine, or a really big IPA. Either way, ten hop additions contribute to its lush and intriguing body. Aggressive dry-hopping brings a strong citrus character to the aroma. The flavor and smell of orange-blossoms pervade throughout the experience.","style":"American-Style Barley Wine Ale","category":"North American Ale"}