{"name":"Black Tulip","abv":9.0,"ibu":0.0,"srm":0.0,"upc":0,"type":"beer","brewery_id":"new_holland_brewing_company","updated":"2010-07-22 20:00:20","description":"Golden in color with a slightly sweet body. Its ester-laden character reveals an enigmatic dance between Belgian ale yeast and candy sugar complimented by a pleasing dry finish. Black Tulip is a versatile beer for food. Enjoyable pairings include mild bleu cheeses, berries and other light desserts.","style":"Belgian-Style Tripel","category":"Belgian and French Ale"}