{"name":"Nøgne Ø #100","abv":10.0,"ibu":0.0,"srm":0.0,"upc":0,"type":"beer","brewery_id":"nogne_o_det_kompromisslose_bryggeri_a_s","updated":"2010-07-22 20:00:20","description":"Our 100th batch, brewed for the enjoyment of the brewers, but popular demand forced us to release it commercially.  This malty, yet light bodied ale has a massive hop bitterness.  Most enjoyable in a comfortable chair in front of a roaring fire.","style":"American-Style Barley Wine Ale","category":"North American Ale"}