{"name":"Scrimshaw Pilsner Style Beer","abv":4.4,"ibu":0.0,"srm":0.0,"upc":0,"type":"beer","brewery_id":"north_coast_brewing_company","updated":"2010-07-22 20:00:20","description":"Named for the delicate engravings popularized by 19th century seafarers, Scrimshaw is a fresh tastingPilsner brewed in the finest European tradition using Munich malt and, Hallertauer and Tettnang hops. Scrimshaw has a subtle hop character, a crisp, clean palate, and a dry finish.","style":"German-Style Pilsener","category":"German Lager"}