{"name":"Odell Red Ale","abv":6.5,"ibu":0.0,"srm":0.0,"upc":0,"type":"beer","brewery_id":"odell_brewing","updated":"2010-07-22 20:00:20","description":"The Rocky Mountain Goat is no ordinary goat. Just like Odell Red is no ordinary red. \r\n\r\nWe took the American-style red to a whole new level by adding a variety of aggressive American hops—giving this ale a distinctive fresh hop aroma and flavor. \r\n\r\nWe think you'll agree this red has some serious kick.","style":"American-Style Amber/Red Ale","category":"North American Ale"}