{"name":"Dark Island","abv":4.6,"ibu":0.0,"srm":0.0,"upc":0,"type":"beer","brewery_id":"orkney_brewery","updated":"2010-07-22 20:00:20","description":"Dark Island is an iconic beer: a standard-bearer for traditional Scottish ales. In cask, this beer has twice won CAMRA’s Champion Beer of Scotland.\r\nOn the nose, this dark beer offers bitter chocolate, figs, toffee and hints of fruit.\r\n\r\nOn the palate, this resolves into beautiful, silky-smooth, coffee-and-chocolate flavours, followed by figs, dates and dried fruits, with a very appealing, lingering aftertaste of fruits and hop bitterness.","style":"Scottish-Style Light Ale","category":"British Ale"}