{"name":"Dragonhead Stout","abv":4.0,"ibu":0.0,"srm":0.0,"upc":0,"type":"beer","brewery_id":"orkney_brewery","updated":"2010-07-22 20:00:20","description":"Dragonhead is a legendary stout: dark, intense and fully-flavoured, it is our tribute to the Vikings and their cultural legacy in Orkney.\r\n\r\nOn the nose, this black stout has a smooth roasted malt aroma giving bitter chocolate, dark roasted coffee and Smokey notes balanced by hints of spicy Goldings hop.\r\n\r\nOn the palate, the dark roasted malts combine to give a rich, rounded palate with chocolate, toast and nut flavours, with a satisfying spicy hop finish.","style":"American-Style Stout","category":"North American Ale"}