{"name":"Pete's Wicked Wanderlust Cream Ale","abv":5.6,"ibu":0.0,"srm":0.0,"upc":0,"type":"beer","brewery_id":"pete_s_brewing","updated":"2010-07-22 20:00:20","description":"Pete’s winter seasonal Wanderlust Cream Ale, is a velvety smooth brew offering endless fascination. Pete’s Wicked Wanderlust Cream Ale is a light amber brew with a rhapsody of Cluster hops and select Munich and wheat malts. The rich, creamy taste invites you on a journey of wonderment and intrigue. Sit back. Enjoy the ride.","style":"American-Style Cream Ale or Lager","category":"Other Style"}