{"name":"Walt Wit","abv":5.0,"ibu":0.0,"srm":0.0,"upc":0,"type":"beer","brewery_id":"philadelphia_brewing_co","updated":"2010-07-22 20:00:20","description":"The American poet WaltWhitman once portrayed a sunset over Philadelphia as, \"...a broad tumble of clouds, with much golden haze and profusion of beaming shaft and dazzle.\" Pour yourself a bottle of Walt Wit Belgian White-Style Ale and see what he was talking about. A pinch of spice and a whisper of citrus lend complexity to this fragrant, satisfying ale.","style":"Belgian-Style White","category":"Belgian and French Ale"}