{"name":"Mongo Double IPA","abv":8.5,"ibu":0.0,"srm":0.0,"upc":0,"type":"beer","brewery_id":"port_brewing_company","updated":"2010-07-22 20:00:20","description":"A Double IPA brewed in memory of the brew cat.  In honor of Mongo, Mike Rodriguez made his first Double IPA, as he loved the cat and wanted to honor him with this beer. This 8.5% abv beer was made with Columbus hops (Mongo’s Birthname), Cascade for the Mama cat, and Simocoe because that is Mike’s favorite hop.","style":"Imperial or Double India Pale Ale","category":"North American Ale"}