{"name":"Apricot Weizen Ale","abv":5.1,"ibu":0.0,"srm":0.0,"upc":0,"type":"beer","brewery_id":"pyramid_ales_brewery","updated":"2010-07-22 20:00:20","description":"Brewed by the original Wheat Beer Pioneers, Pyramid Apricot Weizen Ale is left unfiltered for extra flavor and aroma.\r\n\r\nThe gold medalist of fruit beers, Pyramid Apricot Weizen is an adventurous wheat ale that offers the pleasing aroma and flavor of fresh apricots, and smooth and refreshing character for which our wheat beers are known.\r\n\r\nOriginal Gravity: 11.75\r\nAlcohol By Volume: 5.10%\r\nMalts: 2-Row Barley, Malted Wheat, Caramel\r\nHops: Nugget\r\nAvailability: Year Round\r\nBest Paired With: Appetizers, salads, and desserts such as pies and pastries.\r\n\r\nBest of the Northwest/Pacific in the \"Fruit Beer\" category at the 2000 United States Beer Tasting Championship, 2000\r\nGold Medal, GABF, \"Fruit and Vegetable Beers\", 1994","style":"South German-Style Hefeweizen","category":"German Ale"}