{"name":"Bourbon Barrel Aged Winter Warmer","abv":9.5,"ibu":0.0,"srm":0.0,"upc":0,"type":"beer","brewery_id":"rahr_sons_brewing_company","updated":"2010-07-22 20:00:20","description":"This is a special edition of Rahr's Winter Warmer. This fine English ale has been aged in freshly emptied Kentucky oak whisky barrels. The barrel aging has given this already big ale a beautiful whiskey nose along with notes of vanilla and oak. A perfect ale for sipping around a winter fire.","style":"Winter Warmer","category":"Other Style"}