{"name":"Iron Thistle","abv":8.0,"ibu":0.0,"srm":0.0,"upc":0,"type":"beer","brewery_id":"rahr_sons_brewing_company","updated":"2010-07-22 20:00:20","description":"Break out the bagpipes with your lederhosen! We’re proud to present our Iron Thistle Scotch Ale – Rahr’s first National Grand Champion winner. This dark, Scottish ale has a bold taste dominated by a smooth, sweet maltiness balanced with a low, hoppy bitterness. So don your kilts and enjoy. Here’s to your health – Slàinte! Prosit!","style":"Scotch Ale","category":"British Ale"}