{"name":"Stormcould IPA","abv":6.0,"ibu":0.0,"srm":0.0,"upc":0,"type":"beer","brewery_id":"rahr_sons_brewing_company","updated":"2010-07-22 20:00:20","description":"During a fierce storm on his voyage across the ocean, William Rahr could be heard yelling from the tall masted ship: \"Roll on old sea! And when you are done, when the storm clouds have destroyed themselves, we will still be standing and drinking!\" Today, we have created the ultimate ale for a voyage such as this: A German-Style IPA - a traditional India Pale Ale with German Influence.","style":"American-Style India Pale Ale","category":"North American Ale"}