{"name":"Richbrau Barleywine","abv":12.3,"ibu":0.0,"srm":0.0,"upc":0,"type":"beer","brewery_id":"richbrau_brewing_company","updated":"2010-07-22 20:00:20","description":"Malty, rich, complex with a notable hops balance. Aged for 90 days. For optimal taste allow the beer to warm on your table or from the heat of your hand around the glass. ½ pints only. 12.3 abv! Offered downstairs at the Taphouse or Pub Bar/ Dining Room only.","style":"American-Style Barley Wine Ale","category":"North American Ale"}