{"name":"Trafalgar IPA","abv":0.0,"ibu":0.0,"srm":0.0,"upc":0,"type":"beer","brewery_id":"rogue_ales","updated":"2010-07-22 20:00:20","description":"Let Battle Commence... Trafalgar is a Gold Medal Award winning bottle conditioned India Pale Ale brewed to a 19th Century recipe. Listed in the Top 500 Ales in the World, Trafalgar measures 6% ABV. Brewed in the Royal Forest of Dean at Freeminer Brewery in the UK and distributed by Rogue Ales in the US.\r\n\r\nTrafalgar IPA is a true India Pale Ale, brewed to an original 19th Century recipe. IPA's were brewed at high APV and heavily hopped to enable their preservation on the long journey to the colonies from England. This Ale is brewed from the oldest working traditional floor maltings in Warminster, Wiltshire. The hops are traditional \"Goldings\" variety grown around Ledbury, Herefordshire as they have been for centuries.","style":"American-Style India Pale Ale","category":"North American Ale"}