{"name":"Imperial India Pale Ale / I2PA","abv":9.5,"ibu":0.0,"srm":0.0,"upc":0,"type":"beer","brewery_id":"rogue_ales","updated":"2010-07-22 20:00:20","description":"Above and beyond an India Pale Ale--I2PA is radically hopped with an intense aroma and hop bitterness. Unfiltered and aged for 9 months before it leaves the brewery--not for the faint of heart. I2PA is brewed with two-row Pipkin Pale malts, Saaz, Cascade and Northwest Golding hops. I2PA is available in a new 750ml Silkscreened black ceramic bottle and on draft.","style":"Imperial or Double India Pale Ale","category":"North American Ale"}