{"name":"Charlie 1981","abv":8.5,"ibu":0.0,"srm":0.0,"upc":0,"type":"beer","brewery_id":"rogue_ales","updated":"2010-07-22 20:00:20","description":"An unfiltered strong ale that is amber in color and has an intense piney hop aroma. The beer is named in honor of Charlie Papazian, president of the Association of Brewers, founder of the American Homebrewers Association and homebrewing guru. John Maier, Brewmaster for Rogue Ales, made his first batch of beer in 1981 using Papazians influential book \"The New Complete Joy of Homebrewing.\" \r\nBrewed with Munich and Crystal 40 two-row pale malt, and dry-hopped with Horizon, Sterling and Amarillo hops, free range coastal waters, and top fermenting Pacman yeast."}