{"name":"Chocolate Stout","abv":6.0,"ibu":0.0,"srm":0.0,"upc":0,"type":"beer","brewery_id":"rogue_ales","updated":"2010-07-22 20:00:20","description":"The recipe for Rogue Chocolate Stout was created several years ago for export to Japan. The exported twelve ounce Chocolate Bear Beer bottle label is in Kanji and features a teddy bear with a pink heart on his belly. Chocolate Stout was released for Valentines Day in 2001 in a twenty-two ounce bottle for the US market. The label features a Roguester (Sebbie Buhler) on the label. The bottled of Chocolate Stout is available on a very limited basis in the US, so get it while you can! \r\n\r\nHedonistic! Ebony in color with a rich creamy head. The mellow flavor of oats, chocolate malts, and real chocolate are balanced perfectly with the right amount of hops for a bittersweet finish. Chocolate Stout is brewed with 10 ingredients: Northwest Harrington and Klages, Crystal 135-165 and Beeston Chocolate Malts, Cascade Hops, Rolled Oats and Roasted Barley, Natural Chocolate Flavor, Free Range Coastal Waters and PacMan Yeast. Chocolate Stout is available year-round only in the classic 22-ounce bottle and on draft.","style":"American-Style Stout","category":"North American Ale"}