{"name":"Knock Out","abv":8.0,"ibu":0.0,"srm":0.0,"upc":0,"type":"beer","brewery_id":"sabmiller_india","updated":"2010-07-22 20:00:20","description":"Country of origin:  India \r\nBeer type:  Lager  \r\nAlcohol content by volume: < 8 % by volume  \r\nCarbohydrates: - \r\nTaste:  Smooth and strong with a rich malty taste  \r\nMalts:  Indian malts, 6 row barley  \r\nHops:  Hops extract from Germany and Indian hops palate  \r\nColour:  Golden yellow  \r\nAvailability:  India  \r\nFermentation process: Bottom-fermented  \r\nServing temperature:  7 - 9 °C  \r\nPackaging:  650 ml, 330 ml Indian standard glass bottle ; 500 ml cans and 330 ml cans,( in select markets)  \r\n\r\nhttp://www.sabmiller.in/brands_knock-out.html","style":"American-Style Lager","category":"North American Lager"}