{"name":"Haywards 5000","abv":7.5,"ibu":0.0,"srm":0.0,"upc":0,"type":"beer","brewery_id":"sabmiller_india","updated":"2010-07-22 20:00:20","description":"Country of origin:  India \r\nBeer type:  Lager  \r\nAlcohol content by volume: < 7.5% by volume  \r\nCarbohydrates: - \r\nTaste:  full bodied malty flavour  \r\nMalts:  Indian malts, 6 row barley  \r\nHops:  German hop extract (CO2) & Indian hop palate  \r\nColour:  Golden yellow  \r\nAvailability:  India - all seasons, South East Asia, Middle East and Europ \r\nFermentation process: Bottom-fermented  \r\nServing temperature:  7 - 9 °C  \r\nPackaging:  650 ml and 330 ml Indian standard glass amber bottle ; 500 ml Non returnable bottles ; 500 ml cans and 330 ml cans ( in select markets) \r\n \r\nhttp://www.sabmiller.in/brands_haywards_5000.html","style":"American-Style Lager","category":"North American Lager"}