{"name":"Saint Arnold Brown Ale","abv":5.3,"ibu":0.0,"srm":0.0,"upc":0,"type":"beer","brewery_id":"saint_arnold_brewing","updated":"2010-07-22 20:00:20","description":"A beautiful, deep copper brown ale. It has a full, malty body with hints of chocolate, a touch of sweetness and a light hop flavor. A complex malt character is created by combining five different types of malts. It has a rich, creamy head with a fine lace. The light fruitiness, characteristic of ales, is derived from a proprietary yeast strain. \r\n\r\nSaint Arnold Brown Ale is best consumed at 45-50° Fahrenheit.","style":"American-Style Brown Ale","category":"North American Ale"}