{"name":"Saint Somewhere Brewing Company","city":"Tarpon Springs","state":"Florida","code":"34689","country":"United States","phone":"813-503-6181","website":"http://www.saintsomewherebrewing.com/","type":"brewery","updated":"2010-07-22 20:00:20","description":"Saint Somewhere is a small batch brewery, located in Tarpon Springs, Florida. We specialize in traditionally brewed, hand crafted Belgian Style Ales. Our first offerings are... Saison Athene , a bottle conditioned Saison with a spicy and moderately hoppy profile true to the traditions of the farmhouse ales of Wallonia. Lectio Divina,  brewed in the spirit of the abbey ales of Belgium. Brewed with the same care and attention to the Art of Brewing that is practiced in the monastic breweries of Belgium. Pays du Soleil, brewed with palmetto berries and hibiscus should be out this fall!","address":["1441 Savannah Ave Unit E"],"geo":{"accuracy":"ROOFTOP","lat":28.1646,"lon":-82.7717}}