{"name":"Bigfoot","abv":9.6,"ibu":0.0,"srm":0.0,"upc":0,"type":"beer","brewery_id":"sierra_nevada_brewing_co","updated":"2010-07-22 20:00:20","description":"From the Sierra Nevada Brewing Co. website:\r\nThis year marks the 25th release of Bigfoot®. Our award-winning barleywine boasts a dense, fruity bouquet, an intense flavor palate and a deep reddish-brown color. Its big maltiness is superbly balanced by a wonderfully bittersweet hoppiness. \r\n\r\n","style":"American-Style Barley Wine Ale","category":"North American Ale"}