{"name":"Sierra Leone Brewery","city":"Freetown","state":"Sierra Leone","code":"","country":"Sierra Leone","phone":"+232 (22) 26 31 18","website":"http://www.slbrewery.com/","type":"brewery","updated":"2010-07-22 20:00:20","description":"Sierra Leone Brewery Limited's (SLBL) core values - respect, enjoyment and a passion for quality - help to define our corporate culture and working methods. They are fundamental to the way we do business today, they support our drive towards economic, environmental and social sustainability","address":["PO Box 721"],"geo":{"accuracy":"APPROXIMATE","lat":8.4841,"lng":-13.2287}}