{"name":"Porter","abv":5.6,"ibu":0.0,"srm":0.0,"upc":0,"type":"beer","brewery_id":"sierra_nevada_brewing_co","updated":"2010-07-22 20:00:20","description":"From the Sierra Nevada Brewing Co. website:\r\nDark and rich, Sierra Nevada Porter is a delicious, medium-bodied ale with a creamy head. The Porter’s smooth flavor (malty with hints of caramel) comes from a blend of deep-roasted barley malts.\r\n\r\n\r\n“…there can be little doubt that this is one of the best porters being brewed anywhere in the world today.”\r\n\r\n— Christopher Finch, A Connoisseur’s Guide \r\nto the World’s Best Beer\r\n\r\nFIRST PLACE\r\nCalifornia Brewers Festival (Robust Porter: 2000)\r\nColorado State Fair (Porter: 1996)","style":"Porter","category":"Irish Ale"}