{"name":"Harvest Ale","abv":6.5,"ibu":0.0,"srm":0.0,"upc":0,"type":"beer","brewery_id":"sierra_nevada_brewing_co","updated":"2010-07-22 20:00:20","description":"The cornerstone of our Harvest series is the beer that started the modern-day fresh hop ale phenomenon in America, our original Harvest Ale. \r\n\r\nCreated in 1996, Harvest Ale features Cascade and Centennial hops from the Yakima Valley in Eastern Washington. These hops are harvested and shipped as “wet” un-dried hops—the same day they are picked—to our brewery in Chico where our brewers eagerly wait to get them into the brew kettle while their oils and resins are still at their peak.","style":"American-Style Pale Ale","category":"North American Ale"}