{"name":"Silver Gulch Brewing Company","city":"Fox","state":"Alaska","code":"99708","country":"United States","phone":"(907) 452-2739","website":"http://www.ptialaska.net/~gbrady/","type":"brewery","updated":"2010-07-22 20:00:20","description":"Silver Gulch Brewing and Bottling Co. has been in operation since February 1998 in the small mining community of Fox, Alaska, located about 10 miles north of Fairbanks on the Steese Highway. Silver Gulch Brewing grew from brewmaster Glenn Brady's home-brewing efforts in 5-gallon batches to its current capacity of 24-barrel (750 gallon) batches.","address":["2195 Old Steese Highway"],"geo":{"accuracy":"ROOFTOP","lat":64.9583,"lng":-147.622}}