{"name":"Shoals Pale Ale","abv":4.7,"ibu":0.0,"srm":0.0,"upc":0,"type":"beer","brewery_id":"smuttynose_brewing_co","updated":"2010-07-22 20:00:20","description":"Our interpretation of a classic English beer style is copper-colored, medium-bodied and highly hopped. Its flavor is delightfully complex: tangy fruit at the start, with an assertive hop crispness and a long malty palate that one well-known beer writer has compared to the flavor of freshly-baked bread.","style":"American-Style Pale Ale","category":"North American Ale"}