{"name":"Portsmouth Lager","abv":5.1,"ibu":0.0,"srm":0.0,"upc":0,"type":"beer","brewery_id":"smuttynose_brewing_co","updated":"2010-07-22 20:00:20","description":"Named in honor of our hometown’s 375th anniversary, Smuttynose Portsmouth Lager is a full-flavored, medium bodied continental-style beer - deep golden in color, featuring a mouth-pleasing maltiness subtly balanced with spicy imported Saaz hops. One taste of this fine lager tells you this is no ordinary beer: From its mellow, velvety body to its lingering, fresh hop finish, Portsmouth Lager is smooth, complex and satisfying."}