{"name":"Big A IPA","abv":9.6,"ibu":0.0,"srm":0.0,"upc":0,"type":"beer","brewery_id":"smuttynose_brewing_co","updated":"2010-07-22 20:00:20","description":"Our Big A IPA has earned its share of praise over the last few years. In 2004 the New York Times named it its top IPA , and in 2007 Mens Journal Magazine included it on its list of 25 best beers in America. The last of each year's edition typically leaves our warehouse around mid-May, and, as always, it doesn't last long. \r\n\r\nStash Wojciechowski, the “Killer Kielbasa,” created this bonafide India Pale Ale recipe exclusively for the Smuttynose Big Beer Series.","style":"Imperial or Double India Pale Ale","category":"North American Ale"}