{"name":"Phin & Matt's Extroidinary Ale","abv":5.6,"ibu":0.0,"srm":0.0,"upc":0,"type":"beer","brewery_id":"southern_tier_brewing_co","updated":"2010-07-22 20:00:20","description":"After sampling a wide array of great beers, the duo hit upon an idea.  \"I've got it!\" exclaimed Matt, \"we'll use vast amounts of whole hops, the finest malt, and put a little love in each batch.\"  \"Eureka!\" shouted Phin.  And thus became a beer so fresh and tasty they had to put their names on it.","style":"American-Style Pale Ale","category":"North American Ale"}