{"name":"Raspberry Wheat","abv":4.5,"ibu":0.0,"srm":0.0,"upc":0,"type":"beer","brewery_id":"southern_tier_brewing_co","updated":"2010-07-22 20:00:20","description":"A golden wheat beer brewed with the finest North American malted barley and wheat.  It's then lightly hopped with the choicest European varieties.  The smooth, crisp golden wheat beer is then finished with a hint of rasberry.  Enjoy this beer any time of the year.","style":"Light American Wheat Ale or Lager","category":"Other Style"}