{"name":"422 Pale Wheat Ale","abv":5.0,"ibu":0.0,"srm":0.0,"upc":0,"type":"beer","brewery_id":"southern_tier_brewing_co","updated":"2010-07-22 20:00:20","description":"Pour 422 Pale Wheat Ale into a pint glass, give it a long whiff and you’ll realize that this isn’t your average pale golden wheat. Preserved in its unfiltered state, 422 is a fantastic session ale in which flavors of wheat, barley and hops commingle to a refreshing and zesty conclusion. Hints of orange and sweet malts waft to the fore as a touch of bitterness contributes to a smooth finish. 422 is brewed as a tribute to preserving our precious planet and it’s environment. It is responsibly packaged with over 80% recycled consumer products and is completely recyclable. Enjoy 422 all year as to take one stride closer to a eco-friendly life.","style":"Light American Wheat Ale or Lager","category":"Other Style"}