{"name":"Shiner Kosmos Reserve","abv":0.0,"ibu":0.0,"srm":0.0,"upc":0,"type":"beer","brewery_id":"spoetzl_brewery","updated":"2010-07-22 20:00:20","description":"Kosmos Spoetzl knew how to brew great beer. Born in Bavaria, Kosmos’ mastery of German brewing carried him as far as Egypt before he found his way to the small Texas town of Shiner. Our proud brewery still carries his name and commitment to excellence in brewing. This full-flavored, hop-jacked lager is every bit as unique as the man himself and our way of saluting the brewmaster who started it all.","style":"American-Style Lager","category":"North American Lager"}