{"name":"Seven Gates Pale Ale","abv":5.6,"ibu":0.0,"srm":0.0,"upc":0,"type":"beer","brewery_id":"spring_house_brewing_company","updated":"2010-07-22 20:00:20","description":"The story of the Seven Gates comes from rural Pennsylvania, not far from the Spring House Brewery. According to the legend, a mental asylum for the criminally insane stood in the middle of a dense forest. Surrounding the asylum were seven concentric gates, preventing would-be escapees. One terrifying night, the asylum caught fire, test link causing the inmates to flee into the menacing forest. As the tale goes, the former asylum residents were trapped by the seven gates, and eventually succumbed to the perils of the forest. The locals swear that the tormented souls of the inmates will torture anyone brave enough to attempt passage through the Seven Gates of the forest.\r\n\r\nSpring House Brewing Co. honors the local legend by producing a terrifyingly delicious brew that is as familiar as a friendly forest, yet possesses a mysterious quality that will haunt you from the first taste. The enormous, hopped flavor and the meticulous craftsmanship that goes into each bottle will have you believing that the master brewer must be a direct descendent of the former asylum residents.","style":"American-Style Pale Ale","category":"North American Ale"}