{"name":"Beyond The Gates Double IPA","abv":7.5,"ibu":0.0,"srm":0.0,"upc":0,"type":"beer","brewery_id":"spring_house_brewing_company","updated":"2010-07-22 20:00:20","description":"This beer is for those of you who have been enjoying Seven Gates Pale Ale, and are ready for that next step. Beyond the Gates Double IPA is a highly hopped brew featuring plenty of Cascade and Columbus hops. These varieties give Beyond the Gates a floral citrus aroma, and pack plenty of hopped up flavor into this full-bodied ale, which is coming in @ 7.5 ABV. Let us take you Beyond the Gates, and you'll never look back!","style":"Imperial or Double India Pale Ale","category":"North American Ale"}