{"name":"Tropical Mango","abv":4.5,"ibu":0.0,"srm":0.0,"upc":0,"type":"beer","brewery_id":"st_john_brewers","updated":"2010-07-22 20:00:20","description":"Our flagship beer that embodies the uniqueness and character of the Caribbean. Subtle malt notes start this beer off and it finishes with just the right amount of hops for balance.\r\n\r\nTropical Mango Pale Ale is a light pale ale with a mango fruit essence that is one of a kind taste. No matter where you are enjoying one it will bring you to a Caribbean state of mind.","style":"American-Style Pale Ale","category":"North American Ale"}