{"name":"Hofbräu Oktoberfestbier","abv":6.3,"ibu":0.0,"srm":0.0,"upc":0,"type":"beer","brewery_id":"staatliches_hofbrauhaus_in_munchen","updated":"2010-07-22 20:00:20","description":"Hofbräu brews a rich, full-bodied beer which goes down ideally with traditional Bavarian cuisine. With its deliciously bitter taste and alcoholic content of 6.3% volume, Hofbräu Oktoberfestbier is as special as the Beer Festival itself.\r\n\r\nType: Bottom-fermented, light festive beer","style":"German-Style Oktoberfest","category":"German Lager"}