{"name":"Stone IPA","abv":6.9,"ibu":0.0,"srm":0.0,"upc":0,"type":"beer","brewery_id":"stone_brewing_co","updated":"2010-07-22 20:00:20","description":"An \"India Pale Ale\" by definition is highly hopped and high in alcohol (ours is 6.9% alc./vol.).\r\n\r\nMedium Bodied Refreshing Ale\r\nLight-medium malt character with a heavy dose of over the top hops! Two full weeks of \"dry hopping\" give this beer its abundant hop aroma and crisp hop flavor.","style":"American-Style India Pale Ale","category":"North American Ale"}