{"name":"Partridge In A Pear Tree","abv":12.0,"ibu":0.0,"srm":0.0,"upc":0,"type":"beer","brewery_id":"the_bruery","updated":"2010-07-22 20:00:20","description":"Our holiday beer is a Belgian-style Dark Strong Ale, brewed with our brewery-made dark candi sugar, Munich and Vienna malts. Dark brown in color, fruity and complex with a rich malt backbone. This is a simple yet immensely complex beer meant to be savored and shared with friends and family.","style":"Belgian-Style Quadrupel","category":"Belgian and French Ale"}