{"name":"Paris-Roubaix Pale Ale","abv":5.25,"ibu":0.0,"srm":0.0,"upc":0,"type":"beer","brewery_id":"the_livery","updated":"2010-07-22 20:00:20","description":"Named after one of the longest running bicycle races in France and aptly nicknamed \"The Hell Of The North\", the Paris-Roubaix has been held every April since 1915. This Pale Ale is brewed with Belgian and German malts and bittered with 3 different American hops for a pleasing balance.","style":"American-Style Pale Ale","category":"North American Ale"}