{"name":"McGilligans IPA","abv":6.25,"ibu":0.0,"srm":0.0,"upc":0,"type":"beer","brewery_id":"the_livery","updated":"2010-07-22 20:00:20","description":"India Pale Ales, or IPA’s, were brewed for British soldiers stationed in India. These ales needed to higher in alcohol and have more hops than normal to survive the long journey, and ours is no exception. Brewed with Belgian and German malts and dry hopped with loads of Cascades, our version honors our friend who had his own grueling journey involving a boat and cold water!","style":"American-Style India Pale Ale","category":"North American Ale"}