{"name":"Round Barn Amber Ale","abv":0.0,"ibu":0.0,"srm":0.0,"upc":0,"type":"beer","brewery_id":"the_round_barn_winery_brewery","updated":"2010-07-22 20:00:20","description":"Our Amber Ale is a deep, copper ale with rich notes of caramel balanced with a hop finish, making it a great all-around beer that pairs well with roasted meats or a favorite sandwich. Round Barn beer is bottle conditioned, decant into a pint glass before drinking for the best taste experience.","style":"American-Style Amber/Red Ale","category":"North American Ale"}