{"name":"Black Orchard","abv":5.7,"ibu":0.0,"srm":0.0,"upc":0,"type":"beer","brewery_id":"the_bruery","updated":"2010-07-22 20:00:20","description":"Black Orchard is an unfiltered, bottle conditioned Belgian-style black wheat beer, or “black wit”, if you will. This dark but surprisingly light bodied beer is very drinkable while still having character and complexity. Chamomile is added for its floral aroma, while the coriander and citrus peel give the characteristics of a traditional witbier."}