{"name":"Wheatley Hills Weizenbock","abv":7.5,"ibu":0.0,"srm":0.0,"upc":0,"type":"beer","brewery_id":"the_blind_bat_brewery_llc","updated":"2010-07-22 20:00:20","description":"Malty and yeasty, with some sweetness along with hints of cloves and banana. (thanks to the yeast!) \r\n\r\nLow hop bitterness, highly carbonated. Unfiltered, and so a bit cloudy with that magical yeast. \r\n\r\nPairs well with Thai, Szechuan, Mexican, and Caribbean -- und Deutsche Nahrung! (German Food!)","style":"South German-Style Hefeweizen","category":"German Ale"}