{"name":"Thirsty Dog Brewing","city":"Akron","state":"Ohio","code":"44311","country":"United States","phone":"330-252-2739","website":"http://www.thirstydog.com","type":"brewery","updated":"2010-07-22 20:00:20","description":"Here at the Thirsty Dog Brewing Company, full flavor, delicate balance, texture & aroma combine to make beer an infinitely complex experience, and one that can be thoroughly enjoyable. Each of our beers are meticulously hand crafted in small batches using the finest ingredients. High quality malted barley is the source of the beer's sweetness & body. Select American & European hops are used to balance the malt sweetness, and , at times, add special flavors & aromas to the beer. Our careful selection of ingredients, along with specially designed recipes & brewing processes, give Thirsty Dog beers their unique flavor profiles that can be hard to find in today's mass market. one size fits all society. Our microbrewed beers are far more diverse in range and character then the small spectrum of mass-marketed beers offered to the American public by the large national breweries. Enjoy the diversity, Unleash the flavor today., Welcome to Thirsty Dog Brewing Company, and welcome to great beer!","address":["529 Grant St. Suite B"],"geo":{"accuracy":"ROOFTOP","lat":41.0689,"lon":-81.5172}}