{"name":"Timmermans","city":"Itterbeek","state":"","code":"1701","country":"Belgium","phone":"3225690357","website":"http://www.anthonymartin.be/","type":"brewery","updated":"2010-07-22 20:00:20","description":"Timmermans brews only traditional Lambic; the basic beer that, from spontaneous fermentation, is used throughout the entire range. Brewing Lambic, without adding yeast, is a complex and subtle art requiring recipes and patience passed on by the family. Lambics survive thanks to a handful of Brussels breweries and the presence of two micro-organisms that exist only in the Senne Valley: Brettanomyces Bruxellensis and Brettanomyces Lambicus. By adding fruit and spices, the magic of traditionallymade beers unravels: Strawberry, Kriek, Pêche, Framboise, Forest Fruit, but also Oude Gueuze, Kriek Retro, Gueuze, Faro or Lambicus Blanche. A unique site: open daily (including weekends), booking required. Possibilities for your meetings and banquets.","address":["Kerkstraat 11"],"geo":{"accuracy":"RANGE_INTERPOLATED","lat":50.8399,"lng":4.2475}}