{"name":"Tröegs Splinter Beer Red","abv":11.0,"ibu":0.0,"srm":0.0,"upc":0,"type":"beer","brewery_id":"troegs_brewing","updated":"2010-07-22 20:00:20","description":"Before filtering the final batch of 2008 Mad Elf we racked some beer into bourbon barrels for six weeks of tender loving care. After bottling, we aged the beer for approximately eight months. This allows the tart cherries to push to the front. Subtle vanilla, bourbon, charred wood, coconut and toasted nut endnotes emanate from Splinter Red.","style":"American-Style Strong Pale Ale","category":"North American Ale"}