{"name":"Scratch #20 2009 Apollo Imperial Ale","abv":7.0,"ibu":0.0,"srm":0.0,"upc":0,"type":"beer","brewery_id":"troegs_brewing","updated":"2010-07-22 20:00:20","description":"Scratch #20 has been dubbed Apollo Imperial Ale because of our experimentation with a new hop variety.\r\n \r\nApollo hops are high alpha acid with an intense aroma. Married with other high alpha hops, with almost two pounds of hops added per barrel produced, AIA has an intense staying power in the back of the throat. After a long discussion between Chris, John and the brewers, they dubbed this hop flavor stinky grapefruit with a hint of perfume. The dark color might lead you to believe the some malt may shine through; but no, the hops are the true player in this ale.\r\n \r\nScratch #20 has a dual role, also serving at The Drafting Room’s Anniversary Ale for 2009. We brewed a bit more to serve the brewery and The Drafting Room, but get it while when you see it. Before this intense hop flavor subsides, this beer will be sold out.","style":"Imperial or Double India Pale Ale","category":"North American Ale"}