{"name":"Scratch #18 2009","abv":7.3,"ibu":0.0,"srm":0.0,"upc":0,"type":"beer","brewery_id":"troegs_brewing","updated":"2010-07-22 20:00:20","description":"We started with the same grain bill as Scratch #12 (IPA) and substituted 25% rye for the base malt giving Scratch #18 a creamy mouth feel and a full-bodied taste.\r\n\r\nMount Hood and Chinook hops are combined here for flavoring and aroma, and Warrior hops are used for overall bitterness.\r\n\r\nThe rye plays off the Mount Hood hops, with both ingredients releasing an herbal, spicy flavor. Cheers.","style":"American Rye Ale or Lager","category":"Other Style"}