{"name":"Bavarian Lager","abv":5.0,"ibu":0.0,"srm":0.0,"upc":0,"type":"beer","brewery_id":"troegs_brewing","updated":"2010-07-22 20:00:20","description":"Tröegs Bavarian Lager is an authentic German style lager, brewed with Munich malts, Hallertau Hops and fermented at cool temperatures followed by a full month of aging, or \"lagering\", to impart a range of complex maltiness and subtle aromas only found in traditional German lagers.","style":"American-Style Lager","category":"North American Lager"}