{"name":"Tröegs Splinter Beer Gold","abv":12.0,"ibu":0.0,"srm":0.0,"upc":0,"type":"beer","brewery_id":"troegs_brewing","updated":"2010-07-22 20:00:20","description":"The transformation of Scratch #3-2007 to Splinter Gold has been a slow rest in oak wine barrels dosed with brettanomyces. During a two-year aging period the horsy flavors of the brett combined with the Westmalle yeast used during primary fermentation to create a complex blend of flavors. Bone-dry and 12% abv, Splinter Gold is highly carbonated.","style":"Belgian-Style Tripel","category":"Belgian and French Ale"}