{"name":"Don De Dieu","abv":9.0,"ibu":0.0,"srm":0.0,"upc":0,"type":"beer","brewery_id":"unibroue","updated":"2010-07-22 20:00:20","description":"Don de Dieu displays an appealing orange-golden hue with a stable, creamy head of foam. Its fruity, malty and yeasty flavor is quickly succeeded by a palate-warming finish of roasted nuts and spices.\r\n\r\nThis smooth, exceptionally strong triple wheat\r\nale offers a complex flavor that is slightly\r\nfruity, malty, nutty and yeasty, with a hint of \r\nunfiltered sake.","style":"Belgian-Style Tripel","category":"Belgian and French Ale"}