{"name":"Union Barrel Works","city":"Reamstown","state":"Pennsylvania","code":"17567","country":"United States","phone":"717-335-7837","website":"http://www.unionbarrelworks.com/","type":"brewery","updated":"2010-07-22 20:00:20","description":"Union Barrel Works is a restaurant and brew pub located in Reamstown, Pennsylvania in an historic building which originally functioned as a hardware store. It later became Reamstown Garment and was a sewing factory. The building itself was built in 1911 and still has the original hardwood maple floors and authentic tin ceiling. Come visit us for a great atmosphere, better food and excellent beer!","address":["6 N. Reamstown Road"],"geo":{"accuracy":"RANGE_INTERPOLATED","lat":40.2118,"lng":-76.1232}}