{"name":"Golden Monkey Tripel","abv":9.5,"ibu":0.0,"srm":0.0,"upc":0,"type":"beer","brewery_id":"victory_brewing","updated":"2010-07-22 20:00:20","description":"Strong and sensual, this golden, Belgian-style ale glows with goodness. The richness of German malts and Belgian yeast are tempered by a sparkling approach and overall light body. Considerable depth of character with abundant herbal, fruity notes make this one to savor.","style":"Belgian-Style Tripel","category":"Belgian and French Ale"}