{"name":"V-12","abv":12.0,"ibu":0.0,"srm":0.0,"upc":0,"type":"beer","brewery_id":"victory_brewing","updated":"2010-07-22 20:00:20","description":"Heady with a aromatic fruity start and taste, this amber ale features hints of pear and apricot in its well-nuanced flavor. The initial impression of fruitiness concludes in a refreshing dryness that begs you to sip again. Be fore- warned, this ale is immense as it registers 12% abv.","style":"Other Belgian-Style Ales","category":"Belgian and French Ale"}