{"name":"White Magick of the Sun","abv":6.75,"ibu":0.0,"srm":0.0,"upc":0,"type":"beer","brewery_id":"voodoo_brewing_co_llc","updated":"2010-07-22 20:00:20","description":"This Wheat ale is made with a little Voodoo Twist. We use our house Belgian Ale yeast and add the average unmalted wheat, wheat, barley,raw oats, malted rye and just add more of each. Hopped evenly and spiced with coriander, bitter and sweet orange peel, juniper berries, 12 varieties of peppercorns,lemon grass and caraway. About 6.75% alc by vol. \r\n\r\nBottle Conditioned and Refermented.  NOT A WIT BIER!!! Just stuff we like in beer that goes great with food. \r\n\r\nThis beer is to be the answer to those hot summer days. Blows away carbonated water!!!!!","style":"Light American Wheat Ale or Lager","category":"Other Style"}