{"name":"Wedge Brewery","city":"Asheville","state":"NC","code":"28801-3128","country":"United States","phone":"828-505-2792","website":"http://wedgebrewing.com/","type":"brewery","updated":"2011-05-23 10:34:59","description":"The Wedge Brewing Co. is located in the lower level of the Wedge Studios situated in the River Arts District of Asheville, N.C. The building is a classic brick warehouse adjacent  to the railroad tracks. The original use of the structure was probably as a food warehouse. The space the brewery is in at onetime stored slaughtered hogs.\n    We chose this location because it is in the last frontier of Asheville.\n    We chose this specific space because it is a perfect fit for our brewing system and gives\nus great outdoor potential.","address":["125B Roberts St"]}