{"name":"Insanity","abv":11.1,"ibu":0.0,"srm":0.0,"upc":0,"type":"beer","brewery_id":"weyerbacher_brewing_company","updated":"2010-07-22 20:00:20","description":"Insanity, just released this past November, 2004, is Weyerbacher's latest creation in the world of cutting edge beers. Insanity is made by aging our perfectly balanced Blithering Idiot Barleywine in  oak bourbon casks. This incredible combination creates a melange of flavors such as malt, dates, oak, vanilla, and bourbon just to name a few.\r\n\r\n  Insanity is 11.1% ABV. It is best enjoyed in a brandy snifter and served at 45-50 degrees F.","style":"American-Style Barley Wine Ale","category":"North American Ale"}