{"name":"Thomas Jefferson's Tavern Ale","abv":8.0,"ibu":0.0,"srm":0.0,"upc":0,"type":"beer","brewery_id":"yards_brewing","updated":"2010-07-22 20:00:20","description":"All beers are not created equal.\r\n\r\nWhile Thomas Jefferson spent much of his time in Philadelphia drafting, editing, revising, and re-editing the Declaration of Independence, he longed to be home in Monticello, where twice a year his wife Martha would brew up one of his favorite beverages — beer.\r\n\r\nThomas Jefferson Tavern Ale™ is a strong golden ale, based on Jefferson's original recipe, which included ingredients specified and grown on his Virginia estate.\r\n\r\nEnjoy a taste of history, courtesy of Yards Brewing Company, Philadelphia's premier brewer and bottler."}