{"statements":[{"statement":"CREATE PRIMARY INDEX def_primary on `travel-sample` USING GSI","args":null},{"statement":"CREATE INDEX def_name_type on `travel-sample`(name) WHERE _type='User' USING GSI","args":null},{"statement":"CREATE INDEX def_faa ON `travel-sample`(faa) USING GSI","args":null},{"statement":"CREATE INDEX def_icao ON `travel-sample`(icao) USING GSI","args":null},{"statement":"CREATE INDEX def_city ON `travel-sample`(city) USING GSI","args":null},{"statement":"CREATE INDEX def_airportname ON `travel-sample`(airportname) USING GSI","args":null},{"statement":"CREATE INDEX def_type ON `travel-sample`(type) USING GSI","args":null},{"statement":"CREATE INDEX def_sourceairport ON `travel-sample`(sourceairport) USING GSI","args":null},{"statement":"BUILD INDEX ON `travel-sample`(def_primary,def_name_type,def_faa,def_icao,def_city,def_airportname,def_type,def_sourceairport) USING GSI","args":null}]}