{"_id":"beer_American_Amber_Ale","brewery":"Rogue Ales","name":"American Amber Ale","abv":"5.6","description":"Tawny amber in color with a coffee aroma and tight head. A delicate roasted malt accent, generous use of hops and a smooth finish. American Amber, originally known as Ashland Amber (created at Rogues original brewpub in Ashland, Oregon which was destroyed by flooding several years ago), is created from Northwest Harrington and Klages, 95-115 and 135-165 Crystal Malts. Kent Golding and Cascade Hops. American Amber is available in a 22-ounce bottle, 12-ounce 6-pack (new for 2005), and on draft.","category":"North American Ale","style":"American-Style Amber\/Red Ale","updated":"2010-07-22 20:00:20"}