{"_id":"beer_Allagash_White","brewery":"Allagash Brewing","name":"Allagash White","abv":"5","description":"Our interpretation of a traditional Belgian wheat beer, Allagash White is unique and truly refreshing. Brewed with a generous portion of wheat and our own special blend of spices, this beer is light and slightly cloudy in appearance, with a spicy aroma. Overall, it is a beer that is very drinkable and smooth any time of the year.\r\n\r\n\r\n\r\nAvailable in: 12 oz and 750 ml bottles, 15.5 and 5.17 gal kegs\r\nABV: 5.0%\r\nOriginal Gravity: 1048\r\nRecommended Serving Temp: 34\u00c2\u00b0F to 50\u00c2\u00b0F","category":"Belgian and French Ale","style":"Belgian-Style White","updated":"2010-07-22 20:00:20"}