{"_id":"beer_B.O.R.I.S._The_Crusher_Oatmeal-Imperial_Stout","brewery":"Hoppin Frog Brewery","name":"B.O.R.I.S. The Crusher Oatmeal-Imperial Stout","abv":"9.4","description":"This Bodacious Oatmeal Russian Imperial Stout will crush you like no other! This is the grand-daddy of all stout styles, with an intensely deep roasted and full bodied flavor. A robust hop character adds a refreshing balance.","category":"North American Ale","style":"American-Style Imperial Stout","updated":"2010-07-22 20:00:20"}