{"_id":"beer_Augustiner","brewery":"Iron City Brewing Co.","name":"Augustiner","abv":"4.3","description":"Augustiner is a premium amber lager with a smooth, full-bodied flavor. From the rich copper color to the subtle caramel taste and clean finish, it\u00e2\u0080\u0099s brewed to please the beer drinker who appreciates the best. This distinctive, well-balanced brew is quickly becoming Pittsburgh\u00e2\u0080\u0099s most talked-about beer. Upgrade to Augustiner!","category":"North American Lager","style":"American-Style Lager","updated":"2010-07-22 20:00:20"}