{"_id":"beer_Alaskan_Stout","brewery":"Alaskan Brewing","name":"Alaskan Stout","abv":"5.7","description":"Oatmeal Stout. The origins of Oatmeal Stout go back hundreds of years when oats were added to Stouts to promote a healthier image than other beers available during that time period.\r\n\r\nThe unique blend of the oats and malts in Alaskan Stout produce a balanced, smooth beer with hints of coffee and caramel.\r\n\r\nAlaskan Stout is made from glacier-fed water and a generous belnd of European and Pacific Northwest hop varieties and premium two-row and specialty malts. Our water originates in the 1,500 square-mile Juneau Ice Field and the from the more than 90 inches of rainfall Juneau receives each year.","category":"British Ale","style":"Oatmeal Stout","updated":"2010-07-22 20:00:20"}