{"_id":"beer_Belgian_Freeze_Winter_Ale","brewery":"River Horse Brewing Company","name":"Belgian Freeze Winter Ale","abv":"8","description":"As the days grow shorter and frost becomes snow, our Belgian Freeze winter ale is the perfect remedy to loosen the spirits. This deep amber tonic is brewed with lots of roasted caramel malt for body and warmth to bring in the holidays and see you through the spring.","category":"North American Ale","style":"Dark American-Belgo-Style Ale","updated":"2010-07-22 20:00:20"}