{"_id":"beer_Aud_Blonde","brewery":"Russian River Brewing","name":"Aud Blonde","abv":"4.5","description":"Aud Blonde has a refined characteristic, which can be contributed to us blending pilsner malt with a unique hop called crystal. The distinctive characteristic of the crystal hop lends a citrus, almost eucalyptus quality in the aroma and mouth feel of the brew, while leaving the beer with a long dry finish.","category":"North American Ale","style":"Golden or Blonde Ale","updated":"2010-07-22 20:00:20"}