{"_id":"beer_Abt_12","brewery":"Brouwerij St. Bernardus","name":"Abt 12","abv":"10","description":"The absolute top quality in the hierarchy of the St. Bernardus beers. It is also the beer with the highest alcohol content (10.50 %).\r\nA dark ivory coloured beer with a high fermentation. \r\n\r\nThe show piece of the brewery. Thanks to its soft and unconditionally genuine aroma, the beer can be smoothly tasted.  The Abt has a very fruity flavour.","category":"Belgian and French Ale","style":"Belgian-Style Quadrupel","updated":"2010-07-22 20:00:20"}