{"_id":"beer_Adnams_Fisherman","brewery":"Adnams & Co.","name":"Adnams Fisherman","abv":"4.5","description":"The Winter seasonal from Adnams, Fisherman is described as an old ale. If your local pub has the good sense to serve cask beer, look for Fisherman on draught from January through March.\r\n\r\nClean and refreshing yet dark and mysterious, Fisherman is a deep coppery red, conjuring roasted nuts and dark chocolate, with a lingering taste of liquorice and dried fruits.","category":"North American Ale","style":"American-Style Amber\/Red Ale","updated":"2010-07-22 20:00:20"}