{"_id":"beer_Apricot_Wheat","brewery":"Ithaca Beer Company","name":"Apricot Wheat","abv":"4.9","description":"Our easy drinking wheat beer is light in color and body ... perfect for those looking for a lighter taste. The combination of wheat and barley give our Apricot Wheat a different malt character than any of our other ales. The hint of apricot gives this beer a fruity finish, making it a fun beer to drink.","category":"Other Style","style":"Light American Wheat Ale or Lager","updated":"2010-07-22 20:00:20"}