{"_id":"beer_Alaskan_Smoked_Porter","brewery":"Alaskan Brewing","name":"Alaskan Smoked Porter","abv":"6.5","description":"Smoked Beer. Known as \"rauchbier\" in Germany, smoke-flavored beers were virtually unknown in the U.S. until Alaskan Smoked Porter was developed in 1988.\r\n\r\nThe dark, robust body and pronounced smoky flavor of this limited edition beer make it an adventuresome taste experience. Alaskan Smoked porter is produced in limited \"vintages\" each year and unlike most beers, may be aged in the bottle much like fine wine.\r\n\r\nWater, five types of malt, 2 varieties of hops and yeast with no adjuncts, no preservatives and no pasteurization. Our glacier-fed water originates in the 1,500 square-mile Juneau Ice Field. Prior to brewing, selected malts are smoked in small batches under carefully controlled conditions in a commercial food smoker using local alder wood.","category":"Irish Ale","style":"Porter","updated":"2010-07-22 20:00:20"}