{"_id":"beer_90_Shilling","brewery":"Odell Brewing","name":"90 Shilling","abv":"5.3","description":"We introduced 90 Shilling, our flagship beer, at our opening party in 1989. For a while, we'd been wondering - what would happen if we lightened up the traditional Scottish ale? The result is an irresistibly smooth and delicious medium-bodied amber ale. The name 90 Shilling comes from the Scottish method of taxing beer. Only the highest quality beers were taxed 90 Shillings. A shilling was a British coin used from 1549 to 1982. We think you'll find this original ale brilliantly refreshing, and worth every shilling.","category":"British Ale","style":"Scottish-Style Light Ale","updated":"2010-07-22 20:00:20"}