{"_id":"beer_5_Barrel_Pale_Ale","brewery":"Odell Brewing","name":"5 Barrel Pale Ale","abv":"5.3","description":"The distinctive hop character of our 5 Barrel Pale Ale is due to the extraction of essential oils from select hops. We treat 5 Barrel Pale Ale to an infusion of fresh whole hop flowers in the Hop Back and the Fermentor, as well as four hop additions during the kettle boil. We like how this gives the beer a fresh, lively flavor and aroma.","category":"British Ale","style":"Classic English-Style Pale Ale","updated":"2010-07-22 20:00:20"}