{"_id":"beer_Arctic_Devil_Barley_Wine","brewery":"Midnight Sun Brewing Co.","name":"Arctic Devil Barley Wine","abv":"13.2","description":"Arctic Devil Barley Wine, aptly named after the ferocious wolverine of the north, is an English-style (meaning malt-inclined) barley wine. Though the recipe and process for Arctic Devil have evolved over the years, it is typically brewed in January then aged in oak barrels for several months before the entire batch is blended, bottled and released on the Friday after Thanksgiving. \r\n\r\nIn its youth, Arctic Devil gnarls and snarls its way across the palate. Containing this beast of a beer for long periods in oak barrels--some having previously aged port, wine or whiskey--tames the unleashed malt and fierce hop flavors, melding and mellowing this powerful liquid into an incredible elixir worthy of a brewer's table. \r\n\r\nEach annual batch of Arctic Devil Barley Wine represents the brewers' resolve to create an intriguing and sought-after barley wine by precisely brewing to well-designed specifications, carefully selecting the type and combination of barrels to use for aging, and meticulously checking the beer as it ages. Distinct nuance and complexity are contributed by the wood's previous tenants, resulting in unique flavor profiles in each batch that continue to change over time. We invite you to savor Arctic Devil Barley Wine upon its release then cellar some for future enjoyment. \r\n\r\nMidnight Sun's elusive Arctic Devil Barley Wine is Alaska's most awarded barley wine.","updated":"2010-07-22 20:00:20"}