{"_id":"beer_Belgian_Abbey_Dubbel","brewery":"Flying Fish Brewing Company","name":"Belgian Abbey Dubbel","abv":"7","description":"This Belgian-style Abbey Dubbel is an exceptionally complex beer with many interwoven flavors. This classic-style Abbey beer features an immense head with a fruity nose and a generous body. Malty in the middle, the beer features a clean, almondy dry finish and a slight alcohol warmth. More like a wine than a beer\u00e2\u0080\u0094it has a lot of the qualities of a fine Burgundy.\r\n\r\nBeer writer Michael Jackson has praised the Flying Fish Dubbel as \"a wonderful example of the style.\"","category":"Belgian and French Ale","style":"Belgian-Style Dubbel","updated":"2010-07-22 20:00:20"}