{"_id":"beer_Baron_Oktoberfest","brewery":"Baron Brewing Company","name":"Baron Oktoberfest","description":"The Baron Oktoberfest is a traditional German Style Oktoberfest \/ Marzen. Deep copper\/amber in color with a rich but light malt flavor. Finishes crisp and easy, leaving the mouth desiring more. We age the Oktoberfest for a full three months to guarantee a fantastically smooth beer.\r\n\r\nAll ingredients for the beer are imported from Germany. Brewed in accordance to the German Beer Purity Law (Reinheitsgebot) of 1516.","category":"German Lager","style":"German-Style Oktoberfest","updated":"2010-07-22 20:00:20"}