{"_id":"beer_Below_Decks","brewery":"Clipper City Brewing Co.","name":"Below Decks","abv":"10","description":"Created to celebrate Clipper City\u00e2\u0080\u0099s 10th Anniversary \u00e2\u0080\u0093 extremely limited and \u00e2\u0080\u009cvintage\u00e2\u0080\u009d dated \u00e2\u0080\u0093 this extravagantly malty barley wine will show well upon release but continue to evolve for years. Seasonally available in December while supplies last. Voted #1 beer by Mahaffey\u00e2\u0080\u0099s Pub.","category":"North American Ale","style":"American-Style Barley Wine Ale","updated":"2010-07-22 20:00:20"}