{"_id":"beer_AutumnFest","brewery":"Weyerbacher Brewing Company","name":"AutumnFest","abv":"5.4","description":"AutumnFest is Weyerbacher's own unique twist on the German Oktoberfest style. Copper-amber in color, AutumnFest is made with Vienna and Munich malts for that authentic, Bavarian easy drinking taste.  Each sip imparts a wonderful roastiness of malt on the tongue followed by a smooth, consistent finish.  Wonderfully balanced with a clean, velvety, slightly fruity taste, AutumnFest is the perfect beer for the Fall- a nice transition between the lighter beers of summer and the darker, heavier winter brews. It's a favorite of many Weyerbacher aficionados, who anticipate the end of summer with this wonderful beer. \r\n\r\n   Weyerbacher AutumnFest ( ABV 5.4%) is generally available in stores August through December.  Pick up a case to celebrate the change of seasons. Prost!","category":"German Lager","style":"German-Style Oktoberfest","updated":"2010-07-22 20:00:20"}