{"_id":"beer_8th_Street_Ale","brewery":"Four Peaks Brewing","name":"8th Street Ale","abv":"4.5","description":"Now In Bottles!! Our award winning 8th Street Ale is based on an English-style \"Best Bitter\" which is the most common ale served in British pubs. What makes 8th Street Ale uncommon is its mellow bitterness and its slightly sweet malt flavor. It's aroma is derived from rare, imported Kentish hops, and lots of them.\r\nAlcohol content approximately 4.5% by volume (ALWAYS ON TAP!!)","category":"British Ale","style":"Special Bitter or Best Bitter","updated":"2010-07-22 20:00:20"}