{"_id":"beer_#9","brewery":"Magic Hat","name":"#9","abv":"4.6","description":"Not quite pale ale.  A beer cloaked in secrecy.  An ale whose mysterious unusual palate will swirl across your tongue and ask more questions than it answers.\r\n\r\nA sort of dry, crisp, fruity, refreshing, not-quite pale ale.  #9 is really impossible to describe because there's never been anything else quite like it.  Our secret ingredient introduces a most unusual aroma which is balanced with residual sweetness.","category":"North American Ale","style":"American-Style Pale Ale","updated":"2010-07-22 20:00:20"}