{"_id":"beer_American_Brown_Ale","brewery":"The Livery","name":"American Brown Ale","abv":"6.5","description":"Every winter 300 hardy Telemark skiers converge at Mt. Bohemia and the Porcupine Mountains ski areas for three days of back country touring, lift served high speed runs, chili cook offs, and dancing and beer drinking to Finnish Reggae, Bluegrass, or whatever else comes out of the woodwork. Steve brews this hoppy American Brown Ale in honor of his good friends and ski buddies from all over the Midwest and Canada who attend. Rich, malty, and dry-hopped to perfection. Available December through March.","category":"North American Ale","style":"American-Style Brown Ale","updated":"2010-07-22 20:00:20"}