{"_id":"beer_77_Lager","brewery":"BrewDog Ltd","name":"77 Lager","abv":"4.9","description":"A Lager that actually tastes of something?\r\n\r\nYou have to be kidding, right?\r\n\r\n77 lager is made with 100% malt and whole leaf hops.\r\n\r\nIt contains no preservatives, additives, cheap substitutes or any other junk.\r\n\r\nMaybe we are crazy. So what?\r\n\r\nTaste 77 Lager and we are pretty sure you will agree that the fine line between genius and insanity has just become a little more blurred.","category":"German Lager","style":"German-Style Pilsener","updated":"2010-07-22 20:00:20"}