{"_id":"beer_Belzebuth","brewery":"Brasserie Grain D'Orge","name":"Belzebuth","abv":"13","description":"Beer of top fermentation, Belzebuth represents the achievement of a more than one hundred year-old know-how, the one of the Brewery Grain d'Orge. Under its copper colour, it hides a strong character for the lovers of sensations. It owes its strength to the subtle mixture of pure malts, hops and yeasts especially selected by our Master-Brewer.\r\n\r\nAt one time this beer was 15%. After the name change it was lowered to 13%.","category":"North American Ale","style":"Golden or Blonde Ale","updated":"2010-07-22 20:00:20"}