{"_id":"beer_Antler_Brown_Ale","brewery":"Barley Creek Brewing","name":"Antler Brown Ale","abv":"4.8","description":"This traditional American style brown ale has medium body with a sweet Carastan maltiness. A rich deep chocolate color, our Antler Brown Ale is mildly hopped with Mt. Hood hops. Check out the Antler tap handle... locally grown! This has been our most popular beer over the years... a very easy drinking brew.","category":"North American Ale","style":"American-Style Brown Ale","updated":"2010-07-22 20:00:20"}