{"_id":"beer_90_Minute_IPA","brewery":"Dogfish Head Craft Brewery","name":"90 Minute IPA","abv":"9","description":"Esquire Magazine calls our 90 Minute .IPA., \"perhaps the best I.P.A. in America.\" An Imperial I.P.A. brewed to be savored from a snifter. A big beer with a great malt backbone that stands up to the extreme hopping rate. This beer is an excellent candidate for use with Randall The Enamel Animal!","category":"North American Ale","style":"Imperial or Double India Pale Ale","updated":"2010-07-22 20:00:20"}