{"_id":"beer_Avenue_Ale","brewery":"White Marsh Brewing Company","name":"Avenue Ale","abv":"4.1","description":"2007 Maryland Governor's Cup Bronze Medal:\r\nA golden colored ale with crisp malt character and a slightly spicy hop aroma. We use a good amount of wheat and some German malt in this one to give it a very refreshing taste. Avenue Ale is a true session beer, so sit down and prepare for a long one.","category":"North American Ale","style":"American-Style Pale Ale","updated":"2010-07-22 20:00:20"}