{"_id":"beer_Alaskan_Barley_Wine_Ale","brewery":"Alaskan Brewing","name":"Alaskan Barley Wine Ale","abv":"10.4","description":"Alaskan Barley Wine is produced in small batches each year. Typically this higher alcohol beverage is brewed in the spring, cellared in the tunnels of the Alaska-Juneau Gold Mine for the summer and retrieved in time for its release at the Great Alaska Beer and Barley Wine Festival in January. The cool tunnels of the mine shaft provide natural refrigeration and a prime environment for the aging process. \r\n\r\nLike a fine wine, Alaskan Barley Wine can be aged for years. The bottling of the 2007 vintage of Alaskan Barley Wine will allow individuals to age it to their liking. \u00e2\u0080\u009cWe figured we\u00e2\u0080\u0099d leave it up to individuals as to how long to age their Alaskan Barley Wine,\u00e2\u0080\u009d said Quality Assurance Analyst Ryan Harvey. \u00e2\u0080\u009cSome people like barley wines fresh, and others store it for years.\u00e2\u0080\u009d","category":"North American Ale","style":"American-Style Barley Wine Ale","updated":"2010-07-22 20:00:20"}